0,-1.621884792,1.624665464,0.245723378,-0.247524908,1.377576958,-1.375725012
5.00E-05,-1.513127227,1.515841931,0.207529827,-0.209345861,1.306995955,-1.305097514
1.00E-04,-1.416605856,1.41925869,0.175704109,-0.177531679,1.242285554,-1.240343203
1.50E-04,-1.33174178,1.334336405,0.14880146,-0.150637915,1.18431138,-1.18232743
2.00E-04,-1.257850614,1.260390268,0.125283677,-0.127126658,1.133927033,-1.131903514
2.50E-04,-1.194225983,1.196713485,0.103726173,-0.105573575,1.091850533,-1.089789187
3.00E-04,-1.140225554,1.142663323,0.082993242,-0.084843182,1.058575088,-1.056477364
3.50E-04,-1.095339137,1.097729199,0.062344018,-0.064194801,1.034331234,-1.032198283
4.00E-04,-1.059222527,1.06156653,0.041448817,-0.043298897,1.019104335,-1.016937007
4.50E-04,-1.031689594,1.033988824,0.020317748,-0.022165686,1.012698075,-1.010496909
5.00E-04,-1.012661149,1.014916543,-8.20E-04,-9.97E-04,1.014829347,-1.01259457
5.50E-04,-1.002112356,1.004324517,-0.021740561,0.019954568,1.025201543,-1.022933063
6.00E-04,-0.999972999,1.002142216,-0.042284331,0.040504415,1.043603258,-1.041300663
6.50E-04,-1.006066608,1.00819287,-0.062530091,0.060757643,1.069942328,-1.067604884
7.00E-04,-1.020083624,1.022166632,-0.082810421,0.081046905,1.104240464,-1.101867117
7.50E-04,-1.041573831,1.043613022,-0.103687532,0.10193452,1.146609766,-1.144199139
8.00E-04,-1.069975118,1.071969672,-0.125878099,0.124137292,1.197204893,-1.194755288
8.50E-04,-1.104662248,1.106611109,-0.150153159,0.14842642,1.256171765,-1.253681171
9.00E-04,-1.145002131,1.146904019,-0.177240503,0.175529877,1.323605221,-1.32107131
9.50E-04,-1.190401982,1.192255412,-0.207751131,0.206058869,1.399523629,-1.396943764
0.001,-1.240340659,1.242143957,-0.242141518,0.240470103,1.4838625,-1.481233738
0.00105,-1.294379239,1.296130554,-0.280712629,0.279064799,1.576484062,-1.573803159
0.0011,-1.352152582,1.353849905,-0.32363777,0.322016539,1.677196691,-1.674460105
0.00115,-1.413347836,1.414989019,-0.371006516,0.369415194,1.785777332,-1.782981233
0.0012,-1.477677625,1.47926039,-0.422871276,0.421313492,1.901991255,-1.899131528
0.00125,-1.54485514,1.546377102,-0.479285848,0.477765563,2.025605701,-2.022677953
0.0013,-1.614576253,1.616034932,-0.540329853,0.538851378,2.156396424,-2.153395994
0.00135,-1.686510892,1.687903727,-0.606117767,0.604685776,2.294148098,-2.291070064
0.0014,-1.760303294,1.761627658,-0.676794984,0.675414524,2.438650638,-2.435489823
0.00145,-1.780945705,1.782199264,-0.722778881,0.721454851,2.498686595,-2.495479558
0.0015,-1.719122721,1.720307217,-0.735449666,0.734184187,2.456143534,-2.45294358
0.00155,-1.664416075,1.665533895,-0.752036844,0.750831043,2.417949684,-2.414756797
0.0016,-1.555408441,1.556436297,-0.77082888,0.769684338,2.334322592,-2.331136758
0.00165,-1.415299376,1.416210984,-0.760567935,0.759482945,2.177302785,-2.174123987
0.0017,-1.287970628,1.288776236,-0.745222909,0.744195971,2.034668876,-2.031497098
0.00175,-1.176304082,1.177012936,-0.72731354,0.726343194,1.905069266,-1.901904494
0.0018,-1.079444932,1.080065311,-0.707939118,0.707024003,1.788815573,-1.78565779
0.00185,-0.996134696,0.996673957,-0.688645555,0.687784451,1.686194734,-1.683043925
0.0019,-0.924807879,0.925272499,-0.671221396,0.670413267,1.597429445,-1.594285595
0.00195,-0.863776434,0.864172059,-0.65746597,0.656710002,1.522630686,-1.519493779
0.002,-0.811436476,0.811767963,-0.648960522,0.648256163,1.461775552,-1.458645573
0.00205,-0.766450395,0.766721863,-0.646892876,0.646239877,1.414714039,-1.411590973
0.0021,-0.727862789,0.728077671,-0.651972333,0.651370789,1.381199876,-1.378083707
0.00215,-0.69512552,0.695286617,-0.664448105,0.663898497,1.360934013,-1.357824726
0.0022,-0.668030866,0.668140406,-0.684218433,0.683721672,1.353606899,-1.350504479
0.00225,-0.646575081,0.646634779,-0.710996253,0.710553719,1.358927701,-1.355832132
0.0023,-0.630790804,0.63080192,-0.744486527,0.744100108,1.376634046,-1.373545314
0.00235,-0.620591342,0.620554739,-0.784532498,0.784204625,1.406482557,-1.403400647
0.0024,-0.615662452,0.615578655,-0.831201288,0.830934965,1.448226232,-1.445151128
0.00245,-0.615421104,0.615290352,-0.884798549,0.884597379,1.501587849,-1.498519536
0.0025,-0.619041428,0.618863724,-0.94582104,0.945689246,1.566238487,-1.563176951
0.00255,-0.625531481,0.625306646,-1.014869686,1.014812127,1.641787358,-1.638732583
0.0026,-0.633834796,0.633562513,-1.092550973,1.092573163,1.727784737,-1.724736708
0.00265,-0.642929448,0.642609311,-1.179391533,1.179499652,1.82373562,-1.820694324
0.0027,-0.651903408,0.651534964,-1.275782057,1.275982959,1.929118984,-1.926084404
0.00275,-0.659995103,0.6595779,-1.381955841,1.382257066,2.043406894,-2.040379017
0.0028,-0.666598801,0.666132434,-1.497997869,1.498407649,2.166078972,-2.163057781
0.00285,-0.671242632,0.670726781,-1.623874362,1.624401622,2.296629957,-2.293615439
0.0029,-0.674669864,0.674103977,-1.696728009,1.697353282,2.37953777,-2.37652991
0.00295,-0.652199354,0.651586003,-1.726819873,1.727509385,2.380546254,-2.377545037
0.003,-0.625537354,0.62487873,-1.761484502,1.76223933,2.38862294,-2.385628352
0.00305,-0.570162494,0.569461198,-1.747445643,1.748266695,2.312592003,-2.309642632
0.0031,-0.490209009,0.489469812,-1.648595411,1.649479445,2.14037325,-2.137514895
0.00315,-0.41896454,0.418192646,-1.556712242,1.557655314,1.977149199,-1.974375312
0.0032,-0.355256321,0.354456398,-1.469817421,1.470815821,1.826520719,-1.823825235
0.00325,-0.299485039,0.298661275,-1.387693055,1.388743312,1.688602673,-1.685980009
0.0033,-0.251683374,0.250839516,-1.310352512,1.311451406,1.563440884,-1.560885925
0.00335,-0.21145025,0.210589642,-1.238093868,1.239238438,1.450932053,-1.448440146
0.0034,-0.177946299,0.177071919,-1.171473795,1.172661347,1.350793209,-1.348360152
0.00345,-0.149976376,0.149090868,-1.111228659,1.112456775,1.262565323,-1.260187355
0.0035,-0.126143516,0.125249226,-1.058160216,1.059426756,1.185652963,-1.183326752
0.00355,-0.105041011,0.104140016,-1.013011914,1.014315024,1.119392665,-1.1171153
0.0036,-0.085439255,0.084533398,-0.976363692,0.977701813,1.06313459,-1.060903569
0.00365,-0.066425139,0.065516064,-0.948567764,0.949939632,1.016317692,-1.014130908
0.0037,-0.047463963,0.046553154,-0.929736691,0.931141343,0.97851971,-0.976375441
0.00375,-0.028373947,0.027462764,-0.919781546,0.921218331,0.949469847,-0.947366741
0.0038,-0.00922563,0.008315348,-0.918485827,0.919954404,0.929022075,-0.926959134
0.00385,0.009837139,-0.010718011,-0.925600115,0.927100462,0.917090256,-0.915066822
0.0039,0.028606056,-0.029483625,-0.940892691,0.942425107,0.913606125,-0.911621864
0.00395,0.047153705,-0.048026713,-0.964244254,0.965809359,0.918409156,-0.916464039
0.004,0.065736968,-0.066604092,-0.99564191,0.99724065,0.931223604,-0.929317895
0.00405,0.084840835,-0.085700655,-1.035164297,1.036797939,0.951643254,-0.949777492
0.0041,0.105119487,-0.105970459,-1.082944053,1.084614188,0.979146655,-0.97732164
0.00415,0.127307005,-0.128147436,-1.139119336,1.140827872,1.013137996,-1.01135477
0.0042,0.152121754,-0.152949772,-1.203789981,1.205539144,1.052998882,-1.051258716
0.00425,0.180188065,-0.181001599,-1.276988005,1.278780335,1.098137148,-1.096441527
0.0043,0.211990205,-0.212786955,-1.358666406,1.360504752,1.148021696,-1.146372301
0.00435,0.247862693,-0.248640112,-1.448704682,1.450592198,1.202197692,-1.200596383
0.0044,0.288011364,-0.288766632,-1.546925722,1.548865862,1.260282392,-1.258731196
0.00445,0.332553383,-0.333283387,-1.653117285,1.655113797,1.321946612,-1.3204477
0.0045,0.381562661,-0.382263973,-1.767051997,1.769108919,1.386889302,-1.38544498
0.00455,0.435109152,-0.435778015,-1.88850186,1.890623509,1.454812757,-1.453425444
0.0046,0.49328491,-0.493917214,-2.017245755,2.019436724,1.525404069,-1.524076285
0.00465,0.556214703,-0.556805981,-2.153070582,2.155335728,1.598325638,-1.597059988
0.0047,0.624053168,-0.624598575,-2.295767973,2.298112412,1.673214742,-1.6720139
0.00475,0.6969729,-0.69746721,-2.445128959,2.447558053,1.749690103,-1.7485568
0.0048,0.744864921,-0.745303048,-2.509734496,2.512211659,1.773027033,-1.771963702
0.00485,0.758552252,-0.75893199,-2.471287921,2.473759613,1.714267477,-1.713272493
0.0049,0.776361299,-0.776681438,-2.43716849,2.439634722,1.66240038,-1.661471471
0.00495,0.796441426,-0.796700296,-2.357915731,2.360376517,1.556444294,-1.555604838
0.005,0.787357197,-0.787556439,-2.205970473,2.208425824,1.420170295,-1.419446834
0.00505,0.773372,-0.77351303,-2.068442935,2.070892863,1.296533972,-1.295916564
0.0051,0.7570061,-0.757090275,-1.943972375,1.946416893,1.188406601,-1.187886285
0.00515,0.739377848,-0.739406406,-1.832861053,1.835300172,1.094904106,-1.094472866
0.0052,0.722061568,-0.722035585,-1.735381809,1.737815541,1.014724738,-1.01437546
0.00525,0.706872321,-0.706792671,-1.651737722,1.654166079,0.946256191,-0.945982618
0.0053,0.695624687,-0.695492006,-1.582015793,1.584438788,0.887770601,-0.887567287
0.00535,0.689898903,-0.689713545,-1.526167478,1.528585121,0.837638943,-0.837501208
0.0054,0.690865847,-0.690627848,-1.484018721,1.486431025,0.794516085,-0.794439966
0.00545,0.699206732,-0.698915769,-1.4553035,1.457710476,0.75745464,-0.757436836
0.0055,0.715138627,-0.714793976,-1.439708611,1.442110272,0.725924231,-0.72596205
0.00555,0.738530334,-0.738130829,-1.436915545,1.439311902,0.699737492,-0.699828792
0.0056,0.76907235,-0.768616341,-1.446627945,1.44901901,0.678907565,-0.679050697
0.00565,0.806455064,-0.805940384,-1.468578981,1.470964765,0.663477276,-0.663671021
0.0057,0.850512843,-0.849936771,-1.502519776,1.504900292,0.653363471,-0.653606983
0.00575,0.901305774,-0.900665008,-1.548195566,1.550570824,0.648251429,-0.64854418
0.0058,0.959130512,-0.958421142,-1.605319016,1.607689029,0.647557331,-0.647899059
0.00585,1.024470464,-1.023687958,-1.6735496,1.675914379,0.650457451,-0.650848106
0.0059,1.097908514,-1.097047695,-1.752484757,1.754844313,0.655966582,-0.656406278
0.00595,1.180029885,-1.17908492,-1.841664106,1.844018451,0.663039391,-0.663528361
0.006,1.271339179,-1.270303567,-1.940583954,1.942933099,0.670667879,-0.671206427
0.00605,1.372206725,-1.371073288,-2.04871682,2.051060777,0.677954564,-0.678543021
0.0061,1.482848763,-1.481609641,-2.165530363,2.167869143,0.68415121,-0.684789891
0.00615,1.603336984,-1.601983624,-2.290501385,2.292835,0.68866331,-0.689352467
0.0062,1.733627466,-1.732150625,-2.423122968,2.425451429,0.691028261,-0.691768046
0.00625,1.8103001,-1.808720777,-2.507645248,2.509968567,0.692294802,-0.693085587
0.0063,1.842918677,-1.841272921,-2.509680779,2.511998966,0.668336182,-0.669175288
0.00635,1.879978886,-1.878265535,-2.518690194,2.52100326,0.640226265,-0.641111391
0.0064,1.868034997,-1.866253057,-2.443793855,2.446061016,0.583869891,-0.58479832
0.00645,1.770925756,-1.769078401,-2.273206879,2.275379428,0.503740379,-0.504707304
0.0065,1.680881162,-1.678972268,-2.111532855,2.113617291,0.432148384,-0.433148563
0.00655,1.595971499,-1.594004704,-1.962346265,1.964348608,0.367844982,-0.368873696
0.0066,1.516007756,-1.513986456,-1.825739242,1.827665036,0.311178533,-0.312231532
0.00665,1.441004427,-1.438931767,-1.701742741,1.703597062,0.262165072,-0.263238537
0.0067,1.371230537,-1.369109399,-1.590250929,1.592038395,0.220429444,-0.221519945
0.00675,1.307188688,-1.305021688,-1.49099209,1.492716875,0.185197061,-0.186301527
0.0068,1.249547929,-1.247337403,-1.403529668,1.405195508,0.155362082,-0.156477761
0.00685,1.199044851,-1.196792857,-1.327295461,1.328905665,0.129619495,-0.130743922
0.0069,1.156374786,-1.154083093,-1.261649092,1.263206557,0.106633401,-0.107764369
0.00695,1.122096852,-1.119766938,-1.205950854,1.20745807,0.085204806,-0.086340327
0.007,1.09657247,-1.094205514,-1.159630973,1.161090041,0.064402377,-0.065540653
0.00705,1.079948015,-1.077544894,-1.122238859,1.123651501,0.043629034,-0.044768417
0.0071,1.072181099,-1.069742381,-1.093460909,1.094828483,0.022613478,-0.023752434
0.00715,1.073102936,-1.070628877,-1.073100464,1.074423977,0.00134981,-0.0024521
0.0072,1.082482174,-1.079972717,-1.061042276,1.062322403,-0.020106313,0.018980838
0.00725,1.100104582,-1.097559349,-1.057183922,1.058421019,-0.041589885,0.040469125
0.0073,1.125827518,-1.123245809,-1.061369783,1.062563902,-0.063127112,0.062012529
0.00735,1.159594942,-1.156975739,-1.073353451,1.07450436,-0.084909872,0.083802996
0.0074,1.201435326,-1.198777289,-1.092772937,1.093880133,-0.107328542,0.106231004
0.00745,1.251433277,-1.248734747,-1.119157522,1.120220247,-0.130938347,0.129851909
0.0075,1.309690755,-1.306949756,-1.151956582,1.15297384,-0.156391755,0.155318335
0.00755,1.376288685,-1.373502927,-1.190581434,1.191552007,-0.184358238,0.183299933
0.0076,1.451257902,-1.448424787,-1.234448806,1.235371266,-0.215451751,0.214410865
0.00765,1.5345641,-1.531680723,-1.28301593,1.283888659,-0.250180584,0.24915965
0.0077,1.626106967,-1.62317012,-1.335800998,1.336622203,-0.288926043,0.287927842
0.00775,1.725730247,-1.722736429,-1.39238738,1.393155107,-0.331948299,0.330975889
0.0078,1.833237749,-1.830183167,-1.452414135,1.453126286,-0.379411883,0.378468612
0.00785,1.948410246,-1.945290825,-1.515558034,1.516212386,-0.43142056,0.430510092
0.0079,2.07101949,-2.067830877,-1.581513094,1.582107311,-0.488051819,0.487178144
0.00795,2.20083731,-2.197574883,-1.649972765,1.650504414,-0.549383779,0.548551234
0.008,2.337639541,-2.334298417,-1.720618056,1.721084622,-0.615510999,0.61472428
0.00805,2.481205783,-2.477780826,-1.793112722,1.793511623,-0.686549044,0.685813219
0.0081,2.540323044,-2.536851541,-1.812460186,1.812789131,-0.732908917,0.7322289
0.00815,2.496885474,-2.493421638,-1.749347505,1.749608278,-0.745975038,0.745352968
0.0082,2.457789415,-2.454333229,-1.693392772,1.693587802,-0.762908211,0.762345234
0.00825,2.426374373,-2.42292582,-1.642738265,1.642869731,-0.782152996,0.781650355
0.0083,2.349837058,-2.346396122,-1.538434263,1.538479006,-0.803329557,0.802888951
0.00835,2.200853768,-2.197420432,-1.404540507,1.404472142,-0.794888108,0.794507911
0.0084,2.066240373,-2.06281462,-1.283388728,1.283216991,-0.781385113,0.78106393
0.00845,1.944647676,-1.941229488,-1.177839725,1.177573385,-0.765363767,0.765100279
0.0085,1.83639105,-1.832980412,-1.086969843,1.086616736,-0.747995934,0.747788948
0.00855,1.74175325,-1.738350145,-1.009413308,1.00898038,-0.730930603,0.730779103
0.0086,1.660941338,-1.657545749,-0.943479523,0.942972878,-0.716065754,0.715968933
0.00865,1.594039274,-1.590651184,-0.887359879,0.88678482,-0.705294229,0.70525153
0.0087,1.540989025,-1.537608418,-0.839353525,0.8387146,-0.700259082,0.700270236
0.00875,1.501602468,-1.498229326,-0.798061568,0.797362624,-0.702171269,0.702236332
0.0088,1.475597445,-1.472231754,-0.762506675,0.761750904,-0.711726111,0.711845509
0.00885,1.462645058,-1.459286799,-0.732154197,0.731344197,-0.729129449,0.729304013
0.0089,1.462413528,-1.459062686,-0.706836356,0.705974184,-0.754217332,0.754448342
0.00895,1.47459687,-1.471253429,-0.686604916,0.685692151,-0.786632004,0.786921228
0.009,1.49892264,-1.495586583,-0.671553498,0.670591299,-0.826007347,0.82635708
0.00905,1.535140002,-1.531811312,-0.66165411,0.660643275,-0.872120418,0.87253351
0.0091,1.582994966,-1.579673628,-0.656643913,0.655584934,-0.92497993,0.925459818
0.00915,1.64220245,-1.638888447,-0.655981221,0.654874335,-0.984842305,0.985393037
0.0092,1.712424273,-1.709117589,-0.658870234,0.65771548,-1.052164949,1.0527912
0.00925,1.793259065,-1.789959684,-0.664337587,0.663134847,-1.127519612,1.128226703
0.0093,1.884245601,-1.880953507,-0.671334505,0.670083555,-1.211493568,1.21228748
0.00935,1.984876948,-1.981592125,-0.678837428,0.677537983,-1.304603141,1.305490521
0.0094,2.094620232,-2.091342663,-0.685925983,0.68457774,-1.407235498,1.408223673
0.00945,2.212936296,-2.209665966,-0.691827124,0.690429806,-1.519624176,1.520721156
0.0095,2.339294791,-2.336031684,-0.695924605,0.694478002,-1.641854694,1.643069174
0.00955,2.418321474,-2.415065574,-0.698694312,0.697197965,-1.711485097,1.712797126
0.0096,2.415910428,-2.412661719,-0.67525856,0.673715141,-1.739123224,1.740498543
0.00965,2.420642543,-2.417401009,-0.647606768,0.646018563,-1.771433622,1.772873223
0.0097,2.430746801,-2.427512426,-0.61792622,0.616295396,-1.811210701,1.812715757
0.00975,2.357031355,-2.353843432,-0.560596316,0.558925451,-1.80144145,1.803012973
0.0098,2.187785997,-2.18469141,-0.48036841,0.478662174,-1.705838761,1.707473594
0.00985,2.027729552,-2.024721881,-0.409635361,0.407898863,-1.616611576,1.618305864
0.0099,1.880485522,-1.877558827,-0.347180301,0.345418134,-1.531847897,1.533598025
0.00995,1.746141158,-1.743289974,-0.293226073,0.291442369,-1.451480047,1.453282643
0.01,1.624665465,-1.621884793,-0.247524908,0.245723378,-1.375725012,1.377576959
0.01005,1.515841932,-1.513127227,-0.209345861,0.207529827,-1.305097514,1.306995956
0.0101,1.41925869,-1.416605857,-0.177531679,0.175704109,-1.240343204,1.242285555
0.01015,1.334336406,-1.331741781,-0.150637915,0.14880146,-1.182327431,1.18431138
0.0102,1.260390268,-1.257850615,-0.127126658,0.125283677,-1.131903515,1.133927033
0.01025,1.196713486,-1.194225984,-0.105573575,0.103726173,-1.089789188,1.091850534
0.0103,1.142663323,-1.140225555,-0.084843182,0.082993242,-1.056477365,1.058575089
0.01035,1.097729199,-1.095339138,-0.064194801,0.062344018,-1.032198284,1.034331234
0.0104,1.061566531,-1.059222527,-0.043298897,0.041448817,-1.016937008,1.019104336
0.01045,1.033988825,-1.031689595,-0.022165686,0.020317748,-1.01049691,1.012698075
0.0105,1.014916543,-1.01266115,-9.97E-04,-8.20E-04,-1.01259457,1.014829348
0.01055,1.004324518,-1.002112356,0.019954568,-0.021740561,-1.022933064,1.025201544
0.0106,1.002142217,-0.999972999,0.040504415,-0.042284331,-1.041300664,1.043603259
0.01065,1.00819287,-1.006066609,0.060757643,-0.062530091,-1.067604885,1.069942328
0.0107,1.022166633,-1.020083624,0.081046905,-0.082810421,-1.101867118,1.104240465
0.01075,1.043613022,-1.041573832,0.10193452,-0.103687532,-1.144199139,1.146609767
0.0108,1.071969672,-1.069975119,0.124137292,-0.125878099,-1.194755289,1.197204893
0.01085,1.106611109,-1.104662249,0.14842642,-0.150153159,-1.253681171,1.256171766
0.0109,1.14690402,-1.145002132,0.175529877,-0.177240504,-1.321071311,1.323605222
0.01095,1.192255413,-1.190401982,0.206058869,-0.207751131,-1.396943765,1.39952363
0.011,1.242143957,-1.24034066,0.240470103,-0.242141518,-1.481233738,1.4838625
0.01105,1.296130554,-1.294379239,0.279064799,-0.280712629,-1.573803159,1.576484063
0.0111,1.353849906,-1.352152582,0.322016539,-0.32363777,-1.674460106,1.677196691
0.01115,1.414989019,-1.413347837,0.369415194,-0.371006516,-1.782981234,1.785777332
0.0112,1.479260391,-1.477677625,0.421313492,-0.422871276,-1.899131529,1.901991256
0.01125,1.546377103,-1.54485514,0.477765563,-0.479285848,-2.022677954,2.025605701
0.0113,1.616034933,-1.614576254,0.538851378,-0.540329853,-2.153395994,2.156396424
0.01135,1.687903727,-1.686510892,0.604685776,-0.606117768,-2.291070064,2.294148099
0.0114,1.761627659,-1.760303294,0.675414524,-0.676794984,-2.435489823,2.438650638
0.01145,1.782199264,-1.780945706,0.721454851,-0.722778881,-2.495479559,2.498686596
0.0115,1.720307217,-1.719122722,0.734184187,-0.735449666,-2.45294358,2.456143534
0.01155,1.665533895,-1.664416076,0.750831043,-0.752036844,-2.414756798,2.417949684
0.0116,1.556436297,-1.555408442,0.769684338,-0.77082888,-2.331136758,2.334322593
0.01165,1.416210984,-1.415299376,0.759482945,-0.760567935,-2.174123988,2.177302786
0.0117,1.288776236,-1.287970628,0.744195971,-0.745222909,-2.031497099,2.034668876
0.01175,1.177012936,-1.176304083,0.726343194,-0.72731354,-1.901904494,1.905069267
0.0118,1.080065311,-1.079444933,0.707024003,-0.707939118,-1.785657791,1.788815574
0.01185,0.996673957,-0.996134696,0.687784452,-0.688645556,-1.683043926,1.686194735
0.0119,0.925272499,-0.924807879,0.670413267,-0.671221396,-1.594285596,1.597429446
0.01195,0.864172059,-0.863776434,0.656710002,-0.65746597,-1.519493779,1.522630686
0.012,0.811767963,-0.811436476,0.648256164,-0.648960523,-1.458645573,1.461775552
0.01205,0.766721864,-0.766450395,0.646239877,-0.646892876,-1.411590973,1.41471404
0.0121,0.728077671,-0.727862789,0.651370789,-0.651972333,-1.378083707,1.381199876
0.01215,0.695286617,-0.69512552,0.663898497,-0.664448105,-1.357824726,1.360934013
0.0122,0.668140406,-0.668030866,0.683721673,-0.684218433,-1.350504479,1.353606899
0.01225,0.646634779,-0.646575082,0.71055372,-0.710996253,-1.355832133,1.358927701
0.0123,0.63080192,-0.630790804,0.744100109,-0.744486527,-1.373545314,1.376634046
0.01235,0.620554739,-0.620591342,0.784204625,-0.784532498,-1.403400647,1.406482557
0.0124,0.615578655,-0.615662452,0.830934966,-0.831201288,-1.445151129,1.448226233
0.01245,0.615290352,-0.615421105,0.88459738,-0.884798549,-1.498519536,1.501587849
0.0125,0.618863725,-0.619041428,0.945689246,-0.945821041,-1.563176952,1.566238488
0.01255,0.625306647,-0.625531481,1.014812127,-1.014869687,-1.638732584,1.641787358
0.0126,0.633562514,-0.633834796,1.092573163,-1.092550973,-1.724736709,1.727784737
0.01265,0.642609311,-0.642929448,1.179499652,-1.179391534,-1.820694324,1.823735621
0.0127,0.651534964,-0.651903408,1.275982959,-1.275782057,-1.926084404,1.929118984
0.01275,0.6595779,-0.659995103,1.382257067,-1.381955841,-2.040379017,2.043406895
0.0128,0.666132434,-0.666598801,1.498407649,-1.49799787,-2.163057781,2.166078972
0.01285,0.670726781,-0.671242632,1.624401622,-1.623874362,-2.29361544,2.296629957
0.0129,0.674103977,-0.674669864,1.697353282,-1.696728009,-2.37652991,2.37953777
0.01295,0.651586003,-0.652199354,1.727509385,-1.726819873,-2.377545038,2.380546254
0.013,0.62487873,-0.625537354,1.76223933,-1.761484502,-2.385628352,2.38862294
0.01305,0.569461198,-0.570162494,1.748266695,-1.747445643,-2.309642632,2.312592004
0.0131,0.489469812,-0.490209009,1.649479445,-1.648595412,-2.137514895,2.14037325
0.01315,0.418192646,-0.41896454,1.557655314,-1.556712243,-1.974375312,1.977149199
0.0132,0.354456398,-0.355256321,1.470815821,-1.469817422,-1.823825235,1.826520719
0.01325,0.298661275,-0.299485039,1.388743312,-1.387693055,-1.685980009,1.688602673
0.0133,0.250839516,-0.251683374,1.311451406,-1.310352513,-1.560885926,1.563440884
0.01335,0.210589642,-0.21145025,1.239238438,-1.238093868,-1.448440146,1.450932053
0.0134,0.17707192,-0.177946299,1.172661347,-1.171473795,-1.348360152,1.350793209
0.01345,0.149090868,-0.149976376,1.112456775,-1.111228659,-1.260187355,1.262565323
0.0135,0.125249226,-0.126143516,1.059426756,-1.058160217,-1.183326752,1.185652963
0.01355,0.104140016,-0.105041011,1.014315024,-1.013011914,-1.1171153,1.119392665
0.0136,0.084533398,-0.085439255,0.977701814,-0.976363692,-1.060903569,1.06313459
0.01365,0.065516064,-0.066425139,0.949939632,-0.948567765,-1.014130908,1.016317692
0.0137,0.046553154,-0.047463963,0.931141343,-0.929736691,-0.976375441,0.97851971
0.01375,0.027462764,-0.028373947,0.921218331,-0.919781546,-0.947366741,0.949469847
0.0138,0.008315348,-0.00922563,0.919954405,-0.918485827,-0.926959135,0.929022075
0.01385,-0.010718011,0.009837139,0.927100462,-0.925600115,-0.915066822,0.917090256
0.0139,-0.029483625,0.028606056,0.942425107,-0.940892691,-0.911621864,0.913606125
0.01395,-0.048026713,0.047153705,0.965809359,-0.964244254,-0.916464039,0.918409156
0.014,-0.066604092,0.065736968,0.99724065,-0.99564191,-0.929317895,0.931223604
0.01405,-0.085700655,0.084840835,1.036797939,-1.035164297,-0.949777492,0.951643254
0.0141,-0.105970459,0.105119487,1.084614188,-1.082944053,-0.97732164,0.979146655
0.01415,-0.128147436,0.127307005,1.140827872,-1.139119336,-1.01135477,1.013137996
0.0142,-0.152949772,0.152121754,1.205539144,-1.203789981,-1.051258716,1.052998882
0.01425,-0.181001599,0.180188065,1.278780335,-1.276988005,-1.096441527,1.098137148
0.0143,-0.212786955,0.211990205,1.360504752,-1.358666406,-1.146372301,1.148021696
0.01435,-0.248640112,0.247862693,1.450592198,-1.448704682,-1.200596383,1.202197692
0.0144,-0.288766632,0.288011363,1.548865862,-1.546925722,-1.258731196,1.260282392
0.01445,-0.333283387,0.332553383,1.655113797,-1.653117285,-1.3204477,1.321946612
0.0145,-0.382263973,0.38156266,1.769108919,-1.767051997,-1.38544498,1.386889302
0.01455,-0.435778015,0.435109152,1.890623509,-1.888501859,-1.453425444,1.454812757
0.0146,-0.493917214,0.493284909,2.019436723,-2.017245755,-1.524076285,1.525404069
0.01465,-0.556805981,0.556214703,2.155335728,-2.153070582,-1.597059988,1.598325638
0.0147,-0.624598575,0.624053167,2.298112411,-2.295767973,-1.6720139,1.673214742
0.01475,-0.69746721,0.6969729,2.447558053,-2.445128958,-1.7485568,1.749690102
0.0148,-0.745303048,0.744864921,2.512211659,-2.509734496,-1.771963702,1.773027033
0.01485,-0.75893199,0.758552251,2.473759613,-2.471287921,-1.713272492,1.714267477
0.0149,-0.776681438,0.776361299,2.439634722,-2.437168489,-1.66147147,1.66240038
0.01495,-0.796700295,0.796441426,2.360376517,-2.357915731,-1.555604838,1.556444294
0.015,-0.787556439,0.787357197,2.208425824,-2.205970473,-1.419446834,1.420170295
0.01505,-0.77351303,0.773372,2.070892863,-2.068442935,-1.295916564,1.296533972
0.0151,-0.757090275,0.7570061,1.946416893,-1.943972375,-1.187886284,1.1884066
0.01515,-0.739406405,0.739377847,1.835300172,-1.832861053,-1.094472866,1.094904106
0.0152,-0.722035584,0.722061567,1.737815541,-1.735381809,-1.01437546,1.014724738
0.01525,-0.706792671,0.70687232,1.654166079,-1.651737721,-0.945982618,0.946256191
0.0153,-0.695492005,0.695624687,1.584438787,-1.582015793,-0.887567287,0.887770601
0.01535,-0.689713544,0.689898903,1.528585121,-1.526167477,-0.837501208,0.837638942
0.0154,-0.690627847,0.690865847,1.486431024,-1.48401872,-0.794439965,0.794516085
0.01545,-0.698915768,0.699206731,1.457710476,-1.455303499,-0.757436835,0.75745464
0.0155,-0.714793975,0.715138626,1.442110272,-1.439708611,-0.72596205,0.725924231
0.01555,-0.738130829,0.738530334,1.439311902,-1.436915545,-0.699828792,0.699737491
0.0156,-0.768616341,0.76907235,1.449019009,-1.446627944,-0.679050697,0.678907565
0.01565,-0.805940384,0.806455064,1.470964764,-1.46857898,-0.663671021,0.663477276
0.0157,-0.84993677,0.850512842,1.504900291,-1.502519776,-0.653606983,0.653363471
0.01575,-0.900665007,0.901305774,1.550570824,-1.548195566,-0.64854418,0.648251428
0.0158,-0.958421142,0.959130511,1.607689028,-1.605319016,-0.647899059,0.647557331
0.01585,-1.023687957,1.024470463,1.675914378,-1.6735496,-0.650848106,0.650457451
0.0159,-1.097047695,1.097908514,1.754844312,-1.752484756,-0.656406278,0.655966582
0.01595,-1.17908492,1.180029885,1.84401845,-1.841664106,-0.663528361,0.663039391
0.016,-1.270303566,1.271339178,1.942933098,-1.940583953,-0.671206427,0.670667879
0.01605,-1.371073288,1.372206724,2.051060777,-2.04871682,-0.678543021,0.677954563
0.0161,-1.48160964,1.482848763,2.167869142,-2.165530362,-0.684789891,0.68415121
0.01615,-1.601983623,1.603336983,2.292835,-2.290501385,-0.689352467,0.68866331
0.0162,-1.732150625,1.733627465,2.425451428,-2.423122967,-0.691768046,0.69102826
0.01625,-1.808720776,1.8103001,2.509968566,-2.507645248,-0.693085587,0.692294802
0.0163,-1.84127292,1.842918676,2.511998966,-2.509680779,-0.669175288,0.668336182
0.01635,-1.878265535,1.879978886,2.52100326,-2.518690193,-0.641111391,0.640226265
0.0164,-1.866253056,1.868034997,2.446061015,-2.443793854,-0.58479832,0.58386989
0.01645,-1.7690784,1.770925755,2.275379427,-2.273206878,-0.504707303,0.503740379
0.0165,-1.678972268,1.680881162,2.113617291,-2.111532855,-0.433148563,0.432148384
0.01655,-1.594004704,1.595971499,1.964348608,-1.962346264,-0.368873696,0.367844982
0.0166,-1.513986455,1.516007755,1.827665035,-1.825739241,-0.312231532,0.311178533
0.01665,-1.438931766,1.441004426,1.703597061,-1.70174274,-0.263238537,0.262165072
0.0167,-1.369109398,1.371230536,1.592038395,-1.590250928,-0.221519945,0.220429443
0.01675,-1.305021687,1.307188688,1.492716874,-1.490992089,-0.186301527,0.185197061
0.0168,-1.247337403,1.249547928,1.405195507,-1.403529668,-0.156477761,0.155362082
0.01685,-1.196792856,1.19904485,1.328905664,-1.32729546,-0.130743922,0.129619495
0.0169,-1.154083093,1.156374785,1.263206556,-1.261649092,-0.107764369,0.106633401
0.01695,-1.119766938,1.122096851,1.207458069,-1.205950853,-0.086340327,0.085204806
0.017,-1.094205514,1.096572469,1.161090041,-1.159630973,-0.065540653,0.064402377
0.01705,-1.077544893,1.079948015,1.1236515,-1.122238858,-0.044768417,0.043629034
0.0171,-1.06974238,1.072181098,1.094828482,-1.093460908,-0.023752434,0.022613478
0.01715,-1.070628877,1.073102935,1.074423977,-1.073100463,-0.0024521,0.00134981
0.0172,-1.079972716,1.082482173,1.062322403,-1.061042275,0.018980838,-0.020106313
0.01725,-1.097559348,1.100104582,1.058421018,-1.057183922,0.040469125,-0.041589884
0.0173,-1.123245808,1.125827517,1.062563902,-1.061369783,0.062012529,-0.063127112
0.01735,-1.156975738,1.159594941,1.07450436,-1.073353451,0.083802996,-0.084909872
0.0174,-1.198777289,1.201435326,1.093880132,-1.092772936,0.106231004,-0.107328542
0.01745,-1.248734746,1.251433277,1.120220246,-1.119157521,0.129851909,-0.130938347
0.0175,-1.306949755,1.309690754,1.152973839,-1.151956581,0.155318334,-0.156391755
0.01755,-1.373502927,1.376288684,1.191552006,-1.190581433,0.183299933,-0.184358238
0.0176,-1.448424786,1.451257901,1.235371266,-1.234448806,0.214410865,-0.215451751
0.01765,-1.531680722,1.5345641,1.283888658,-1.283015929,0.24915965,-0.250180584
0.0177,-1.623170119,1.626106966,1.336622202,-1.335800998,0.287927842,-0.288926043
0.01775,-1.722736428,1.725730246,1.393155106,-1.39238738,0.330975889,-0.331948299
0.0178,-1.830183167,1.833237748,1.453126286,-1.452414134,0.378468612,-0.379411883
0.01785,-1.945290825,1.948410246,1.516212386,-1.515558033,0.430510091,-0.43142056
0.0179,-2.067830876,2.07101949,1.58210731,-1.581513093,0.487178143,-0.488051819
0.01795,-2.197574882,2.200837309,1.650504413,-1.649972765,0.548551234,-0.549383779
0.018,-2.334298416,2.33763954,1.721084622,-1.720618056,0.61472428,-0.615510999
0.01805,-2.477780825,2.481205782,1.793511623,-1.793112721,0.685813219,-0.686549044
0.0181,-2.53685154,2.540323044,1.81278913,-1.812460185,0.7322289,-0.732908916
0.01815,-2.493421637,2.496885473,1.749608278,-1.749347505,0.745352968,-0.745975037
0.0182,-2.454333228,2.457789414,1.693587801,-1.693392772,0.762345234,-0.762908211
0.01825,-2.42292582,2.426374372,1.64286973,-1.642738264,0.781650354,-0.782152996
0.0183,-2.346396121,2.349837057,1.538479006,-1.538434262,0.80288895,-0.803329557
0.01835,-2.197420431,2.200853767,1.404472141,-1.404540506,0.79450791,-0.794888108
0.0184,-2.062814619,2.066240372,1.283216991,-1.283388727,0.78106393,-0.781385112
0.01845,-1.941229488,1.944647675,1.177573385,-1.177839724,0.765100278,-0.765363767
0.0185,-1.832980411,1.836391049,1.086616736,-1.086969843,0.747788948,-0.747995933
0.01855,-1.738350144,1.741753249,1.00898038,-1.009413307,0.730779103,-0.730930603
0.0186,-1.657545748,1.660941338,0.942972877,-0.943479522,0.715968932,-0.716065753
0.01865,-1.590651183,1.594039274,0.886784819,-0.887359879,0.70525153,-0.705294229
0.0187,-1.537608417,1.540989024,0.8387146,-0.839353524,0.700270235,-0.700259082
0.01875,-1.498229325,1.501602467,0.797362624,-0.798061568,0.702236332,-0.702171268
0.0188,-1.472231753,1.475597445,0.761750904,-0.762506675,0.711845508,-0.71172611
0.01885,-1.459286798,1.462645057,0.731344197,-0.732154197,0.729304013,-0.729129449
0.0189,-1.459062685,1.462413527,0.705974183,-0.706836355,0.754448342,-0.754217332
0.01895,-1.471253428,1.47459687,0.685692151,-0.686604916,0.786921228,-0.786632003
0.019,-1.495586582,1.49892264,0.670591299,-0.671553497,0.826357079,-0.826007346
0.01905,-1.531811311,1.535140001,0.660643275,-0.66165411,0.872533509,-0.872120417
0.0191,-1.579673627,1.582994965,0.655584933,-0.656643913,0.925459817,-0.924979929
0.01915,-1.638888447,1.64220245,0.654874335,-0.655981221,0.985393036,-0.984842305
0.0192,-1.709117589,1.712424273,0.657715479,-0.658870234,1.052791199,-1.052164949
0.01925,-1.789959683,1.793259064,0.663134846,-0.664337587,1.128226703,-1.127519611
0.0193,-1.880953506,1.8842456,0.670083555,-0.671334504,1.212287479,-1.211493567
0.01935,-1.981592124,1.984876947,0.677537983,-0.678837427,1.305490521,-1.30460314
0.0194,-2.091342662,2.094620231,0.68457774,-0.685925983,1.408223673,-1.407235498
0.01945,-2.209665966,2.212936295,0.690429806,-0.691827124,1.520721155,-1.519624176
0.0195,-2.336031683,2.33929479,0.694478002,-0.695924605,1.643069174,-1.641854693
0.01955,-2.415065573,2.418321473,0.697197965,-0.698694311,1.712797126,-1.711485097
0.0196,-2.412661718,2.415910427,0.673715141,-0.67525856,1.740498542,-1.739123224
0.01965,-2.417401008,2.420642542,0.646018562,-0.647606768,1.772873222,-1.771433621
0.0197,-2.427512426,2.4307468,0.616295396,-0.61792622,1.812715756,-1.8112107
0.01975,-2.353843432,2.357031354,0.558925451,-0.560596316,1.803012972,-1.801441449
0.0198,-2.184691409,2.187785996,0.478662174,-0.48036841,1.707473593,-1.70583876
0.01985,-2.024721881,2.027729552,0.407898862,-0.409635361,1.618305864,-1.616611575
0.0199,-1.877558826,1.880485521,0.345418134,-0.347180301,1.533598025,-1.531847896
0.01995,-1.743289974,1.746141158,0.291442369,-0.293226072,1.453282643,-1.451480047
0.02,-1.621884792,1.624665464,0.245723378,-0.247524908,1.377576958,-1.375725012
0.02005,-1.513127227,1.515841931,0.207529827,-0.209345861,1.306995955,-1.305097514
0.0201,-1.416605856,1.41925869,0.175704109,-0.177531679,1.242285554,-1.240343203
0.02015,-1.33174178,1.334336405,0.14880146,-0.150637915,1.18431138,-1.18232743
0.0202,-1.257850614,1.260390268,0.125283677,-0.127126658,1.133927033,-1.131903514
0.02025,-1.194225983,1.196713485,0.103726173,-0.105573575,1.091850533,-1.089789187
0.0203,-1.140225554,1.142663323,0.082993242,-0.084843182,1.058575088,-1.056477364
0.02035,-1.095339137,1.097729199,0.062344018,-0.064194801,1.034331234,-1.032198283
0.0204,-1.059222527,1.06156653,0.041448817,-0.043298897,1.019104335,-1.016937007
0.02045,-1.031689594,1.033988824,0.020317748,-0.022165686,1.012698075,-1.010496909
0.0205,-1.012661149,1.014916543,-8.20E-04,-9.97E-04,1.014829347,-1.01259457
0.02055,-1.002112356,1.004324517,-0.021740561,0.019954568,1.025201543,-1.022933063
0.0206,-0.999972999,1.002142216,-0.042284331,0.040504415,1.043603258,-1.041300663
0.02065,-1.006066608,1.00819287,-0.062530091,0.060757643,1.069942328,-1.067604884
0.0207,-1.020083624,1.022166632,-0.082810421,0.081046905,1.104240464,-1.101867117
0.02075,-1.041573831,1.043613022,-0.103687532,0.10193452,1.146609766,-1.144199139
0.0208,-1.069975118,1.071969672,-0.125878099,0.124137292,1.197204893,-1.194755288
0.02085,-1.104662248,1.106611109,-0.150153159,0.14842642,1.256171765,-1.253681171
0.0209,-1.145002131,1.146904019,-0.177240503,0.175529877,1.323605221,-1.32107131
0.02095,-1.190401982,1.192255412,-0.207751131,0.206058869,1.399523629,-1.396943764
0.021,-1.240340659,1.242143957,-0.242141518,0.240470103,1.4838625,-1.481233738
0.02105,-1.294379239,1.296130554,-0.280712629,0.279064799,1.576484062,-1.573803159
0.0211,-1.352152582,1.353849905,-0.32363777,0.322016539,1.677196691,-1.674460105
0.02115,-1.413347836,1.414989019,-0.371006516,0.369415194,1.785777332,-1.782981233
0.0212,-1.477677625,1.47926039,-0.422871276,0.421313492,1.901991255,-1.899131528
0.02125,-1.54485514,1.546377102,-0.479285848,0.477765563,2.025605701,-2.022677953
0.0213,-1.614576253,1.616034932,-0.540329853,0.538851378,2.156396424,-2.153395994
0.02135,-1.686510892,1.687903727,-0.606117767,0.604685776,2.294148098,-2.291070064
0.0214,-1.760303294,1.761627658,-0.676794984,0.675414524,2.438650638,-2.435489823
0.02145,-1.780945705,1.782199264,-0.722778881,0.721454851,2.498686595,-2.495479558
0.0215,-1.719122721,1.720307217,-0.735449666,0.734184187,2.456143534,-2.45294358
0.02155,-1.664416075,1.665533895,-0.752036844,0.750831043,2.417949684,-2.414756797
0.0216,-1.555408441,1.556436297,-0.77082888,0.769684338,2.334322592,-2.331136758
0.02165,-1.415299376,1.416210984,-0.760567935,0.759482945,2.177302785,-2.174123987
0.0217,-1.287970628,1.288776236,-0.745222909,0.744195971,2.034668876,-2.031497098
0.02175,-1.176304082,1.177012936,-0.72731354,0.726343194,1.905069266,-1.901904494
0.0218,-1.079444932,1.080065311,-0.707939118,0.707024003,1.788815573,-1.78565779
0.02185,-0.996134696,0.996673957,-0.688645555,0.687784451,1.686194734,-1.683043925
0.0219,-0.924807879,0.925272499,-0.671221396,0.670413267,1.597429445,-1.594285595
0.02195,-0.863776434,0.864172059,-0.65746597,0.656710002,1.522630686,-1.519493779
0.022,-0.811436476,0.811767963,-0.648960522,0.648256163,1.461775552,-1.458645573
0.02205,-0.766450395,0.766721863,-0.646892876,0.646239877,1.414714039,-1.411590973
0.0221,-0.727862789,0.728077671,-0.651972333,0.651370789,1.381199876,-1.378083707
0.02215,-0.69512552,0.695286617,-0.664448105,0.663898497,1.360934013,-1.357824726
0.0222,-0.668030866,0.668140406,-0.684218433,0.683721672,1.353606899,-1.350504479
0.02225,-0.646575081,0.646634779,-0.710996253,0.710553719,1.358927701,-1.355832132
0.0223,-0.630790804,0.63080192,-0.744486527,0.744100108,1.376634046,-1.373545314
0.02235,-0.620591342,0.620554739,-0.784532498,0.784204625,1.406482557,-1.403400647
0.0224,-0.615662452,0.615578655,-0.831201288,0.830934965,1.448226232,-1.445151128
0.02245,-0.615421104,0.615290352,-0.884798549,0.884597379,1.501587849,-1.498519536
0.0225,-0.619041428,0.618863724,-0.94582104,0.945689246,1.566238487,-1.563176951
0.02255,-0.625531481,0.625306646,-1.014869686,1.014812127,1.641787358,-1.638732583
0.0226,-0.633834796,0.633562513,-1.092550973,1.092573163,1.727784737,-1.724736708
0.02265,-0.642929448,0.642609311,-1.179391533,1.179499652,1.82373562,-1.820694324
0.0227,-0.651903408,0.651534964,-1.275782057,1.275982959,1.929118984,-1.926084404
0.02275,-0.659995103,0.6595779,-1.381955841,1.382257066,2.043406894,-2.040379017
0.0228,-0.666598801,0.666132434,-1.497997869,1.498407649,2.166078972,-2.163057781
0.02285,-0.671242632,0.670726781,-1.623874362,1.624401622,2.296629957,-2.293615439
0.0229,-0.674669864,0.674103977,-1.696728009,1.697353282,2.37953777,-2.37652991
0.02295,-0.652199354,0.651586003,-1.726819873,1.727509385,2.380546254,-2.377545037
0.023,-0.625537354,0.62487873,-1.761484502,1.76223933,2.38862294,-2.385628352
0.02305,-0.570162494,0.569461198,-1.747445643,1.748266695,2.312592003,-2.309642632
0.0231,-0.490209009,0.489469812,-1.648595411,1.649479445,2.14037325,-2.137514895
0.02315,-0.41896454,0.418192646,-1.556712242,1.557655314,1.977149199,-1.974375312
0.0232,-0.355256321,0.354456398,-1.469817421,1.470815821,1.826520719,-1.823825235
0.02325,-0.299485039,0.298661275,-1.387693055,1.388743312,1.688602673,-1.685980009
0.0233,-0.251683374,0.250839516,-1.310352512,1.311451406,1.563440884,-1.560885925
0.02335,-0.21145025,0.210589642,-1.238093868,1.239238438,1.450932053,-1.448440146
0.0234,-0.177946299,0.177071919,-1.171473795,1.172661347,1.350793209,-1.348360152
0.02345,-0.149976376,0.149090868,-1.111228659,1.112456775,1.262565323,-1.260187355
0.0235,-0.126143516,0.125249226,-1.058160216,1.059426756,1.185652963,-1.183326752
0.02355,-0.105041011,0.104140016,-1.013011914,1.014315024,1.119392665,-1.1171153
0.0236,-0.085439255,0.084533398,-0.976363692,0.977701813,1.06313459,-1.060903569
0.02365,-0.066425139,0.065516064,-0.948567764,0.949939632,1.016317692,-1.014130908
0.0237,-0.047463963,0.046553154,-0.929736691,0.931141343,0.97851971,-0.976375441
0.02375,-0.028373947,0.027462764,-0.919781546,0.921218331,0.949469847,-0.947366741
0.0238,-0.00922563,0.008315348,-0.918485827,0.919954404,0.929022075,-0.926959134
0.02385,0.009837139,-0.010718011,-0.925600115,0.927100462,0.917090256,-0.915066822
0.0239,0.028606056,-0.029483625,-0.940892691,0.942425107,0.913606125,-0.911621864
0.02395,0.047153705,-0.048026713,-0.964244254,0.965809359,0.918409156,-0.916464039
0.024,0.065736968,-0.066604092,-0.99564191,0.99724065,0.931223604,-0.929317895
0.02405,0.084840835,-0.085700655,-1.035164297,1.036797939,0.951643254,-0.949777492
0.0241,0.105119487,-0.105970459,-1.082944053,1.084614188,0.979146655,-0.97732164
0.02415,0.127307005,-0.128147436,-1.139119336,1.140827872,1.013137996,-1.01135477
0.0242,0.152121754,-0.152949772,-1.203789981,1.205539144,1.052998882,-1.051258716
0.02425,0.180188065,-0.181001599,-1.276988005,1.278780335,1.098137148,-1.096441527
0.0243,0.211990205,-0.212786955,-1.358666406,1.360504752,1.148021696,-1.146372301
0.02435,0.247862693,-0.248640112,-1.448704682,1.450592198,1.202197692,-1.200596383
0.0244,0.288011364,-0.288766632,-1.546925722,1.548865862,1.260282392,-1.258731196
0.02445,0.332553383,-0.333283387,-1.653117285,1.655113797,1.321946612,-1.3204477
0.0245,0.381562661,-0.382263973,-1.767051997,1.769108919,1.386889302,-1.38544498
0.02455,0.435109152,-0.435778015,-1.88850186,1.890623509,1.454812757,-1.453425444
0.0246,0.49328491,-0.493917214,-2.017245755,2.019436724,1.525404069,-1.524076285
0.02465,0.556214703,-0.556805981,-2.153070582,2.155335728,1.598325638,-1.597059988
0.0247,0.624053168,-0.624598575,-2.295767973,2.298112412,1.673214742,-1.6720139
0.02475,0.6969729,-0.69746721,-2.445128959,2.447558053,1.749690103,-1.7485568
0.0248,0.744864921,-0.745303048,-2.509734496,2.512211659,1.773027033,-1.771963702
0.02485,0.758552252,-0.75893199,-2.471287921,2.473759613,1.714267477,-1.713272493
0.0249,0.776361299,-0.776681438,-2.43716849,2.439634722,1.66240038,-1.661471471
0.02495,0.796441426,-0.796700296,-2.357915731,2.360376517,1.556444294,-1.555604838
0.025,0.787357197,-0.787556439,-2.205970473,2.208425824,1.420170295,-1.419446834
0.02505,0.773372,-0.77351303,-2.068442935,2.070892863,1.296533972,-1.295916564
0.0251,0.7570061,-0.757090275,-1.943972375,1.946416893,1.188406601,-1.187886285
0.02515,0.739377848,-0.739406406,-1.832861053,1.835300172,1.094904106,-1.094472866
0.0252,0.722061568,-0.722035585,-1.735381809,1.737815541,1.014724738,-1.01437546
0.02525,0.706872321,-0.706792671,-1.651737722,1.654166079,0.946256191,-0.945982618
0.0253,0.695624687,-0.695492006,-1.582015793,1.584438788,0.887770601,-0.887567287
0.02535,0.689898903,-0.689713545,-1.526167478,1.528585121,0.837638943,-0.837501208
0.0254,0.690865847,-0.690627848,-1.484018721,1.486431025,0.794516085,-0.794439966
0.02545,0.699206732,-0.698915769,-1.4553035,1.457710476,0.75745464,-0.757436836
0.0255,0.715138627,-0.714793976,-1.439708611,1.442110272,0.725924231,-0.72596205
0.02555,0.738530334,-0.738130829,-1.436915545,1.439311902,0.699737492,-0.699828792
0.0256,0.76907235,-0.768616341,-1.446627945,1.44901901,0.678907565,-0.679050697
0.02565,0.806455064,-0.805940384,-1.468578981,1.470964765,0.663477276,-0.663671021
0.0257,0.850512843,-0.849936771,-1.502519776,1.504900292,0.653363471,-0.653606983
0.02575,0.901305774,-0.900665008,-1.548195566,1.550570824,0.648251429,-0.64854418
0.0258,0.959130512,-0.958421142,-1.605319016,1.607689029,0.647557331,-0.647899059
0.02585,1.024470464,-1.023687958,-1.6735496,1.675914379,0.650457451,-0.650848106
0.0259,1.097908514,-1.097047695,-1.752484757,1.754844313,0.655966582,-0.656406278
0.02595,1.180029885,-1.17908492,-1.841664106,1.844018451,0.663039391,-0.663528361
0.026,1.271339179,-1.270303567,-1.940583954,1.942933099,0.670667879,-0.671206427
0.02605,1.372206725,-1.371073288,-2.04871682,2.051060777,0.677954564,-0.678543021
0.0261,1.482848763,-1.481609641,-2.165530363,2.167869143,0.68415121,-0.684789891
0.02615,1.603336984,-1.601983624,-2.290501385,2.292835,0.68866331,-0.689352467
0.0262,1.733627466,-1.732150625,-2.423122968,2.425451429,0.691028261,-0.691768046
0.02625,1.8103001,-1.808720777,-2.507645248,2.509968567,0.692294802,-0.693085587
0.0263,1.842918677,-1.841272921,-2.509680779,2.511998966,0.668336182,-0.669175288
0.02635,1.879978886,-1.878265535,-2.518690194,2.52100326,0.640226265,-0.641111391
0.0264,1.868034997,-1.866253057,-2.443793855,2.446061016,0.583869891,-0.58479832
0.02645,1.770925756,-1.769078401,-2.273206879,2.275379428,0.503740379,-0.504707304
0.0265,1.680881162,-1.678972268,-2.111532855,2.113617291,0.432148384,-0.433148563
0.02655,1.595971499,-1.594004704,-1.962346265,1.964348608,0.367844982,-0.368873696
0.0266,1.516007756,-1.513986456,-1.825739242,1.827665036,0.311178533,-0.312231532
0.02665,1.441004427,-1.438931767,-1.701742741,1.703597062,0.262165072,-0.263238537
0.0267,1.371230537,-1.369109399,-1.590250929,1.592038395,0.220429444,-0.221519945
0.02675,1.307188688,-1.305021688,-1.49099209,1.492716875,0.185197061,-0.186301527
0.0268,1.249547929,-1.247337403,-1.403529668,1.405195508,0.155362082,-0.156477761
0.02685,1.199044851,-1.196792857,-1.327295461,1.328905665,0.129619495,-0.130743922
0.0269,1.156374786,-1.154083093,-1.261649092,1.263206557,0.106633401,-0.107764369
0.02695,1.122096852,-1.119766938,-1.205950854,1.20745807,0.085204806,-0.086340327
0.027,1.09657247,-1.094205514,-1.159630973,1.161090041,0.064402377,-0.065540653
0.02705,1.079948015,-1.077544894,-1.122238859,1.123651501,0.043629034,-0.044768417
0.0271,1.072181099,-1.069742381,-1.093460909,1.094828483,0.022613478,-0.023752434
0.02715,1.073102936,-1.070628877,-1.073100464,1.074423977,0.00134981,-0.0024521
0.0272,1.082482174,-1.079972717,-1.061042276,1.062322403,-0.020106313,0.018980838
0.02725,1.100104582,-1.097559349,-1.057183922,1.058421019,-0.041589885,0.040469125
0.0273,1.125827518,-1.123245809,-1.061369783,1.062563902,-0.063127112,0.062012529
0.02735,1.159594942,-1.156975739,-1.073353451,1.07450436,-0.084909872,0.083802996
0.0274,1.201435326,-1.198777289,-1.092772937,1.093880133,-0.107328542,0.106231004
0.02745,1.251433277,-1.248734747,-1.119157522,1.120220247,-0.130938347,0.129851909
0.0275,1.309690755,-1.306949756,-1.151956582,1.15297384,-0.156391755,0.155318335
0.02755,1.376288685,-1.373502927,-1.190581434,1.191552007,-0.184358238,0.183299933
0.0276,1.451257902,-1.448424787,-1.234448806,1.235371266,-0.215451751,0.214410865
0.02765,1.5345641,-1.531680723,-1.28301593,1.283888659,-0.250180584,0.24915965
0.0277,1.626106967,-1.62317012,-1.335800998,1.336622203,-0.288926043,0.287927842
0.02775,1.725730247,-1.722736429,-1.39238738,1.393155107,-0.331948299,0.330975889
0.0278,1.833237749,-1.830183167,-1.452414135,1.453126286,-0.379411883,0.378468612
0.02785,1.948410246,-1.945290825,-1.515558034,1.516212386,-0.43142056,0.430510092
0.0279,2.07101949,-2.067830877,-1.581513094,1.582107311,-0.488051819,0.487178144
0.02795,2.20083731,-2.197574883,-1.649972765,1.650504414,-0.549383779,0.548551234
0.028,2.337639541,-2.334298417,-1.720618056,1.721084622,-0.615510999,0.61472428
0.02805,2.481205783,-2.477780826,-1.793112722,1.793511623,-0.686549044,0.685813219
0.0281,2.540323044,-2.536851541,-1.812460186,1.812789131,-0.732908917,0.7322289
0.02815,2.496885474,-2.493421638,-1.749347505,1.749608278,-0.745975038,0.745352968
0.0282,2.457789415,-2.454333229,-1.693392772,1.693587802,-0.762908211,0.762345234
0.02825,2.426374373,-2.42292582,-1.642738265,1.642869731,-0.782152996,0.781650355
0.0283,2.349837058,-2.346396122,-1.538434263,1.538479006,-0.803329557,0.802888951
0.02835,2.200853768,-2.197420432,-1.404540507,1.404472142,-0.794888108,0.794507911
0.0284,2.066240373,-2.06281462,-1.283388728,1.283216991,-0.781385113,0.78106393
0.02845,1.944647676,-1.941229488,-1.177839725,1.177573385,-0.765363767,0.765100279
0.0285,1.83639105,-1.832980412,-1.086969843,1.086616736,-0.747995934,0.747788948
0.02855,1.74175325,-1.738350145,-1.009413308,1.00898038,-0.730930603,0.730779103
0.0286,1.660941338,-1.657545749,-0.943479523,0.942972878,-0.716065754,0.715968933
0.02865,1.594039274,-1.590651184,-0.887359879,0.88678482,-0.705294229,0.70525153
0.0287,1.540989025,-1.537608418,-0.839353525,0.8387146,-0.700259082,0.700270236
0.02875,1.501602468,-1.498229326,-0.798061568,0.797362624,-0.702171269,0.702236332
0.0288,1.475597445,-1.472231754,-0.762506675,0.761750904,-0.711726111,0.711845509
0.02885,1.462645058,-1.459286799,-0.732154197,0.731344197,-0.729129449,0.729304013
0.0289,1.462413528,-1.459062686,-0.706836356,0.705974184,-0.754217332,0.754448342
0.02895,1.47459687,-1.471253429,-0.686604916,0.685692151,-0.786632004,0.786921228
0.029,1.49892264,-1.495586583,-0.671553498,0.670591299,-0.826007347,0.82635708
0.02905,1.535140002,-1.531811312,-0.66165411,0.660643275,-0.872120418,0.87253351
0.0291,1.582994966,-1.579673628,-0.656643913,0.655584934,-0.92497993,0.925459818
0.02915,1.64220245,-1.638888447,-0.655981221,0.654874335,-0.984842305,0.985393037
0.0292,1.712424273,-1.709117589,-0.658870234,0.65771548,-1.052164949,1.0527912
0.02925,1.793259065,-1.789959684,-0.664337587,0.663134847,-1.127519612,1.128226703
0.0293,1.884245601,-1.880953507,-0.671334505,0.670083555,-1.211493568,1.21228748
0.02935,1.984876948,-1.981592125,-0.678837428,0.677537983,-1.304603141,1.305490521
0.0294,2.094620232,-2.091342663,-0.685925983,0.68457774,-1.407235498,1.408223673
0.02945,2.212936296,-2.209665966,-0.691827124,0.690429806,-1.519624176,1.520721156
0.0295,2.339294791,-2.336031684,-0.695924605,0.694478002,-1.641854694,1.643069174
0.02955,2.418321474,-2.415065574,-0.698694312,0.697197965,-1.711485097,1.712797126
0.0296,2.415910428,-2.412661719,-0.67525856,0.673715141,-1.739123224,1.740498543
0.02965,2.420642543,-2.417401009,-0.647606768,0.646018563,-1.771433622,1.772873223
0.0297,2.430746801,-2.427512426,-0.61792622,0.616295396,-1.811210701,1.812715757
0.02975,2.357031355,-2.353843432,-0.560596316,0.558925451,-1.80144145,1.803012973
0.0298,2.187785997,-2.18469141,-0.48036841,0.478662174,-1.705838761,1.707473594
0.02985,2.027729552,-2.024721881,-0.409635361,0.407898863,-1.616611576,1.618305864
0.0299,1.880485522,-1.877558827,-0.347180301,0.345418134,-1.531847897,1.533598025
0.02995,1.746141158,-1.743289974,-0.293226073,0.291442369,-1.451480047,1.453282643
0.03,1.624665465,-1.621884793,-0.247524908,0.245723378,-1.375725012,1.377576959
0.03005,1.515841932,-1.513127227,-0.209345861,0.207529827,-1.305097514,1.306995956
0.0301,1.41925869,-1.416605857,-0.177531679,0.175704109,-1.240343204,1.242285555
0.03015,1.334336406,-1.331741781,-0.150637915,0.14880146,-1.182327431,1.18431138
0.0302,1.260390268,-1.257850615,-0.127126658,0.125283677,-1.131903515,1.133927033
0.03025,1.196713486,-1.194225984,-0.105573575,0.103726173,-1.089789188,1.091850534
0.0303,1.142663323,-1.140225555,-0.084843182,0.082993242,-1.056477365,1.058575089
0.03035,1.097729199,-1.095339138,-0.064194801,0.062344018,-1.032198284,1.034331234
0.0304,1.061566531,-1.059222527,-0.043298897,0.041448817,-1.016937008,1.019104336
0.03045,1.033988825,-1.031689595,-0.022165686,0.020317748,-1.01049691,1.012698075
0.0305,1.014916543,-1.01266115,-9.97E-04,-8.20E-04,-1.01259457,1.014829348
0.03055,1.004324518,-1.002112356,0.019954568,-0.021740561,-1.022933064,1.025201544
0.0306,1.002142217,-0.999972999,0.040504415,-0.042284331,-1.041300664,1.043603259
0.03065,1.00819287,-1.006066609,0.060757643,-0.062530091,-1.067604885,1.069942328
0.0307,1.022166633,-1.020083624,0.081046905,-0.082810421,-1.101867118,1.104240465
0.03075,1.043613022,-1.041573832,0.10193452,-0.103687532,-1.144199139,1.146609767
0.0308,1.071969672,-1.069975119,0.124137292,-0.125878099,-1.194755289,1.197204893
0.03085,1.106611109,-1.104662249,0.14842642,-0.150153159,-1.253681171,1.256171766
0.0309,1.14690402,-1.145002132,0.175529877,-0.177240504,-1.321071311,1.323605222
0.03095,1.192255413,-1.190401982,0.206058869,-0.207751131,-1.396943765,1.39952363
0.031,1.242143957,-1.24034066,0.240470103,-0.242141518,-1.481233738,1.4838625
0.03105,1.296130554,-1.294379239,0.279064799,-0.280712629,-1.573803159,1.576484063
0.0311,1.353849906,-1.352152582,0.322016539,-0.32363777,-1.674460106,1.677196691
0.03115,1.414989019,-1.413347837,0.369415194,-0.371006516,-1.782981234,1.785777332
0.0312,1.479260391,-1.477677625,0.421313492,-0.422871276,-1.899131529,1.901991256
0.03125,1.546377103,-1.54485514,0.477765563,-0.479285848,-2.022677954,2.025605701
0.0313,1.616034933,-1.614576254,0.538851378,-0.540329853,-2.153395994,2.156396424
0.03135,1.687903727,-1.686510892,0.604685776,-0.606117768,-2.291070064,2.294148099
0.0314,1.761627659,-1.760303294,0.675414524,-0.676794984,-2.435489823,2.438650638
0.03145,1.782199264,-1.780945706,0.721454851,-0.722778881,-2.495479559,2.498686596
0.0315,1.720307217,-1.719122722,0.734184187,-0.735449666,-2.45294358,2.456143534
0.03155,1.665533895,-1.664416076,0.750831043,-0.752036844,-2.414756798,2.417949684
0.0316,1.556436297,-1.555408442,0.769684338,-0.77082888,-2.331136758,2.334322593
0.03165,1.416210984,-1.415299376,0.759482945,-0.760567935,-2.174123988,2.177302786
0.0317,1.288776236,-1.287970628,0.744195971,-0.745222909,-2.031497099,2.034668876
0.03175,1.177012936,-1.176304083,0.726343194,-0.72731354,-1.901904494,1.905069267
0.0318,1.080065311,-1.079444933,0.707024003,-0.707939118,-1.785657791,1.788815574
0.03185,0.996673957,-0.996134696,0.687784452,-0.688645556,-1.683043926,1.686194735
0.0319,0.925272499,-0.924807879,0.670413267,-0.671221396,-1.594285596,1.597429446
0.03195,0.864172059,-0.863776434,0.656710002,-0.65746597,-1.519493779,1.522630686
0.032,0.811767963,-0.811436476,0.648256164,-0.648960523,-1.458645573,1.461775552
0.03205,0.766721864,-0.766450395,0.646239877,-0.646892876,-1.411590973,1.41471404
0.0321,0.728077671,-0.727862789,0.651370789,-0.651972333,-1.378083707,1.381199876
0.03215,0.695286617,-0.69512552,0.663898497,-0.664448105,-1.357824726,1.360934013
0.0322,0.668140406,-0.668030866,0.683721673,-0.684218433,-1.350504479,1.353606899
0.03225,0.646634779,-0.646575082,0.71055372,-0.710996253,-1.355832133,1.358927701
0.0323,0.63080192,-0.630790804,0.744100109,-0.744486527,-1.373545314,1.376634046
0.03235,0.620554739,-0.620591342,0.784204625,-0.784532498,-1.403400647,1.406482557
0.0324,0.615578655,-0.615662452,0.830934966,-0.831201288,-1.445151129,1.448226233
0.03245,0.615290352,-0.615421105,0.88459738,-0.884798549,-1.498519536,1.501587849
0.0325,0.618863725,-0.619041428,0.945689246,-0.945821041,-1.563176952,1.566238488
0.03255,0.625306647,-0.625531481,1.014812127,-1.014869687,-1.638732584,1.641787358
0.0326,0.633562514,-0.633834796,1.092573163,-1.092550973,-1.724736709,1.727784737
0.03265,0.642609311,-0.642929448,1.179499652,-1.179391534,-1.820694324,1.823735621
0.0327,0.651534964,-0.651903408,1.275982959,-1.275782057,-1.926084404,1.929118984
0.03275,0.6595779,-0.659995103,1.382257067,-1.381955841,-2.040379017,2.043406895
0.0328,0.666132434,-0.666598801,1.498407649,-1.49799787,-2.163057781,2.166078972
0.03285,0.670726781,-0.671242632,1.624401622,-1.623874362,-2.29361544,2.296629957
0.0329,0.674103977,-0.674669864,1.697353282,-1.696728009,-2.37652991,2.37953777
0.03295,0.651586003,-0.652199354,1.727509385,-1.726819873,-2.377545038,2.380546254
0.033,0.62487873,-0.625537354,1.76223933,-1.761484502,-2.385628352,2.38862294
0.03305,0.569461198,-0.570162494,1.748266695,-1.747445643,-2.309642632,2.312592004
0.0331,0.489469812,-0.490209009,1.649479445,-1.648595412,-2.137514895,2.14037325
0.03315,0.418192646,-0.41896454,1.557655314,-1.556712243,-1.974375312,1.977149199
0.0332,0.354456398,-0.355256321,1.470815821,-1.469817422,-1.823825235,1.826520719
0.03325,0.298661275,-0.299485039,1.388743312,-1.387693055,-1.685980009,1.688602673
0.0333,0.250839516,-0.251683374,1.311451406,-1.310352513,-1.560885926,1.563440884
0.03335,0.210589642,-0.21145025,1.239238438,-1.238093868,-1.448440146,1.450932053
0.0334,0.17707192,-0.177946299,1.172661347,-1.171473795,-1.348360152,1.350793209
0.03345,0.149090868,-0.149976376,1.112456775,-1.111228659,-1.260187355,1.262565323
0.0335,0.125249226,-0.126143516,1.059426756,-1.058160217,-1.183326752,1.185652963
0.03355,0.104140016,-0.105041011,1.014315024,-1.013011914,-1.1171153,1.119392665
0.0336,0.084533398,-0.085439255,0.977701814,-0.976363692,-1.060903569,1.06313459
0.03365,0.065516064,-0.066425139,0.949939632,-0.948567765,-1.014130908,1.016317692
0.0337,0.046553154,-0.047463963,0.931141343,-0.929736691,-0.976375441,0.97851971
0.03375,0.027462764,-0.028373947,0.921218331,-0.919781546,-0.947366741,0.949469847
0.0338,0.008315348,-0.00922563,0.919954405,-0.918485827,-0.926959135,0.929022075
0.03385,-0.010718011,0.009837139,0.927100462,-0.925600115,-0.915066822,0.917090256
0.0339,-0.029483625,0.028606056,0.942425107,-0.940892691,-0.911621864,0.913606125
0.03395,-0.048026713,0.047153705,0.965809359,-0.964244254,-0.916464039,0.918409156
0.034,-0.066604092,0.065736968,0.99724065,-0.99564191,-0.929317895,0.931223604
0.03405,-0.085700655,0.084840835,1.036797939,-1.035164297,-0.949777492,0.951643254
0.0341,-0.105970459,0.105119487,1.084614188,-1.082944053,-0.97732164,0.979146655
0.03415,-0.128147436,0.127307005,1.140827872,-1.139119336,-1.01135477,1.013137996
0.0342,-0.152949772,0.152121754,1.205539144,-1.203789981,-1.051258716,1.052998882
0.03425,-0.181001599,0.180188065,1.278780335,-1.276988005,-1.096441527,1.098137148
0.0343,-0.212786955,0.211990205,1.360504752,-1.358666406,-1.146372301,1.148021696
0.03435,-0.248640112,0.247862693,1.450592198,-1.448704682,-1.200596383,1.202197692
0.0344,-0.288766632,0.288011363,1.548865862,-1.546925722,-1.258731196,1.260282392
0.03445,-0.333283387,0.332553383,1.655113797,-1.653117285,-1.3204477,1.321946612
0.0345,-0.382263973,0.38156266,1.769108919,-1.767051997,-1.38544498,1.386889302
0.03455,-0.435778015,0.435109152,1.890623509,-1.888501859,-1.453425444,1.454812757
0.0346,-0.493917214,0.493284909,2.019436723,-2.017245755,-1.524076285,1.525404069
0.03465,-0.556805981,0.556214703,2.155335728,-2.153070582,-1.597059988,1.598325638
0.0347,-0.624598575,0.624053167,2.298112411,-2.295767973,-1.6720139,1.673214742
0.03475,-0.69746721,0.6969729,2.447558053,-2.445128958,-1.7485568,1.749690102
0.0348,-0.745303048,0.744864921,2.512211659,-2.509734496,-1.771963702,1.773027033
0.03485,-0.75893199,0.758552251,2.473759613,-2.471287921,-1.713272492,1.714267477
0.0349,-0.776681438,0.776361299,2.439634722,-2.437168489,-1.66147147,1.66240038
0.03495,-0.796700295,0.796441426,2.360376517,-2.357915731,-1.555604838,1.556444294
0.035,-0.787556439,0.787357197,2.208425824,-2.205970473,-1.419446834,1.420170295
0.03505,-0.77351303,0.773372,2.070892863,-2.068442935,-1.295916564,1.296533972
0.0351,-0.757090275,0.7570061,1.946416893,-1.943972375,-1.187886284,1.1884066
0.03515,-0.739406405,0.739377847,1.835300172,-1.832861053,-1.094472866,1.094904106
0.0352,-0.722035584,0.722061567,1.737815541,-1.735381809,-1.01437546,1.014724738
0.03525,-0.706792671,0.70687232,1.654166079,-1.651737721,-0.945982618,0.946256191
0.0353,-0.695492005,0.695624687,1.584438787,-1.582015793,-0.887567287,0.887770601
0.03535,-0.689713544,0.689898903,1.528585121,-1.526167477,-0.837501208,0.837638942
0.0354,-0.690627847,0.690865847,1.486431024,-1.48401872,-0.794439965,0.794516085
0.03545,-0.698915768,0.699206731,1.457710476,-1.455303499,-0.757436835,0.75745464
0.0355,-0.714793975,0.715138626,1.442110272,-1.439708611,-0.72596205,0.725924231
0.03555,-0.738130829,0.738530334,1.439311902,-1.436915545,-0.699828792,0.699737491
0.0356,-0.768616341,0.76907235,1.449019009,-1.446627944,-0.679050697,0.678907565
0.03565,-0.805940384,0.806455064,1.470964764,-1.46857898,-0.663671021,0.663477276
0.0357,-0.84993677,0.850512842,1.504900291,-1.502519776,-0.653606983,0.653363471
0.03575,-0.900665007,0.901305774,1.550570824,-1.548195566,-0.64854418,0.648251428
0.0358,-0.958421142,0.959130511,1.607689028,-1.605319016,-0.647899059,0.647557331
0.03585,-1.023687957,1.024470463,1.675914378,-1.6735496,-0.650848106,0.650457451
0.0359,-1.097047695,1.097908514,1.754844312,-1.752484756,-0.656406278,0.655966582
0.03595,-1.17908492,1.180029885,1.84401845,-1.841664106,-0.663528361,0.663039391
0.036,-1.270303566,1.271339178,1.942933098,-1.940583953,-0.671206427,0.670667879
0.03605,-1.371073288,1.372206724,2.051060777,-2.04871682,-0.678543021,0.677954563
0.0361,-1.48160964,1.482848763,2.167869142,-2.165530362,-0.684789891,0.68415121
0.03615,-1.601983623,1.603336983,2.292835,-2.290501385,-0.689352467,0.68866331
0.0362,-1.732150625,1.733627465,2.425451428,-2.423122967,-0.691768046,0.69102826
0.03625,-1.808720776,1.8103001,2.509968566,-2.507645248,-0.693085587,0.692294802
0.0363,-1.84127292,1.842918676,2.511998966,-2.509680779,-0.669175288,0.668336182
0.03635,-1.878265535,1.879978886,2.52100326,-2.518690193,-0.641111391,0.640226265
0.0364,-1.866253056,1.868034997,2.446061015,-2.443793854,-0.58479832,0.58386989
0.03645,-1.7690784,1.770925755,2.275379427,-2.273206878,-0.504707303,0.503740379
0.0365,-1.678972268,1.680881162,2.113617291,-2.111532855,-0.433148563,0.432148384
0.03655,-1.594004704,1.595971499,1.964348608,-1.962346264,-0.368873696,0.367844982
0.0366,-1.513986455,1.516007755,1.827665035,-1.825739241,-0.312231532,0.311178533
0.03665,-1.438931766,1.441004426,1.703597061,-1.70174274,-0.263238537,0.262165072
0.0367,-1.369109398,1.371230536,1.592038395,-1.590250928,-0.221519945,0.220429443
0.03675,-1.305021687,1.307188688,1.492716874,-1.490992089,-0.186301527,0.185197061
0.0368,-1.247337403,1.249547928,1.405195507,-1.403529668,-0.156477761,0.155362082
0.03685,-1.196792856,1.19904485,1.328905664,-1.32729546,-0.130743922,0.129619495
0.0369,-1.154083093,1.156374785,1.263206556,-1.261649092,-0.107764369,0.106633401
0.03695,-1.119766938,1.122096851,1.207458069,-1.205950853,-0.086340327,0.085204806
0.037,-1.094205514,1.096572469,1.161090041,-1.159630973,-0.065540653,0.064402377
0.03705,-1.077544893,1.079948015,1.1236515,-1.122238858,-0.044768417,0.043629034
0.0371,-1.06974238,1.072181098,1.094828482,-1.093460908,-0.023752434,0.022613478
0.03715,-1.070628877,1.073102935,1.074423977,-1.073100463,-0.0024521,0.00134981
0.0372,-1.079972716,1.082482173,1.062322403,-1.061042275,0.018980838,-0.020106313
0.03725,-1.097559348,1.100104582,1.058421018,-1.057183922,0.040469125,-0.041589884
0.0373,-1.123245808,1.125827517,1.062563902,-1.061369783,0.062012529,-0.063127112
0.03735,-1.156975738,1.159594941,1.07450436,-1.073353451,0.083802996,-0.084909872
0.0374,-1.198777289,1.201435326,1.093880132,-1.092772936,0.106231004,-0.107328542
0.03745,-1.248734746,1.251433277,1.120220246,-1.119157521,0.129851909,-0.130938347
0.0375,-1.306949755,1.309690754,1.152973839,-1.151956581,0.155318334,-0.156391755
0.03755,-1.373502927,1.376288684,1.191552006,-1.190581433,0.183299933,-0.184358238
0.0376,-1.448424786,1.451257901,1.235371266,-1.234448806,0.214410865,-0.215451751
0.03765,-1.531680722,1.5345641,1.283888658,-1.283015929,0.24915965,-0.250180584
0.0377,-1.623170119,1.626106966,1.336622202,-1.335800998,0.287927842,-0.288926043
0.03775,-1.722736428,1.725730246,1.393155106,-1.39238738,0.330975889,-0.331948299
0.0378,-1.830183167,1.833237748,1.453126286,-1.452414134,0.378468612,-0.379411883
0.03785,-1.945290825,1.948410246,1.516212386,-1.515558033,0.430510091,-0.43142056
0.0379,-2.067830876,2.07101949,1.58210731,-1.581513093,0.487178143,-0.488051819
0.03795,-2.197574882,2.200837309,1.650504413,-1.649972765,0.548551234,-0.549383779
0.038,-2.334298416,2.33763954,1.721084622,-1.720618056,0.61472428,-0.615510999
0.03805,-2.477780825,2.481205782,1.793511623,-1.793112721,0.685813219,-0.686549044
0.0381,-2.53685154,2.540323044,1.81278913,-1.812460185,0.7322289,-0.732908916
0.03815,-2.493421637,2.496885473,1.749608278,-1.749347505,0.745352968,-0.745975037
0.0382,-2.454333228,2.457789414,1.693587801,-1.693392772,0.762345234,-0.762908211
0.03825,-2.42292582,2.426374372,1.64286973,-1.642738264,0.781650354,-0.782152996
0.0383,-2.346396121,2.349837057,1.538479006,-1.538434262,0.80288895,-0.803329557
0.03835,-2.197420431,2.200853767,1.404472141,-1.404540506,0.79450791,-0.794888108
0.0384,-2.062814619,2.066240372,1.283216991,-1.283388727,0.78106393,-0.781385112
0.03845,-1.941229488,1.944647675,1.177573385,-1.177839724,0.765100278,-0.765363767
0.0385,-1.832980411,1.836391049,1.086616736,-1.086969843,0.747788948,-0.747995933
0.03855,-1.738350144,1.741753249,1.00898038,-1.009413307,0.730779103,-0.730930603
0.0386,-1.657545748,1.660941338,0.942972877,-0.943479522,0.715968932,-0.716065753
0.03865,-1.590651183,1.594039274,0.886784819,-0.887359879,0.70525153,-0.705294229
0.0387,-1.537608417,1.540989024,0.8387146,-0.839353524,0.700270235,-0.700259082
0.03875,-1.498229325,1.501602467,0.797362624,-0.798061568,0.702236332,-0.702171268
0.0388,-1.472231753,1.475597445,0.761750904,-0.762506675,0.711845508,-0.71172611
0.03885,-1.459286798,1.462645057,0.731344197,-0.732154197,0.729304013,-0.729129449
0.0389,-1.459062685,1.462413527,0.705974183,-0.706836355,0.754448342,-0.754217332
0.03895,-1.471253428,1.47459687,0.685692151,-0.686604916,0.786921228,-0.786632003
0.039,-1.495586582,1.49892264,0.670591299,-0.671553497,0.826357079,-0.826007346
0.03905,-1.531811311,1.535140001,0.660643275,-0.66165411,0.872533509,-0.872120417
0.0391,-1.579673627,1.582994965,0.655584933,-0.656643913,0.925459817,-0.924979929
0.03915,-1.638888447,1.64220245,0.654874335,-0.655981221,0.985393036,-0.984842305
0.0392,-1.709117589,1.712424273,0.657715479,-0.658870234,1.052791199,-1.052164949
0.03925,-1.789959683,1.793259064,0.663134846,-0.664337587,1.128226703,-1.127519611
0.0393,-1.880953506,1.8842456,0.670083555,-0.671334504,1.212287479,-1.211493567
0.03935,-1.981592124,1.984876947,0.677537983,-0.678837427,1.305490521,-1.30460314
0.0394,-2.091342662,2.094620231,0.68457774,-0.685925983,1.408223673,-1.407235498
0.03945,-2.209665966,2.212936295,0.690429806,-0.691827124,1.520721155,-1.519624176
0.0395,-2.336031683,2.33929479,0.694478002,-0.695924605,1.643069174,-1.641854693
0.03955,-2.415065573,2.418321473,0.697197965,-0.698694311,1.712797126,-1.711485097
0.0396,-2.412661718,2.415910427,0.673715141,-0.67525856,1.740498542,-1.739123224
0.03965,-2.417401008,2.420642542,0.646018562,-0.647606768,1.772873222,-1.771433621
0.0397,-2.427512426,2.4307468,0.616295396,-0.61792622,1.812715756,-1.8112107
0.03975,-2.353843432,2.357031354,0.558925451,-0.560596316,1.803012972,-1.801441449
0.0398,-2.184691409,2.187785996,0.478662174,-0.48036841,1.707473593,-1.70583876
0.03985,-2.024721881,2.027729552,0.407898862,-0.409635361,1.618305864,-1.616611575
0.0399,-1.877558826,1.880485521,0.345418134,-0.347180301,1.533598025,-1.531847896
0.03995,-1.743289974,1.746141158,0.291442369,-0.293226072,1.453282643,-1.451480047
0.04,-1.621884792,1.624665464,0.245723378,-0.247524908,1.377576958,-1.375725012
0.04005,-1.513127227,1.515841931,0.207529827,-0.209345861,1.306995955,-1.305097514
0.0401,-1.416605856,1.41925869,0.175704109,-0.177531679,1.242285554,-1.240343203
0.04015,-1.33174178,1.334336405,0.14880146,-0.150637915,1.18431138,-1.18232743
0.0402,-1.257850614,1.260390268,0.125283677,-0.127126658,1.133927033,-1.131903514
0.04025,-1.194225983,1.196713485,0.103726173,-0.105573575,1.091850533,-1.089789187
0.0403,-1.140225554,1.142663323,0.082993242,-0.084843182,1.058575088,-1.056477364
0.04035,-1.095339137,1.097729199,0.062344018,-0.064194801,1.034331234,-1.032198283
0.0404,-1.059222527,1.06156653,0.041448817,-0.043298897,1.019104335,-1.016937007
0.04045,-1.031689594,1.033988824,0.020317748,-0.022165686,1.012698075,-1.010496909
0.0405,-1.012661149,1.014916543,-8.20E-04,-9.97E-04,1.014829347,-1.01259457
0.04055,-1.002112356,1.004324517,-0.021740561,0.019954568,1.025201543,-1.022933063
0.0406,-0.999972999,1.002142216,-0.042284331,0.040504415,1.043603258,-1.041300663
0.04065,-1.006066608,1.00819287,-0.062530091,0.060757643,1.069942328,-1.067604884
0.0407,-1.020083624,1.022166632,-0.082810421,0.081046905,1.104240464,-1.101867117
0.04075,-1.041573831,1.043613022,-0.103687532,0.10193452,1.146609766,-1.144199139
0.0408,-1.069975118,1.071969672,-0.125878099,0.124137292,1.197204893,-1.194755288
0.04085,-1.104662248,1.106611109,-0.150153159,0.14842642,1.256171765,-1.253681171
0.0409,-1.145002131,1.146904019,-0.177240503,0.175529877,1.323605221,-1.32107131
0.04095,-1.190401982,1.192255412,-0.207751131,0.206058869,1.399523629,-1.396943764
0.041,-1.240340659,1.242143957,-0.242141518,0.240470103,1.4838625,-1.481233738
0.04105,-1.294379239,1.296130554,-0.280712629,0.279064799,1.576484062,-1.573803159
0.0411,-1.352152582,1.353849905,-0.32363777,0.322016539,1.677196691,-1.674460105
0.04115,-1.413347836,1.414989019,-0.371006516,0.369415194,1.785777332,-1.782981233
0.0412,-1.477677625,1.47926039,-0.422871276,0.421313492,1.901991255,-1.899131528
0.04125,-1.54485514,1.546377102,-0.479285848,0.477765563,2.025605701,-2.022677953
0.0413,-1.614576253,1.616034932,-0.540329853,0.538851378,2.156396424,-2.153395994
0.04135,-1.686510892,1.687903727,-0.606117767,0.604685776,2.294148098,-2.291070064
0.0414,-1.760303294,1.761627658,-0.676794984,0.675414524,2.438650638,-2.435489823
0.04145,-1.780945705,1.782199264,-0.722778881,0.721454851,2.498686595,-2.495479558
0.0415,-1.719122721,1.720307217,-0.735449666,0.734184187,2.456143534,-2.45294358
0.04155,-1.664416075,1.665533895,-0.752036844,0.750831043,2.417949684,-2.414756797
0.0416,-1.555408441,1.556436297,-0.77082888,0.769684338,2.334322592,-2.331136758
0.04165,-1.415299376,1.416210984,-0.760567935,0.759482945,2.177302785,-2.174123987
0.0417,-1.287970628,1.288776236,-0.745222909,0.744195971,2.034668876,-2.031497098
0.04175,-1.176304082,1.177012936,-0.72731354,0.726343194,1.905069266,-1.901904494
0.0418,-1.079444932,1.080065311,-0.707939118,0.707024003,1.788815573,-1.78565779
0.04185,-0.996134696,0.996673957,-0.688645555,0.687784451,1.686194734,-1.683043925
0.0419,-0.924807879,0.925272499,-0.671221396,0.670413267,1.597429445,-1.594285595
0.04195,-0.863776434,0.864172059,-0.65746597,0.656710002,1.522630686,-1.519493779
0.042,-0.811436476,0.811767963,-0.648960522,0.648256163,1.461775552,-1.458645573
0.04205,-0.766450395,0.766721863,-0.646892876,0.646239877,1.414714039,-1.411590973
0.0421,-0.727862789,0.728077671,-0.651972333,0.651370789,1.381199876,-1.378083707
0.04215,-0.69512552,0.695286617,-0.664448105,0.663898497,1.360934013,-1.357824726
0.0422,-0.668030866,0.668140406,-0.684218433,0.683721672,1.353606899,-1.350504479
0.04225,-0.646575081,0.646634779,-0.710996253,0.710553719,1.358927701,-1.355832132
0.0423,-0.630790804,0.63080192,-0.744486527,0.744100108,1.376634046,-1.373545314
0.04235,-0.620591342,0.620554739,-0.784532498,0.784204625,1.406482557,-1.403400647
0.0424,-0.615662452,0.615578655,-0.831201288,0.830934965,1.448226232,-1.445151128
0.04245,-0.615421104,0.615290352,-0.884798549,0.884597379,1.501587849,-1.498519536
0.0425,-0.619041428,0.618863724,-0.94582104,0.945689246,1.566238487,-1.563176951
0.04255,-0.625531481,0.625306646,-1.014869686,1.014812127,1.641787358,-1.638732583
0.0426,-0.633834796,0.633562513,-1.092550973,1.092573163,1.727784737,-1.724736708
0.04265,-0.642929448,0.642609311,-1.179391533,1.179499652,1.82373562,-1.820694324
0.0427,-0.651903408,0.651534964,-1.275782057,1.275982959,1.929118984,-1.926084404
0.04275,-0.659995103,0.6595779,-1.381955841,1.382257066,2.043406894,-2.040379017
0.0428,-0.666598801,0.666132434,-1.497997869,1.498407649,2.166078972,-2.163057781
0.04285,-0.671242632,0.670726781,-1.623874362,1.624401622,2.296629957,-2.293615439
0.0429,-0.674669864,0.674103977,-1.696728009,1.697353282,2.37953777,-2.37652991
0.04295,-0.652199354,0.651586003,-1.726819873,1.727509385,2.380546254,-2.377545037
0.043,-0.625537354,0.62487873,-1.761484502,1.76223933,2.38862294,-2.385628352
0.04305,-0.570162494,0.569461198,-1.747445643,1.748266695,2.312592003,-2.309642632
0.0431,-0.490209009,0.489469812,-1.648595411,1.649479445,2.14037325,-2.137514895
0.04315,-0.41896454,0.418192646,-1.556712242,1.557655314,1.977149199,-1.974375312
0.0432,-0.355256321,0.354456398,-1.469817421,1.470815821,1.826520719,-1.823825235
0.04325,-0.299485039,0.298661275,-1.387693055,1.388743312,1.688602673,-1.685980009
0.0433,-0.251683374,0.250839516,-1.310352512,1.311451406,1.563440884,-1.560885925
0.04335,-0.21145025,0.210589642,-1.238093868,1.239238438,1.450932053,-1.448440146
0.0434,-0.177946299,0.177071919,-1.171473795,1.172661347,1.350793209,-1.348360152
0.04345,-0.149976376,0.149090868,-1.111228659,1.112456775,1.262565323,-1.260187355
0.0435,-0.126143516,0.125249226,-1.058160216,1.059426756,1.185652963,-1.183326752
0.04355,-0.105041011,0.104140016,-1.013011914,1.014315024,1.119392665,-1.1171153
0.0436,-0.085439255,0.084533398,-0.976363692,0.977701813,1.06313459,-1.060903569
0.04365,-0.066425139,0.065516064,-0.948567764,0.949939632,1.016317692,-1.014130908
0.0437,-0.047463963,0.046553154,-0.929736691,0.931141343,0.97851971,-0.976375441
0.04375,-0.028373947,0.027462764,-0.919781546,0.921218331,0.949469847,-0.947366741
0.0438,-0.00922563,0.008315348,-0.918485827,0.919954404,0.929022075,-0.926959134
0.04385,0.009837139,-0.010718011,-0.925600115,0.927100462,0.917090256,-0.915066822
0.0439,0.028606056,-0.029483625,-0.940892691,0.942425107,0.913606125,-0.911621864
0.04395,0.047153705,-0.048026713,-0.964244254,0.965809359,0.918409156,-0.916464039
0.044,0.065736968,-0.066604092,-0.99564191,0.99724065,0.931223604,-0.929317895
0.04405,0.084840835,-0.085700655,-1.035164297,1.036797939,0.951643254,-0.949777492
0.0441,0.105119487,-0.105970459,-1.082944053,1.084614188,0.979146655,-0.97732164
0.04415,0.127307005,-0.128147436,-1.139119336,1.140827872,1.013137996,-1.01135477
0.0442,0.152121754,-0.152949772,-1.203789981,1.205539144,1.052998882,-1.051258716
0.04425,0.180188065,-0.181001599,-1.276988005,1.278780335,1.098137148,-1.096441527
0.0443,0.211990205,-0.212786955,-1.358666406,1.360504752,1.148021696,-1.146372301
0.04435,0.247862693,-0.248640112,-1.448704682,1.450592198,1.202197692,-1.200596383
0.0444,0.288011364,-0.288766632,-1.546925722,1.548865862,1.260282392,-1.258731196
0.04445,0.332553383,-0.333283387,-1.653117285,1.655113797,1.321946612,-1.3204477
0.0445,0.381562661,-0.382263973,-1.767051997,1.769108919,1.386889302,-1.38544498
0.04455,0.435109152,-0.435778015,-1.88850186,1.890623509,1.454812757,-1.453425444
0.0446,0.49328491,-0.493917214,-2.017245755,2.019436724,1.525404069,-1.524076285
0.04465,0.556214703,-0.556805981,-2.153070582,2.155335728,1.598325638,-1.597059988
0.0447,0.624053168,-0.624598575,-2.295767973,2.298112412,1.673214742,-1.6720139
0.04475,0.6969729,-0.69746721,-2.445128959,2.447558053,1.749690103,-1.7485568
0.0448,0.744864921,-0.745303048,-2.509734496,2.512211659,1.773027033,-1.771963702
0.04485,0.758552252,-0.75893199,-2.471287921,2.473759613,1.714267477,-1.713272493
0.0449,0.776361299,-0.776681438,-2.43716849,2.439634722,1.66240038,-1.661471471
0.04495,0.796441426,-0.796700296,-2.357915731,2.360376517,1.556444294,-1.555604838
0.045,0.787357197,-0.787556439,-2.205970473,2.208425824,1.420170295,-1.419446834
0.04505,0.773372,-0.77351303,-2.068442935,2.070892863,1.296533972,-1.295916564
0.0451,0.7570061,-0.757090275,-1.943972375,1.946416893,1.188406601,-1.187886285
0.04515,0.739377848,-0.739406406,-1.832861053,1.835300172,1.094904106,-1.094472866
0.0452,0.722061568,-0.722035585,-1.735381809,1.737815541,1.014724738,-1.01437546
0.04525,0.706872321,-0.706792671,-1.651737722,1.654166079,0.946256191,-0.945982618
0.0453,0.695624687,-0.695492006,-1.582015793,1.584438788,0.887770601,-0.887567287
0.04535,0.689898903,-0.689713545,-1.526167478,1.528585121,0.837638943,-0.837501208
0.0454,0.690865847,-0.690627848,-1.484018721,1.486431025,0.794516085,-0.794439966
0.04545,0.699206732,-0.698915769,-1.4553035,1.457710476,0.75745464,-0.757436836
0.0455,0.715138627,-0.714793976,-1.439708611,1.442110272,0.725924231,-0.72596205
0.04555,0.738530334,-0.738130829,-1.436915545,1.439311902,0.699737492,-0.699828792
0.0456,0.76907235,-0.768616341,-1.446627945,1.44901901,0.678907565,-0.679050697
0.04565,0.806455064,-0.805940384,-1.468578981,1.470964765,0.663477276,-0.663671021
0.0457,0.850512843,-0.849936771,-1.502519776,1.504900292,0.653363471,-0.653606983
0.04575,0.901305774,-0.900665008,-1.548195566,1.550570824,0.648251429,-0.64854418
0.0458,0.959130512,-0.958421142,-1.605319016,1.607689029,0.647557331,-0.647899059
0.04585,1.024470464,-1.023687958,-1.6735496,1.675914379,0.650457451,-0.650848106
0.0459,1.097908514,-1.097047695,-1.752484757,1.754844313,0.655966582,-0.656406278
0.04595,1.180029885,-1.17908492,-1.841664106,1.844018451,0.663039391,-0.663528361
0.046,1.271339179,-1.270303567,-1.940583954,1.942933099,0.670667879,-0.671206427
0.04605,1.372206725,-1.371073288,-2.04871682,2.051060777,0.677954564,-0.678543021
0.0461,1.482848763,-1.481609641,-2.165530363,2.167869143,0.68415121,-0.684789891
0.04615,1.603336984,-1.601983624,-2.290501385,2.292835,0.68866331,-0.689352467
0.0462,1.733627466,-1.732150625,-2.423122968,2.425451429,0.691028261,-0.691768046
0.04625,1.8103001,-1.808720777,-2.507645248,2.509968567,0.692294802,-0.693085587
0.0463,1.842918677,-1.841272921,-2.509680779,2.511998966,0.668336182,-0.669175288
0.04635,1.879978886,-1.878265535,-2.518690194,2.52100326,0.640226265,-0.641111391
0.0464,1.868034997,-1.866253057,-2.443793855,2.446061016,0.583869891,-0.58479832
0.04645,1.770925756,-1.769078401,-2.273206879,2.275379428,0.503740379,-0.504707304
0.0465,1.680881162,-1.678972268,-2.111532855,2.113617291,0.432148384,-0.433148563
0.04655,1.595971499,-1.594004704,-1.962346265,1.964348608,0.367844982,-0.368873696
0.0466,1.516007756,-1.513986456,-1.825739242,1.827665036,0.311178533,-0.312231532
0.04665,1.441004427,-1.438931767,-1.701742741,1.703597062,0.262165072,-0.263238537
0.0467,1.371230537,-1.369109399,-1.590250929,1.592038395,0.220429444,-0.221519945
0.04675,1.307188688,-1.305021688,-1.49099209,1.492716875,0.185197061,-0.186301527
0.0468,1.249547929,-1.247337403,-1.403529668,1.405195508,0.155362082,-0.156477761
0.04685,1.199044851,-1.196792857,-1.327295461,1.328905665,0.129619495,-0.130743922
0.0469,1.156374786,-1.154083093,-1.261649092,1.263206557,0.106633401,-0.107764369
0.04695,1.122096852,-1.119766938,-1.205950854,1.20745807,0.085204806,-0.086340327
0.047,1.09657247,-1.094205514,-1.159630973,1.161090041,0.064402377,-0.065540653
0.04705,1.079948015,-1.077544894,-1.122238859,1.123651501,0.043629034,-0.044768417
0.0471,1.072181099,-1.069742381,-1.093460909,1.094828483,0.022613478,-0.023752434
0.04715,1.073102936,-1.070628877,-1.073100464,1.074423977,0.00134981,-0.0024521
0.0472,1.082482174,-1.079972717,-1.061042276,1.062322403,-0.020106313,0.018980838
0.04725,1.100104582,-1.097559349,-1.057183922,1.058421019,-0.041589885,0.040469125
0.0473,1.125827518,-1.123245809,-1.061369783,1.062563902,-0.063127112,0.062012529
0.04735,1.159594942,-1.156975739,-1.073353451,1.07450436,-0.084909872,0.083802996
0.0474,1.201435326,-1.198777289,-1.092772937,1.093880133,-0.107328542,0.106231004
0.04745,1.251433277,-1.248734747,-1.119157522,1.120220247,-0.130938347,0.129851909
0.0475,1.309690755,-1.306949756,-1.151956582,1.15297384,-0.156391755,0.155318335
0.04755,1.376288685,-1.373502927,-1.190581434,1.191552007,-0.184358238,0.183299933
0.0476,1.451257902,-1.448424787,-1.234448806,1.235371266,-0.215451751,0.214410865
0.04765,1.5345641,-1.531680723,-1.28301593,1.283888659,-0.250180584,0.24915965
0.0477,1.626106967,-1.62317012,-1.335800998,1.336622203,-0.288926043,0.287927842
0.04775,1.725730247,-1.722736429,-1.39238738,1.393155107,-0.331948299,0.330975889
0.0478,1.833237749,-1.830183167,-1.452414135,1.453126286,-0.379411883,0.378468612
0.04785,1.948410246,-1.945290825,-1.515558034,1.516212386,-0.43142056,0.430510092
0.0479,2.07101949,-2.067830877,-1.581513094,1.582107311,-0.488051819,0.487178144
0.04795,2.20083731,-2.197574883,-1.649972765,1.650504414,-0.549383779,0.548551234
0.048,2.337639541,-2.334298417,-1.720618056,1.721084622,-0.615510999,0.61472428
0.04805,2.481205783,-2.477780826,-1.793112722,1.793511623,-0.686549044,0.685813219
0.0481,2.540323044,-2.536851541,-1.812460186,1.812789131,-0.732908917,0.7322289
0.04815,2.496885474,-2.493421638,-1.749347505,1.749608278,-0.745975038,0.745352968
0.0482,2.457789415,-2.454333229,-1.693392772,1.693587802,-0.762908211,0.762345234
0.04825,2.426374373,-2.42292582,-1.642738265,1.642869731,-0.782152996,0.781650355
0.0483,2.349837058,-2.346396122,-1.538434263,1.538479006,-0.803329557,0.802888951
0.04835,2.200853768,-2.197420432,-1.404540507,1.404472142,-0.794888108,0.794507911
0.0484,2.066240373,-2.06281462,-1.283388728,1.283216991,-0.781385113,0.78106393
0.04845,1.944647676,-1.941229488,-1.177839725,1.177573385,-0.765363767,0.765100279
0.0485,1.83639105,-1.832980412,-1.086969843,1.086616736,-0.747995934,0.747788948
0.04855,1.74175325,-1.738350145,-1.009413308,1.00898038,-0.730930603,0.730779103
0.0486,1.660941338,-1.657545749,-0.943479523,0.942972878,-0.716065754,0.715968933
0.04865,1.594039274,-1.590651184,-0.887359879,0.88678482,-0.705294229,0.70525153
0.0487,1.540989025,-1.537608418,-0.839353525,0.8387146,-0.700259082,0.700270236
0.04875,1.501602468,-1.498229326,-0.798061568,0.797362624,-0.702171269,0.702236332
0.0488,1.475597445,-1.472231754,-0.762506675,0.761750904,-0.711726111,0.711845509
0.04885,1.462645058,-1.459286799,-0.732154197,0.731344197,-0.729129449,0.729304013
0.0489,1.462413528,-1.459062686,-0.706836356,0.705974184,-0.754217332,0.754448342
0.04895,1.47459687,-1.471253429,-0.686604916,0.685692151,-0.786632004,0.786921228
0.049,1.49892264,-1.495586583,-0.671553498,0.670591299,-0.826007347,0.82635708
0.04905,1.535140002,-1.531811312,-0.66165411,0.660643275,-0.872120418,0.87253351
0.0491,1.582994966,-1.579673628,-0.656643913,0.655584934,-0.92497993,0.925459818
0.04915,1.64220245,-1.638888447,-0.655981221,0.654874335,-0.984842305,0.985393037
0.0492,1.712424273,-1.709117589,-0.658870234,0.65771548,-1.052164949,1.0527912
0.04925,1.793259065,-1.789959684,-0.664337587,0.663134847,-1.127519612,1.128226703
0.0493,1.884245601,-1.880953507,-0.671334505,0.670083555,-1.211493568,1.21228748
0.04935,1.984876948,-1.981592125,-0.678837428,0.677537983,-1.304603141,1.305490521
0.0494,2.094620232,-2.091342663,-0.685925983,0.68457774,-1.407235498,1.408223673
0.04945,2.212936296,-2.209665966,-0.691827124,0.690429806,-1.519624176,1.520721156
0.0495,2.339294791,-2.336031684,-0.695924605,0.694478002,-1.641854694,1.643069174
0.04955,2.418321474,-2.415065574,-0.698694312,0.697197965,-1.711485097,1.712797126
0.0496,2.415910428,-2.412661719,-0.67525856,0.673715141,-1.739123224,1.740498543
0.04965,2.420642543,-2.417401009,-0.647606768,0.646018563,-1.771433622,1.772873223
0.0497,2.430746801,-2.427512426,-0.61792622,0.616295396,-1.811210701,1.812715757
0.04975,2.357031355,-2.353843432,-0.560596316,0.558925451,-1.80144145,1.803012973
0.0498,2.187785997,-2.18469141,-0.48036841,0.478662174,-1.705838761,1.707473594
0.04985,2.027729552,-2.024721881,-0.409635361,0.407898863,-1.616611576,1.618305864
0.0499,1.880485522,-1.877558827,-0.347180301,0.345418134,-1.531847897,1.533598025
0.04995,1.746141158,-1.743289974,-0.293226073,0.291442369,-1.451480047,1.453282643
0.05,1.624665465,-1.621884793,-0.247524908,0.245723378,-1.375725012,1.377576959
0.05005,1.515841932,-1.513127227,-0.209345861,0.207529827,-1.305097514,1.306995956
0.0501,1.41925869,-1.416605857,-0.177531679,0.175704109,-1.240343204,1.242285555
0.05015,1.334336406,-1.331741781,-0.150637915,0.14880146,-1.182327431,1.18431138
0.0502,1.260390268,-1.257850615,-0.127126658,0.125283677,-1.131903515,1.133927033
0.05025,1.196713486,-1.194225984,-0.105573575,0.103726173,-1.089789188,1.091850534
0.0503,1.142663323,-1.140225555,-0.084843182,0.082993242,-1.056477365,1.058575089
0.05035,1.097729199,-1.095339138,-0.064194801,0.062344018,-1.032198284,1.034331234
0.0504,1.061566531,-1.059222527,-0.043298897,0.041448817,-1.016937008,1.019104336
0.05045,1.033988825,-1.031689595,-0.022165686,0.020317748,-1.01049691,1.012698075
0.0505,1.014916543,-1.01266115,-9.97E-04,-8.20E-04,-1.01259457,1.014829348
0.05055,1.004324518,-1.002112356,0.019954568,-0.021740561,-1.022933064,1.025201544
0.0506,1.002142217,-0.999972999,0.040504415,-0.042284331,-1.041300664,1.043603259
0.05065,1.00819287,-1.006066609,0.060757643,-0.062530091,-1.067604885,1.069942328
0.0507,1.022166633,-1.020083624,0.081046905,-0.082810421,-1.101867118,1.104240465
0.05075,1.043613022,-1.041573832,0.10193452,-0.103687532,-1.144199139,1.146609767
0.0508,1.071969672,-1.069975119,0.124137292,-0.125878099,-1.194755289,1.197204893
0.05085,1.106611109,-1.104662249,0.14842642,-0.150153159,-1.253681171,1.256171766
0.0509,1.14690402,-1.145002132,0.175529877,-0.177240504,-1.321071311,1.323605222
0.05095,1.192255413,-1.190401982,0.206058869,-0.207751131,-1.396943765,1.39952363
0.051,1.242143957,-1.24034066,0.240470103,-0.242141518,-1.481233738,1.4838625
0.05105,1.296130554,-1.294379239,0.279064799,-0.280712629,-1.573803159,1.576484063
0.0511,1.353849906,-1.352152582,0.322016539,-0.32363777,-1.674460106,1.677196691
0.05115,1.414989019,-1.413347837,0.369415194,-0.371006516,-1.782981234,1.785777332
0.0512,1.479260391,-1.477677625,0.421313492,-0.422871276,-1.899131529,1.901991256
0.05125,1.546377103,-1.54485514,0.477765563,-0.479285848,-2.022677954,2.025605701
0.0513,1.616034933,-1.614576254,0.538851378,-0.540329853,-2.153395994,2.156396424
0.05135,1.687903727,-1.686510892,0.604685776,-0.606117768,-2.291070064,2.294148099
0.0514,1.761627659,-1.760303294,0.675414524,-0.676794984,-2.435489823,2.438650638
0.05145,1.782199264,-1.780945706,0.721454851,-0.722778881,-2.495479559,2.498686596
0.0515,1.720307217,-1.719122722,0.734184187,-0.735449666,-2.45294358,2.456143534
0.05155,1.665533895,-1.664416076,0.750831043,-0.752036844,-2.414756798,2.417949684
0.0516,1.556436297,-1.555408442,0.769684338,-0.77082888,-2.331136758,2.334322593
0.05165,1.416210984,-1.415299376,0.759482945,-0.760567935,-2.174123988,2.177302786
0.0517,1.288776236,-1.287970628,0.744195971,-0.745222909,-2.031497099,2.034668876
0.05175,1.177012936,-1.176304083,0.726343194,-0.72731354,-1.901904494,1.905069267
0.0518,1.080065311,-1.079444933,0.707024003,-0.707939118,-1.785657791,1.788815574
0.05185,0.996673957,-0.996134696,0.687784452,-0.688645556,-1.683043926,1.686194735
0.0519,0.925272499,-0.924807879,0.670413267,-0.671221396,-1.594285596,1.597429446
0.05195,0.864172059,-0.863776434,0.656710002,-0.65746597,-1.519493779,1.522630686
0.052,0.811767963,-0.811436476,0.648256164,-0.648960523,-1.458645573,1.461775552
0.05205,0.766721864,-0.766450395,0.646239877,-0.646892876,-1.411590973,1.41471404
0.0521,0.728077671,-0.727862789,0.651370789,-0.651972333,-1.378083707,1.381199876
0.05215,0.695286617,-0.69512552,0.663898497,-0.664448105,-1.357824726,1.360934013
0.0522,0.668140406,-0.668030866,0.683721673,-0.684218433,-1.350504479,1.353606899
0.05225,0.646634779,-0.646575082,0.71055372,-0.710996253,-1.355832133,1.358927701
0.0523,0.63080192,-0.630790804,0.744100109,-0.744486527,-1.373545314,1.376634046
0.05235,0.620554739,-0.620591342,0.784204625,-0.784532498,-1.403400647,1.406482557
0.0524,0.615578655,-0.615662452,0.830934966,-0.831201288,-1.445151129,1.448226233
0.05245,0.615290352,-0.615421105,0.88459738,-0.884798549,-1.498519536,1.501587849
0.0525,0.618863725,-0.619041428,0.945689246,-0.945821041,-1.563176952,1.566238488
0.05255,0.625306647,-0.625531481,1.014812127,-1.014869687,-1.638732584,1.641787358
0.0526,0.633562514,-0.633834796,1.092573163,-1.092550973,-1.724736709,1.727784737
0.05265,0.642609311,-0.642929448,1.179499652,-1.179391534,-1.820694324,1.823735621
0.0527,0.651534964,-0.651903408,1.275982959,-1.275782057,-1.926084404,1.929118984
0.05275,0.6595779,-0.659995103,1.382257067,-1.381955841,-2.040379017,2.043406895
0.0528,0.666132434,-0.666598801,1.498407649,-1.49799787,-2.163057781,2.166078972
0.05285,0.670726781,-0.671242632,1.624401622,-1.623874362,-2.29361544,2.296629957
0.0529,0.674103977,-0.674669864,1.697353282,-1.696728009,-2.37652991,2.37953777
0.05295,0.651586003,-0.652199354,1.727509385,-1.726819873,-2.377545038,2.380546254
0.053,0.62487873,-0.625537354,1.76223933,-1.761484502,-2.385628352,2.38862294
0.05305,0.569461198,-0.570162494,1.748266695,-1.747445643,-2.309642632,2.312592004
0.0531,0.489469812,-0.490209009,1.649479445,-1.648595412,-2.137514895,2.14037325
0.05315,0.418192646,-0.41896454,1.557655314,-1.556712243,-1.974375312,1.977149199
0.0532,0.354456398,-0.355256321,1.470815821,-1.469817422,-1.823825235,1.826520719
0.05325,0.298661275,-0.299485039,1.388743312,-1.387693055,-1.685980009,1.688602673
0.0533,0.250839516,-0.251683374,1.311451406,-1.310352513,-1.560885926,1.563440884
0.05335,0.210589642,-0.21145025,1.239238438,-1.238093868,-1.448440146,1.450932053
0.0534,0.17707192,-0.177946299,1.172661347,-1.171473795,-1.348360152,1.350793209
0.05345,0.149090868,-0.149976376,1.112456775,-1.111228659,-1.260187355,1.262565323
0.0535,0.125249226,-0.126143516,1.059426756,-1.058160217,-1.183326752,1.185652963
0.05355,0.104140016,-0.105041011,1.014315024,-1.013011914,-1.1171153,1.119392665
0.0536,0.084533398,-0.085439255,0.977701814,-0.976363692,-1.060903569,1.06313459
0.05365,0.065516064,-0.066425139,0.949939632,-0.948567765,-1.014130908,1.016317692
0.0537,0.046553154,-0.047463963,0.931141343,-0.929736691,-0.976375441,0.97851971
0.05375,0.027462764,-0.028373947,0.921218331,-0.919781546,-0.947366741,0.949469847
0.0538,0.008315348,-0.00922563,0.919954405,-0.918485827,-0.926959135,0.929022075
0.05385,-0.010718011,0.009837139,0.927100462,-0.925600115,-0.915066822,0.917090256
0.0539,-0.029483625,0.028606056,0.942425107,-0.940892691,-0.911621864,0.913606125
0.05395,-0.048026713,0.047153705,0.965809359,-0.964244254,-0.916464039,0.918409156
0.054,-0.066604092,0.065736968,0.99724065,-0.99564191,-0.929317895,0.931223604
0.05405,-0.085700655,0.084840835,1.036797939,-1.035164297,-0.949777492,0.951643254
0.0541,-0.105970459,0.105119487,1.084614188,-1.082944053,-0.97732164,0.979146655
0.05415,-0.128147436,0.127307005,1.140827872,-1.139119336,-1.01135477,1.013137996
0.0542,-0.152949772,0.152121754,1.205539144,-1.203789981,-1.051258716,1.052998882
0.05425,-0.181001599,0.180188065,1.278780335,-1.276988005,-1.096441527,1.098137148
0.0543,-0.212786955,0.211990205,1.360504752,-1.358666406,-1.146372301,1.148021696
0.05435,-0.248640112,0.247862693,1.450592198,-1.448704682,-1.200596383,1.202197692
0.0544,-0.288766632,0.288011363,1.548865862,-1.546925722,-1.258731196,1.260282392
0.05445,-0.333283387,0.332553383,1.655113797,-1.653117285,-1.3204477,1.321946612
0.0545,-0.382263973,0.38156266,1.769108919,-1.767051997,-1.38544498,1.386889302
0.05455,-0.435778015,0.435109152,1.890623509,-1.888501859,-1.453425444,1.454812757
0.0546,-0.493917214,0.493284909,2.019436723,-2.017245755,-1.524076285,1.525404069
0.05465,-0.556805981,0.556214703,2.155335728,-2.153070582,-1.597059988,1.598325638
0.0547,-0.624598575,0.624053167,2.298112411,-2.295767973,-1.6720139,1.673214742
0.05475,-0.69746721,0.6969729,2.447558053,-2.445128958,-1.7485568,1.749690102
0.0548,-0.745303048,0.744864921,2.512211659,-2.509734496,-1.771963702,1.773027033
0.05485,-0.75893199,0.758552251,2.473759613,-2.471287921,-1.713272492,1.714267477
0.0549,-0.776681438,0.776361299,2.439634722,-2.437168489,-1.66147147,1.66240038
0.05495,-0.796700295,0.796441426,2.360376517,-2.357915731,-1.555604838,1.556444294
0.055,-0.787556439,0.787357197,2.208425824,-2.205970473,-1.419446834,1.420170295
0.05505,-0.77351303,0.773372,2.070892863,-2.068442935,-1.295916564,1.296533972
0.0551,-0.757090275,0.7570061,1.946416893,-1.943972375,-1.187886284,1.1884066
0.05515,-0.739406405,0.739377847,1.835300172,-1.832861053,-1.094472866,1.094904106
0.0552,-0.722035584,0.722061567,1.737815541,-1.735381809,-1.01437546,1.014724738
0.05525,-0.706792671,0.70687232,1.654166079,-1.651737721,-0.945982618,0.946256191
0.0553,-0.695492005,0.695624687,1.584438787,-1.582015793,-0.887567287,0.887770601
0.05535,-0.689713544,0.689898903,1.528585121,-1.526167477,-0.837501208,0.837638942
0.0554,-0.690627847,0.690865847,1.486431024,-1.48401872,-0.794439965,0.794516085
0.05545,-0.698915768,0.699206731,1.457710476,-1.455303499,-0.757436835,0.75745464
0.0555,-0.714793975,0.715138626,1.442110272,-1.439708611,-0.72596205,0.725924231
0.05555,-0.738130829,0.738530334,1.439311902,-1.436915545,-0.699828792,0.699737491
0.0556,-0.768616341,0.76907235,1.449019009,-1.446627944,-0.679050697,0.678907565
0.05565,-0.805940384,0.806455064,1.470964764,-1.46857898,-0.663671021,0.663477276
0.0557,-0.84993677,0.850512842,1.504900291,-1.502519776,-0.653606983,0.653363471
0.05575,-0.900665007,0.901305774,1.550570824,-1.548195566,-0.64854418,0.648251428
0.0558,-0.958421142,0.959130511,1.607689028,-1.605319016,-0.647899059,0.647557331
0.05585,-1.023687957,1.024470463,1.675914378,-1.6735496,-0.650848106,0.650457451
0.0559,-1.097047695,1.097908514,1.754844312,-1.752484756,-0.656406278,0.655966582
0.05595,-1.17908492,1.180029885,1.84401845,-1.841664106,-0.663528361,0.663039391
0.056,-1.270303566,1.271339178,1.942933098,-1.940583953,-0.671206427,0.670667879
0.05605,-1.371073288,1.372206724,2.051060777,-2.04871682,-0.678543021,0.677954563
0.0561,-1.48160964,1.482848763,2.167869142,-2.165530362,-0.684789891,0.68415121
0.05615,-1.601983623,1.603336983,2.292835,-2.290501385,-0.689352467,0.68866331
0.0562,-1.732150625,1.733627465,2.425451428,-2.423122967,-0.691768046,0.69102826
0.05625,-1.808720776,1.8103001,2.509968566,-2.507645248,-0.693085587,0.692294802
0.0563,-1.84127292,1.842918676,2.511998966,-2.509680779,-0.669175288,0.668336182
0.05635,-1.878265535,1.879978886,2.52100326,-2.518690193,-0.641111391,0.640226265
0.0564,-1.866253056,1.868034997,2.446061015,-2.443793854,-0.58479832,0.58386989
0.05645,-1.7690784,1.770925755,2.275379427,-2.273206878,-0.504707303,0.503740379
0.0565,-1.678972268,1.680881162,2.113617291,-2.111532855,-0.433148563,0.432148384
0.05655,-1.594004704,1.595971499,1.964348608,-1.962346264,-0.368873696,0.367844982
0.0566,-1.513986455,1.516007755,1.827665035,-1.825739241,-0.312231532,0.311178533
0.05665,-1.438931766,1.441004426,1.703597061,-1.70174274,-0.263238537,0.262165072
0.0567,-1.369109398,1.371230536,1.592038395,-1.590250928,-0.221519945,0.220429443
0.05675,-1.305021687,1.307188688,1.492716874,-1.490992089,-0.186301527,0.185197061
0.0568,-1.247337403,1.249547928,1.405195507,-1.403529668,-0.156477761,0.155362082
0.05685,-1.196792856,1.19904485,1.328905664,-1.32729546,-0.130743922,0.129619495
0.0569,-1.154083093,1.156374785,1.263206556,-1.261649092,-0.107764369,0.106633401
0.05695,-1.119766938,1.122096851,1.207458069,-1.205950853,-0.086340327,0.085204806
0.057,-1.094205514,1.096572469,1.161090041,-1.159630973,-0.065540653,0.064402377
0.05705,-1.077544893,1.079948015,1.1236515,-1.122238858,-0.044768417,0.043629034
0.0571,-1.06974238,1.072181098,1.094828482,-1.093460908,-0.023752434,0.022613478
0.05715,-1.070628877,1.073102935,1.074423977,-1.073100463,-0.0024521,0.00134981
0.0572,-1.079972716,1.082482173,1.062322403,-1.061042275,0.018980838,-0.020106313
0.05725,-1.097559348,1.100104582,1.058421018,-1.057183922,0.040469125,-0.041589884
0.0573,-1.123245808,1.125827517,1.062563902,-1.061369783,0.062012529,-0.063127112
0.05735,-1.156975738,1.159594941,1.07450436,-1.073353451,0.083802996,-0.084909872
0.0574,-1.198777289,1.201435326,1.093880132,-1.092772936,0.106231004,-0.107328542
0.05745,-1.248734746,1.251433277,1.120220246,-1.119157521,0.129851909,-0.130938347
0.0575,-1.306949755,1.309690754,1.152973839,-1.151956581,0.155318334,-0.156391755
0.05755,-1.373502927,1.376288684,1.191552006,-1.190581433,0.183299933,-0.184358238
0.0576,-1.448424786,1.451257901,1.235371266,-1.234448806,0.214410865,-0.215451751
0.05765,-1.531680722,1.5345641,1.283888658,-1.283015929,0.24915965,-0.250180584
0.0577,-1.623170119,1.626106966,1.336622202,-1.335800998,0.287927842,-0.288926043
0.05775,-1.722736428,1.725730246,1.393155106,-1.39238738,0.330975889,-0.331948299
0.0578,-1.830183167,1.833237748,1.453126286,-1.452414134,0.378468612,-0.379411883
0.05785,-1.945290825,1.948410246,1.516212386,-1.515558033,0.430510091,-0.43142056
0.0579,-2.067830876,2.07101949,1.58210731,-1.581513093,0.487178143,-0.488051819
0.05795,-2.197574882,2.200837309,1.650504413,-1.649972765,0.548551234,-0.549383779
0.058,-2.334298416,2.33763954,1.721084622,-1.720618056,0.61472428,-0.615510999
0.05805,-2.477780825,2.481205782,1.793511623,-1.793112721,0.685813219,-0.686549044
0.0581,-2.53685154,2.540323044,1.81278913,-1.812460185,0.7322289,-0.732908916
0.05815,-2.493421637,2.496885473,1.749608278,-1.749347505,0.745352968,-0.745975037
0.0582,-2.454333228,2.457789414,1.693587801,-1.693392772,0.762345234,-0.762908211
0.05825,-2.42292582,2.426374372,1.64286973,-1.642738264,0.781650354,-0.782152996
0.0583,-2.346396121,2.349837057,1.538479006,-1.538434262,0.80288895,-0.803329557
0.05835,-2.197420431,2.200853767,1.404472141,-1.404540506,0.79450791,-0.794888108
0.0584,-2.062814619,2.066240372,1.283216991,-1.283388727,0.78106393,-0.781385112
0.05845,-1.941229488,1.944647675,1.177573385,-1.177839724,0.765100278,-0.765363767
0.0585,-1.832980411,1.836391049,1.086616736,-1.086969843,0.747788948,-0.747995933
0.05855,-1.738350144,1.741753249,1.00898038,-1.009413307,0.730779103,-0.730930603
0.0586,-1.657545748,1.660941338,0.942972877,-0.943479522,0.715968932,-0.716065753
0.05865,-1.590651183,1.594039274,0.886784819,-0.887359879,0.70525153,-0.705294229
0.0587,-1.537608417,1.540989024,0.8387146,-0.839353524,0.700270235,-0.700259082
0.05875,-1.498229325,1.501602467,0.797362624,-0.798061568,0.702236332,-0.702171268
0.0588,-1.472231753,1.475597445,0.761750904,-0.762506675,0.711845508,-0.71172611
0.05885,-1.459286798,1.462645057,0.731344197,-0.732154197,0.729304013,-0.729129449
0.0589,-1.459062685,1.462413527,0.705974183,-0.706836355,0.754448342,-0.754217332
0.05895,-1.471253428,1.47459687,0.685692151,-0.686604916,0.786921228,-0.786632003
0.059,-1.495586582,1.49892264,0.670591299,-0.671553497,0.826357079,-0.826007346
0.05905,-1.531811311,1.535140001,0.660643275,-0.66165411,0.872533509,-0.872120417
0.0591,-1.579673627,1.582994965,0.655584933,-0.656643913,0.925459817,-0.924979929
0.05915,-1.638888447,1.64220245,0.654874335,-0.655981221,0.985393036,-0.984842305
0.0592,-1.709117589,1.712424273,0.657715479,-0.658870234,1.052791199,-1.052164949
0.05925,-1.789959683,1.793259064,0.663134846,-0.664337587,1.128226703,-1.127519611
0.0593,-1.880953506,1.8842456,0.670083555,-0.671334504,1.212287479,-1.211493567
0.05935,-1.981592124,1.984876947,0.677537983,-0.678837427,1.305490521,-1.30460314
0.0594,-2.091342662,2.094620231,0.68457774,-0.685925983,1.408223673,-1.407235498
0.05945,-2.209665966,2.212936295,0.690429806,-0.691827124,1.520721155,-1.519624176
0.0595,-2.336031683,2.33929479,0.694478002,-0.695924605,1.643069174,-1.641854693
0.05955,-2.415065573,2.418321473,0.697197965,-0.698694311,1.712797126,-1.711485097
0.0596,-2.412661718,2.415910427,0.673715141,-0.67525856,1.740498542,-1.739123224
0.05965,-2.417401008,2.420642542,0.646018562,-0.647606768,1.772873222,-1.771433621
0.0597,-2.427512426,2.4307468,0.616295396,-0.61792622,1.812715756,-1.8112107
0.05975,-2.353843432,2.357031354,0.558925451,-0.560596316,1.803012972,-1.801441449
0.0598,-2.184691409,2.187785996,0.478662174,-0.48036841,1.707473593,-1.70583876
0.05985,-2.024721881,2.027729552,0.407898862,-0.409635361,1.618305864,-1.616611575
0.0599,-1.877558826,1.880485521,0.345418134,-0.347180301,1.533598025,-1.531847896
0.05995,-1.743289974,1.746141158,0.291442369,-0.293226072,1.453282643,-1.451480047
0.06,-1.621884792,1.624665464,0.245723378,-0.247524908,1.377576958,-1.375725012
0.06005,-1.513127227,1.515841931,0.207529827,-0.209345861,1.306995955,-1.305097514
0.0601,-1.416605856,1.41925869,0.175704109,-0.177531679,1.242285554,-1.240343203
0.06015,-1.33174178,1.334336405,0.14880146,-0.150637915,1.18431138,-1.18232743
0.0602,-1.257850614,1.260390268,0.125283677,-0.127126658,1.133927033,-1.131903514
0.06025,-1.194225983,1.196713485,0.103726173,-0.105573575,1.091850533,-1.089789187
0.0603,-1.140225554,1.142663323,0.082993242,-0.084843182,1.058575088,-1.056477364
0.06035,-1.095339137,1.097729199,0.062344018,-0.064194801,1.034331234,-1.032198283
0.0604,-1.059222527,1.06156653,0.041448817,-0.043298897,1.019104335,-1.016937007
0.06045,-1.031689594,1.033988824,0.020317748,-0.022165686,1.012698075,-1.010496909
0.0605,-1.012661149,1.014916543,-8.20E-04,-9.97E-04,1.014829347,-1.01259457
0.06055,-1.002112356,1.004324517,-0.021740561,0.019954568,1.025201543,-1.022933063
0.0606,-0.999972999,1.002142216,-0.042284331,0.040504415,1.043603258,-1.041300663
0.06065,-1.006066608,1.00819287,-0.062530091,0.060757643,1.069942328,-1.067604884
0.0607,-1.020083624,1.022166632,-0.082810421,0.081046905,1.104240464,-1.101867117
0.06075,-1.041573831,1.043613022,-0.103687532,0.10193452,1.146609766,-1.144199139
0.0608,-1.069975118,1.071969672,-0.125878099,0.124137292,1.197204893,-1.194755288
0.06085,-1.104662248,1.106611109,-0.150153159,0.14842642,1.256171765,-1.253681171
0.0609,-1.145002131,1.146904019,-0.177240503,0.175529877,1.323605221,-1.32107131
0.06095,-1.190401982,1.192255412,-0.207751131,0.206058869,1.399523629,-1.396943764
0.061,-1.240340659,1.242143957,-0.242141518,0.240470103,1.4838625,-1.481233738
0.06105,-1.294379239,1.296130554,-0.280712629,0.279064799,1.576484062,-1.573803159
0.0611,-1.352152582,1.353849905,-0.32363777,0.322016539,1.677196691,-1.674460105
0.06115,-1.413347836,1.414989019,-0.371006516,0.369415194,1.785777332,-1.782981233
0.0612,-1.477677625,1.47926039,-0.422871276,0.421313492,1.901991255,-1.899131528
0.06125,-1.54485514,1.546377102,-0.479285848,0.477765563,2.025605701,-2.022677953
0.0613,-1.614576253,1.616034932,-0.540329853,0.538851378,2.156396424,-2.153395994
0.06135,-1.686510892,1.687903727,-0.606117767,0.604685776,2.294148098,-2.291070064
0.0614,-1.760303294,1.761627658,-0.676794984,0.675414524,2.438650638,-2.435489823
0.06145,-1.780945705,1.782199264,-0.722778881,0.721454851,2.498686595,-2.495479558
0.0615,-1.719122721,1.720307217,-0.735449666,0.734184187,2.456143534,-2.45294358
0.06155,-1.664416075,1.665533895,-0.752036844,0.750831043,2.417949684,-2.414756797
0.0616,-1.555408441,1.556436297,-0.77082888,0.769684338,2.334322592,-2.331136758
0.06165,-1.415299376,1.416210984,-0.760567935,0.759482945,2.177302785,-2.174123987
0.0617,-1.287970628,1.288776236,-0.745222909,0.744195971,2.034668876,-2.031497098
0.06175,-1.176304082,1.177012936,-0.72731354,0.726343194,1.905069266,-1.901904494
0.0618,-1.079444932,1.080065311,-0.707939118,0.707024003,1.788815573,-1.78565779
0.06185,-0.996134696,0.996673957,-0.688645555,0.687784451,1.686194734,-1.683043925
0.0619,-0.924807879,0.925272499,-0.671221396,0.670413267,1.597429445,-1.594285595
0.06195,-0.863776434,0.864172059,-0.65746597,0.656710002,1.522630686,-1.519493779
0.062,-0.811436476,0.811767963,-0.648960522,0.648256163,1.461775552,-1.458645573
0.06205,-0.766450395,0.766721863,-0.646892876,0.646239877,1.414714039,-1.411590973
0.0621,-0.727862789,0.728077671,-0.651972333,0.651370789,1.381199876,-1.378083707
0.06215,-0.69512552,0.695286617,-0.664448105,0.663898497,1.360934013,-1.357824726
0.0622,-0.668030866,0.668140406,-0.684218433,0.683721672,1.353606899,-1.350504479
0.06225,-0.646575081,0.646634779,-0.710996253,0.710553719,1.358927701,-1.355832132
0.0623,-0.630790804,0.63080192,-0.744486527,0.744100108,1.376634046,-1.373545314
0.06235,-0.620591342,0.620554739,-0.784532498,0.784204625,1.406482557,-1.403400647
0.0624,-0.615662452,0.615578655,-0.831201288,0.830934965,1.448226232,-1.445151128
0.06245,-0.615421104,0.615290352,-0.884798549,0.884597379,1.501587849,-1.498519536
0.0625,-0.619041428,0.618863724,-0.94582104,0.945689246,1.566238487,-1.563176951
0.06255,-0.625531481,0.625306646,-1.014869686,1.014812127,1.641787358,-1.638732583
0.0626,-0.633834796,0.633562513,-1.092550973,1.092573163,1.727784737,-1.724736708
0.06265,-0.642929448,0.642609311,-1.179391533,1.179499652,1.82373562,-1.820694324
0.0627,-0.651903408,0.651534964,-1.275782057,1.275982959,1.929118984,-1.926084404
0.06275,-0.659995103,0.6595779,-1.381955841,1.382257066,2.043406894,-2.040379017
0.0628,-0.666598801,0.666132434,-1.497997869,1.498407649,2.166078972,-2.163057781
0.06285,-0.671242632,0.670726781,-1.623874362,1.624401622,2.296629957,-2.293615439
0.0629,-0.674669864,0.674103977,-1.696728009,1.697353282,2.37953777,-2.37652991
0.06295,-0.652199354,0.651586003,-1.726819873,1.727509385,2.380546254,-2.377545037
0.063,-0.625537354,0.62487873,-1.761484502,1.76223933,2.38862294,-2.385628352
0.06305,-0.570162494,0.569461198,-1.747445643,1.748266695,2.312592003,-2.309642632
0.0631,-0.490209009,0.489469812,-1.648595411,1.649479445,2.14037325,-2.137514895
0.06315,-0.41896454,0.418192646,-1.556712242,1.557655314,1.977149199,-1.974375312
0.0632,-0.355256321,0.354456398,-1.469817421,1.470815821,1.826520719,-1.823825235
0.06325,-0.299485039,0.298661275,-1.387693055,1.388743312,1.688602673,-1.685980009
0.0633,-0.251683374,0.250839516,-1.310352512,1.311451406,1.563440884,-1.560885925
0.06335,-0.21145025,0.210589642,-1.238093868,1.239238438,1.450932053,-1.448440146
0.0634,-0.177946299,0.177071919,-1.171473795,1.172661347,1.350793209,-1.348360152
0.06345,-0.149976376,0.149090868,-1.111228659,1.112456775,1.262565323,-1.260187355
0.0635,-0.126143516,0.125249226,-1.058160216,1.059426756,1.185652963,-1.183326752
0.06355,-0.105041011,0.104140016,-1.013011914,1.014315024,1.119392665,-1.1171153
0.0636,-0.085439255,0.084533398,-0.976363692,0.977701813,1.06313459,-1.060903569
0.06365,-0.066425139,0.065516064,-0.948567764,0.949939632,1.016317692,-1.014130908
0.0637,-0.047463963,0.046553154,-0.929736691,0.931141343,0.97851971,-0.976375441
0.06375,-0.028373947,0.027462764,-0.919781546,0.921218331,0.949469847,-0.947366741
0.0638,-0.00922563,0.008315348,-0.918485827,0.919954404,0.929022075,-0.926959134
0.06385,0.009837139,-0.010718011,-0.925600115,0.927100462,0.917090256,-0.915066822
0.0639,0.028606056,-0.029483625,-0.940892691,0.942425107,0.913606125,-0.911621864
0.06395,0.047153705,-0.048026713,-0.964244254,0.965809359,0.918409156,-0.916464039
0.064,0.065736968,-0.066604092,-0.99564191,0.99724065,0.931223604,-0.929317895
0.06405,0.084840835,-0.085700655,-1.035164297,1.036797939,0.951643254,-0.949777492
0.0641,0.105119487,-0.105970459,-1.082944053,1.084614188,0.979146655,-0.97732164
0.06415,0.127307005,-0.128147436,-1.139119336,1.140827872,1.013137996,-1.01135477
0.0642,0.152121754,-0.152949772,-1.203789981,1.205539144,1.052998882,-1.051258716
0.06425,0.180188065,-0.181001599,-1.276988005,1.278780335,1.098137148,-1.096441527
0.0643,0.211990205,-0.212786955,-1.358666406,1.360504752,1.148021696,-1.146372301
0.06435,0.247862693,-0.248640112,-1.448704682,1.450592198,1.202197692,-1.200596383
0.0644,0.288011364,-0.288766632,-1.546925722,1.548865862,1.260282392,-1.258731196
0.06445,0.332553383,-0.333283387,-1.653117285,1.655113797,1.321946612,-1.3204477
0.0645,0.381562661,-0.382263973,-1.767051997,1.769108919,1.386889302,-1.38544498
0.06455,0.435109152,-0.435778015,-1.88850186,1.890623509,1.454812757,-1.453425444
0.0646,0.49328491,-0.493917214,-2.017245755,2.019436724,1.525404069,-1.524076285
0.06465,0.556214703,-0.556805981,-2.153070582,2.155335728,1.598325638,-1.597059988
0.0647,0.624053168,-0.624598575,-2.295767973,2.298112412,1.673214742,-1.6720139
0.06475,0.6969729,-0.69746721,-2.445128959,2.447558053,1.749690103,-1.7485568
0.0648,0.744864921,-0.745303048,-2.509734496,2.512211659,1.773027033,-1.771963702
0.06485,0.758552252,-0.75893199,-2.471287921,2.473759613,1.714267477,-1.713272493
0.0649,0.776361299,-0.776681438,-2.43716849,2.439634722,1.66240038,-1.661471471
0.06495,0.796441426,-0.796700296,-2.357915731,2.360376517,1.556444294,-1.555604838
0.065,0.787357197,-0.787556439,-2.205970473,2.208425824,1.420170295,-1.419446834
0.06505,0.773372,-0.77351303,-2.068442935,2.070892863,1.296533972,-1.295916564
0.0651,0.7570061,-0.757090275,-1.943972375,1.946416893,1.188406601,-1.187886285
0.06515,0.739377848,-0.739406406,-1.832861053,1.835300172,1.094904106,-1.094472866
0.0652,0.722061568,-0.722035585,-1.735381809,1.737815541,1.014724738,-1.01437546
0.06525,0.706872321,-0.706792671,-1.651737722,1.654166079,0.946256191,-0.945982618
0.0653,0.695624687,-0.695492006,-1.582015793,1.584438788,0.887770601,-0.887567287
0.06535,0.689898903,-0.689713545,-1.526167478,1.528585121,0.837638943,-0.837501208
0.0654,0.690865847,-0.690627848,-1.484018721,1.486431025,0.794516085,-0.794439966
0.06545,0.699206732,-0.698915769,-1.4553035,1.457710476,0.75745464,-0.757436836
0.0655,0.715138627,-0.714793976,-1.439708611,1.442110272,0.725924231,-0.72596205
0.06555,0.738530334,-0.738130829,-1.436915545,1.439311902,0.699737492,-0.699828792
0.0656,0.76907235,-0.768616341,-1.446627945,1.44901901,0.678907565,-0.679050697
0.06565,0.806455064,-0.805940384,-1.468578981,1.470964765,0.663477276,-0.663671021
0.0657,0.850512843,-0.849936771,-1.502519776,1.504900292,0.653363471,-0.653606983
0.06575,0.901305774,-0.900665008,-1.548195566,1.550570824,0.648251429,-0.64854418
0.0658,0.959130512,-0.958421142,-1.605319016,1.607689029,0.647557331,-0.647899059
0.06585,1.024470464,-1.023687958,-1.6735496,1.675914379,0.650457451,-0.650848106
0.0659,1.097908514,-1.097047695,-1.752484757,1.754844313,0.655966582,-0.656406278
0.06595,1.180029885,-1.17908492,-1.841664106,1.844018451,0.663039391,-0.663528361
0.066,1.271339179,-1.270303567,-1.940583954,1.942933099,0.670667879,-0.671206427
0.06605,1.372206725,-1.371073288,-2.04871682,2.051060777,0.677954564,-0.678543021
0.0661,1.482848763,-1.481609641,-2.165530363,2.167869143,0.68415121,-0.684789891
0.06615,1.603336984,-1.601983624,-2.290501385,2.292835,0.68866331,-0.689352467
0.0662,1.733627466,-1.732150625,-2.423122968,2.425451429,0.691028261,-0.691768046
0.06625,1.8103001,-1.808720777,-2.507645248,2.509968567,0.692294802,-0.693085587
0.0663,1.842918677,-1.841272921,-2.509680779,2.511998966,0.668336182,-0.669175288
0.06635,1.879978886,-1.878265535,-2.518690194,2.52100326,0.640226265,-0.641111391
0.0664,1.868034997,-1.866253057,-2.443793855,2.446061016,0.583869891,-0.58479832
0.06645,1.770925756,-1.769078401,-2.273206879,2.275379428,0.503740379,-0.504707304
0.0665,1.680881162,-1.678972268,-2.111532855,2.113617291,0.432148384,-0.433148563
0.06655,1.595971499,-1.594004704,-1.962346265,1.964348608,0.367844982,-0.368873696
0.0666,1.516007756,-1.513986456,-1.825739242,1.827665036,0.311178533,-0.312231532
0.06665,1.441004427,-1.438931767,-1.701742741,1.703597062,0.262165072,-0.263238537
0.0667,1.371230537,-1.369109399,-1.590250929,1.592038395,0.220429444,-0.221519945
0.06675,1.307188688,-1.305021688,-1.49099209,1.492716875,0.185197061,-0.186301527
0.0668,1.249547929,-1.247337403,-1.403529668,1.405195508,0.155362082,-0.156477761
0.06685,1.199044851,-1.196792857,-1.327295461,1.328905665,0.129619495,-0.130743922
0.0669,1.156374786,-1.154083093,-1.261649092,1.263206557,0.106633401,-0.107764369
0.06695,1.122096852,-1.119766938,-1.205950854,1.20745807,0.085204806,-0.086340327
0.067,1.09657247,-1.094205514,-1.159630973,1.161090041,0.064402377,-0.065540653
0.06705,1.079948015,-1.077544894,-1.122238859,1.123651501,0.043629034,-0.044768417
0.0671,1.072181099,-1.069742381,-1.093460909,1.094828483,0.022613478,-0.023752434
0.06715,1.073102936,-1.070628877,-1.073100464,1.074423977,0.00134981,-0.0024521
0.0672,1.082482174,-1.079972717,-1.061042276,1.062322403,-0.020106313,0.018980838
0.06725,1.100104582,-1.097559349,-1.057183922,1.058421019,-0.041589885,0.040469125
0.0673,1.125827518,-1.123245809,-1.061369783,1.062563902,-0.063127112,0.062012529
0.06735,1.159594942,-1.156975739,-1.073353451,1.07450436,-0.084909872,0.083802996
0.0674,1.201435326,-1.198777289,-1.092772937,1.093880133,-0.107328542,0.106231004
0.06745,1.251433277,-1.248734747,-1.119157522,1.120220247,-0.130938347,0.129851909
0.0675,1.309690755,-1.306949756,-1.151956582,1.15297384,-0.156391755,0.155318335
0.06755,1.376288685,-1.373502927,-1.190581434,1.191552007,-0.184358238,0.183299933
0.0676,1.451257902,-1.448424787,-1.234448806,1.235371266,-0.215451751,0.214410865
0.06765,1.5345641,-1.531680723,-1.28301593,1.283888659,-0.250180584,0.24915965
0.0677,1.626106967,-1.62317012,-1.335800998,1.336622203,-0.288926043,0.287927842
0.06775,1.725730247,-1.722736429,-1.39238738,1.393155107,-0.331948299,0.330975889
0.0678,1.833237749,-1.830183167,-1.452414135,1.453126286,-0.379411883,0.378468612
0.06785,1.948410246,-1.945290825,-1.515558034,1.516212386,-0.43142056,0.430510092
0.0679,2.07101949,-2.067830877,-1.581513094,1.582107311,-0.488051819,0.487178144
0.06795,2.20083731,-2.197574883,-1.649972765,1.650504414,-0.549383779,0.548551234
0.068,2.337639541,-2.334298417,-1.720618056,1.721084622,-0.615510999,0.61472428
0.06805,2.481205783,-2.477780826,-1.793112722,1.793511623,-0.686549044,0.685813219
0.0681,2.540323044,-2.536851541,-1.812460186,1.812789131,-0.732908917,0.7322289
0.06815,2.496885474,-2.493421638,-1.749347505,1.749608278,-0.745975038,0.745352968
0.0682,2.457789415,-2.454333229,-1.693392772,1.693587802,-0.762908211,0.762345234
0.06825,2.426374373,-2.42292582,-1.642738265,1.642869731,-0.782152996,0.781650355
0.0683,2.349837058,-2.346396122,-1.538434263,1.538479006,-0.803329557,0.802888951
0.06835,2.200853768,-2.197420432,-1.404540507,1.404472142,-0.794888108,0.794507911
0.0684,2.066240373,-2.06281462,-1.283388728,1.283216991,-0.781385113,0.78106393
0.06845,1.944647676,-1.941229488,-1.177839725,1.177573385,-0.765363767,0.765100279
0.0685,1.83639105,-1.832980412,-1.086969843,1.086616736,-0.747995934,0.747788948
0.06855,1.74175325,-1.738350145,-1.009413308,1.00898038,-0.730930603,0.730779103
0.0686,1.660941338,-1.657545749,-0.943479523,0.942972878,-0.716065754,0.715968933
0.06865,1.594039274,-1.590651184,-0.887359879,0.88678482,-0.705294229,0.70525153
0.0687,1.540989025,-1.537608418,-0.839353525,0.8387146,-0.700259082,0.700270236
0.06875,1.501602468,-1.498229326,-0.798061568,0.797362624,-0.702171269,0.702236332
0.0688,1.475597445,-1.472231754,-0.762506675,0.761750904,-0.711726111,0.711845509
0.06885,1.462645058,-1.459286799,-0.732154197,0.731344197,-0.729129449,0.729304013
0.0689,1.462413528,-1.459062686,-0.706836356,0.705974184,-0.754217332,0.754448342
0.06895,1.47459687,-1.471253429,-0.686604916,0.685692151,-0.786632004,0.786921228
0.069,1.49892264,-1.495586583,-0.671553498,0.670591299,-0.826007347,0.82635708
0.06905,1.535140002,-1.531811312,-0.66165411,0.660643275,-0.872120418,0.87253351
0.0691,1.582994966,-1.579673628,-0.656643913,0.655584934,-0.92497993,0.925459818
0.06915,1.64220245,-1.638888447,-0.655981221,0.654874335,-0.984842305,0.985393037
0.0692,1.712424273,-1.709117589,-0.658870234,0.65771548,-1.052164949,1.0527912
0.06925,1.793259065,-1.789959684,-0.664337587,0.663134847,-1.127519612,1.128226703
0.0693,1.884245601,-1.880953507,-0.671334505,0.670083555,-1.211493568,1.21228748
0.06935,1.984876948,-1.981592125,-0.678837428,0.677537983,-1.304603141,1.305490521
0.0694,2.094620232,-2.091342663,-0.685925983,0.68457774,-1.407235498,1.408223673
0.06945,2.212936296,-2.209665966,-0.691827124,0.690429806,-1.519624176,1.520721156
0.0695,2.339294791,-2.336031684,-0.695924605,0.694478002,-1.641854694,1.643069174
0.06955,2.418321474,-2.415065574,-0.698694312,0.697197965,-1.711485097,1.712797126
0.0696,2.415910428,-2.412661719,-0.67525856,0.673715141,-1.739123224,1.740498543
0.06965,2.420642543,-2.417401009,-0.647606768,0.646018563,-1.771433622,1.772873223
0.0697,2.430746801,-2.427512426,-0.61792622,0.616295396,-1.811210701,1.812715757
0.06975,2.357031355,-2.353843432,-0.560596316,0.558925451,-1.80144145,1.803012973
0.0698,2.187785997,-2.18469141,-0.48036841,0.478662174,-1.705838761,1.707473594
0.06985,2.027729552,-2.024721881,-0.409635361,0.407898863,-1.616611576,1.618305864
0.0699,1.880485522,-1.877558827,-0.347180301,0.345418134,-1.531847897,1.533598025
0.06995,1.746141158,-1.743289974,-0.293226073,0.291442369,-1.451480047,1.453282643
0.07,1.624665465,-1.621884793,-0.247524908,0.245723378,-1.375725012,1.377576959
0.07005,1.515841932,-1.513127227,-0.209345861,0.207529827,-1.305097514,1.306995956
0.0701,1.41925869,-1.416605857,-0.177531679,0.175704109,-1.240343204,1.242285555
0.07015,1.334336406,-1.331741781,-0.150637915,0.14880146,-1.182327431,1.18431138
0.0702,1.260390268,-1.257850615,-0.127126658,0.125283677,-1.131903515,1.133927033
0.07025,1.196713486,-1.194225984,-0.105573575,0.103726173,-1.089789188,1.091850534
0.0703,1.142663323,-1.140225555,-0.084843182,0.082993242,-1.056477365,1.058575089
0.07035,1.097729199,-1.095339138,-0.064194801,0.062344018,-1.032198284,1.034331234
0.0704,1.061566531,-1.059222527,-0.043298897,0.041448817,-1.016937008,1.019104336
0.07045,1.033988825,-1.031689595,-0.022165686,0.020317748,-1.01049691,1.012698075
0.0705,1.014916543,-1.01266115,-9.97E-04,-8.20E-04,-1.01259457,1.014829348
0.07055,1.004324518,-1.002112356,0.019954568,-0.021740561,-1.022933064,1.025201544
0.0706,1.002142217,-0.999972999,0.040504415,-0.042284331,-1.041300664,1.043603259
0.07065,1.00819287,-1.006066609,0.060757643,-0.062530091,-1.067604885,1.069942328
0.0707,1.022166633,-1.020083624,0.081046905,-0.082810421,-1.101867118,1.104240465
0.07075,1.043613022,-1.041573832,0.10193452,-0.103687532,-1.144199139,1.146609767
0.0708,1.071969672,-1.069975119,0.124137292,-0.125878099,-1.194755289,1.197204893
0.07085,1.106611109,-1.104662249,0.14842642,-0.150153159,-1.253681171,1.256171766
0.0709,1.14690402,-1.145002132,0.175529877,-0.177240504,-1.321071311,1.323605222
0.07095,1.192255413,-1.190401982,0.206058869,-0.207751131,-1.396943765,1.39952363
0.071,1.242143957,-1.24034066,0.240470103,-0.242141518,-1.481233738,1.4838625
0.07105,1.296130554,-1.294379239,0.279064799,-0.280712629,-1.573803159,1.576484063
0.0711,1.353849906,-1.352152582,0.322016539,-0.32363777,-1.674460106,1.677196691
0.07115,1.414989019,-1.413347837,0.369415194,-0.371006516,-1.782981234,1.785777332
0.0712,1.479260391,-1.477677625,0.421313492,-0.422871276,-1.899131529,1.901991256
0.07125,1.546377103,-1.54485514,0.477765563,-0.479285848,-2.022677954,2.025605701
0.0713,1.616034933,-1.614576254,0.538851378,-0.540329853,-2.153395994,2.156396424
0.07135,1.687903727,-1.686510892,0.604685776,-0.606117768,-2.291070064,2.294148099
0.0714,1.761627659,-1.760303294,0.675414524,-0.676794984,-2.435489823,2.438650638
0.07145,1.782199264,-1.780945706,0.721454851,-0.722778881,-2.495479559,2.498686596
0.0715,1.720307217,-1.719122722,0.734184187,-0.735449666,-2.45294358,2.456143534
0.07155,1.665533895,-1.664416076,0.750831043,-0.752036844,-2.414756798,2.417949684
0.0716,1.556436297,-1.555408442,0.769684338,-0.77082888,-2.331136758,2.334322593
0.07165,1.416210984,-1.415299376,0.759482945,-0.760567935,-2.174123988,2.177302786
0.0717,1.288776236,-1.287970628,0.744195971,-0.745222909,-2.031497099,2.034668876
0.07175,1.177012936,-1.176304083,0.726343194,-0.72731354,-1.901904494,1.905069267
0.0718,1.080065311,-1.079444933,0.707024003,-0.707939118,-1.785657791,1.788815574
0.07185,0.996673957,-0.996134696,0.687784452,-0.688645556,-1.683043926,1.686194735
0.0719,0.925272499,-0.924807879,0.670413267,-0.671221396,-1.594285596,1.597429446
0.07195,0.864172059,-0.863776434,0.656710002,-0.65746597,-1.519493779,1.522630686
0.072,0.811767963,-0.811436476,0.648256164,-0.648960523,-1.458645573,1.461775552
0.07205,0.766721864,-0.766450395,0.646239877,-0.646892876,-1.411590973,1.41471404
0.0721,0.728077671,-0.727862789,0.651370789,-0.651972333,-1.378083707,1.381199876
0.07215,0.695286617,-0.69512552,0.663898497,-0.664448105,-1.357824726,1.360934013
0.0722,0.668140406,-0.668030866,0.683721673,-0.684218433,-1.350504479,1.353606899
0.07225,0.646634779,-0.646575082,0.71055372,-0.710996253,-1.355832133,1.358927701
0.0723,0.63080192,-0.630790804,0.744100109,-0.744486527,-1.373545314,1.376634046
0.07235,0.620554739,-0.620591342,0.784204625,-0.784532498,-1.403400647,1.406482557
0.0724,0.615578655,-0.615662452,0.830934966,-0.831201288,-1.445151129,1.448226233
0.07245,0.615290352,-0.615421105,0.88459738,-0.884798549,-1.498519536,1.501587849
0.0725,0.618863725,-0.619041428,0.945689246,-0.945821041,-1.563176952,1.566238488
0.07255,0.625306647,-0.625531481,1.014812127,-1.014869687,-1.638732584,1.641787358
0.0726,0.633562514,-0.633834796,1.092573163,-1.092550973,-1.724736709,1.727784737
0.07265,0.642609311,-0.642929448,1.179499652,-1.179391534,-1.820694324,1.823735621
0.0727,0.651534964,-0.651903408,1.275982959,-1.275782057,-1.926084404,1.929118984
0.07275,0.6595779,-0.659995103,1.382257067,-1.381955841,-2.040379017,2.043406895
0.0728,0.666132434,-0.666598801,1.498407649,-1.49799787,-2.163057781,2.166078972
0.07285,0.670726781,-0.671242632,1.624401622,-1.623874362,-2.29361544,2.296629957
0.0729,0.674103977,-0.674669864,1.697353282,-1.696728009,-2.37652991,2.37953777
0.07295,0.651586003,-0.652199354,1.727509385,-1.726819873,-2.377545038,2.380546254
0.073,0.62487873,-0.625537354,1.76223933,-1.761484502,-2.385628352,2.38862294
0.07305,0.569461198,-0.570162494,1.748266695,-1.747445643,-2.309642632,2.312592004
0.0731,0.489469812,-0.490209009,1.649479445,-1.648595412,-2.137514895,2.14037325
0.07315,0.418192646,-0.41896454,1.557655314,-1.556712243,-1.974375312,1.977149199
0.0732,0.354456398,-0.355256321,1.470815821,-1.469817422,-1.823825235,1.826520719
0.07325,0.298661275,-0.299485039,1.388743312,-1.387693055,-1.685980009,1.688602673
0.0733,0.250839516,-0.251683374,1.311451406,-1.310352513,-1.560885926,1.563440884
0.07335,0.210589642,-0.21145025,1.239238438,-1.238093868,-1.448440146,1.450932053
0.0734,0.17707192,-0.177946299,1.172661347,-1.171473795,-1.348360152,1.350793209
0.07345,0.149090868,-0.149976376,1.112456775,-1.111228659,-1.260187355,1.262565323
0.0735,0.125249226,-0.126143516,1.059426756,-1.058160217,-1.183326752,1.185652963
0.07355,0.104140016,-0.105041011,1.014315024,-1.013011914,-1.1171153,1.119392665
0.0736,0.084533398,-0.085439255,0.977701814,-0.976363692,-1.060903569,1.06313459
0.07365,0.065516064,-0.066425139,0.949939632,-0.948567765,-1.014130908,1.016317692
0.0737,0.046553154,-0.047463963,0.931141343,-0.929736691,-0.976375441,0.97851971
0.07375,0.027462764,-0.028373947,0.921218331,-0.919781546,-0.947366741,0.949469847
0.0738,0.008315348,-0.00922563,0.919954405,-0.918485827,-0.926959135,0.929022075
0.07385,-0.010718011,0.009837139,0.927100462,-0.925600115,-0.915066822,0.917090256
0.0739,-0.029483625,0.028606056,0.942425107,-0.940892691,-0.911621864,0.913606125
0.07395,-0.048026713,0.047153705,0.965809359,-0.964244254,-0.916464039,0.918409156
0.074,-0.066604092,0.065736968,0.99724065,-0.99564191,-0.929317895,0.931223604
0.07405,-0.085700655,0.084840835,1.036797939,-1.035164297,-0.949777492,0.951643254
0.0741,-0.105970459,0.105119487,1.084614188,-1.082944053,-0.97732164,0.979146655
0.07415,-0.128147436,0.127307005,1.140827872,-1.139119336,-1.01135477,1.013137996
0.0742,-0.152949772,0.152121754,1.205539144,-1.203789981,-1.051258716,1.052998882
0.07425,-0.181001599,0.180188065,1.278780335,-1.276988005,-1.096441527,1.098137148
0.0743,-0.212786955,0.211990205,1.360504752,-1.358666406,-1.146372301,1.148021696
0.07435,-0.248640112,0.247862693,1.450592198,-1.448704682,-1.200596383,1.202197692
0.0744,-0.288766632,0.288011363,1.548865862,-1.546925722,-1.258731196,1.260282392
0.07445,-0.333283387,0.332553383,1.655113797,-1.653117285,-1.3204477,1.321946612
0.0745,-0.382263973,0.38156266,1.769108919,-1.767051997,-1.38544498,1.386889302
0.07455,-0.435778015,0.435109152,1.890623509,-1.888501859,-1.453425444,1.454812757
0.0746,-0.493917214,0.493284909,2.019436723,-2.017245755,-1.524076285,1.525404069
0.07465,-0.556805981,0.556214703,2.155335728,-2.153070582,-1.597059988,1.598325638
0.0747,-0.624598575,0.624053167,2.298112411,-2.295767973,-1.6720139,1.673214742
0.07475,-0.69746721,0.6969729,2.447558053,-2.445128958,-1.7485568,1.749690102
0.0748,-0.745303048,0.744864921,2.512211659,-2.509734496,-1.771963702,1.773027033
0.07485,-0.75893199,0.758552251,2.473759613,-2.471287921,-1.713272492,1.714267477
0.0749,-0.776681438,0.776361299,2.439634722,-2.437168489,-1.66147147,1.66240038
0.07495,-0.796700295,0.796441426,2.360376517,-2.357915731,-1.555604838,1.556444294
0.075,-0.787556439,0.787357197,2.208425824,-2.205970473,-1.419446834,1.420170295
0.07505,-0.77351303,0.773372,2.070892863,-2.068442935,-1.295916564,1.296533972
0.0751,-0.757090275,0.7570061,1.946416893,-1.943972375,-1.187886284,1.1884066
0.07515,-0.739406405,0.739377847,1.835300172,-1.832861053,-1.094472866,1.094904106
0.0752,-0.722035584,0.722061567,1.737815541,-1.735381809,-1.01437546,1.014724738
0.07525,-0.706792671,0.70687232,1.654166079,-1.651737721,-0.945982618,0.946256191
0.0753,-0.695492005,0.695624687,1.584438787,-1.582015793,-0.887567287,0.887770601
0.07535,-0.689713544,0.689898903,1.528585121,-1.526167477,-0.837501208,0.837638942
0.0754,-0.690627847,0.690865847,1.486431024,-1.48401872,-0.794439965,0.794516085
0.07545,-0.698915768,0.699206731,1.457710476,-1.455303499,-0.757436835,0.75745464
0.0755,-0.714793975,0.715138626,1.442110272,-1.439708611,-0.72596205,0.725924231
0.07555,-0.738130829,0.738530334,1.439311902,-1.436915545,-0.699828792,0.699737491
0.0756,-0.768616341,0.76907235,1.449019009,-1.446627944,-0.679050697,0.678907565
0.07565,-0.805940384,0.806455064,1.470964764,-1.46857898,-0.663671021,0.663477276
0.0757,-0.84993677,0.850512842,1.504900291,-1.502519776,-0.653606983,0.653363471
0.07575,-0.900665007,0.901305774,1.550570824,-1.548195566,-0.64854418,0.648251428
0.0758,-0.958421142,0.959130511,1.607689028,-1.605319016,-0.647899059,0.647557331
0.07585,-1.023687957,1.024470463,1.675914378,-1.6735496,-0.650848106,0.650457451
0.0759,-1.097047695,1.097908514,1.754844312,-1.752484756,-0.656406278,0.655966582
0.07595,-1.17908492,1.180029885,1.84401845,-1.841664106,-0.663528361,0.663039391
0.076,-1.270303566,1.271339178,1.942933098,-1.940583953,-0.671206427,0.670667879
0.07605,-1.371073288,1.372206724,2.051060777,-2.04871682,-0.678543021,0.677954563
0.0761,-1.48160964,1.482848763,2.167869142,-2.165530362,-0.684789891,0.68415121
0.07615,-1.601983623,1.603336983,2.292835,-2.290501385,-0.689352467,0.68866331
0.0762,-1.732150625,1.733627465,2.425451428,-2.423122967,-0.691768046,0.69102826
0.07625,-1.808720776,1.8103001,2.509968566,-2.507645248,-0.693085587,0.692294802
0.0763,-1.84127292,1.842918676,2.511998966,-2.509680779,-0.669175288,0.668336182
0.07635,-1.878265535,1.879978886,2.52100326,-2.518690193,-0.641111391,0.640226265
0.0764,-1.866253056,1.868034997,2.446061015,-2.443793854,-0.58479832,0.58386989
0.07645,-1.7690784,1.770925755,2.275379427,-2.273206878,-0.504707303,0.503740379
0.0765,-1.678972268,1.680881162,2.113617291,-2.111532855,-0.433148563,0.432148384
0.07655,-1.594004704,1.595971499,1.964348608,-1.962346264,-0.368873696,0.367844982
0.0766,-1.513986455,1.516007755,1.827665035,-1.825739241,-0.312231532,0.311178533
0.07665,-1.438931766,1.441004426,1.703597061,-1.70174274,-0.263238537,0.262165072
0.0767,-1.369109398,1.371230536,1.592038395,-1.590250928,-0.221519945,0.220429443
0.07675,-1.305021687,1.307188688,1.492716874,-1.490992089,-0.186301527,0.185197061
0.0768,-1.247337403,1.249547928,1.405195507,-1.403529668,-0.156477761,0.155362082
0.07685,-1.196792856,1.19904485,1.328905664,-1.32729546,-0.130743922,0.129619495
0.0769,-1.154083093,1.156374785,1.263206556,-1.261649092,-0.107764369,0.106633401
0.07695,-1.119766938,1.122096851,1.207458069,-1.205950853,-0.086340327,0.085204806
0.077,-1.094205514,1.096572469,1.161090041,-1.159630973,-0.065540653,0.064402377
0.07705,-1.077544893,1.079948015,1.1236515,-1.122238858,-0.044768417,0.043629034
0.0771,-1.06974238,1.072181098,1.094828482,-1.093460908,-0.023752434,0.022613478
0.07715,-1.070628877,1.073102935,1.074423977,-1.073100463,-0.0024521,0.00134981
0.0772,-1.079972716,1.082482173,1.062322403,-1.061042275,0.018980838,-0.020106313
0.07725,-1.097559348,1.100104582,1.058421018,-1.057183922,0.040469125,-0.041589884
0.0773,-1.123245808,1.125827517,1.062563902,-1.061369783,0.062012529,-0.063127112
0.07735,-1.156975738,1.159594941,1.07450436,-1.073353451,0.083802996,-0.084909872
0.0774,-1.198777289,1.201435326,1.093880132,-1.092772936,0.106231004,-0.107328542
0.07745,-1.248734746,1.251433277,1.120220246,-1.119157521,0.129851909,-0.130938347
0.0775,-1.306949755,1.309690754,1.152973839,-1.151956581,0.155318334,-0.156391755
0.07755,-1.373502927,1.376288684,1.191552006,-1.190581433,0.183299933,-0.184358238
0.0776,-1.448424786,1.451257901,1.235371266,-1.234448806,0.214410865,-0.215451751
0.07765,-1.531680722,1.5345641,1.283888658,-1.283015929,0.24915965,-0.250180584
0.0777,-1.623170119,1.626106966,1.336622202,-1.335800998,0.287927842,-0.288926043
0.07775,-1.722736428,1.725730246,1.393155106,-1.39238738,0.330975889,-0.331948299
0.0778,-1.830183167,1.833237748,1.453126286,-1.452414134,0.378468612,-0.379411883
0.07785,-1.945290825,1.948410246,1.516212386,-1.515558033,0.430510091,-0.43142056
0.0779,-2.067830876,2.07101949,1.58210731,-1.581513093,0.487178143,-0.488051819
0.07795,-2.197574882,2.200837309,1.650504413,-1.649972765,0.548551234,-0.549383779
0.078,-2.334298416,2.33763954,1.721084622,-1.720618056,0.61472428,-0.615510999
0.07805,-2.477780825,2.481205782,1.793511623,-1.793112721,0.685813219,-0.686549044
0.0781,-2.53685154,2.540323044,1.81278913,-1.812460185,0.7322289,-0.732908916
0.07815,-2.493421637,2.496885473,1.749608278,-1.749347505,0.745352968,-0.745975037
0.0782,-2.454333228,2.457789414,1.693587801,-1.693392772,0.762345234,-0.762908211
0.07825,-2.42292582,2.426374372,1.64286973,-1.642738264,0.781650354,-0.782152996
0.0783,-2.346396121,2.349837057,1.538479006,-1.538434262,0.80288895,-0.803329557
0.07835,-2.197420431,2.200853767,1.404472141,-1.404540506,0.79450791,-0.794888108
0.0784,-2.062814619,2.066240372,1.283216991,-1.283388727,0.78106393,-0.781385112
0.07845,-1.941229488,1.944647675,1.177573385,-1.177839724,0.765100278,-0.765363767
0.0785,-1.832980411,1.836391049,1.086616736,-1.086969843,0.747788948,-0.747995933
0.07855,-1.738350144,1.741753249,1.00898038,-1.009413307,0.730779103,-0.730930603
0.0786,-1.657545748,1.660941338,0.942972877,-0.943479522,0.715968932,-0.716065753
0.07865,-1.590651183,1.594039274,0.886784819,-0.887359879,0.70525153,-0.705294229
0.0787,-1.537608417,1.540989024,0.8387146,-0.839353524,0.700270235,-0.700259082
0.07875,-1.498229325,1.501602467,0.797362624,-0.798061568,0.702236332,-0.702171268
0.0788,-1.472231753,1.475597445,0.761750904,-0.762506675,0.711845508,-0.71172611
0.07885,-1.459286798,1.462645057,0.731344197,-0.732154197,0.729304013,-0.729129449
0.0789,-1.459062685,1.462413527,0.705974183,-0.706836355,0.754448342,-0.754217332
0.07895,-1.471253428,1.47459687,0.685692151,-0.686604916,0.786921228,-0.786632003
0.079,-1.495586582,1.49892264,0.670591299,-0.671553497,0.826357079,-0.826007346
0.07905,-1.531811311,1.535140001,0.660643275,-0.66165411,0.872533509,-0.872120417
0.0791,-1.579673627,1.582994965,0.655584933,-0.656643913,0.925459817,-0.924979929
0.07915,-1.638888447,1.64220245,0.654874335,-0.655981221,0.985393036,-0.984842305
0.0792,-1.709117589,1.712424273,0.657715479,-0.658870234,1.052791199,-1.052164949
0.07925,-1.789959683,1.793259064,0.663134846,-0.664337587,1.128226703,-1.127519611
0.0793,-1.880953506,1.8842456,0.670083555,-0.671334504,1.212287479,-1.211493567
0.07935,-1.981592124,1.984876947,0.677537983,-0.678837427,1.305490521,-1.30460314
0.0794,-2.091342662,2.094620231,0.68457774,-0.685925983,1.408223673,-1.407235498
0.07945,-2.209665966,2.212936295,0.690429806,-0.691827124,1.520721155,-1.519624176
0.0795,-2.336031683,2.33929479,0.694478002,-0.695924605,1.643069174,-1.641854693
0.07955,-2.415065573,2.418321473,0.697197965,-0.698694311,1.712797126,-1.711485097
0.0796,-2.412661718,2.415910427,0.673715141,-0.67525856,1.740498542,-1.739123224
0.07965,-2.417401008,2.420642542,0.646018562,-0.647606768,1.772873222,-1.771433621
0.0797,-2.427512426,2.4307468,0.616295396,-0.61792622,1.812715756,-1.8112107
0.07975,-2.353843432,2.357031354,0.558925451,-0.560596316,1.803012972,-1.801441449
0.0798,-2.184691409,2.187785996,0.478662174,-0.48036841,1.707473593,-1.70583876
0.07985,-2.024721881,2.027729552,0.407898862,-0.409635361,1.618305864,-1.616611575
0.0799,-1.877558826,1.880485521,0.345418134,-0.347180301,1.533598025,-1.531847896
0.07995,-1.743289974,1.746141158,0.291442369,-0.293226072,1.453282643,-1.451480047
0.08,-1.621884792,1.624665464,0.245723378,-0.247524908,1.377576958,-1.375725012
0.08005,-1.513127227,1.515841931,0.207529827,-0.209345861,1.306995955,-1.305097514
0.0801,-1.416605856,1.41925869,0.175704109,-0.177531679,1.242285554,-1.240343203
0.08015,-1.33174178,1.334336405,0.14880146,-0.150637915,1.18431138,-1.18232743
0.0802,-1.257850614,1.260390268,0.125283677,-0.127126658,1.133927033,-1.131903514
0.08025,-1.194225983,1.196713485,0.103726173,-0.105573575,1.091850533,-1.089789187
0.0803,-1.140225554,1.142663323,0.082993242,-0.084843182,1.058575088,-1.056477364
0.08035,-1.095339137,1.097729199,0.062344018,-0.064194801,1.034331234,-1.032198283
0.0804,-1.059222527,1.06156653,0.041448817,-0.043298897,1.019104335,-1.016937007
0.08045,-1.031689594,1.033988824,0.020317748,-0.022165686,1.012698075,-1.010496909
0.0805,-1.012661149,1.014916543,-8.20E-04,-9.97E-04,1.014829347,-1.01259457
0.08055,-1.002112356,1.004324517,-0.021740561,0.019954568,1.025201543,-1.022933063
0.0806,-0.999972999,1.002142216,-0.042284331,0.040504415,1.043603258,-1.041300663
0.08065,-1.006066608,1.00819287,-0.062530091,0.060757643,1.069942328,-1.067604884
0.0807,-1.020083624,1.022166632,-0.082810421,0.081046905,1.104240464,-1.101867117
0.08075,-1.041573831,1.043613022,-0.103687532,0.10193452,1.146609766,-1.144199139
0.0808,-1.069975118,1.071969672,-0.125878099,0.124137292,1.197204893,-1.194755288
0.08085,-1.104662248,1.106611109,-0.150153159,0.14842642,1.256171765,-1.253681171
0.0809,-1.145002131,1.146904019,-0.177240503,0.175529877,1.323605221,-1.32107131
0.08095,-1.190401982,1.192255412,-0.207751131,0.206058869,1.399523629,-1.396943764
0.081,-1.240340659,1.242143957,-0.242141518,0.240470103,1.4838625,-1.481233738
0.08105,-1.294379239,1.296130554,-0.280712629,0.279064799,1.576484062,-1.573803159
0.0811,-1.352152582,1.353849905,-0.32363777,0.322016539,1.677196691,-1.674460105
0.08115,-1.413347836,1.414989019,-0.371006516,0.369415194,1.785777332,-1.782981233
0.0812,-1.477677625,1.47926039,-0.422871276,0.421313492,1.901991255,-1.899131528
0.08125,-1.54485514,1.546377102,-0.479285848,0.477765563,2.025605701,-2.022677953
0.0813,-1.614576253,1.616034932,-0.540329853,0.538851378,2.156396424,-2.153395994
0.08135,-1.686510892,1.687903727,-0.606117767,0.604685776,2.294148098,-2.291070064
0.0814,-1.760303294,1.761627658,-0.676794984,0.675414524,2.438650638,-2.435489823
0.08145,-1.780945705,1.782199264,-0.722778881,0.721454851,2.498686595,-2.495479558
0.0815,-1.719122721,1.720307217,-0.735449666,0.734184187,2.456143534,-2.45294358
0.08155,-1.664416075,1.665533895,-0.752036844,0.750831043,2.417949684,-2.414756797
0.0816,-1.555408441,1.556436297,-0.77082888,0.769684338,2.334322592,-2.331136758
0.08165,-1.415299376,1.416210984,-0.760567935,0.759482945,2.177302785,-2.174123987
0.0817,-1.287970628,1.288776236,-0.745222909,0.744195971,2.034668876,-2.031497098
0.08175,-1.176304082,1.177012936,-0.72731354,0.726343194,1.905069266,-1.901904494
0.0818,-1.079444932,1.080065311,-0.707939118,0.707024003,1.788815573,-1.78565779
0.08185,-0.996134696,0.996673957,-0.688645555,0.687784451,1.686194734,-1.683043925
0.0819,-0.924807879,0.925272499,-0.671221396,0.670413267,1.597429445,-1.594285595
0.08195,-0.863776434,0.864172059,-0.65746597,0.656710002,1.522630686,-1.519493779
0.082,-0.811436476,0.811767963,-0.648960522,0.648256163,1.461775552,-1.458645573
0.08205,-0.766450395,0.766721863,-0.646892876,0.646239877,1.414714039,-1.411590973
0.0821,-0.727862789,0.728077671,-0.651972333,0.651370789,1.381199876,-1.378083707
0.08215,-0.69512552,0.695286617,-0.664448105,0.663898497,1.360934013,-1.357824726
0.0822,-0.668030866,0.668140406,-0.684218433,0.683721672,1.353606899,-1.350504479
0.08225,-0.646575081,0.646634779,-0.710996253,0.710553719,1.358927701,-1.355832132
0.0823,-0.630790804,0.63080192,-0.744486527,0.744100108,1.376634046,-1.373545314
0.08235,-0.620591342,0.620554739,-0.784532498,0.784204625,1.406482557,-1.403400647
0.0824,-0.615662452,0.615578655,-0.831201288,0.830934965,1.448226232,-1.445151128
0.08245,-0.615421104,0.615290352,-0.884798549,0.884597379,1.501587849,-1.498519536
0.0825,-0.619041428,0.618863724,-0.94582104,0.945689246,1.566238487,-1.563176951
0.08255,-0.625531481,0.625306646,-1.014869686,1.014812127,1.641787358,-1.638732583
0.0826,-0.633834796,0.633562513,-1.092550973,1.092573163,1.727784737,-1.724736708
0.08265,-0.642929448,0.642609311,-1.179391533,1.179499652,1.82373562,-1.820694324
0.0827,-0.651903408,0.651534964,-1.275782057,1.275982959,1.929118984,-1.926084404
0.08275,-0.659995103,0.6595779,-1.381955841,1.382257066,2.043406894,-2.040379017
0.0828,-0.666598801,0.666132434,-1.497997869,1.498407649,2.166078972,-2.163057781
0.08285,-0.671242632,0.670726781,-1.623874362,1.624401622,2.296629957,-2.293615439
0.0829,-0.674669864,0.674103977,-1.696728009,1.697353282,2.37953777,-2.37652991
0.08295,-0.652199354,0.651586003,-1.726819873,1.727509385,2.380546254,-2.377545037
0.083,-0.625537354,0.62487873,-1.761484502,1.76223933,2.38862294,-2.385628352
0.08305,-0.570162494,0.569461198,-1.747445643,1.748266695,2.312592003,-2.309642632
0.0831,-0.490209009,0.489469812,-1.648595411,1.649479445,2.14037325,-2.137514895
0.08315,-0.41896454,0.418192646,-1.556712242,1.557655314,1.977149199,-1.974375312
0.0832,-0.355256321,0.354456398,-1.469817421,1.470815821,1.826520719,-1.823825235
0.08325,-0.299485039,0.298661275,-1.387693055,1.388743312,1.688602673,-1.685980009
0.0833,-0.251683374,0.250839516,-1.310352512,1.311451406,1.563440884,-1.560885925
0.08335,-0.21145025,0.210589642,-1.238093868,1.239238438,1.450932053,-1.448440146
0.0834,-0.177946299,0.177071919,-1.171473795,1.172661347,1.350793209,-1.348360152
0.08345,-0.149976376,0.149090868,-1.111228659,1.112456775,1.262565323,-1.260187355
0.0835,-0.126143516,0.125249226,-1.058160216,1.059426756,1.185652963,-1.183326752
0.08355,-0.105041011,0.104140016,-1.013011914,1.014315024,1.119392665,-1.1171153
0.0836,-0.085439255,0.084533398,-0.976363692,0.977701813,1.06313459,-1.060903569
0.08365,-0.066425139,0.065516064,-0.948567764,0.949939632,1.016317692,-1.014130908
0.0837,-0.047463963,0.046553154,-0.929736691,0.931141343,0.97851971,-0.976375441
0.08375,-0.028373947,0.027462764,-0.919781546,0.921218331,0.949469847,-0.947366741
0.0838,-0.00922563,0.008315348,-0.918485827,0.919954404,0.929022075,-0.926959134
0.08385,0.009837139,-0.010718011,-0.925600115,0.927100462,0.917090256,-0.915066822
0.0839,0.028606056,-0.029483625,-0.940892691,0.942425107,0.913606125,-0.911621864
0.08395,0.047153705,-0.048026713,-0.964244254,0.965809359,0.918409156,-0.916464039
0.084,0.065736968,-0.066604092,-0.99564191,0.99724065,0.931223604,-0.929317895
0.08405,0.084840835,-0.085700655,-1.035164297,1.036797939,0.951643254,-0.949777492
0.0841,0.105119487,-0.105970459,-1.082944053,1.084614188,0.979146655,-0.97732164
0.08415,0.127307005,-0.128147436,-1.139119336,1.140827872,1.013137996,-1.01135477
0.0842,0.152121754,-0.152949772,-1.203789981,1.205539144,1.052998882,-1.051258716
0.08425,0.180188065,-0.181001599,-1.276988005,1.278780335,1.098137148,-1.096441527
0.0843,0.211990205,-0.212786955,-1.358666406,1.360504752,1.148021696,-1.146372301
0.08435,0.247862693,-0.248640112,-1.448704682,1.450592198,1.202197692,-1.200596383
0.0844,0.288011364,-0.288766632,-1.546925722,1.548865862,1.260282392,-1.258731196
0.08445,0.332553383,-0.333283387,-1.653117285,1.655113797,1.321946612,-1.3204477
0.0845,0.381562661,-0.382263973,-1.767051997,1.769108919,1.386889302,-1.38544498
0.08455,0.435109152,-0.435778015,-1.88850186,1.890623509,1.454812757,-1.453425444
0.0846,0.49328491,-0.493917214,-2.017245755,2.019436724,1.525404069,-1.524076285
0.08465,0.556214703,-0.556805981,-2.153070582,2.155335728,1.598325638,-1.597059988
0.0847,0.624053168,-0.624598575,-2.295767973,2.298112412,1.673214742,-1.6720139
0.08475,0.6969729,-0.69746721,-2.445128959,2.447558053,1.749690103,-1.7485568
0.0848,0.744864921,-0.745303048,-2.509734496,2.512211659,1.773027033,-1.771963702
0.08485,0.758552252,-0.75893199,-2.471287921,2.473759613,1.714267477,-1.713272493
0.0849,0.776361299,-0.776681438,-2.43716849,2.439634722,1.66240038,-1.661471471
0.08495,0.796441426,-0.796700296,-2.357915731,2.360376517,1.556444294,-1.555604838
0.085,0.787357197,-0.787556439,-2.205970473,2.208425824,1.420170295,-1.419446834
0.08505,0.773372,-0.77351303,-2.068442935,2.070892863,1.296533972,-1.295916564
0.0851,0.7570061,-0.757090275,-1.943972375,1.946416893,1.188406601,-1.187886285
0.08515,0.739377848,-0.739406406,-1.832861053,1.835300172,1.094904106,-1.094472866
0.0852,0.722061568,-0.722035585,-1.735381809,1.737815541,1.014724738,-1.01437546
0.08525,0.706872321,-0.706792671,-1.651737722,1.654166079,0.946256191,-0.945982618
0.0853,0.695624687,-0.695492006,-1.582015793,1.584438788,0.887770601,-0.887567287
0.08535,0.689898903,-0.689713545,-1.526167478,1.528585121,0.837638943,-0.837501208
0.0854,0.690865847,-0.690627848,-1.484018721,1.486431025,0.794516085,-0.794439966
0.08545,0.699206732,-0.698915769,-1.4553035,1.457710476,0.75745464,-0.757436836
0.0855,0.715138627,-0.714793976,-1.439708611,1.442110272,0.725924231,-0.72596205
0.08555,0.738530334,-0.738130829,-1.436915545,1.439311902,0.699737492,-0.699828792
0.0856,0.76907235,-0.768616341,-1.446627945,1.44901901,0.678907565,-0.679050697
0.08565,0.806455064,-0.805940384,-1.468578981,1.470964765,0.663477276,-0.663671021
0.0857,0.850512843,-0.849936771,-1.502519776,1.504900292,0.653363471,-0.653606983
0.08575,0.901305774,-0.900665008,-1.548195566,1.550570824,0.648251429,-0.64854418
0.0858,0.959130512,-0.958421142,-1.605319016,1.607689029,0.647557331,-0.647899059
0.08585,1.024470464,-1.023687958,-1.6735496,1.675914379,0.650457451,-0.650848106
0.0859,1.097908514,-1.097047695,-1.752484757,1.754844313,0.655966582,-0.656406278
0.08595,1.180029885,-1.17908492,-1.841664106,1.844018451,0.663039391,-0.663528361
0.086,1.271339179,-1.270303567,-1.940583954,1.942933099,0.670667879,-0.671206427
0.08605,1.372206725,-1.371073288,-2.04871682,2.051060777,0.677954564,-0.678543021
0.0861,1.482848763,-1.481609641,-2.165530363,2.167869143,0.68415121,-0.684789891
0.08615,1.603336984,-1.601983624,-2.290501385,2.292835,0.68866331,-0.689352467
0.0862,1.733627466,-1.732150625,-2.423122968,2.425451429,0.691028261,-0.691768046
0.08625,1.8103001,-1.808720777,-2.507645248,2.509968567,0.692294802,-0.693085587
0.0863,1.842918677,-1.841272921,-2.509680779,2.511998966,0.668336182,-0.669175288
0.08635,1.879978886,-1.878265535,-2.518690194,2.52100326,0.640226265,-0.641111391
0.0864,1.868034997,-1.866253057,-2.443793855,2.446061016,0.583869891,-0.58479832
0.08645,1.770925756,-1.769078401,-2.273206879,2.275379428,0.503740379,-0.504707304
0.0865,1.680881162,-1.678972268,-2.111532855,2.113617291,0.432148384,-0.433148563
0.08655,1.595971499,-1.594004704,-1.962346265,1.964348608,0.367844982,-0.368873696
0.0866,1.516007756,-1.513986456,-1.825739242,1.827665036,0.311178533,-0.312231532
0.08665,1.441004427,-1.438931767,-1.701742741,1.703597062,0.262165072,-0.263238537
0.0867,1.371230537,-1.369109399,-1.590250929,1.592038395,0.220429444,-0.221519945
0.08675,1.307188688,-1.305021688,-1.49099209,1.492716875,0.185197061,-0.186301527
0.0868,1.249547929,-1.247337403,-1.403529668,1.405195508,0.155362082,-0.156477761
0.08685,1.199044851,-1.196792857,-1.327295461,1.328905665,0.129619495,-0.130743922
0.0869,1.156374786,-1.154083093,-1.261649092,1.263206557,0.106633401,-0.107764369
0.08695,1.122096852,-1.119766938,-1.205950854,1.20745807,0.085204806,-0.086340327
0.087,1.09657247,-1.094205514,-1.159630973,1.161090041,0.064402377,-0.065540653
0.08705,1.079948015,-1.077544894,-1.122238859,1.123651501,0.043629034,-0.044768417
0.0871,1.072181099,-1.069742381,-1.093460909,1.094828483,0.022613478,-0.023752434
0.08715,1.073102936,-1.070628877,-1.073100464,1.074423977,0.00134981,-0.0024521
0.0872,1.082482174,-1.079972717,-1.061042276,1.062322403,-0.020106313,0.018980838
0.08725,1.100104582,-1.097559349,-1.057183922,1.058421019,-0.041589885,0.040469125
0.0873,1.125827518,-1.123245809,-1.061369783,1.062563902,-0.063127112,0.062012529
0.08735,1.159594942,-1.156975739,-1.073353451,1.07450436,-0.084909872,0.083802996
0.0874,1.201435326,-1.198777289,-1.092772937,1.093880133,-0.107328542,0.106231004
0.08745,1.251433277,-1.248734747,-1.119157522,1.120220247,-0.130938347,0.129851909
0.0875,1.309690755,-1.306949756,-1.151956582,1.15297384,-0.156391755,0.155318335
0.08755,1.376288685,-1.373502927,-1.190581434,1.191552007,-0.184358238,0.183299933
0.0876,1.451257902,-1.448424787,-1.234448806,1.235371266,-0.215451751,0.214410865
0.08765,1.5345641,-1.531680723,-1.28301593,1.283888659,-0.250180584,0.24915965
0.0877,1.626106967,-1.62317012,-1.335800998,1.336622203,-0.288926043,0.287927842
0.08775,1.725730247,-1.722736429,-1.39238738,1.393155107,-0.331948299,0.330975889
0.0878,1.833237749,-1.830183167,-1.452414135,1.453126286,-0.379411883,0.378468612
0.08785,1.948410246,-1.945290825,-1.515558034,1.516212386,-0.43142056,0.430510092
0.0879,2.07101949,-2.067830877,-1.581513094,1.582107311,-0.488051819,0.487178144
0.08795,2.20083731,-2.197574883,-1.649972765,1.650504414,-0.549383779,0.548551234
0.088,2.337639541,-2.334298417,-1.720618056,1.721084622,-0.615510999,0.61472428
0.08805,2.481205783,-2.477780826,-1.793112722,1.793511623,-0.686549044,0.685813219
0.0881,2.540323044,-2.536851541,-1.812460186,1.812789131,-0.732908917,0.7322289
0.08815,2.496885474,-2.493421638,-1.749347505,1.749608278,-0.745975038,0.745352968
0.0882,2.457789415,-2.454333229,-1.693392772,1.693587802,-0.762908211,0.762345234
0.08825,2.426374373,-2.42292582,-1.642738265,1.642869731,-0.782152996,0.781650355
0.0883,2.349837058,-2.346396122,-1.538434263,1.538479006,-0.803329557,0.802888951
0.08835,2.200853768,-2.197420432,-1.404540507,1.404472142,-0.794888108,0.794507911
0.0884,2.066240373,-2.06281462,-1.283388728,1.283216991,-0.781385113,0.78106393
0.08845,1.944647676,-1.941229488,-1.177839725,1.177573385,-0.765363767,0.765100279
0.0885,1.83639105,-1.832980412,-1.086969843,1.086616736,-0.747995934,0.747788948
0.08855,1.74175325,-1.738350145,-1.009413308,1.00898038,-0.730930603,0.730779103
0.0886,1.660941338,-1.657545749,-0.943479523,0.942972878,-0.716065754,0.715968933
0.08865,1.594039274,-1.590651184,-0.887359879,0.88678482,-0.705294229,0.70525153
0.0887,1.540989025,-1.537608418,-0.839353525,0.8387146,-0.700259082,0.700270236
0.08875,1.501602468,-1.498229326,-0.798061568,0.797362624,-0.702171269,0.702236332
0.0888,1.475597445,-1.472231754,-0.762506675,0.761750904,-0.711726111,0.711845509
0.08885,1.462645058,-1.459286799,-0.732154197,0.731344197,-0.729129449,0.729304013
0.0889,1.462413528,-1.459062686,-0.706836356,0.705974184,-0.754217332,0.754448342
0.08895,1.47459687,-1.471253429,-0.686604916,0.685692151,-0.786632004,0.786921228
0.089,1.49892264,-1.495586583,-0.671553498,0.670591299,-0.826007347,0.82635708
0.08905,1.535140002,-1.531811312,-0.66165411,0.660643275,-0.872120418,0.87253351
0.0891,1.582994966,-1.579673628,-0.656643913,0.655584934,-0.92497993,0.925459818
0.08915,1.64220245,-1.638888447,-0.655981221,0.654874335,-0.984842305,0.985393037
0.0892,1.712424273,-1.709117589,-0.658870234,0.65771548,-1.052164949,1.0527912
0.08925,1.793259065,-1.789959684,-0.664337587,0.663134847,-1.127519612,1.128226703
0.0893,1.884245601,-1.880953507,-0.671334505,0.670083555,-1.211493568,1.21228748
0.08935,1.984876948,-1.981592125,-0.678837428,0.677537983,-1.304603141,1.305490521
0.0894,2.094620232,-2.091342663,-0.685925983,0.68457774,-1.407235498,1.408223673
0.08945,2.212936296,-2.209665966,-0.691827124,0.690429806,-1.519624176,1.520721156
0.0895,2.339294791,-2.336031684,-0.695924605,0.694478002,-1.641854694,1.643069174
0.08955,2.418321474,-2.415065574,-0.698694312,0.697197965,-1.711485097,1.712797126
0.0896,2.415910428,-2.412661719,-0.67525856,0.673715141,-1.739123224,1.740498543
0.08965,2.420642543,-2.417401009,-0.647606768,0.646018563,-1.771433622,1.772873223
0.0897,2.430746801,-2.427512426,-0.61792622,0.616295396,-1.811210701,1.812715757
0.08975,2.357031355,-2.353843432,-0.560596316,0.558925451,-1.80144145,1.803012973
0.0898,2.187785997,-2.18469141,-0.48036841,0.478662174,-1.705838761,1.707473594
0.08985,2.027729552,-2.024721881,-0.409635361,0.407898863,-1.616611576,1.618305864
0.0899,1.880485522,-1.877558827,-0.347180301,0.345418134,-1.531847897,1.533598025
0.08995,1.746141158,-1.743289974,-0.293226073,0.291442369,-1.451480047,1.453282643
0.09,1.624665465,-1.621884793,-0.247524908,0.245723378,-1.375725012,1.377576959
0.09005,1.515841932,-1.513127227,-0.209345861,0.207529827,-1.305097514,1.306995956
0.0901,1.41925869,-1.416605857,-0.177531679,0.175704109,-1.240343204,1.242285555
0.09015,1.334336406,-1.331741781,-0.150637915,0.14880146,-1.182327431,1.18431138
0.0902,1.260390268,-1.257850615,-0.127126658,0.125283677,-1.131903515,1.133927033
0.09025,1.196713486,-1.194225984,-0.105573575,0.103726173,-1.089789188,1.091850534
0.0903,1.142663323,-1.140225555,-0.084843182,0.082993242,-1.056477365,1.058575089
0.09035,1.097729199,-1.095339138,-0.064194801,0.062344018,-1.032198284,1.034331234
0.0904,1.061566531,-1.059222527,-0.043298897,0.041448817,-1.016937008,1.019104336
0.09045,1.033988825,-1.031689595,-0.022165686,0.020317748,-1.01049691,1.012698075
0.0905,1.014916543,-1.01266115,-9.97E-04,-8.20E-04,-1.01259457,1.014829348
0.09055,1.004324518,-1.002112356,0.019954568,-0.021740561,-1.022933064,1.025201544
0.0906,1.002142217,-0.999972999,0.040504415,-0.042284331,-1.041300664,1.043603259
0.09065,1.00819287,-1.006066609,0.060757643,-0.062530091,-1.067604885,1.069942328
0.0907,1.022166633,-1.020083624,0.081046905,-0.082810421,-1.101867118,1.104240465
0.09075,1.043613022,-1.041573832,0.10193452,-0.103687532,-1.144199139,1.146609767
0.0908,1.071969672,-1.069975119,0.124137292,-0.125878099,-1.194755289,1.197204893
0.09085,1.106611109,-1.104662249,0.14842642,-0.150153159,-1.253681171,1.256171766
0.0909,1.14690402,-1.145002132,0.175529877,-0.177240504,-1.321071311,1.323605222
0.09095,1.192255413,-1.190401982,0.206058869,-0.207751131,-1.396943765,1.39952363
0.091,1.242143957,-1.24034066,0.240470103,-0.242141518,-1.481233738,1.4838625
0.09105,1.296130554,-1.294379239,0.279064799,-0.280712629,-1.573803159,1.576484063
0.0911,1.353849906,-1.352152582,0.322016539,-0.32363777,-1.674460106,1.677196691
0.09115,1.414989019,-1.413347837,0.369415194,-0.371006516,-1.782981234,1.785777332
0.0912,1.479260391,-1.477677625,0.421313492,-0.422871276,-1.899131529,1.901991256
0.09125,1.546377103,-1.54485514,0.477765563,-0.479285848,-2.022677954,2.025605701
0.0913,1.616034933,-1.614576254,0.538851378,-0.540329853,-2.153395994,2.156396424
0.09135,1.687903727,-1.686510892,0.604685776,-0.606117768,-2.291070064,2.294148099
0.0914,1.761627659,-1.760303294,0.675414524,-0.676794984,-2.435489823,2.438650638
0.09145,1.782199264,-1.780945706,0.721454851,-0.722778881,-2.495479559,2.498686596
0.0915,1.720307217,-1.719122722,0.734184187,-0.735449666,-2.45294358,2.456143534
0.09155,1.665533895,-1.664416076,0.750831043,-0.752036844,-2.414756798,2.417949684
0.0916,1.556436297,-1.555408442,0.769684338,-0.77082888,-2.331136758,2.334322593
0.09165,1.416210984,-1.415299376,0.759482945,-0.760567935,-2.174123988,2.177302786
0.0917,1.288776236,-1.287970628,0.744195971,-0.745222909,-2.031497099,2.034668876
0.09175,1.177012936,-1.176304083,0.726343194,-0.72731354,-1.901904494,1.905069267
0.0918,1.080065311,-1.079444933,0.707024003,-0.707939118,-1.785657791,1.788815574
0.09185,0.996673957,-0.996134696,0.687784452,-0.688645556,-1.683043926,1.686194735
0.0919,0.925272499,-0.924807879,0.670413267,-0.671221396,-1.594285596,1.597429446
0.09195,0.864172059,-0.863776434,0.656710002,-0.65746597,-1.519493779,1.522630686
0.092,0.811767963,-0.811436476,0.648256164,-0.648960523,-1.458645573,1.461775552
0.09205,0.766721864,-0.766450395,0.646239877,-0.646892876,-1.411590973,1.41471404
0.0921,0.728077671,-0.727862789,0.651370789,-0.651972333,-1.378083707,1.381199876
0.09215,0.695286617,-0.69512552,0.663898497,-0.664448105,-1.357824726,1.360934013
0.0922,0.668140406,-0.668030866,0.683721673,-0.684218433,-1.350504479,1.353606899
0.09225,0.646634779,-0.646575082,0.71055372,-0.710996253,-1.355832133,1.358927701
0.0923,0.63080192,-0.630790804,0.744100109,-0.744486527,-1.373545314,1.376634046
0.09235,0.620554739,-0.620591342,0.784204625,-0.784532498,-1.403400647,1.406482557
0.0924,0.615578655,-0.615662452,0.830934966,-0.831201288,-1.445151129,1.448226233
0.09245,0.615290352,-0.615421105,0.88459738,-0.884798549,-1.498519536,1.501587849
0.0925,0.618863725,-0.619041428,0.945689246,-0.945821041,-1.563176952,1.566238488
0.09255,0.625306647,-0.625531481,1.014812127,-1.014869687,-1.638732584,1.641787358
0.0926,0.633562514,-0.633834796,1.092573163,-1.092550973,-1.724736709,1.727784737
0.09265,0.642609311,-0.642929448,1.179499652,-1.179391534,-1.820694324,1.823735621
0.0927,0.651534964,-0.651903408,1.275982959,-1.275782057,-1.926084404,1.929118984
0.09275,0.6595779,-0.659995103,1.382257067,-1.381955841,-2.040379017,2.043406895
0.0928,0.666132434,-0.666598801,1.498407649,-1.49799787,-2.163057781,2.166078972
0.09285,0.670726781,-0.671242632,1.624401622,-1.623874362,-2.29361544,2.296629957
0.0929,0.674103977,-0.674669864,1.697353282,-1.696728009,-2.37652991,2.37953777
0.09295,0.651586003,-0.652199354,1.727509385,-1.726819873,-2.377545038,2.380546254
0.093,0.62487873,-0.625537354,1.76223933,-1.761484502,-2.385628352,2.38862294
0.09305,0.569461198,-0.570162494,1.748266695,-1.747445643,-2.309642632,2.312592004
0.0931,0.489469812,-0.490209009,1.649479445,-1.648595412,-2.137514895,2.14037325
0.09315,0.418192646,-0.41896454,1.557655314,-1.556712243,-1.974375312,1.977149199
0.0932,0.354456398,-0.355256321,1.470815821,-1.469817422,-1.823825235,1.826520719
0.09325,0.298661275,-0.299485039,1.388743312,-1.387693055,-1.685980009,1.688602673
0.0933,0.250839516,-0.251683374,1.311451406,-1.310352513,-1.560885926,1.563440884
0.09335,0.210589642,-0.21145025,1.239238438,-1.238093868,-1.448440146,1.450932053
0.0934,0.17707192,-0.177946299,1.172661347,-1.171473795,-1.348360152,1.350793209
0.09345,0.149090868,-0.149976376,1.112456775,-1.111228659,-1.260187355,1.262565323
0.0935,0.125249226,-0.126143516,1.059426756,-1.058160217,-1.183326752,1.185652963
0.09355,0.104140016,-0.105041011,1.014315024,-1.013011914,-1.1171153,1.119392665
0.0936,0.084533398,-0.085439255,0.977701814,-0.976363692,-1.060903569,1.06313459
0.09365,0.065516064,-0.066425139,0.949939632,-0.948567765,-1.014130908,1.016317692
0.0937,0.046553154,-0.047463963,0.931141343,-0.929736691,-0.976375441,0.97851971
0.09375,0.027462764,-0.028373947,0.921218331,-0.919781546,-0.947366741,0.949469847
0.0938,0.008315348,-0.00922563,0.919954405,-0.918485827,-0.926959135,0.929022075
0.09385,-0.010718011,0.009837139,0.927100462,-0.925600115,-0.915066822,0.917090256
0.0939,-0.029483625,0.028606056,0.942425107,-0.940892691,-0.911621864,0.913606125
0.09395,-0.048026713,0.047153705,0.965809359,-0.964244254,-0.916464039,0.918409156
0.094,-0.066604092,0.065736968,0.99724065,-0.99564191,-0.929317895,0.931223604
0.09405,-0.085700655,0.084840835,1.036797939,-1.035164297,-0.949777492,0.951643254
0.0941,-0.105970459,0.105119487,1.084614188,-1.082944053,-0.97732164,0.979146655
0.09415,-0.128147436,0.127307005,1.140827872,-1.139119336,-1.01135477,1.013137996
0.0942,-0.152949772,0.152121754,1.205539144,-1.203789981,-1.051258716,1.052998882
0.09425,-0.181001599,0.180188065,1.278780335,-1.276988005,-1.096441527,1.098137148
0.0943,-0.212786955,0.211990205,1.360504752,-1.358666406,-1.146372301,1.148021696
0.09435,-0.248640112,0.247862693,1.450592198,-1.448704682,-1.200596383,1.202197692
0.0944,-0.288766632,0.288011363,1.548865862,-1.546925722,-1.258731196,1.260282392
0.09445,-0.333283387,0.332553383,1.655113797,-1.653117285,-1.3204477,1.321946612
0.0945,-0.382263973,0.38156266,1.769108919,-1.767051997,-1.38544498,1.386889302
0.09455,-0.435778015,0.435109152,1.890623509,-1.888501859,-1.453425444,1.454812757
0.0946,-0.493917214,0.493284909,2.019436723,-2.017245755,-1.524076285,1.525404069
0.09465,-0.556805981,0.556214703,2.155335728,-2.153070582,-1.597059988,1.598325638
0.0947,-0.624598575,0.624053167,2.298112411,-2.295767973,-1.6720139,1.673214742
0.09475,-0.69746721,0.6969729,2.447558053,-2.445128958,-1.7485568,1.749690102
0.0948,-0.745303048,0.744864921,2.512211659,-2.509734496,-1.771963702,1.773027033
0.09485,-0.75893199,0.758552251,2.473759613,-2.471287921,-1.713272492,1.714267477
0.0949,-0.776681438,0.776361299,2.439634722,-2.437168489,-1.66147147,1.66240038
0.09495,-0.796700295,0.796441426,2.360376517,-2.357915731,-1.555604838,1.556444294
0.095,-0.787556439,0.787357197,2.208425824,-2.205970473,-1.419446834,1.420170295
0.09505,-0.77351303,0.773372,2.070892863,-2.068442935,-1.295916564,1.296533972
0.0951,-0.757090275,0.7570061,1.946416893,-1.943972375,-1.187886284,1.1884066
0.09515,-0.739406405,0.739377847,1.835300172,-1.832861053,-1.094472866,1.094904106
0.0952,-0.722035584,0.722061567,1.737815541,-1.735381809,-1.01437546,1.014724738
0.09525,-0.706792671,0.70687232,1.654166079,-1.651737721,-0.945982618,0.946256191
0.0953,-0.695492005,0.695624687,1.584438787,-1.582015793,-0.887567287,0.887770601
0.09535,-0.689713544,0.689898903,1.528585121,-1.526167477,-0.837501208,0.837638942
0.0954,-0.690627847,0.690865847,1.486431024,-1.48401872,-0.794439965,0.794516085
0.09545,-0.698915768,0.699206731,1.457710476,-1.455303499,-0.757436835,0.75745464
0.0955,-0.714793975,0.715138626,1.442110272,-1.439708611,-0.72596205,0.725924231
0.09555,-0.738130829,0.738530334,1.439311902,-1.436915545,-0.699828792,0.699737491
0.0956,-0.768616341,0.76907235,1.449019009,-1.446627944,-0.679050697,0.678907565
0.09565,-0.805940384,0.806455064,1.470964764,-1.46857898,-0.663671021,0.663477276
0.0957,-0.84993677,0.850512842,1.504900291,-1.502519776,-0.653606983,0.653363471
0.09575,-0.900665007,0.901305774,1.550570824,-1.548195566,-0.64854418,0.648251428
0.0958,-0.958421142,0.959130511,1.607689028,-1.605319016,-0.647899059,0.647557331
0.09585,-1.023687957,1.024470463,1.675914378,-1.6735496,-0.650848106,0.650457451
0.0959,-1.097047695,1.097908514,1.754844312,-1.752484756,-0.656406278,0.655966582
0.09595,-1.17908492,1.180029885,1.84401845,-1.841664106,-0.663528361,0.663039391
0.096,-1.270303566,1.271339178,1.942933098,-1.940583953,-0.671206427,0.670667879
0.09605,-1.371073288,1.372206724,2.051060777,-2.04871682,-0.678543021,0.677954563
0.0961,-1.48160964,1.482848763,2.167869142,-2.165530362,-0.684789891,0.68415121
0.09615,-1.601983623,1.603336983,2.292835,-2.290501385,-0.689352467,0.68866331
0.0962,-1.732150625,1.733627465,2.425451428,-2.423122967,-0.691768046,0.69102826
0.09625,-1.808720776,1.8103001,2.509968566,-2.507645248,-0.693085587,0.692294802
0.0963,-1.84127292,1.842918676,2.511998966,-2.509680779,-0.669175288,0.668336182
0.09635,-1.878265535,1.879978886,2.52100326,-2.518690193,-0.641111391,0.640226265
0.0964,-1.866253056,1.868034997,2.446061015,-2.443793854,-0.58479832,0.58386989
0.09645,-1.7690784,1.770925755,2.275379427,-2.273206878,-0.504707303,0.503740379
0.0965,-1.678972268,1.680881162,2.113617291,-2.111532855,-0.433148563,0.432148384
0.09655,-1.594004704,1.595971499,1.964348608,-1.962346264,-0.368873696,0.367844982
0.0966,-1.513986455,1.516007755,1.827665035,-1.825739241,-0.312231532,0.311178533
0.09665,-1.438931766,1.441004426,1.703597061,-1.70174274,-0.263238537,0.262165072
0.0967,-1.369109398,1.371230536,1.592038395,-1.590250928,-0.221519945,0.220429443
0.09675,-1.305021687,1.307188688,1.492716874,-1.490992089,-0.186301527,0.185197061
0.0968,-1.247337403,1.249547928,1.405195507,-1.403529668,-0.156477761,0.155362082
0.09685,-1.196792856,1.19904485,1.328905664,-1.32729546,-0.130743922,0.129619495
0.0969,-1.154083093,1.156374785,1.263206556,-1.261649092,-0.107764369,0.106633401
0.09695,-1.119766938,1.122096851,1.207458069,-1.205950853,-0.086340327,0.085204806
0.097,-1.094205514,1.096572469,1.161090041,-1.159630973,-0.065540653,0.064402377
0.09705,-1.077544893,1.079948015,1.1236515,-1.122238858,-0.044768417,0.043629034
0.0971,-1.06974238,1.072181098,1.094828482,-1.093460908,-0.023752434,0.022613478
0.09715,-1.070628877,1.073102935,1.074423977,-1.073100463,-0.0024521,0.00134981
0.0972,-1.079972716,1.082482173,1.062322403,-1.061042275,0.018980838,-0.020106313
0.09725,-1.097559348,1.100104582,1.058421018,-1.057183922,0.040469125,-0.041589884
0.0973,-1.123245808,1.125827517,1.062563902,-1.061369783,0.062012529,-0.063127112
0.09735,-1.156975738,1.159594941,1.07450436,-1.073353451,0.083802996,-0.084909872
0.0974,-1.198777289,1.201435326,1.093880132,-1.092772936,0.106231004,-0.107328542
0.09745,-1.248734746,1.251433277,1.120220246,-1.119157521,0.129851909,-0.130938347
0.0975,-1.306949755,1.309690754,1.152973839,-1.151956581,0.155318334,-0.156391755
0.09755,-1.373502927,1.376288684,1.191552006,-1.190581433,0.183299933,-0.184358238
0.0976,-1.448424786,1.451257901,1.235371266,-1.234448806,0.214410865,-0.215451751
0.09765,-1.531680722,1.5345641,1.283888658,-1.283015929,0.24915965,-0.250180584
0.0977,-1.623170119,1.626106966,1.336622202,-1.335800998,0.287927842,-0.288926043
0.09775,-1.722736428,1.725730246,1.393155106,-1.39238738,0.330975889,-0.331948299
0.0978,-1.830183167,1.833237748,1.453126286,-1.452414134,0.378468612,-0.379411883
0.09785,-1.945290825,1.948410246,1.516212386,-1.515558033,0.430510091,-0.43142056
0.0979,-2.067830876,2.07101949,1.58210731,-1.581513093,0.487178143,-0.488051819
0.09795,-2.197574882,2.200837309,1.650504413,-1.649972765,0.548551234,-0.549383779
0.098,-2.334298416,2.33763954,1.721084622,-1.720618056,0.61472428,-0.615510999
0.09805,-2.477780825,2.481205782,1.793511623,-1.793112721,0.685813219,-0.686549044
0.0981,-2.53685154,2.540323044,1.81278913,-1.812460185,0.7322289,-0.732908916
0.09815,-2.493421637,2.496885473,1.749608278,-1.749347505,0.745352968,-0.745975037
0.0982,-2.454333228,2.457789414,1.693587801,-1.693392772,0.762345234,-0.762908211
0.09825,-2.42292582,2.426374372,1.64286973,-1.642738264,0.781650354,-0.782152996
0.0983,-2.346396121,2.349837057,1.538479006,-1.538434262,0.80288895,-0.803329557
0.09835,-2.197420431,2.200853767,1.404472141,-1.404540506,0.79450791,-0.794888108
0.0984,-2.062814619,2.066240372,1.283216991,-1.283388727,0.78106393,-0.781385112
0.09845,-1.941229488,1.944647675,1.177573385,-1.177839724,0.765100278,-0.765363767
0.0985,-1.832980411,1.836391049,1.086616736,-1.086969843,0.747788948,-0.747995933
0.09855,-1.738350144,1.741753249,1.00898038,-1.009413307,0.730779103,-0.730930603
0.0986,-1.657545748,1.660941338,0.942972877,-0.943479522,0.715968932,-0.716065753
0.09865,-1.590651183,1.594039274,0.886784819,-0.887359879,0.70525153,-0.705294229
0.0987,-1.537608417,1.540989024,0.8387146,-0.839353524,0.700270235,-0.700259082
0.09875,-1.498229325,1.501602467,0.797362624,-0.798061568,0.702236332,-0.702171268
0.0988,-1.472231753,1.475597445,0.761750904,-0.762506675,0.711845508,-0.71172611
0.09885,-1.459286798,1.462645057,0.731344197,-0.732154197,0.729304013,-0.729129449
0.0989,-1.459062685,1.462413527,0.705974183,-0.706836355,0.754448342,-0.754217332
0.09895,-1.471253428,1.47459687,0.685692151,-0.686604916,0.786921228,-0.786632003
0.099,-1.495586582,1.49892264,0.670591299,-0.671553497,0.826357079,-0.826007346
0.09905,-1.531811311,1.535140001,0.660643275,-0.66165411,0.872533509,-0.872120417
0.0991,-1.579673627,1.582994965,0.655584933,-0.656643913,0.925459817,-0.924979929
0.09915,-1.638888447,1.64220245,0.654874335,-0.655981221,0.985393036,-0.984842305
0.0992,-1.709117589,1.712424273,0.657715479,-0.658870234,1.052791199,-1.052164949
0.09925,-1.789959683,1.793259064,0.663134846,-0.664337587,1.128226703,-1.127519611
0.0993,-1.880953506,1.8842456,0.670083555,-0.671334504,1.212287479,-1.211493567
0.09935,-1.981592124,1.984876947,0.677537983,-0.678837427,1.305490521,-1.30460314
0.0994,-2.091342662,2.094620231,0.68457774,-0.685925983,1.408223673,-1.407235498
0.09945,-2.209665966,2.212936295,0.690429806,-0.691827124,1.520721155,-1.519624176
0.0995,-2.336031683,2.33929479,0.694478002,-0.695924605,1.643069174,-1.641854693
0.09955,-2.415065573,2.418321473,0.697197965,-0.698694311,1.712797126,-1.711485097
0.0996,-2.412661718,2.415910427,0.673715141,-0.67525856,1.740498542,-1.739123224
0.09965,-2.417401008,2.420642542,0.646018562,-0.647606768,1.772873222,-1.771433621
0.0997,-2.427512426,2.4307468,0.616295396,-0.61792622,1.812715756,-1.8112107
0.09975,-2.353843432,2.357031354,0.558925451,-0.560596316,1.803012972,-1.801441449
0.0998,-2.184691409,2.187785996,0.478662174,-0.48036841,1.707473593,-1.70583876
0.09985,-2.024721881,2.027729552,0.407898862,-0.409635361,1.618305864,-1.616611575
0.0999,-1.877558826,1.880485521,0.345418134,-0.347180301,1.533598025,-1.531847896
0.09995,-1.743289974,1.746141158,0.291442369,-0.293226072,1.453282643,-1.451480047
0.1,-1.621884792,1.624665464,0.245723378,-0.247524908,1.377576958,-1.375725012
0.10005,-1.513127227,1.515841931,0.207529827,-0.209345861,1.306995955,-1.305097514
0.1001,-1.416605856,1.41925869,0.175704109,-0.177531679,1.242285554,-1.240343203
0.10015,-1.33174178,1.334336405,0.14880146,-0.150637915,1.18431138,-1.18232743
0.1002,-1.257850614,1.260390268,0.125283677,-0.127126658,1.133927033,-1.131903514
0.10025,-1.194225983,1.196713485,0.103726173,-0.105573575,1.091850533,-1.089789187
0.1003,-1.140225554,1.142663323,0.082993242,-0.084843182,1.058575088,-1.056477364
0.10035,-1.095339137,1.097729199,0.062344018,-0.064194801,1.034331234,-1.032198283
0.1004,-1.059222527,1.06156653,0.041448817,-0.043298897,1.019104335,-1.016937007
0.10045,-1.031689594,1.033988824,0.020317748,-0.022165686,1.012698075,-1.010496909
0.1005,-1.012661149,1.014916543,-8.20E-04,-9.97E-04,1.014829347,-1.01259457
0.10055,-1.002112356,1.004324517,-0.021740561,0.019954568,1.025201543,-1.022933063
0.1006,-0.999972999,1.002142216,-0.042284331,0.040504415,1.043603258,-1.041300663
0.10065,-1.006066608,1.00819287,-0.062530091,0.060757643,1.069942328,-1.067604884
0.1007,-1.020083624,1.022166632,-0.082810421,0.081046905,1.104240464,-1.101867117
0.10075,-1.041573831,1.043613022,-0.103687532,0.10193452,1.146609766,-1.144199139
0.1008,-1.069975118,1.071969672,-0.125878099,0.124137292,1.197204893,-1.194755288
0.10085,-1.104662248,1.106611109,-0.150153159,0.14842642,1.256171765,-1.253681171
0.1009,-1.145002131,1.146904019,-0.177240503,0.175529877,1.323605221,-1.32107131
0.10095,-1.190401982,1.192255412,-0.207751131,0.206058869,1.399523629,-1.396943764
0.101,-1.240340659,1.242143957,-0.242141518,0.240470103,1.4838625,-1.481233738
0.10105,-1.294379239,1.296130554,-0.280712629,0.279064799,1.576484062,-1.573803159
0.1011,-1.352152582,1.353849905,-0.32363777,0.322016539,1.677196691,-1.674460105
0.10115,-1.413347836,1.414989019,-0.371006516,0.369415194,1.785777332,-1.782981233
0.1012,-1.477677625,1.47926039,-0.422871276,0.421313492,1.901991255,-1.899131528
0.10125,-1.54485514,1.546377102,-0.479285848,0.477765563,2.025605701,-2.022677953
0.1013,-1.614576253,1.616034932,-0.540329853,0.538851378,2.156396424,-2.153395994
0.10135,-1.686510892,1.687903727,-0.606117767,0.604685776,2.294148098,-2.291070064
0.1014,-1.760303294,1.761627658,-0.676794984,0.675414524,2.438650638,-2.435489823
0.10145,-1.780945705,1.782199264,-0.722778881,0.721454851,2.498686595,-2.495479558
0.1015,-1.719122721,1.720307217,-0.735449666,0.734184187,2.456143534,-2.45294358
0.10155,-1.664416075,1.665533895,-0.752036844,0.750831043,2.417949684,-2.414756797
0.1016,-1.555408441,1.556436297,-0.77082888,0.769684338,2.334322592,-2.331136758
0.10165,-1.415299376,1.416210984,-0.760567935,0.759482945,2.177302785,-2.174123987
0.1017,-1.287970628,1.288776236,-0.745222909,0.744195971,2.034668876,-2.031497098
0.10175,-1.176304082,1.177012936,-0.72731354,0.726343194,1.905069266,-1.901904494
0.1018,-1.079444932,1.080065311,-0.707939118,0.707024003,1.788815573,-1.78565779
0.10185,-0.996134696,0.996673957,-0.688645555,0.687784451,1.686194734,-1.683043925
0.1019,-0.924807879,0.925272499,-0.671221396,0.670413267,1.597429445,-1.594285595
0.10195,-0.863776434,0.864172059,-0.65746597,0.656710002,1.522630686,-1.519493779
0.102,-0.811436476,0.811767963,-0.648960522,0.648256163,1.461775552,-1.458645573
0.10205,-0.766450395,0.766721863,-0.646892876,0.646239877,1.414714039,-1.411590973
0.1021,-0.727862789,0.728077671,-0.651972333,0.651370789,1.381199876,-1.378083707
0.10215,-0.69512552,0.695286617,-0.664448105,0.663898497,1.360934013,-1.357824726
0.1022,-0.668030866,0.668140406,-0.684218433,0.683721672,1.353606899,-1.350504479
0.10225,-0.646575081,0.646634779,-0.710996253,0.710553719,1.358927701,-1.355832132
0.1023,-0.630790804,0.63080192,-0.744486527,0.744100108,1.376634046,-1.373545314
0.10235,-0.620591342,0.620554739,-0.784532498,0.784204625,1.406482557,-1.403400647
0.1024,-0.615662452,0.615578655,-0.831201288,0.830934965,1.448226232,-1.445151128
0.10245,-0.615421104,0.615290352,-0.884798549,0.884597379,1.501587849,-1.498519536
0.1025,-0.619041428,0.618863724,-0.94582104,0.945689246,1.566238487,-1.563176951
0.10255,-0.625531481,0.625306646,-1.014869686,1.014812127,1.641787358,-1.638732583
0.1026,-0.633834796,0.633562513,-1.092550973,1.092573163,1.727784737,-1.724736708
0.10265,-0.642929448,0.642609311,-1.179391533,1.179499652,1.82373562,-1.820694324
0.1027,-0.651903408,0.651534964,-1.275782057,1.275982959,1.929118984,-1.926084404
0.10275,-0.659995103,0.6595779,-1.381955841,1.382257066,2.043406894,-2.040379017
0.1028,-0.666598801,0.666132434,-1.497997869,1.498407649,2.166078972,-2.163057781
0.10285,-0.671242632,0.670726781,-1.623874362,1.624401622,2.296629957,-2.293615439
0.1029,-0.674669864,0.674103977,-1.696728009,1.697353282,2.37953777,-2.37652991
0.10295,-0.652199354,0.651586003,-1.726819873,1.727509385,2.380546254,-2.377545037
0.103,-0.625537354,0.62487873,-1.761484502,1.76223933,2.38862294,-2.385628352
0.10305,-0.570162494,0.569461198,-1.747445643,1.748266695,2.312592003,-2.309642632
0.1031,-0.490209009,0.489469812,-1.648595411,1.649479445,2.14037325,-2.137514895
0.10315,-0.41896454,0.418192646,-1.556712242,1.557655314,1.977149199,-1.974375312
0.1032,-0.355256321,0.354456398,-1.469817421,1.470815821,1.826520719,-1.823825235
0.10325,-0.299485039,0.298661275,-1.387693055,1.388743312,1.688602673,-1.685980009
0.1033,-0.251683374,0.250839516,-1.310352512,1.311451406,1.563440884,-1.560885925
0.10335,-0.21145025,0.210589642,-1.238093868,1.239238438,1.450932053,-1.448440146
0.1034,-0.177946299,0.177071919,-1.171473795,1.172661347,1.350793209,-1.348360152
0.10345,-0.149976376,0.149090868,-1.111228659,1.112456775,1.262565323,-1.260187355
0.1035,-0.126143516,0.125249226,-1.058160216,1.059426756,1.185652963,-1.183326752
0.10355,-0.105041011,0.104140016,-1.013011914,1.014315024,1.119392665,-1.1171153
0.1036,-0.085439255,0.084533398,-0.976363692,0.977701813,1.06313459,-1.060903569
0.10365,-0.066425139,0.065516064,-0.948567764,0.949939632,1.016317692,-1.014130908
0.1037,-0.047463963,0.046553154,-0.929736691,0.931141343,0.97851971,-0.976375441
0.10375,-0.028373947,0.027462764,-0.919781546,0.921218331,0.949469847,-0.947366741
0.1038,-0.00922563,0.008315348,-0.918485827,0.919954404,0.929022075,-0.926959134
0.10385,0.009837139,-0.010718011,-0.925600115,0.927100462,0.917090256,-0.915066822
0.1039,0.028606056,-0.029483625,-0.940892691,0.942425107,0.913606125,-0.911621864
0.10395,0.047153705,-0.048026713,-0.964244254,0.965809359,0.918409156,-0.916464039
0.104,0.065736968,-0.066604092,-0.99564191,0.99724065,0.931223604,-0.929317895
0.10405,0.084840835,-0.085700655,-1.035164297,1.036797939,0.951643254,-0.949777492
0.1041,0.105119487,-0.105970459,-1.082944053,1.084614188,0.979146655,-0.97732164
0.10415,0.127307005,-0.128147436,-1.139119336,1.140827872,1.013137996,-1.01135477
0.1042,0.152121754,-0.152949772,-1.203789981,1.205539144,1.052998882,-1.051258716
0.10425,0.180188065,-0.181001599,-1.276988005,1.278780335,1.098137148,-1.096441527
0.1043,0.211990205,-0.212786955,-1.358666406,1.360504752,1.148021696,-1.146372301
0.10435,0.247862693,-0.248640112,-1.448704682,1.450592198,1.202197692,-1.200596383
0.1044,0.288011364,-0.288766632,-1.546925722,1.548865862,1.260282392,-1.258731196
0.10445,0.332553383,-0.333283387,-1.653117285,1.655113797,1.321946612,-1.3204477
0.1045,0.381562661,-0.382263973,-1.767051997,1.769108919,1.386889302,-1.38544498
0.10455,0.435109152,-0.435778015,-1.88850186,1.890623509,1.454812757,-1.453425444
0.1046,0.49328491,-0.493917214,-2.017245755,2.019436724,1.525404069,-1.524076285
0.10465,0.556214703,-0.556805981,-2.153070582,2.155335728,1.598325638,-1.597059988
0.1047,0.624053168,-0.624598575,-2.295767973,2.298112412,1.673214742,-1.6720139
0.10475,0.6969729,-0.69746721,-2.445128959,2.447558053,1.749690103,-1.7485568
0.1048,0.744864921,-0.745303048,-2.509734496,2.512211659,1.773027033,-1.771963702
0.10485,0.758552252,-0.75893199,-2.471287921,2.473759613,1.714267477,-1.713272493
0.1049,0.776361299,-0.776681438,-2.43716849,2.439634722,1.66240038,-1.661471471
0.10495,0.796441426,-0.796700296,-2.357915731,2.360376517,1.556444294,-1.555604838
0.105,0.787357197,-0.787556439,-2.205970473,2.208425824,1.420170295,-1.419446834
0.10505,0.773372,-0.77351303,-2.068442935,2.070892863,1.296533972,-1.295916564
0.1051,0.7570061,-0.757090275,-1.943972375,1.946416893,1.188406601,-1.187886285
0.10515,0.739377848,-0.739406406,-1.832861053,1.835300172,1.094904106,-1.094472866
0.1052,0.722061568,-0.722035585,-1.735381809,1.737815541,1.014724738,-1.01437546
0.10525,0.706872321,-0.706792671,-1.651737722,1.654166079,0.946256191,-0.945982618
0.1053,0.695624687,-0.695492006,-1.582015793,1.584438788,0.887770601,-0.887567287
0.10535,0.689898903,-0.689713545,-1.526167478,1.528585121,0.837638943,-0.837501208
0.1054,0.690865847,-0.690627848,-1.484018721,1.486431025,0.794516085,-0.794439966
0.10545,0.699206732,-0.698915769,-1.4553035,1.457710476,0.75745464,-0.757436836
0.1055,0.715138627,-0.714793976,-1.439708611,1.442110272,0.725924231,-0.72596205
0.10555,0.738530334,-0.738130829,-1.436915545,1.439311902,0.699737492,-0.699828792
0.1056,0.76907235,-0.768616341,-1.446627945,1.44901901,0.678907565,-0.679050697
0.10565,0.806455064,-0.805940384,-1.468578981,1.470964765,0.663477276,-0.663671021
0.1057,0.850512843,-0.849936771,-1.502519776,1.504900292,0.653363471,-0.653606983
0.10575,0.901305774,-0.900665008,-1.548195566,1.550570824,0.648251429,-0.64854418
0.1058,0.959130512,-0.958421142,-1.605319016,1.607689029,0.647557331,-0.647899059
0.10585,1.024470464,-1.023687958,-1.6735496,1.675914379,0.650457451,-0.650848106
0.1059,1.097908514,-1.097047695,-1.752484757,1.754844313,0.655966582,-0.656406278
0.10595,1.180029885,-1.17908492,-1.841664106,1.844018451,0.663039391,-0.663528361
0.106,1.271339179,-1.270303567,-1.940583954,1.942933099,0.670667879,-0.671206427
0.10605,1.372206725,-1.371073288,-2.04871682,2.051060777,0.677954564,-0.678543021
0.1061,1.482848763,-1.481609641,-2.165530363,2.167869143,0.68415121,-0.684789891
0.10615,1.603336984,-1.601983624,-2.290501385,2.292835,0.68866331,-0.689352467
0.1062,1.733627466,-1.732150625,-2.423122968,2.425451429,0.691028261,-0.691768046
0.10625,1.8103001,-1.808720777,-2.507645248,2.509968567,0.692294802,-0.693085587
0.1063,1.842918677,-1.841272921,-2.509680779,2.511998966,0.668336182,-0.669175288
0.10635,1.879978886,-1.878265535,-2.518690194,2.52100326,0.640226265,-0.641111391
0.1064,1.868034997,-1.866253057,-2.443793855,2.446061016,0.583869891,-0.58479832
0.10645,1.770925756,-1.769078401,-2.273206879,2.275379428,0.503740379,-0.504707304
0.1065,1.680881162,-1.678972268,-2.111532855,2.113617291,0.432148384,-0.433148563
0.10655,1.595971499,-1.594004704,-1.962346265,1.964348608,0.367844982,-0.368873696
0.1066,1.516007756,-1.513986456,-1.825739242,1.827665036,0.311178533,-0.312231532
0.10665,1.441004427,-1.438931767,-1.701742741,1.703597062,0.262165072,-0.263238537
0.1067,1.371230537,-1.369109399,-1.590250929,1.592038395,0.220429444,-0.221519945
0.10675,1.307188688,-1.305021688,-1.49099209,1.492716875,0.185197061,-0.186301527
0.1068,1.249547929,-1.247337403,-1.403529668,1.405195508,0.155362082,-0.156477761
0.10685,1.199044851,-1.196792857,-1.327295461,1.328905665,0.129619495,-0.130743922
0.1069,1.156374786,-1.154083093,-1.261649092,1.263206557,0.106633401,-0.107764369
0.10695,1.122096852,-1.119766938,-1.205950854,1.20745807,0.085204806,-0.086340327
0.107,1.09657247,-1.094205514,-1.159630973,1.161090041,0.064402377,-0.065540653
0.10705,1.079948015,-1.077544894,-1.122238859,1.123651501,0.043629034,-0.044768417
0.1071,1.072181099,-1.069742381,-1.093460909,1.094828483,0.022613478,-0.023752434
0.10715,1.073102936,-1.070628877,-1.073100464,1.074423977,0.00134981,-0.0024521
0.1072,1.082482174,-1.079972717,-1.061042276,1.062322403,-0.020106313,0.018980838
0.10725,1.100104582,-1.097559349,-1.057183922,1.058421019,-0.041589885,0.040469125
0.1073,1.125827518,-1.123245809,-1.061369783,1.062563902,-0.063127112,0.062012529
0.10735,1.159594942,-1.156975739,-1.073353451,1.07450436,-0.084909872,0.083802996
0.1074,1.201435326,-1.198777289,-1.092772937,1.093880133,-0.107328542,0.106231004
0.10745,1.251433277,-1.248734747,-1.119157522,1.120220247,-0.130938347,0.129851909
0.1075,1.309690755,-1.306949756,-1.151956582,1.15297384,-0.156391755,0.155318335
0.10755,1.376288685,-1.373502927,-1.190581434,1.191552007,-0.184358238,0.183299933
0.1076,1.451257902,-1.448424787,-1.234448806,1.235371266,-0.215451751,0.214410865
0.10765,1.5345641,-1.531680723,-1.28301593,1.283888659,-0.250180584,0.24915965
0.1077,1.626106967,-1.62317012,-1.335800998,1.336622203,-0.288926043,0.287927842
0.10775,1.725730247,-1.722736429,-1.39238738,1.393155107,-0.331948299,0.330975889
0.1078,1.833237749,-1.830183167,-1.452414135,1.453126286,-0.379411883,0.378468612
0.10785,1.948410246,-1.945290825,-1.515558034,1.516212386,-0.43142056,0.430510092
0.1079,2.07101949,-2.067830877,-1.581513094,1.582107311,-0.488051819,0.487178144
0.10795,2.20083731,-2.197574883,-1.649972765,1.650504414,-0.549383779,0.548551234
0.108,2.337639541,-2.334298417,-1.720618056,1.721084622,-0.615510999,0.61472428
0.10805,2.481205783,-2.477780826,-1.793112722,1.793511623,-0.686549044,0.685813219
0.1081,2.540323044,-2.536851541,-1.812460186,1.812789131,-0.732908917,0.7322289
0.10815,2.496885474,-2.493421638,-1.749347505,1.749608278,-0.745975038,0.745352968
0.1082,2.457789415,-2.454333229,-1.693392772,1.693587802,-0.762908211,0.762345234
0.10825,2.426374373,-2.42292582,-1.642738265,1.642869731,-0.782152996,0.781650355
0.1083,2.349837058,-2.346396122,-1.538434263,1.538479006,-0.803329557,0.802888951
0.10835,2.200853768,-2.197420432,-1.404540507,1.404472142,-0.794888108,0.794507911
0.1084,2.066240373,-2.06281462,-1.283388728,1.283216991,-0.781385113,0.78106393
0.10845,1.944647676,-1.941229488,-1.177839725,1.177573385,-0.765363767,0.765100279
0.1085,1.83639105,-1.832980412,-1.086969843,1.086616736,-0.747995934,0.747788948
0.10855,1.74175325,-1.738350145,-1.009413308,1.00898038,-0.730930603,0.730779103
0.1086,1.660941338,-1.657545749,-0.943479523,0.942972878,-0.716065754,0.715968933
0.10865,1.594039274,-1.590651184,-0.887359879,0.88678482,-0.705294229,0.70525153
0.1087,1.540989025,-1.537608418,-0.839353525,0.8387146,-0.700259082,0.700270236
0.10875,1.501602468,-1.498229326,-0.798061568,0.797362624,-0.702171269,0.702236332
0.1088,1.475597445,-1.472231754,-0.762506675,0.761750904,-0.711726111,0.711845509
0.10885,1.462645058,-1.459286799,-0.732154197,0.731344197,-0.729129449,0.729304013
0.1089,1.462413528,-1.459062686,-0.706836356,0.705974184,-0.754217332,0.754448342
0.10895,1.47459687,-1.471253429,-0.686604916,0.685692151,-0.786632004,0.786921228
0.109,1.49892264,-1.495586583,-0.671553498,0.670591299,-0.826007347,0.82635708
0.10905,1.535140002,-1.531811312,-0.66165411,0.660643275,-0.872120418,0.87253351
0.1091,1.582994966,-1.579673628,-0.656643913,0.655584934,-0.92497993,0.925459818
0.10915,1.64220245,-1.638888447,-0.655981221,0.654874335,-0.984842305,0.985393037
0.1092,1.712424273,-1.709117589,-0.658870234,0.65771548,-1.052164949,1.0527912
0.10925,1.793259065,-1.789959684,-0.664337587,0.663134847,-1.127519612,1.128226703
0.1093,1.884245601,-1.880953507,-0.671334505,0.670083555,-1.211493568,1.21228748
0.10935,1.984876948,-1.981592125,-0.678837428,0.677537983,-1.304603141,1.305490521
0.1094,2.094620232,-2.091342663,-0.685925983,0.68457774,-1.407235498,1.408223673
0.10945,2.212936296,-2.209665966,-0.691827124,0.690429806,-1.519624176,1.520721156
0.1095,2.339294791,-2.336031684,-0.695924605,0.694478002,-1.641854694,1.643069174
0.10955,2.418321474,-2.415065574,-0.698694312,0.697197965,-1.711485097,1.712797126
0.1096,2.415910428,-2.412661719,-0.67525856,0.673715141,-1.739123224,1.740498543
0.10965,2.420642543,-2.417401009,-0.647606768,0.646018563,-1.771433622,1.772873223
0.1097,2.430746801,-2.427512426,-0.61792622,0.616295396,-1.811210701,1.812715757
0.10975,2.357031355,-2.353843432,-0.560596316,0.558925451,-1.80144145,1.803012973
0.1098,2.187785997,-2.18469141,-0.48036841,0.478662174,-1.705838761,1.707473594
0.10985,2.027729552,-2.024721881,-0.409635361,0.407898863,-1.616611576,1.618305864
0.1099,1.880485522,-1.877558827,-0.347180301,0.345418134,-1.531847897,1.533598025
0.10995,1.746141158,-1.743289974,-0.293226073,0.291442369,-1.451480047,1.453282643
0.11,1.624665465,-1.621884793,-0.247524908,0.245723378,-1.375725012,1.377576959
0.11005,1.515841932,-1.513127227,-0.209345861,0.207529827,-1.305097514,1.306995956
0.1101,1.41925869,-1.416605857,-0.177531679,0.175704109,-1.240343204,1.242285555
0.11015,1.334336406,-1.331741781,-0.150637915,0.14880146,-1.182327431,1.18431138
0.1102,1.260390268,-1.257850615,-0.127126658,0.125283677,-1.131903515,1.133927033
0.11025,1.196713486,-1.194225984,-0.105573575,0.103726173,-1.089789188,1.091850534
0.1103,1.142663323,-1.140225555,-0.084843182,0.082993242,-1.056477365,1.058575089
0.11035,1.097729199,-1.095339138,-0.064194801,0.062344018,-1.032198284,1.034331234
0.1104,1.061566531,-1.059222527,-0.043298897,0.041448817,-1.016937008,1.019104336
0.11045,1.033988825,-1.031689595,-0.022165686,0.020317748,-1.01049691,1.012698075
0.1105,1.014916543,-1.01266115,-9.97E-04,-8.20E-04,-1.01259457,1.014829348
0.11055,1.004324518,-1.002112356,0.019954568,-0.021740561,-1.022933064,1.025201544
0.1106,1.002142217,-0.999972999,0.040504415,-0.042284331,-1.041300664,1.043603259
0.11065,1.00819287,-1.006066609,0.060757643,-0.062530091,-1.067604885,1.069942328
0.1107,1.022166633,-1.020083624,0.081046905,-0.082810421,-1.101867118,1.104240465
0.11075,1.043613022,-1.041573832,0.10193452,-0.103687532,-1.144199139,1.146609767
0.1108,1.071969672,-1.069975119,0.124137292,-0.125878099,-1.194755289,1.197204893
0.11085,1.106611109,-1.104662249,0.14842642,-0.150153159,-1.253681171,1.256171766
0.1109,1.14690402,-1.145002132,0.175529877,-0.177240504,-1.321071311,1.323605222
0.11095,1.192255413,-1.190401982,0.206058869,-0.207751131,-1.396943765,1.39952363
0.111,1.242143957,-1.24034066,0.240470103,-0.242141518,-1.481233738,1.4838625
0.11105,1.296130554,-1.294379239,0.279064799,-0.280712629,-1.573803159,1.576484063
0.1111,1.353849906,-1.352152582,0.322016539,-0.32363777,-1.674460106,1.677196691
0.11115,1.414989019,-1.413347837,0.369415194,-0.371006516,-1.782981234,1.785777332
0.1112,1.479260391,-1.477677625,0.421313492,-0.422871276,-1.899131529,1.901991256
0.11125,1.546377103,-1.54485514,0.477765563,-0.479285848,-2.022677954,2.025605701
0.1113,1.616034933,-1.614576254,0.538851378,-0.540329853,-2.153395994,2.156396424
0.11135,1.687903727,-1.686510892,0.604685776,-0.606117768,-2.291070064,2.294148099
0.1114,1.761627659,-1.760303294,0.675414524,-0.676794984,-2.435489823,2.438650638
0.11145,1.782199264,-1.780945706,0.721454851,-0.722778881,-2.495479559,2.498686596
0.1115,1.720307217,-1.719122722,0.734184187,-0.735449666,-2.45294358,2.456143534
0.11155,1.665533895,-1.664416076,0.750831043,-0.752036844,-2.414756798,2.417949684
0.1116,1.556436297,-1.555408442,0.769684338,-0.77082888,-2.331136758,2.334322593
0.11165,1.416210984,-1.415299376,0.759482945,-0.760567935,-2.174123988,2.177302786
0.1117,1.288776236,-1.287970628,0.744195971,-0.745222909,-2.031497099,2.034668876
0.11175,1.177012936,-1.176304083,0.726343194,-0.72731354,-1.901904494,1.905069267
0.1118,1.080065311,-1.079444933,0.707024003,-0.707939118,-1.785657791,1.788815574
0.11185,0.996673957,-0.996134696,0.687784452,-0.688645556,-1.683043926,1.686194735
0.1119,0.925272499,-0.924807879,0.670413267,-0.671221396,-1.594285596,1.597429446
0.11195,0.864172059,-0.863776434,0.656710002,-0.65746597,-1.519493779,1.522630686
0.112,0.811767963,-0.811436476,0.648256164,-0.648960523,-1.458645573,1.461775552
0.11205,0.766721864,-0.766450395,0.646239877,-0.646892876,-1.411590973,1.41471404
0.1121,0.728077671,-0.727862789,0.651370789,-0.651972333,-1.378083707,1.381199876
0.11215,0.695286617,-0.69512552,0.663898497,-0.664448105,-1.357824726,1.360934013
0.1122,0.668140406,-0.668030866,0.683721673,-0.684218433,-1.350504479,1.353606899
0.11225,0.646634779,-0.646575082,0.71055372,-0.710996253,-1.355832133,1.358927701
0.1123,0.63080192,-0.630790804,0.744100109,-0.744486527,-1.373545314,1.376634046
0.11235,0.620554739,-0.620591342,0.784204625,-0.784532498,-1.403400647,1.406482557
0.1124,0.615578655,-0.615662452,0.830934966,-0.831201288,-1.445151129,1.448226233
0.11245,0.615290352,-0.615421105,0.88459738,-0.884798549,-1.498519536,1.501587849
0.1125,0.618863725,-0.619041428,0.945689246,-0.945821041,-1.563176952,1.566238488
0.11255,0.625306647,-0.625531481,1.014812127,-1.014869687,-1.638732584,1.641787358
0.1126,0.633562514,-0.633834796,1.092573163,-1.092550973,-1.724736709,1.727784737
0.11265,0.642609311,-0.642929448,1.179499652,-1.179391534,-1.820694324,1.823735621
0.1127,0.651534964,-0.651903408,1.275982959,-1.275782057,-1.926084404,1.929118984
0.11275,0.6595779,-0.659995103,1.382257067,-1.381955841,-2.040379017,2.043406895
0.1128,0.666132434,-0.666598801,1.498407649,-1.49799787,-2.163057781,2.166078972
0.11285,0.670726781,-0.671242632,1.624401622,-1.623874362,-2.29361544,2.296629957
0.1129,0.674103977,-0.674669864,1.697353282,-1.696728009,-2.37652991,2.37953777
0.11295,0.651586003,-0.652199354,1.727509385,-1.726819873,-2.377545038,2.380546254
0.113,0.62487873,-0.625537354,1.76223933,-1.761484502,-2.385628352,2.38862294
0.11305,0.569461198,-0.570162494,1.748266695,-1.747445643,-2.309642632,2.312592004
0.1131,0.489469812,-0.490209009,1.649479445,-1.648595412,-2.137514895,2.14037325
0.11315,0.418192646,-0.41896454,1.557655314,-1.556712243,-1.974375312,1.977149199
0.1132,0.354456398,-0.355256321,1.470815821,-1.469817422,-1.823825235,1.826520719
0.11325,0.298661275,-0.299485039,1.388743312,-1.387693055,-1.685980009,1.688602673
0.1133,0.250839516,-0.251683374,1.311451406,-1.310352513,-1.560885926,1.563440884
0.11335,0.210589642,-0.21145025,1.239238438,-1.238093868,-1.448440146,1.450932053
0.1134,0.17707192,-0.177946299,1.172661347,-1.171473795,-1.348360152,1.350793209
0.11345,0.149090868,-0.149976376,1.112456775,-1.111228659,-1.260187355,1.262565323
0.1135,0.125249226,-0.126143516,1.059426756,-1.058160217,-1.183326752,1.185652963
0.11355,0.104140016,-0.105041011,1.014315024,-1.013011914,-1.1171153,1.119392665
0.1136,0.084533398,-0.085439255,0.977701814,-0.976363692,-1.060903569,1.06313459
0.11365,0.065516064,-0.066425139,0.949939632,-0.948567765,-1.014130908,1.016317692
0.1137,0.046553154,-0.047463963,0.931141343,-0.929736691,-0.976375441,0.97851971
0.11375,0.027462764,-0.028373947,0.921218331,-0.919781546,-0.947366741,0.949469847
0.1138,0.008315348,-0.00922563,0.919954405,-0.918485827,-0.926959135,0.929022075
0.11385,-0.010718011,0.009837139,0.927100462,-0.925600115,-0.915066822,0.917090256
0.1139,-0.029483625,0.028606056,0.942425107,-0.940892691,-0.911621864,0.913606125
0.11395,-0.048026713,0.047153705,0.965809359,-0.964244254,-0.916464039,0.918409156
0.114,-0.066604092,0.065736968,0.99724065,-0.99564191,-0.929317895,0.931223604
0.11405,-0.085700655,0.084840835,1.036797939,-1.035164297,-0.949777492,0.951643254
0.1141,-0.105970459,0.105119487,1.084614188,-1.082944053,-0.97732164,0.979146655
0.11415,-0.128147436,0.127307005,1.140827872,-1.139119336,-1.01135477,1.013137996
0.1142,-0.152949772,0.152121754,1.205539144,-1.203789981,-1.051258716,1.052998882
0.11425,-0.181001599,0.180188065,1.278780335,-1.276988005,-1.096441527,1.098137148
0.1143,-0.212786955,0.211990205,1.360504752,-1.358666406,-1.146372301,1.148021696
0.11435,-0.248640112,0.247862693,1.450592198,-1.448704682,-1.200596383,1.202197692
0.1144,-0.288766632,0.288011363,1.548865862,-1.546925722,-1.258731196,1.260282392
0.11445,-0.333283387,0.332553383,1.655113797,-1.653117285,-1.3204477,1.321946612
0.1145,-0.382263973,0.38156266,1.769108919,-1.767051997,-1.38544498,1.386889302
0.11455,-0.435778015,0.435109152,1.890623509,-1.888501859,-1.453425444,1.454812757
0.1146,-0.493917214,0.493284909,2.019436723,-2.017245755,-1.524076285,1.525404069
0.11465,-0.556805981,0.556214703,2.155335728,-2.153070582,-1.597059988,1.598325638
0.1147,-0.624598575,0.624053167,2.298112411,-2.295767973,-1.6720139,1.673214742
0.11475,-0.69746721,0.6969729,2.447558053,-2.445128958,-1.7485568,1.749690102
0.1148,-0.745303048,0.744864921,2.512211659,-2.509734496,-1.771963702,1.773027033
0.11485,-0.75893199,0.758552251,2.473759613,-2.471287921,-1.713272492,1.714267477
0.1149,-0.776681438,0.776361299,2.439634722,-2.437168489,-1.66147147,1.66240038
0.11495,-0.796700295,0.796441426,2.360376517,-2.357915731,-1.555604838,1.556444294
0.115,-0.787556439,0.787357197,2.208425824,-2.205970473,-1.419446834,1.420170295
0.11505,-0.77351303,0.773372,2.070892863,-2.068442935,-1.295916564,1.296533972
0.1151,-0.757090275,0.7570061,1.946416893,-1.943972375,-1.187886284,1.1884066
0.11515,-0.739406405,0.739377847,1.835300172,-1.832861053,-1.094472866,1.094904106
0.1152,-0.722035584,0.722061567,1.737815541,-1.735381809,-1.01437546,1.014724738
0.11525,-0.706792671,0.70687232,1.654166079,-1.651737721,-0.945982618,0.946256191
0.1153,-0.695492005,0.695624687,1.584438787,-1.582015793,-0.887567287,0.887770601
0.11535,-0.689713544,0.689898903,1.528585121,-1.526167477,-0.837501208,0.837638942
0.1154,-0.690627847,0.690865847,1.486431024,-1.48401872,-0.794439965,0.794516085
0.11545,-0.698915768,0.699206731,1.457710476,-1.455303499,-0.757436835,0.75745464
0.1155,-0.714793975,0.715138626,1.442110272,-1.439708611,-0.72596205,0.725924231
0.11555,-0.738130829,0.738530334,1.439311902,-1.436915545,-0.699828792,0.699737491
0.1156,-0.768616341,0.76907235,1.449019009,-1.446627944,-0.679050697,0.678907565
0.11565,-0.805940384,0.806455064,1.470964764,-1.46857898,-0.663671021,0.663477276
0.1157,-0.84993677,0.850512842,1.504900291,-1.502519776,-0.653606983,0.653363471
0.11575,-0.900665007,0.901305774,1.550570824,-1.548195566,-0.64854418,0.648251428
0.1158,-0.958421142,0.959130511,1.607689028,-1.605319016,-0.647899059,0.647557331
0.11585,-1.023687957,1.024470463,1.675914378,-1.6735496,-0.650848106,0.650457451
0.1159,-1.097047695,1.097908514,1.754844312,-1.752484756,-0.656406278,0.655966582
0.11595,-1.17908492,1.180029885,1.84401845,-1.841664106,-0.663528361,0.663039391
0.116,-1.270303566,1.271339178,1.942933098,-1.940583953,-0.671206427,0.670667879
0.11605,-1.371073288,1.372206724,2.051060777,-2.04871682,-0.678543021,0.677954563
0.1161,-1.48160964,1.482848763,2.167869142,-2.165530362,-0.684789891,0.68415121
0.11615,-1.601983623,1.603336983,2.292835,-2.290501385,-0.689352467,0.68866331
0.1162,-1.732150625,1.733627465,2.425451428,-2.423122967,-0.691768046,0.69102826
0.11625,-1.808720776,1.8103001,2.509968566,-2.507645248,-0.693085587,0.692294802
0.1163,-1.84127292,1.842918676,2.511998966,-2.509680779,-0.669175288,0.668336182
0.11635,-1.878265535,1.879978886,2.52100326,-2.518690193,-0.641111391,0.640226265
0.1164,-1.866253056,1.868034997,2.446061015,-2.443793854,-0.58479832,0.58386989
0.11645,-1.7690784,1.770925755,2.275379427,-2.273206878,-0.504707303,0.503740379
0.1165,-1.678972268,1.680881162,2.113617291,-2.111532855,-0.433148563,0.432148384
0.11655,-1.594004704,1.595971499,1.964348608,-1.962346264,-0.368873696,0.367844982
0.1166,-1.513986455,1.516007755,1.827665035,-1.825739241,-0.312231532,0.311178533
0.11665,-1.438931766,1.441004426,1.703597061,-1.70174274,-0.263238537,0.262165072
0.1167,-1.369109398,1.371230536,1.592038395,-1.590250928,-0.221519945,0.220429443
0.11675,-1.305021687,1.307188688,1.492716874,-1.490992089,-0.186301527,0.185197061
0.1168,-1.247337403,1.249547928,1.405195507,-1.403529668,-0.156477761,0.155362082
0.11685,-1.196792856,1.19904485,1.328905664,-1.32729546,-0.130743922,0.129619495
0.1169,-1.154083093,1.156374785,1.263206556,-1.261649092,-0.107764369,0.106633401
0.11695,-1.119766938,1.122096851,1.207458069,-1.205950853,-0.086340327,0.085204806
0.117,-1.094205514,1.096572469,1.161090041,-1.159630973,-0.065540653,0.064402377
0.11705,-1.077544893,1.079948015,1.1236515,-1.122238858,-0.044768417,0.043629034
0.1171,-1.06974238,1.072181098,1.094828482,-1.093460908,-0.023752434,0.022613478
0.11715,-1.070628877,1.073102935,1.074423977,-1.073100463,-0.0024521,0.00134981
0.1172,-1.079972716,1.082482173,1.062322403,-1.061042275,0.018980838,-0.020106313
0.11725,-1.097559348,1.100104582,1.058421018,-1.057183922,0.040469125,-0.041589884
0.1173,-1.123245808,1.125827517,1.062563902,-1.061369783,0.062012529,-0.063127112
0.11735,-1.156975738,1.159594941,1.07450436,-1.073353451,0.083802996,-0.084909872
0.1174,-1.198777289,1.201435326,1.093880132,-1.092772936,0.106231004,-0.107328542
0.11745,-1.248734746,1.251433277,1.120220246,-1.119157521,0.129851909,-0.130938347
0.1175,-1.306949755,1.309690754,1.152973839,-1.151956581,0.155318334,-0.156391755
0.11755,-1.373502927,1.376288684,1.191552006,-1.190581433,0.183299933,-0.184358238
0.1176,-1.448424786,1.451257901,1.235371266,-1.234448806,0.214410865,-0.215451751
0.11765,-1.531680722,1.5345641,1.283888658,-1.283015929,0.24915965,-0.250180584
0.1177,-1.623170119,1.626106966,1.336622202,-1.335800998,0.287927842,-0.288926043
0.11775,-1.722736428,1.725730246,1.393155106,-1.39238738,0.330975889,-0.331948299
0.1178,-1.830183167,1.833237748,1.453126286,-1.452414134,0.378468612,-0.379411883
0.11785,-1.945290825,1.948410246,1.516212386,-1.515558033,0.430510091,-0.43142056
0.1179,-2.067830876,2.07101949,1.58210731,-1.581513093,0.487178143,-0.488051819
0.11795,-2.197574882,2.200837309,1.650504413,-1.649972765,0.548551234,-0.549383779
0.118,-2.334298416,2.33763954,1.721084622,-1.720618056,0.61472428,-0.615510999
0.11805,-2.477780825,2.481205782,1.793511623,-1.793112721,0.685813219,-0.686549044
0.1181,-2.53685154,2.540323044,1.81278913,-1.812460185,0.7322289,-0.732908916
0.11815,-2.493421637,2.496885473,1.749608278,-1.749347505,0.745352968,-0.745975037
0.1182,-2.454333228,2.457789414,1.693587801,-1.693392772,0.762345234,-0.762908211
0.11825,-2.42292582,2.426374372,1.64286973,-1.642738264,0.781650354,-0.782152996
0.1183,-2.346396121,2.349837057,1.538479006,-1.538434262,0.80288895,-0.803329557
0.11835,-2.197420431,2.200853767,1.404472141,-1.404540506,0.79450791,-0.794888108
0.1184,-2.062814619,2.066240372,1.283216991,-1.283388727,0.78106393,-0.781385112
0.11845,-1.941229488,1.944647675,1.177573385,-1.177839724,0.765100278,-0.765363767
0.1185,-1.832980411,1.836391049,1.086616736,-1.086969843,0.747788948,-0.747995933
0.11855,-1.738350144,1.741753249,1.00898038,-1.009413307,0.730779103,-0.730930603
0.1186,-1.657545748,1.660941338,0.942972877,-0.943479522,0.715968932,-0.716065753
0.11865,-1.590651183,1.594039274,0.886784819,-0.887359879,0.70525153,-0.705294229
0.1187,-1.537608417,1.540989024,0.8387146,-0.839353524,0.700270235,-0.700259082
0.11875,-1.498229325,1.501602467,0.797362624,-0.798061568,0.702236332,-0.702171268
0.1188,-1.472231753,1.475597445,0.761750904,-0.762506675,0.711845508,-0.71172611
0.11885,-1.459286798,1.462645057,0.731344197,-0.732154197,0.729304013,-0.729129449
0.1189,-1.459062685,1.462413527,0.705974183,-0.706836355,0.754448342,-0.754217332
0.11895,-1.471253428,1.47459687,0.685692151,-0.686604916,0.786921228,-0.786632003
0.119,-1.495586582,1.49892264,0.670591299,-0.671553497,0.826357079,-0.826007346
0.11905,-1.531811311,1.535140001,0.660643275,-0.66165411,0.872533509,-0.872120417
0.1191,-1.579673627,1.582994965,0.655584933,-0.656643913,0.925459817,-0.924979929
0.11915,-1.638888447,1.64220245,0.654874335,-0.655981221,0.985393036,-0.984842305
0.1192,-1.709117589,1.712424273,0.657715479,-0.658870234,1.052791199,-1.052164949
0.11925,-1.789959683,1.793259064,0.663134846,-0.664337587,1.128226703,-1.127519611
0.1193,-1.880953506,1.8842456,0.670083555,-0.671334504,1.212287479,-1.211493567
0.11935,-1.981592124,1.984876947,0.677537983,-0.678837427,1.305490521,-1.30460314
0.1194,-2.091342662,2.094620231,0.68457774,-0.685925983,1.408223673,-1.407235498
0.11945,-2.209665966,2.212936295,0.690429806,-0.691827124,1.520721155,-1.519624176
0.1195,-2.336031683,2.33929479,0.694478002,-0.695924605,1.643069174,-1.641854693
0.11955,-2.415065573,2.418321473,0.697197965,-0.698694311,1.712797126,-1.711485097
0.1196,-2.412661718,2.415910427,0.673715141,-0.67525856,1.740498542,-1.739123224
0.11965,-2.417401008,2.420642542,0.646018562,-0.647606768,1.772873222,-1.771433621
0.1197,-2.427512426,2.4307468,0.616295396,-0.61792622,1.812715756,-1.8112107
0.11975,-2.353843432,2.357031354,0.558925451,-0.560596316,1.803012972,-1.801441449
0.1198,-2.184691409,2.187785996,0.478662174,-0.48036841,1.707473593,-1.70583876
0.11985,-2.024721881,2.027729552,0.407898862,-0.409635361,1.618305864,-1.616611575
0.1199,-1.877558826,1.880485521,0.345418134,-0.347180301,1.533598025,-1.531847896
0.11995,-1.743289974,1.746141158,0.291442369,-0.293226072,1.453282643,-1.451480047
0.12,-1.621884792,1.624665464,0.245723378,-0.247524908,1.377576958,-1.375725012
0.12005,-1.513127227,1.515841931,0.207529827,-0.209345861,1.306995955,-1.305097514
0.1201,-1.416605856,1.41925869,0.175704109,-0.177531679,1.242285554,-1.240343203
0.12015,-1.33174178,1.334336405,0.14880146,-0.150637915,1.18431138,-1.18232743
0.1202,-1.257850614,1.260390268,0.125283677,-0.127126658,1.133927033,-1.131903514
0.12025,-1.194225983,1.196713485,0.103726173,-0.105573575,1.091850533,-1.089789187
0.1203,-1.140225554,1.142663323,0.082993242,-0.084843182,1.058575088,-1.056477364
0.12035,-1.095339137,1.097729199,0.062344018,-0.064194801,1.034331234,-1.032198283
0.1204,-1.059222527,1.06156653,0.041448817,-0.043298897,1.019104335,-1.016937007
0.12045,-1.031689594,1.033988824,0.020317748,-0.022165686,1.012698075,-1.010496909
0.1205,-1.012661149,1.014916543,-8.20E-04,-9.97E-04,1.014829347,-1.01259457
0.12055,-1.002112356,1.004324517,-0.021740561,0.019954568,1.025201543,-1.022933063
0.1206,-0.999972999,1.002142216,-0.042284331,0.040504415,1.043603258,-1.041300663
0.12065,-1.006066608,1.00819287,-0.062530091,0.060757643,1.069942328,-1.067604884
0.1207,-1.020083624,1.022166632,-0.082810421,0.081046905,1.104240464,-1.101867117
0.12075,-1.041573831,1.043613022,-0.103687532,0.10193452,1.146609766,-1.144199139
0.1208,-1.069975118,1.071969672,-0.125878099,0.124137292,1.197204893,-1.194755288
0.12085,-1.104662248,1.106611109,-0.150153159,0.14842642,1.256171765,-1.253681171
0.1209,-1.145002131,1.146904019,-0.177240503,0.175529877,1.323605221,-1.32107131
0.12095,-1.190401982,1.192255412,-0.207751131,0.206058869,1.399523629,-1.396943764
0.121,-1.240340659,1.242143957,-0.242141518,0.240470103,1.4838625,-1.481233738
0.12105,-1.294379239,1.296130554,-0.280712629,0.279064799,1.576484062,-1.573803159
0.1211,-1.352152582,1.353849905,-0.32363777,0.322016539,1.677196691,-1.674460105
0.12115,-1.413347836,1.414989019,-0.371006516,0.369415194,1.785777332,-1.782981233
0.1212,-1.477677625,1.47926039,-0.422871276,0.421313492,1.901991255,-1.899131528
0.12125,-1.54485514,1.546377102,-0.479285848,0.477765563,2.025605701,-2.022677953
0.1213,-1.614576253,1.616034932,-0.540329853,0.538851378,2.156396424,-2.153395994
0.12135,-1.686510892,1.687903727,-0.606117767,0.604685776,2.294148098,-2.291070064
0.1214,-1.760303294,1.761627658,-0.676794984,0.675414524,2.438650638,-2.435489823
0.12145,-1.780945705,1.782199264,-0.722778881,0.721454851,2.498686595,-2.495479558
0.1215,-1.719122721,1.720307217,-0.735449666,0.734184187,2.456143534,-2.45294358
0.12155,-1.664416075,1.665533895,-0.752036844,0.750831043,2.417949684,-2.414756797
0.1216,-1.555408441,1.556436297,-0.77082888,0.769684338,2.334322592,-2.331136758
0.12165,-1.415299376,1.416210984,-0.760567935,0.759482945,2.177302785,-2.174123987
0.1217,-1.287970628,1.288776236,-0.745222909,0.744195971,2.034668876,-2.031497098
0.12175,-1.176304082,1.177012936,-0.72731354,0.726343194,1.905069266,-1.901904494
0.1218,-1.079444932,1.080065311,-0.707939118,0.707024003,1.788815573,-1.78565779
0.12185,-0.996134696,0.996673957,-0.688645555,0.687784451,1.686194734,-1.683043925
0.1219,-0.924807879,0.925272499,-0.671221396,0.670413267,1.597429445,-1.594285595
0.12195,-0.863776434,0.864172059,-0.65746597,0.656710002,1.522630686,-1.519493779
0.122,-0.811436476,0.811767963,-0.648960522,0.648256163,1.461775552,-1.458645573
0.12205,-0.766450395,0.766721863,-0.646892876,0.646239877,1.414714039,-1.411590973
0.1221,-0.727862789,0.728077671,-0.651972333,0.651370789,1.381199876,-1.378083707
0.12215,-0.69512552,0.695286617,-0.664448105,0.663898497,1.360934013,-1.357824726
0.1222,-0.668030866,0.668140406,-0.684218433,0.683721672,1.353606899,-1.350504479
0.12225,-0.646575081,0.646634779,-0.710996253,0.710553719,1.358927701,-1.355832132
0.1223,-0.630790804,0.63080192,-0.744486527,0.744100108,1.376634046,-1.373545314
0.12235,-0.620591342,0.620554739,-0.784532498,0.784204625,1.406482557,-1.403400647
0.1224,-0.615662452,0.615578655,-0.831201288,0.830934965,1.448226232,-1.445151128
0.12245,-0.615421104,0.615290352,-0.884798549,0.884597379,1.501587849,-1.498519536
0.1225,-0.619041428,0.618863724,-0.94582104,0.945689246,1.566238487,-1.563176951
0.12255,-0.625531481,0.625306646,-1.014869686,1.014812127,1.641787358,-1.638732583
0.1226,-0.633834796,0.633562513,-1.092550973,1.092573163,1.727784737,-1.724736708
0.12265,-0.642929448,0.642609311,-1.179391533,1.179499652,1.82373562,-1.820694324
0.1227,-0.651903408,0.651534964,-1.275782057,1.275982959,1.929118984,-1.926084404
0.12275,-0.659995103,0.6595779,-1.381955841,1.382257066,2.043406894,-2.040379017
0.1228,-0.666598801,0.666132434,-1.497997869,1.498407649,2.166078972,-2.163057781
0.12285,-0.671242632,0.670726781,-1.623874362,1.624401622,2.296629957,-2.293615439
0.1229,-0.674669864,0.674103977,-1.696728009,1.697353282,2.37953777,-2.37652991
0.12295,-0.652199354,0.651586003,-1.726819873,1.727509385,2.380546254,-2.377545037
0.123,-0.625537354,0.62487873,-1.761484502,1.76223933,2.38862294,-2.385628352
0.12305,-0.570162494,0.569461198,-1.747445643,1.748266695,2.312592003,-2.309642632
0.1231,-0.490209009,0.489469812,-1.648595411,1.649479445,2.14037325,-2.137514895
0.12315,-0.41896454,0.418192646,-1.556712242,1.557655314,1.977149199,-1.974375312
0.1232,-0.355256321,0.354456398,-1.469817421,1.470815821,1.826520719,-1.823825235
0.12325,-0.299485039,0.298661275,-1.387693055,1.388743312,1.688602673,-1.685980009
0.1233,-0.251683374,0.250839516,-1.310352512,1.311451406,1.563440884,-1.560885925
0.12335,-0.21145025,0.210589642,-1.238093868,1.239238438,1.450932053,-1.448440146
0.1234,-0.177946299,0.177071919,-1.171473795,1.172661347,1.350793209,-1.348360152
0.12345,-0.149976376,0.149090868,-1.111228659,1.112456775,1.262565323,-1.260187355
0.1235,-0.126143516,0.125249226,-1.058160216,1.059426756,1.185652963,-1.183326752
0.12355,-0.105041011,0.104140016,-1.013011914,1.014315024,1.119392665,-1.1171153
0.1236,-0.085439255,0.084533398,-0.976363692,0.977701813,1.06313459,-1.060903569
0.12365,-0.066425139,0.065516064,-0.948567764,0.949939632,1.016317692,-1.014130908
0.1237,-0.047463963,0.046553154,-0.929736691,0.931141343,0.97851971,-0.976375441
0.12375,-0.028373947,0.027462764,-0.919781546,0.921218331,0.949469847,-0.947366741
0.1238,-0.00922563,0.008315348,-0.918485827,0.919954404,0.929022075,-0.926959134
0.12385,0.009837139,-0.010718011,-0.925600115,0.927100462,0.917090256,-0.915066822
0.1239,0.028606056,-0.029483625,-0.940892691,0.942425107,0.913606125,-0.911621864
0.12395,0.047153705,-0.048026713,-0.964244254,0.965809359,0.918409156,-0.916464039
0.124,0.065736968,-0.066604092,-0.99564191,0.99724065,0.931223604,-0.929317895
0.12405,0.084840835,-0.085700655,-1.035164297,1.036797939,0.951643254,-0.949777492
0.1241,0.105119487,-0.105970459,-1.082944053,1.084614188,0.979146655,-0.97732164
0.12415,0.127307005,-0.128147436,-1.139119336,1.140827872,1.013137996,-1.01135477
0.1242,0.152121754,-0.152949772,-1.203789981,1.205539144,1.052998882,-1.051258716
0.12425,0.180188065,-0.181001599,-1.276988005,1.278780335,1.098137148,-1.096441527
0.1243,0.211990205,-0.212786955,-1.358666406,1.360504752,1.148021696,-1.146372301
0.12435,0.247862693,-0.248640112,-1.448704682,1.450592198,1.202197692,-1.200596383
0.1244,0.288011364,-0.288766632,-1.546925722,1.548865862,1.260282392,-1.258731196
0.12445,0.332553383,-0.333283387,-1.653117285,1.655113797,1.321946612,-1.3204477
0.1245,0.381562661,-0.382263973,-1.767051997,1.769108919,1.386889302,-1.38544498
0.12455,0.435109152,-0.435778015,-1.88850186,1.890623509,1.454812757,-1.453425444
0.1246,0.49328491,-0.493917214,-2.017245755,2.019436724,1.525404069,-1.524076285
0.12465,0.556214703,-0.556805981,-2.153070582,2.155335728,1.598325638,-1.597059988
0.1247,0.624053168,-0.624598575,-2.295767973,2.298112412,1.673214742,-1.6720139
0.12475,0.6969729,-0.69746721,-2.445128959,2.447558053,1.749690103,-1.7485568
0.1248,0.744864921,-0.745303048,-2.509734496,2.512211659,1.773027033,-1.771963702
0.12485,0.758552252,-0.75893199,-2.471287921,2.473759613,1.714267477,-1.713272493
0.1249,0.776361299,-0.776681438,-2.43716849,2.439634722,1.66240038,-1.661471471
0.12495,0.796441426,-0.796700296,-2.357915731,2.360376517,1.556444294,-1.555604838
0.125,0.787357197,-0.787556439,-2.205970473,2.208425824,1.420170295,-1.419446834
0.12505,0.773372,-0.77351303,-2.068442935,2.070892863,1.296533972,-1.295916564
0.1251,0.7570061,-0.757090275,-1.943972375,1.946416893,1.188406601,-1.187886285
0.12515,0.739377848,-0.739406406,-1.832861053,1.835300172,1.094904106,-1.094472866
0.1252,0.722061568,-0.722035585,-1.735381809,1.737815541,1.014724738,-1.01437546
0.12525,0.706872321,-0.706792671,-1.651737722,1.654166079,0.946256191,-0.945982618
0.1253,0.695624687,-0.695492006,-1.582015793,1.584438788,0.887770601,-0.887567287
0.12535,0.689898903,-0.689713545,-1.526167478,1.528585121,0.837638943,-0.837501208
0.1254,0.690865847,-0.690627848,-1.484018721,1.486431025,0.794516085,-0.794439966
0.12545,0.699206732,-0.698915769,-1.4553035,1.457710476,0.75745464,-0.757436836
0.1255,0.715138627,-0.714793976,-1.439708611,1.442110272,0.725924231,-0.72596205
0.12555,0.738530334,-0.738130829,-1.436915545,1.439311902,0.699737492,-0.699828792
0.1256,0.76907235,-0.768616341,-1.446627945,1.44901901,0.678907565,-0.679050697
0.12565,0.806455064,-0.805940384,-1.468578981,1.470964765,0.663477276,-0.663671021
0.1257,0.850512843,-0.849936771,-1.502519776,1.504900292,0.653363471,-0.653606983
0.12575,0.901305774,-0.900665008,-1.548195566,1.550570824,0.648251429,-0.64854418
0.1258,0.959130512,-0.958421142,-1.605319016,1.607689029,0.647557331,-0.647899059
0.12585,1.024470464,-1.023687958,-1.6735496,1.675914379,0.650457451,-0.650848106
0.1259,1.097908514,-1.097047695,-1.752484757,1.754844313,0.655966582,-0.656406278
0.12595,1.180029885,-1.17908492,-1.841664106,1.844018451,0.663039391,-0.663528361
0.126,1.271339179,-1.270303567,-1.940583954,1.942933099,0.670667879,-0.671206427
0.12605,1.372206725,-1.371073288,-2.04871682,2.051060777,0.677954564,-0.678543021
0.1261,1.482848763,-1.481609641,-2.165530363,2.167869143,0.68415121,-0.684789891
0.12615,1.603336984,-1.601983624,-2.290501385,2.292835,0.68866331,-0.689352467
0.1262,1.733627466,-1.732150625,-2.423122968,2.425451429,0.691028261,-0.691768046
0.12625,1.8103001,-1.808720777,-2.507645248,2.509968567,0.692294802,-0.693085587
0.1263,1.842918677,-1.841272921,-2.509680779,2.511998966,0.668336182,-0.669175288
0.12635,1.879978886,-1.878265535,-2.518690194,2.52100326,0.640226265,-0.641111391
0.1264,1.868034997,-1.866253057,-2.443793855,2.446061016,0.583869891,-0.58479832
0.12645,1.770925756,-1.769078401,-2.273206879,2.275379428,0.503740379,-0.504707304
0.1265,1.680881162,-1.678972268,-2.111532855,2.113617291,0.432148384,-0.433148563
0.12655,1.595971499,-1.594004704,-1.962346265,1.964348608,0.367844982,-0.368873696
0.1266,1.516007756,-1.513986456,-1.825739242,1.827665036,0.311178533,-0.312231532
0.12665,1.441004427,-1.438931767,-1.701742741,1.703597062,0.262165072,-0.263238537
0.1267,1.371230537,-1.369109399,-1.590250929,1.592038395,0.220429444,-0.221519945
0.12675,1.307188688,-1.305021688,-1.49099209,1.492716875,0.185197061,-0.186301527
0.1268,1.249547929,-1.247337403,-1.403529668,1.405195508,0.155362082,-0.156477761
0.12685,1.199044851,-1.196792857,-1.327295461,1.328905665,0.129619495,-0.130743922
0.1269,1.156374786,-1.154083093,-1.261649092,1.263206557,0.106633401,-0.107764369
0.12695,1.122096852,-1.119766938,-1.205950854,1.20745807,0.085204806,-0.086340327
0.127,1.09657247,-1.094205514,-1.159630973,1.161090041,0.064402377,-0.065540653
0.12705,1.079948015,-1.077544894,-1.122238859,1.123651501,0.043629034,-0.044768417
0.1271,1.072181099,-1.069742381,-1.093460909,1.094828483,0.022613478,-0.023752434
0.12715,1.073102936,-1.070628877,-1.073100464,1.074423977,0.00134981,-0.0024521
0.1272,1.082482174,-1.079972717,-1.061042276,1.062322403,-0.020106313,0.018980838
0.12725,1.100104582,-1.097559349,-1.057183922,1.058421019,-0.041589885,0.040469125
0.1273,1.125827518,-1.123245809,-1.061369783,1.062563902,-0.063127112,0.062012529
0.12735,1.159594942,-1.156975739,-1.073353451,1.07450436,-0.084909872,0.083802996
0.1274,1.201435326,-1.198777289,-1.092772937,1.093880133,-0.107328542,0.106231004
0.12745,1.251433277,-1.248734747,-1.119157522,1.120220247,-0.130938347,0.129851909
0.1275,1.309690755,-1.306949756,-1.151956582,1.15297384,-0.156391755,0.155318335
0.12755,1.376288685,-1.373502927,-1.190581434,1.191552007,-0.184358238,0.183299933
0.1276,1.451257902,-1.448424787,-1.234448806,1.235371266,-0.215451751,0.214410865
0.12765,1.5345641,-1.531680723,-1.28301593,1.283888659,-0.250180584,0.24915965
0.1277,1.626106967,-1.62317012,-1.335800998,1.336622203,-0.288926043,0.287927842
0.12775,1.725730247,-1.722736429,-1.39238738,1.393155107,-0.331948299,0.330975889
0.1278,1.833237749,-1.830183167,-1.452414135,1.453126286,-0.379411883,0.378468612
0.12785,1.948410246,-1.945290825,-1.515558034,1.516212386,-0.43142056,0.430510092
0.1279,2.07101949,-2.067830877,-1.581513094,1.582107311,-0.488051819,0.487178144
0.12795,2.20083731,-2.197574883,-1.649972765,1.650504414,-0.549383779,0.548551234
0.128,2.337639541,-2.334298417,-1.720618056,1.721084622,-0.615510999,0.61472428
0.12805,2.481205783,-2.477780826,-1.793112722,1.793511623,-0.686549044,0.685813219
0.1281,2.540323044,-2.536851541,-1.812460186,1.812789131,-0.732908917,0.7322289
0.12815,2.496885474,-2.493421638,-1.749347505,1.749608278,-0.745975038,0.745352968
0.1282,2.457789415,-2.454333229,-1.693392772,1.693587802,-0.762908211,0.762345234
0.12825,2.426374373,-2.42292582,-1.642738265,1.642869731,-0.782152996,0.781650355
0.1283,2.349837058,-2.346396122,-1.538434263,1.538479006,-0.803329557,0.802888951
0.12835,2.200853768,-2.197420432,-1.404540507,1.404472142,-0.794888108,0.794507911
0.1284,2.066240373,-2.06281462,-1.283388728,1.283216991,-0.781385113,0.78106393
0.12845,1.944647676,-1.941229488,-1.177839725,1.177573385,-0.765363767,0.765100279
0.1285,1.83639105,-1.832980412,-1.086969843,1.086616736,-0.747995934,0.747788948
0.12855,1.74175325,-1.738350145,-1.009413308,1.00898038,-0.730930603,0.730779103
0.1286,1.660941338,-1.657545749,-0.943479523,0.942972878,-0.716065754,0.715968933
0.12865,1.594039274,-1.590651184,-0.887359879,0.88678482,-0.705294229,0.70525153
0.1287,1.540989025,-1.537608418,-0.839353525,0.8387146,-0.700259082,0.700270236
0.12875,1.501602468,-1.498229326,-0.798061568,0.797362624,-0.702171269,0.702236332
0.1288,1.475597445,-1.472231754,-0.762506675,0.761750904,-0.711726111,0.711845509
0.12885,1.462645058,-1.459286799,-0.732154197,0.731344197,-0.729129449,0.729304013
0.1289,1.462413528,-1.459062686,-0.706836356,0.705974184,-0.754217332,0.754448342
0.12895,1.47459687,-1.471253429,-0.686604916,0.685692151,-0.786632004,0.786921228
0.129,1.49892264,-1.495586583,-0.671553498,0.670591299,-0.826007347,0.82635708
0.12905,1.535140002,-1.531811312,-0.66165411,0.660643275,-0.872120418,0.87253351
0.1291,1.582994966,-1.579673628,-0.656643913,0.655584934,-0.92497993,0.925459818
0.12915,1.64220245,-1.638888447,-0.655981221,0.654874335,-0.984842305,0.985393037
0.1292,1.712424273,-1.709117589,-0.658870234,0.65771548,-1.052164949,1.0527912
0.12925,1.793259065,-1.789959684,-0.664337587,0.663134847,-1.127519612,1.128226703
0.1293,1.884245601,-1.880953507,-0.671334505,0.670083555,-1.211493568,1.21228748
0.12935,1.984876948,-1.981592125,-0.678837428,0.677537983,-1.304603141,1.305490521
0.1294,2.094620232,-2.091342663,-0.685925983,0.68457774,-1.407235498,1.408223673
0.12945,2.212936296,-2.209665966,-0.691827124,0.690429806,-1.519624176,1.520721156
0.1295,2.339294791,-2.336031684,-0.695924605,0.694478002,-1.641854694,1.643069174
0.12955,2.418321474,-2.415065574,-0.698694312,0.697197965,-1.711485097,1.712797126
0.1296,2.415910428,-2.412661719,-0.67525856,0.673715141,-1.739123224,1.740498543
0.12965,2.420642543,-2.417401009,-0.647606768,0.646018563,-1.771433622,1.772873223
0.1297,2.430746801,-2.427512426,-0.61792622,0.616295396,-1.811210701,1.812715757
0.12975,2.357031355,-2.353843432,-0.560596316,0.558925451,-1.80144145,1.803012973
0.1298,2.187785997,-2.18469141,-0.48036841,0.478662174,-1.705838761,1.707473594
0.12985,2.027729552,-2.024721881,-0.409635361,0.407898863,-1.616611576,1.618305864
0.1299,1.880485522,-1.877558827,-0.347180301,0.345418134,-1.531847897,1.533598025
0.12995,1.746141158,-1.743289974,-0.293226073,0.291442369,-1.451480047,1.453282643
0.13,1.624665465,-1.621884793,-0.247524908,0.245723378,-1.375725012,1.377576959
0.13005,1.515841932,-1.513127227,-0.209345861,0.207529827,-1.305097514,1.306995956
0.1301,1.41925869,-1.416605857,-0.177531679,0.175704109,-1.240343204,1.242285555
0.13015,1.334336406,-1.331741781,-0.150637915,0.14880146,-1.182327431,1.18431138
0.1302,1.260390268,-1.257850615,-0.127126658,0.125283677,-1.131903515,1.133927033
0.13025,1.196713486,-1.194225984,-0.105573575,0.103726173,-1.089789188,1.091850534
0.1303,1.142663323,-1.140225555,-0.084843182,0.082993242,-1.056477365,1.058575089
0.13035,1.097729199,-1.095339138,-0.064194801,0.062344018,-1.032198284,1.034331234
0.1304,1.061566531,-1.059222527,-0.043298897,0.041448817,-1.016937008,1.019104336
0.13045,1.033988825,-1.031689595,-0.022165686,0.020317748,-1.01049691,1.012698075
0.1305,1.014916543,-1.01266115,-9.97E-04,-8.20E-04,-1.01259457,1.014829348
0.13055,1.004324518,-1.002112356,0.019954568,-0.021740561,-1.022933064,1.025201544
0.1306,1.002142217,-0.999972999,0.040504415,-0.042284331,-1.041300664,1.043603259
0.13065,1.00819287,-1.006066609,0.060757643,-0.062530091,-1.067604885,1.069942328
0.1307,1.022166633,-1.020083624,0.081046905,-0.082810421,-1.101867118,1.104240465
0.13075,1.043613022,-1.041573832,0.10193452,-0.103687532,-1.144199139,1.146609767
0.1308,1.071969672,-1.069975119,0.124137292,-0.125878099,-1.194755289,1.197204893
0.13085,1.106611109,-1.104662249,0.14842642,-0.150153159,-1.253681171,1.256171766
0.1309,1.14690402,-1.145002132,0.175529877,-0.177240504,-1.321071311,1.323605222
0.13095,1.192255413,-1.190401982,0.206058869,-0.207751131,-1.396943765,1.39952363
0.131,1.242143957,-1.24034066,0.240470103,-0.242141518,-1.481233738,1.4838625
0.13105,1.296130554,-1.294379239,0.279064799,-0.280712629,-1.573803159,1.576484063
0.1311,1.353849906,-1.352152582,0.322016539,-0.32363777,-1.674460106,1.677196691
0.13115,1.414989019,-1.413347837,0.369415194,-0.371006516,-1.782981234,1.785777332
0.1312,1.479260391,-1.477677625,0.421313492,-0.422871276,-1.899131529,1.901991256
0.13125,1.546377103,-1.54485514,0.477765563,-0.479285848,-2.022677954,2.025605701
0.1313,1.616034933,-1.614576254,0.538851378,-0.540329853,-2.153395994,2.156396424
0.13135,1.687903727,-1.686510892,0.604685776,-0.606117768,-2.291070064,2.294148099
0.1314,1.761627659,-1.760303294,0.675414524,-0.676794984,-2.435489823,2.438650638
0.13145,1.782199264,-1.780945706,0.721454851,-0.722778881,-2.495479559,2.498686596
0.1315,1.720307217,-1.719122722,0.734184187,-0.735449666,-2.45294358,2.456143534
0.13155,1.665533895,-1.664416076,0.750831043,-0.752036844,-2.414756798,2.417949684
0.1316,1.556436297,-1.555408442,0.769684338,-0.77082888,-2.331136758,2.334322593
0.13165,1.416210984,-1.415299376,0.759482945,-0.760567935,-2.174123988,2.177302786
0.1317,1.288776236,-1.287970628,0.744195971,-0.745222909,-2.031497099,2.034668876
0.13175,1.177012936,-1.176304083,0.726343194,-0.72731354,-1.901904494,1.905069267
0.1318,1.080065311,-1.079444933,0.707024003,-0.707939118,-1.785657791,1.788815574
0.13185,0.996673957,-0.996134696,0.687784452,-0.688645556,-1.683043926,1.686194735
0.1319,0.925272499,-0.924807879,0.670413267,-0.671221396,-1.594285596,1.597429446
0.13195,0.864172059,-0.863776434,0.656710002,-0.65746597,-1.519493779,1.522630686
0.132,0.811767963,-0.811436476,0.648256164,-0.648960523,-1.458645573,1.461775552
0.13205,0.766721864,-0.766450395,0.646239877,-0.646892876,-1.411590973,1.41471404
0.1321,0.728077671,-0.727862789,0.651370789,-0.651972333,-1.378083707,1.381199876
0.13215,0.695286617,-0.69512552,0.663898497,-0.664448105,-1.357824726,1.360934013
0.1322,0.668140406,-0.668030866,0.683721673,-0.684218433,-1.350504479,1.353606899
0.13225,0.646634779,-0.646575082,0.71055372,-0.710996253,-1.355832133,1.358927701
0.1323,0.63080192,-0.630790804,0.744100109,-0.744486527,-1.373545314,1.376634046
0.13235,0.620554739,-0.620591342,0.784204625,-0.784532498,-1.403400647,1.406482557
0.1324,0.615578655,-0.615662452,0.830934966,-0.831201288,-1.445151129,1.448226233
0.13245,0.615290352,-0.615421105,0.88459738,-0.884798549,-1.498519536,1.501587849
0.1325,0.618863725,-0.619041428,0.945689246,-0.945821041,-1.563176952,1.566238488
0.13255,0.625306647,-0.625531481,1.014812127,-1.014869687,-1.638732584,1.641787358
0.1326,0.633562514,-0.633834796,1.092573163,-1.092550973,-1.724736709,1.727784737
0.13265,0.642609311,-0.642929448,1.179499652,-1.179391534,-1.820694324,1.823735621
0.1327,0.651534964,-0.651903408,1.275982959,-1.275782057,-1.926084404,1.929118984
0.13275,0.6595779,-0.659995103,1.382257067,-1.381955841,-2.040379017,2.043406895
0.1328,0.666132434,-0.666598801,1.498407649,-1.49799787,-2.163057781,2.166078972
0.13285,0.670726781,-0.671242632,1.624401622,-1.623874362,-2.29361544,2.296629957
0.1329,0.674103977,-0.674669864,1.697353282,-1.696728009,-2.37652991,2.37953777
0.13295,0.651586003,-0.652199354,1.727509385,-1.726819873,-2.377545038,2.380546254
0.133,0.62487873,-0.625537354,1.76223933,-1.761484502,-2.385628352,2.38862294
0.13305,0.569461198,-0.570162494,1.748266695,-1.747445643,-2.309642632,2.312592004
0.1331,0.489469812,-0.490209009,1.649479445,-1.648595412,-2.137514895,2.14037325
0.13315,0.418192646,-0.41896454,1.557655314,-1.556712243,-1.974375312,1.977149199
0.1332,0.354456398,-0.355256321,1.470815821,-1.469817422,-1.823825235,1.826520719
0.13325,0.298661275,-0.299485039,1.388743312,-1.387693055,-1.685980009,1.688602673
0.1333,0.250839516,-0.251683374,1.311451406,-1.310352513,-1.560885926,1.563440884
0.13335,0.210589642,-0.21145025,1.239238438,-1.238093868,-1.448440146,1.450932053
0.1334,0.17707192,-0.177946299,1.172661347,-1.171473795,-1.348360152,1.350793209
0.13345,0.149090868,-0.149976376,1.112456775,-1.111228659,-1.260187355,1.262565323
0.1335,0.125249226,-0.126143516,1.059426756,-1.058160217,-1.183326752,1.185652963
0.13355,0.104140016,-0.105041011,1.014315024,-1.013011914,-1.1171153,1.119392665
0.1336,0.084533398,-0.085439255,0.977701814,-0.976363692,-1.060903569,1.06313459
0.13365,0.065516064,-0.066425139,0.949939632,-0.948567765,-1.014130908,1.016317692
0.1337,0.046553154,-0.047463963,0.931141343,-0.929736691,-0.976375441,0.97851971
0.13375,0.027462764,-0.028373947,0.921218331,-0.919781546,-0.947366741,0.949469847
0.1338,0.008315348,-0.00922563,0.919954405,-0.918485827,-0.926959135,0.929022075
0.13385,-0.010718011,0.009837139,0.927100462,-0.925600115,-0.915066822,0.917090256
0.1339,-0.029483625,0.028606056,0.942425107,-0.940892691,-0.911621864,0.913606125
0.13395,-0.048026713,0.047153705,0.965809359,-0.964244254,-0.916464039,0.918409156
0.134,-0.066604092,0.065736968,0.99724065,-0.99564191,-0.929317895,0.931223604
0.13405,-0.085700655,0.084840835,1.036797939,-1.035164297,-0.949777492,0.951643254
0.1341,-0.105970459,0.105119487,1.084614188,-1.082944053,-0.97732164,0.979146655
0.13415,-0.128147436,0.127307005,1.140827872,-1.139119336,-1.01135477,1.013137996
0.1342,-0.152949772,0.152121754,1.205539144,-1.203789981,-1.051258716,1.052998882
0.13425,-0.181001599,0.180188065,1.278780335,-1.276988005,-1.096441527,1.098137148
0.1343,-0.212786955,0.211990205,1.360504752,-1.358666406,-1.146372301,1.148021696
0.13435,-0.248640112,0.247862693,1.450592198,-1.448704682,-1.200596383,1.202197692
0.1344,-0.288766632,0.288011363,1.548865862,-1.546925722,-1.258731196,1.260282392
0.13445,-0.333283387,0.332553383,1.655113797,-1.653117285,-1.3204477,1.321946612
0.1345,-0.382263973,0.38156266,1.769108919,-1.767051997,-1.38544498,1.386889302
0.13455,-0.435778015,0.435109152,1.890623509,-1.888501859,-1.453425444,1.454812757
0.1346,-0.493917214,0.493284909,2.019436723,-2.017245755,-1.524076285,1.525404069
0.13465,-0.556805981,0.556214703,2.155335728,-2.153070582,-1.597059988,1.598325638
0.1347,-0.624598575,0.624053167,2.298112411,-2.295767973,-1.6720139,1.673214742
0.13475,-0.69746721,0.6969729,2.447558053,-2.445128958,-1.7485568,1.749690102
0.1348,-0.745303048,0.744864921,2.512211659,-2.509734496,-1.771963702,1.773027033
0.13485,-0.75893199,0.758552251,2.473759613,-2.471287921,-1.713272492,1.714267477
0.1349,-0.776681438,0.776361299,2.439634722,-2.437168489,-1.66147147,1.66240038
0.13495,-0.796700295,0.796441426,2.360376517,-2.357915731,-1.555604838,1.556444294
0.135,-0.787556439,0.787357197,2.208425824,-2.205970473,-1.419446834,1.420170295
0.13505,-0.77351303,0.773372,2.070892863,-2.068442935,-1.295916564,1.296533972
0.1351,-0.757090275,0.7570061,1.946416893,-1.943972375,-1.187886284,1.1884066
0.13515,-0.739406405,0.739377847,1.835300172,-1.832861053,-1.094472866,1.094904106
0.1352,-0.722035584,0.722061567,1.737815541,-1.735381809,-1.01437546,1.014724738
0.13525,-0.706792671,0.70687232,1.654166079,-1.651737721,-0.945982618,0.946256191
0.1353,-0.695492005,0.695624687,1.584438787,-1.582015793,-0.887567287,0.887770601
0.13535,-0.689713544,0.689898903,1.528585121,-1.526167477,-0.837501208,0.837638942
0.1354,-0.690627847,0.690865847,1.486431024,-1.48401872,-0.794439965,0.794516085
0.13545,-0.698915768,0.699206731,1.457710476,-1.455303499,-0.757436835,0.75745464
0.1355,-0.714793975,0.715138626,1.442110272,-1.439708611,-0.72596205,0.725924231
0.13555,-0.738130829,0.738530334,1.439311902,-1.436915545,-0.699828792,0.699737491
0.1356,-0.768616341,0.76907235,1.449019009,-1.446627944,-0.679050697,0.678907565
0.13565,-0.805940384,0.806455064,1.470964764,-1.46857898,-0.663671021,0.663477276
0.1357,-0.84993677,0.850512842,1.504900291,-1.502519776,-0.653606983,0.653363471
0.13575,-0.900665007,0.901305774,1.550570824,-1.548195566,-0.64854418,0.648251428
0.1358,-0.958421142,0.959130511,1.607689028,-1.605319016,-0.647899059,0.647557331
0.13585,-1.023687957,1.024470463,1.675914378,-1.6735496,-0.650848106,0.650457451
0.1359,-1.097047695,1.097908514,1.754844312,-1.752484756,-0.656406278,0.655966582
0.13595,-1.17908492,1.180029885,1.84401845,-1.841664106,-0.663528361,0.663039391
0.136,-1.270303566,1.271339178,1.942933098,-1.940583953,-0.671206427,0.670667879
0.13605,-1.371073288,1.372206724,2.051060777,-2.04871682,-0.678543021,0.677954563
0.1361,-1.48160964,1.482848763,2.167869142,-2.165530362,-0.684789891,0.68415121
0.13615,-1.601983623,1.603336983,2.292835,-2.290501385,-0.689352467,0.68866331
0.1362,-1.732150625,1.733627465,2.425451428,-2.423122967,-0.691768046,0.69102826
0.13625,-1.808720776,1.8103001,2.509968566,-2.507645248,-0.693085587,0.692294802
0.1363,-1.84127292,1.842918676,2.511998966,-2.509680779,-0.669175288,0.668336182
0.13635,-1.878265535,1.879978886,2.52100326,-2.518690193,-0.641111391,0.640226265
0.1364,-1.866253056,1.868034997,2.446061015,-2.443793854,-0.58479832,0.58386989
0.13645,-1.7690784,1.770925755,2.275379427,-2.273206878,-0.504707303,0.503740379
0.1365,-1.678972268,1.680881162,2.113617291,-2.111532855,-0.433148563,0.432148384
0.13655,-1.594004704,1.595971499,1.964348608,-1.962346264,-0.368873696,0.367844982
0.1366,-1.513986455,1.516007755,1.827665035,-1.825739241,-0.312231532,0.311178533
0.13665,-1.438931766,1.441004426,1.703597061,-1.70174274,-0.263238537,0.262165072
0.1367,-1.369109398,1.371230536,1.592038395,-1.590250928,-0.221519945,0.220429443
0.13675,-1.305021687,1.307188688,1.492716874,-1.490992089,-0.186301527,0.185197061
0.1368,-1.247337403,1.249547928,1.405195507,-1.403529668,-0.156477761,0.155362082
0.13685,-1.196792856,1.19904485,1.328905664,-1.32729546,-0.130743922,0.129619495
0.1369,-1.154083093,1.156374785,1.263206556,-1.261649092,-0.107764369,0.106633401
0.13695,-1.119766938,1.122096851,1.207458069,-1.205950853,-0.086340327,0.085204806
0.137,-1.094205514,1.096572469,1.161090041,-1.159630973,-0.065540653,0.064402377
0.13705,-1.077544893,1.079948015,1.1236515,-1.122238858,-0.044768417,0.043629034
0.1371,-1.06974238,1.072181098,1.094828482,-1.093460908,-0.023752434,0.022613478
0.13715,-1.070628877,1.073102935,1.074423977,-1.073100463,-0.0024521,0.00134981
0.1372,-1.079972716,1.082482173,1.062322403,-1.061042275,0.018980838,-0.020106313
0.13725,-1.097559348,1.100104582,1.058421018,-1.057183922,0.040469125,-0.041589884
0.1373,-1.123245808,1.125827517,1.062563902,-1.061369783,0.062012529,-0.063127112
0.13735,-1.156975738,1.159594941,1.07450436,-1.073353451,0.083802996,-0.084909872
0.1374,-1.198777289,1.201435326,1.093880132,-1.092772936,0.106231004,-0.107328542
0.13745,-1.248734746,1.251433277,1.120220246,-1.119157521,0.129851909,-0.130938347
0.1375,-1.306949755,1.309690754,1.152973839,-1.151956581,0.155318334,-0.156391755
0.13755,-1.373502927,1.376288684,1.191552006,-1.190581433,0.183299933,-0.184358238
0.1376,-1.448424786,1.451257901,1.235371266,-1.234448806,0.214410865,-0.215451751
0.13765,-1.531680722,1.5345641,1.283888658,-1.283015929,0.24915965,-0.250180584
0.1377,-1.623170119,1.626106966,1.336622202,-1.335800998,0.287927842,-0.288926043
0.13775,-1.722736428,1.725730246,1.393155106,-1.39238738,0.330975889,-0.331948299
0.1378,-1.830183167,1.833237748,1.453126286,-1.452414134,0.378468612,-0.379411883
0.13785,-1.945290825,1.948410246,1.516212386,-1.515558033,0.430510091,-0.43142056
0.1379,-2.067830876,2.07101949,1.58210731,-1.581513093,0.487178143,-0.488051819
0.13795,-2.197574882,2.200837309,1.650504413,-1.649972765,0.548551234,-0.549383779
0.138,-2.334298416,2.33763954,1.721084622,-1.720618056,0.61472428,-0.615510999
0.13805,-2.477780825,2.481205782,1.793511623,-1.793112721,0.685813219,-0.686549044
0.1381,-2.53685154,2.540323044,1.81278913,-1.812460185,0.7322289,-0.732908916
0.13815,-2.493421637,2.496885473,1.749608278,-1.749347505,0.745352968,-0.745975037
0.1382,-2.454333228,2.457789414,1.693587801,-1.693392772,0.762345234,-0.762908211
0.13825,-2.42292582,2.426374372,1.64286973,-1.642738264,0.781650354,-0.782152996
0.1383,-2.346396121,2.349837057,1.538479006,-1.538434262,0.80288895,-0.803329557
0.13835,-2.197420431,2.200853767,1.404472141,-1.404540506,0.79450791,-0.794888108
0.1384,-2.062814619,2.066240372,1.283216991,-1.283388727,0.78106393,-0.781385112
0.13845,-1.941229488,1.944647675,1.177573385,-1.177839724,0.765100278,-0.765363767
0.1385,-1.832980411,1.836391049,1.086616736,-1.086969843,0.747788948,-0.747995933
0.13855,-1.738350144,1.741753249,1.00898038,-1.009413307,0.730779103,-0.730930603
0.1386,-1.657545748,1.660941338,0.942972877,-0.943479522,0.715968932,-0.716065753
0.13865,-1.590651183,1.594039274,0.886784819,-0.887359879,0.70525153,-0.705294229
0.1387,-1.537608417,1.540989024,0.8387146,-0.839353524,0.700270235,-0.700259082
0.13875,-1.498229325,1.501602467,0.797362624,-0.798061568,0.702236332,-0.702171268
0.1388,-1.472231753,1.475597445,0.761750904,-0.762506675,0.711845508,-0.71172611
0.13885,-1.459286798,1.462645057,0.731344197,-0.732154197,0.729304013,-0.729129449
0.1389,-1.459062685,1.462413527,0.705974183,-0.706836355,0.754448342,-0.754217332
0.13895,-1.471253428,1.47459687,0.685692151,-0.686604916,0.786921228,-0.786632003
0.139,-1.495586582,1.49892264,0.670591299,-0.671553497,0.826357079,-0.826007346
0.13905,-1.531811311,1.535140001,0.660643275,-0.66165411,0.872533509,-0.872120417
0.1391,-1.579673627,1.582994965,0.655584933,-0.656643913,0.925459817,-0.924979929
0.13915,-1.638888447,1.64220245,0.654874335,-0.655981221,0.985393036,-0.984842305
0.1392,-1.709117589,1.712424273,0.657715479,-0.658870234,1.052791199,-1.052164949
0.13925,-1.789959683,1.793259064,0.663134846,-0.664337587,1.128226703,-1.127519611
0.1393,-1.880953506,1.8842456,0.670083555,-0.671334504,1.212287479,-1.211493567
0.13935,-1.981592124,1.984876947,0.677537983,-0.678837427,1.305490521,-1.30460314
0.1394,-2.091342662,2.094620231,0.68457774,-0.685925983,1.408223673,-1.407235498
0.13945,-2.209665966,2.212936295,0.690429806,-0.691827124,1.520721155,-1.519624176
0.1395,-2.336031683,2.33929479,0.694478002,-0.695924605,1.643069174,-1.641854693
0.13955,-2.415065573,2.418321473,0.697197965,-0.698694311,1.712797126,-1.711485097
0.1396,-2.412661718,2.415910427,0.673715141,-0.67525856,1.740498542,-1.739123224
0.13965,-2.417401008,2.420642542,0.646018562,-0.647606768,1.772873222,-1.771433621
0.1397,-2.427512426,2.4307468,0.616295396,-0.61792622,1.812715756,-1.8112107
0.13975,-2.353843432,2.357031354,0.558925451,-0.560596316,1.803012972,-1.801441449
0.1398,-2.184691409,2.187785996,0.478662174,-0.48036841,1.707473593,-1.70583876
0.13985,-2.024721881,2.027729552,0.407898862,-0.409635361,1.618305864,-1.616611575
0.1399,-1.877558826,1.880485521,0.345418134,-0.347180301,1.533598025,-1.531847896
0.13995,-1.743289974,1.746141158,0.291442369,-0.293226072,1.453282643,-1.451480047
0.14,-1.621884792,1.624665464,0.245723378,-0.247524908,1.377576958,-1.375725012
0.14005,-1.513127227,1.515841931,0.207529827,-0.209345861,1.306995955,-1.305097514
0.1401,-1.416605856,1.41925869,0.175704109,-0.177531679,1.242285554,-1.240343203
0.14015,-1.33174178,1.334336405,0.14880146,-0.150637915,1.18431138,-1.18232743
0.1402,-1.257850614,1.260390268,0.125283677,-0.127126658,1.133927033,-1.131903514
0.14025,-1.194225983,1.196713485,0.103726173,-0.105573575,1.091850533,-1.089789187
0.1403,-1.140225554,1.142663323,0.082993242,-0.084843182,1.058575088,-1.056477364
0.14035,-1.095339137,1.097729199,0.062344018,-0.064194801,1.034331234,-1.032198283
0.1404,-1.059222527,1.06156653,0.041448817,-0.043298897,1.019104335,-1.016937007
0.14045,-1.031689594,1.033988824,0.020317748,-0.022165686,1.012698075,-1.010496909
0.1405,-1.012661149,1.014916543,-8.20E-04,-9.97E-04,1.014829347,-1.01259457
0.14055,-1.002112356,1.004324517,-0.021740561,0.019954568,1.025201543,-1.022933063
0.1406,-0.999972999,1.002142216,-0.042284331,0.040504415,1.043603258,-1.041300663
0.14065,-1.006066608,1.00819287,-0.062530091,0.060757643,1.069942328,-1.067604884
0.1407,-1.020083624,1.022166632,-0.082810421,0.081046905,1.104240464,-1.101867117
0.14075,-1.041573831,1.043613022,-0.103687532,0.10193452,1.146609766,-1.144199139
0.1408,-1.069975118,1.071969672,-0.125878099,0.124137292,1.197204893,-1.194755288
0.14085,-1.104662248,1.106611109,-0.150153159,0.14842642,1.256171765,-1.253681171
0.1409,-1.145002131,1.146904019,-0.177240503,0.175529877,1.323605221,-1.32107131
0.14095,-1.190401982,1.192255412,-0.207751131,0.206058869,1.399523629,-1.396943764
0.141,-1.240340659,1.242143957,-0.242141518,0.240470103,1.4838625,-1.481233738
0.14105,-1.294379239,1.296130554,-0.280712629,0.279064799,1.576484062,-1.573803159
0.1411,-1.352152582,1.353849905,-0.32363777,0.322016539,1.677196691,-1.674460105
0.14115,-1.413347836,1.414989019,-0.371006516,0.369415194,1.785777332,-1.782981233
0.1412,-1.477677625,1.47926039,-0.422871276,0.421313492,1.901991255,-1.899131528
0.14125,-1.54485514,1.546377102,-0.479285848,0.477765563,2.025605701,-2.022677953
0.1413,-1.614576253,1.616034932,-0.540329853,0.538851378,2.156396424,-2.153395994
0.14135,-1.686510892,1.687903727,-0.606117767,0.604685776,2.294148098,-2.291070064
0.1414,-1.760303294,1.761627658,-0.676794984,0.675414524,2.438650638,-2.435489823
0.14145,-1.780945705,1.782199264,-0.722778881,0.721454851,2.498686595,-2.495479558
0.1415,-1.719122721,1.720307217,-0.735449666,0.734184187,2.456143534,-2.45294358
0.14155,-1.664416075,1.665533895,-0.752036844,0.750831043,2.417949684,-2.414756797
0.1416,-1.555408441,1.556436297,-0.77082888,0.769684338,2.334322592,-2.331136758
0.14165,-1.415299376,1.416210984,-0.760567935,0.759482945,2.177302785,-2.174123987
0.1417,-1.287970628,1.288776236,-0.745222909,0.744195971,2.034668876,-2.031497098
0.14175,-1.176304082,1.177012936,-0.72731354,0.726343194,1.905069266,-1.901904494
0.1418,-1.079444932,1.080065311,-0.707939118,0.707024003,1.788815573,-1.78565779
0.14185,-0.996134696,0.996673957,-0.688645555,0.687784451,1.686194734,-1.683043925
0.1419,-0.924807879,0.925272499,-0.671221396,0.670413267,1.597429445,-1.594285595
0.14195,-0.863776434,0.864172059,-0.65746597,0.656710002,1.522630686,-1.519493779
0.142,-0.811436476,0.811767963,-0.648960522,0.648256163,1.461775552,-1.458645573
0.14205,-0.766450395,0.766721863,-0.646892876,0.646239877,1.414714039,-1.411590973
0.1421,-0.727862789,0.728077671,-0.651972333,0.651370789,1.381199876,-1.378083707
0.14215,-0.69512552,0.695286617,-0.664448105,0.663898497,1.360934013,-1.357824726
0.1422,-0.668030866,0.668140406,-0.684218433,0.683721672,1.353606899,-1.350504479
0.14225,-0.646575081,0.646634779,-0.710996253,0.710553719,1.358927701,-1.355832132
0.1423,-0.630790804,0.63080192,-0.744486527,0.744100108,1.376634046,-1.373545314
0.14235,-0.620591342,0.620554739,-0.784532498,0.784204625,1.406482557,-1.403400647
0.1424,-0.615662452,0.615578655,-0.831201288,0.830934965,1.448226232,-1.445151128
0.14245,-0.615421104,0.615290352,-0.884798549,0.884597379,1.501587849,-1.498519536
0.1425,-0.619041428,0.618863724,-0.94582104,0.945689246,1.566238487,-1.563176951
0.14255,-0.625531481,0.625306646,-1.014869686,1.014812127,1.641787358,-1.638732583
0.1426,-0.633834796,0.633562513,-1.092550973,1.092573163,1.727784737,-1.724736708
0.14265,-0.642929448,0.642609311,-1.179391533,1.179499652,1.82373562,-1.820694324
0.1427,-0.651903408,0.651534964,-1.275782057,1.275982959,1.929118984,-1.926084404
0.14275,-0.659995103,0.6595779,-1.381955841,1.382257066,2.043406894,-2.040379017
0.1428,-0.666598801,0.666132434,-1.497997869,1.498407649,2.166078972,-2.163057781
0.14285,-0.671242632,0.670726781,-1.623874362,1.624401622,2.296629957,-2.293615439
0.1429,-0.674669864,0.674103977,-1.696728009,1.697353282,2.37953777,-2.37652991
0.14295,-0.652199354,0.651586003,-1.726819873,1.727509385,2.380546254,-2.377545037
0.143,-0.625537354,0.62487873,-1.761484502,1.76223933,2.38862294,-2.385628352
0.14305,-0.570162494,0.569461198,-1.747445643,1.748266695,2.312592003,-2.309642632
0.1431,-0.490209009,0.489469812,-1.648595411,1.649479445,2.14037325,-2.137514895
0.14315,-0.41896454,0.418192646,-1.556712242,1.557655314,1.977149199,-1.974375312
0.1432,-0.355256321,0.354456398,-1.469817421,1.470815821,1.826520719,-1.823825235
0.14325,-0.299485039,0.298661275,-1.387693055,1.388743312,1.688602673,-1.685980009
0.1433,-0.251683374,0.250839516,-1.310352512,1.311451406,1.563440884,-1.560885925
0.14335,-0.21145025,0.210589642,-1.238093868,1.239238438,1.450932053,-1.448440146
0.1434,-0.177946299,0.177071919,-1.171473795,1.172661347,1.350793209,-1.348360152
0.14345,-0.149976376,0.149090868,-1.111228659,1.112456775,1.262565323,-1.260187355
0.1435,-0.126143516,0.125249226,-1.058160216,1.059426756,1.185652963,-1.183326752
0.14355,-0.105041011,0.104140016,-1.013011914,1.014315024,1.119392665,-1.1171153
0.1436,-0.085439255,0.084533398,-0.976363692,0.977701813,1.06313459,-1.060903569
0.14365,-0.066425139,0.065516064,-0.948567764,0.949939632,1.016317692,-1.014130908
0.1437,-0.047463963,0.046553154,-0.929736691,0.931141343,0.97851971,-0.976375441
0.14375,-0.028373947,0.027462764,-0.919781546,0.921218331,0.949469847,-0.947366741
0.1438,-0.00922563,0.008315348,-0.918485827,0.919954404,0.929022075,-0.926959134
0.14385,0.009837139,-0.010718011,-0.925600115,0.927100462,0.917090256,-0.915066822
0.1439,0.028606056,-0.029483625,-0.940892691,0.942425107,0.913606125,-0.911621864
0.14395,0.047153705,-0.048026713,-0.964244254,0.965809359,0.918409156,-0.916464039
0.144,0.065736968,-0.066604092,-0.99564191,0.99724065,0.931223604,-0.929317895
0.14405,0.084840835,-0.085700655,-1.035164297,1.036797939,0.951643254,-0.949777492
0.1441,0.105119487,-0.105970459,-1.082944053,1.084614188,0.979146655,-0.97732164
0.14415,0.127307005,-0.128147436,-1.139119336,1.140827872,1.013137996,-1.01135477
0.1442,0.152121754,-0.152949772,-1.203789981,1.205539144,1.052998882,-1.051258716
0.14425,0.180188065,-0.181001599,-1.276988005,1.278780335,1.098137148,-1.096441527
0.1443,0.211990205,-0.212786955,-1.358666406,1.360504752,1.148021696,-1.146372301
0.14435,0.247862693,-0.248640112,-1.448704682,1.450592198,1.202197692,-1.200596383
0.1444,0.288011364,-0.288766632,-1.546925722,1.548865862,1.260282392,-1.258731196
0.14445,0.332553383,-0.333283387,-1.653117285,1.655113797,1.321946612,-1.3204477
0.1445,0.381562661,-0.382263973,-1.767051997,1.769108919,1.386889302,-1.38544498
0.14455,0.435109152,-0.435778015,-1.88850186,1.890623509,1.454812757,-1.453425444
0.1446,0.49328491,-0.493917214,-2.017245755,2.019436724,1.525404069,-1.524076285
0.14465,0.556214703,-0.556805981,-2.153070582,2.155335728,1.598325638,-1.597059988
0.1447,0.624053168,-0.624598575,-2.295767973,2.298112412,1.673214742,-1.6720139
0.14475,0.6969729,-0.69746721,-2.445128959,2.447558053,1.749690103,-1.7485568
0.1448,0.744864921,-0.745303048,-2.509734496,2.512211659,1.773027033,-1.771963702
0.14485,0.758552252,-0.75893199,-2.471287921,2.473759613,1.714267477,-1.713272493
0.1449,0.776361299,-0.776681438,-2.43716849,2.439634722,1.66240038,-1.661471471
0.14495,0.796441426,-0.796700296,-2.357915731,2.360376517,1.556444294,-1.555604838
0.145,0.787357197,-0.787556439,-2.205970473,2.208425824,1.420170295,-1.419446834
0.14505,0.773372,-0.77351303,-2.068442935,2.070892863,1.296533972,-1.295916564
0.1451,0.7570061,-0.757090275,-1.943972375,1.946416893,1.188406601,-1.187886285
0.14515,0.739377848,-0.739406406,-1.832861053,1.835300172,1.094904106,-1.094472866
0.1452,0.722061568,-0.722035585,-1.735381809,1.737815541,1.014724738,-1.01437546
0.14525,0.706872321,-0.706792671,-1.651737722,1.654166079,0.946256191,-0.945982618
0.1453,0.695624687,-0.695492006,-1.582015793,1.584438788,0.887770601,-0.887567287
0.14535,0.689898903,-0.689713545,-1.526167478,1.528585121,0.837638943,-0.837501208
0.1454,0.690865847,-0.690627848,-1.484018721,1.486431025,0.794516085,-0.794439966
0.14545,0.699206732,-0.698915769,-1.4553035,1.457710476,0.75745464,-0.757436836
0.1455,0.715138627,-0.714793976,-1.439708611,1.442110272,0.725924231,-0.72596205
0.14555,0.738530334,-0.738130829,-1.436915545,1.439311902,0.699737492,-0.699828792
0.1456,0.76907235,-0.768616341,-1.446627945,1.44901901,0.678907565,-0.679050697
0.14565,0.806455064,-0.805940384,-1.468578981,1.470964765,0.663477276,-0.663671021
0.1457,0.850512843,-0.849936771,-1.502519776,1.504900292,0.653363471,-0.653606983
0.14575,0.901305774,-0.900665008,-1.548195566,1.550570824,0.648251429,-0.64854418
0.1458,0.959130512,-0.958421142,-1.605319016,1.607689029,0.647557331,-0.647899059
0.14585,1.024470464,-1.023687958,-1.6735496,1.675914379,0.650457451,-0.650848106
0.1459,1.097908514,-1.097047695,-1.752484757,1.754844313,0.655966582,-0.656406278
0.14595,1.180029885,-1.17908492,-1.841664106,1.844018451,0.663039391,-0.663528361
0.146,1.271339179,-1.270303567,-1.940583954,1.942933099,0.670667879,-0.671206427
0.14605,1.372206725,-1.371073288,-2.04871682,2.051060777,0.677954564,-0.678543021
0.1461,1.482848763,-1.481609641,-2.165530363,2.167869143,0.68415121,-0.684789891
0.14615,1.603336984,-1.601983624,-2.290501385,2.292835,0.68866331,-0.689352467
0.1462,1.733627466,-1.732150625,-2.423122968,2.425451429,0.691028261,-0.691768046
0.14625,1.8103001,-1.808720777,-2.507645248,2.509968567,0.692294802,-0.693085587
0.1463,1.842918677,-1.841272921,-2.509680779,2.511998966,0.668336182,-0.669175288
0.14635,1.879978886,-1.878265535,-2.518690194,2.52100326,0.640226265,-0.641111391
0.1464,1.868034997,-1.866253057,-2.443793855,2.446061016,0.583869891,-0.58479832
0.14645,1.770925756,-1.769078401,-2.273206879,2.275379428,0.503740379,-0.504707304
0.1465,1.680881162,-1.678972268,-2.111532855,2.113617291,0.432148384,-0.433148563
0.14655,1.595971499,-1.594004704,-1.962346265,1.964348608,0.367844982,-0.368873696
0.1466,1.516007756,-1.513986456,-1.825739242,1.827665036,0.311178533,-0.312231532
0.14665,1.441004427,-1.438931767,-1.701742741,1.703597062,0.262165072,-0.263238537
0.1467,1.371230537,-1.369109399,-1.590250929,1.592038395,0.220429444,-0.221519945
0.14675,1.307188688,-1.305021688,-1.49099209,1.492716875,0.185197061,-0.186301527
0.1468,1.249547929,-1.247337403,-1.403529668,1.405195508,0.155362082,-0.156477761
0.14685,1.199044851,-1.196792857,-1.327295461,1.328905665,0.129619495,-0.130743922
0.1469,1.156374786,-1.154083093,-1.261649092,1.263206557,0.106633401,-0.107764369
0.14695,1.122096852,-1.119766938,-1.205950854,1.20745807,0.085204806,-0.086340327
0.147,1.09657247,-1.094205514,-1.159630973,1.161090041,0.064402377,-0.065540653
0.14705,1.079948015,-1.077544894,-1.122238859,1.123651501,0.043629034,-0.044768417
0.1471,1.072181099,-1.069742381,-1.093460909,1.094828483,0.022613478,-0.023752434
0.14715,1.073102936,-1.070628877,-1.073100464,1.074423977,0.00134981,-0.0024521
0.1472,1.082482174,-1.079972717,-1.061042276,1.062322403,-0.020106313,0.018980838
0.14725,1.100104582,-1.097559349,-1.057183922,1.058421019,-0.041589885,0.040469125
0.1473,1.125827518,-1.123245809,-1.061369783,1.062563902,-0.063127112,0.062012529
0.14735,1.159594942,-1.156975739,-1.073353451,1.07450436,-0.084909872,0.083802996
0.1474,1.201435326,-1.198777289,-1.092772937,1.093880133,-0.107328542,0.106231004
0.14745,1.251433277,-1.248734747,-1.119157522,1.120220247,-0.130938347,0.129851909
0.1475,1.309690755,-1.306949756,-1.151956582,1.15297384,-0.156391755,0.155318335
0.14755,1.376288685,-1.373502927,-1.190581434,1.191552007,-0.184358238,0.183299933
0.1476,1.451257902,-1.448424787,-1.234448806,1.235371266,-0.215451751,0.214410865
0.14765,1.5345641,-1.531680723,-1.28301593,1.283888659,-0.250180584,0.24915965
0.1477,1.626106967,-1.62317012,-1.335800998,1.336622203,-0.288926043,0.287927842
0.14775,1.725730247,-1.722736429,-1.39238738,1.393155107,-0.331948299,0.330975889
0.1478,1.833237749,-1.830183167,-1.452414135,1.453126286,-0.379411883,0.378468612
0.14785,1.948410246,-1.945290825,-1.515558034,1.516212386,-0.43142056,0.430510092
0.1479,2.07101949,-2.067830877,-1.581513094,1.582107311,-0.488051819,0.487178144
0.14795,2.20083731,-2.197574883,-1.649972765,1.650504414,-0.549383779,0.548551234
0.148,2.337639541,-2.334298417,-1.720618056,1.721084622,-0.615510999,0.61472428
0.14805,2.481205783,-2.477780826,-1.793112722,1.793511623,-0.686549044,0.685813219
0.1481,2.540323044,-2.536851541,-1.812460186,1.812789131,-0.732908917,0.7322289
0.14815,2.496885474,-2.493421638,-1.749347505,1.749608278,-0.745975038,0.745352968
0.1482,2.457789415,-2.454333229,-1.693392772,1.693587802,-0.762908211,0.762345234
0.14825,2.426374373,-2.42292582,-1.642738265,1.642869731,-0.782152996,0.781650355
0.1483,2.349837058,-2.346396122,-1.538434263,1.538479006,-0.803329557,0.802888951
0.14835,2.200853768,-2.197420432,-1.404540507,1.404472142,-0.794888108,0.794507911
0.1484,2.066240373,-2.06281462,-1.283388728,1.283216991,-0.781385113,0.78106393
0.14845,1.944647676,-1.941229488,-1.177839725,1.177573385,-0.765363767,0.765100279
0.1485,1.83639105,-1.832980412,-1.086969843,1.086616736,-0.747995934,0.747788948
0.14855,1.74175325,-1.738350145,-1.009413308,1.00898038,-0.730930603,0.730779103
0.1486,1.660941338,-1.657545749,-0.943479523,0.942972878,-0.716065754,0.715968933
0.14865,1.594039274,-1.590651184,-0.887359879,0.88678482,-0.705294229,0.70525153
0.1487,1.540989025,-1.537608418,-0.839353525,0.8387146,-0.700259082,0.700270236
0.14875,1.501602468,-1.498229326,-0.798061568,0.797362624,-0.702171269,0.702236332
0.1488,1.475597445,-1.472231754,-0.762506675,0.761750904,-0.711726111,0.711845509
0.14885,1.462645058,-1.459286799,-0.732154197,0.731344197,-0.729129449,0.729304013
0.1489,1.462413528,-1.459062686,-0.706836356,0.705974184,-0.754217332,0.754448342
0.14895,1.47459687,-1.471253429,-0.686604916,0.685692151,-0.786632004,0.786921228
0.149,1.49892264,-1.495586583,-0.671553498,0.670591299,-0.826007347,0.82635708
0.14905,1.535140002,-1.531811312,-0.66165411,0.660643275,-0.872120418,0.87253351
0.1491,1.582994966,-1.579673628,-0.656643913,0.655584934,-0.92497993,0.925459818
0.14915,1.64220245,-1.638888447,-0.655981221,0.654874335,-0.984842305,0.985393037
0.1492,1.712424273,-1.709117589,-0.658870234,0.65771548,-1.052164949,1.0527912
0.14925,1.793259065,-1.789959684,-0.664337587,0.663134847,-1.127519612,1.128226703
0.1493,1.884245601,-1.880953507,-0.671334505,0.670083555,-1.211493568,1.21228748
0.14935,1.984876948,-1.981592125,-0.678837428,0.677537983,-1.304603141,1.305490521
0.1494,2.094620232,-2.091342663,-0.685925983,0.68457774,-1.407235498,1.408223673
0.14945,2.212936296,-2.209665966,-0.691827124,0.690429806,-1.519624176,1.520721156
0.1495,2.339294791,-2.336031684,-0.695924605,0.694478002,-1.641854694,1.643069174
0.14955,2.418321474,-2.415065574,-0.698694312,0.697197965,-1.711485097,1.712797126
0.1496,2.415910428,-2.412661719,-0.67525856,0.673715141,-1.739123224,1.740498543
0.14965,2.420642543,-2.417401009,-0.647606768,0.646018563,-1.771433622,1.772873223
0.1497,2.430746801,-2.427512426,-0.61792622,0.616295396,-1.811210701,1.812715757
0.14975,2.357031355,-2.353843432,-0.560596316,0.558925451,-1.80144145,1.803012973
0.1498,2.187785997,-2.18469141,-0.48036841,0.478662174,-1.705838761,1.707473594
0.14985,2.027729552,-2.024721881,-0.409635361,0.407898863,-1.616611576,1.618305864
0.1499,1.880485522,-1.877558827,-0.347180301,0.345418134,-1.531847897,1.533598025
0.14995,1.746141158,-1.743289974,-0.293226073,0.291442369,-1.451480047,1.453282643
0.15,1.624665465,-1.621884793,-0.247524908,0.245723378,-1.375725012,1.377576959
0.15005,1.515841932,-1.513127227,-0.209345861,0.207529827,-1.305097514,1.306995956
0.1501,1.41925869,-1.416605857,-0.177531679,0.175704109,-1.240343204,1.242285555
0.15015,1.334336406,-1.331741781,-0.150637915,0.14880146,-1.182327431,1.18431138
0.1502,1.260390268,-1.257850615,-0.127126658,0.125283677,-1.131903515,1.133927033
0.15025,1.196713486,-1.194225984,-0.105573575,0.103726173,-1.089789188,1.091850534
0.1503,1.142663323,-1.140225555,-0.084843182,0.082993242,-1.056477365,1.058575089
0.15035,1.097729199,-1.095339138,-0.064194801,0.062344018,-1.032198284,1.034331234
0.1504,1.061566531,-1.059222527,-0.043298897,0.041448817,-1.016937008,1.019104336
0.15045,1.033988825,-1.031689595,-0.022165686,0.020317748,-1.01049691,1.012698075
0.1505,1.014916543,-1.01266115,-9.97E-04,-8.20E-04,-1.01259457,1.014829348
0.15055,1.004324518,-1.002112356,0.019954568,-0.021740561,-1.022933064,1.025201544
0.1506,1.002142217,-0.999972999,0.040504415,-0.042284331,-1.041300664,1.043603259
0.15065,1.00819287,-1.006066609,0.060757643,-0.062530091,-1.067604885,1.069942328
0.1507,1.022166633,-1.020083624,0.081046905,-0.082810421,-1.101867118,1.104240465
0.15075,1.043613022,-1.041573832,0.10193452,-0.103687532,-1.144199139,1.146609767
0.1508,1.071969672,-1.069975119,0.124137292,-0.125878099,-1.194755289,1.197204893
0.15085,1.106611109,-1.104662249,0.14842642,-0.150153159,-1.253681171,1.256171766
0.1509,1.14690402,-1.145002132,0.175529877,-0.177240504,-1.321071311,1.323605222
0.15095,1.192255413,-1.190401982,0.206058869,-0.207751131,-1.396943765,1.39952363
0.151,1.242143957,-1.24034066,0.240470103,-0.242141518,-1.481233738,1.4838625
0.15105,1.296130554,-1.294379239,0.279064799,-0.280712629,-1.573803159,1.576484063
0.1511,1.353849906,-1.352152582,0.322016539,-0.32363777,-1.674460106,1.677196691
0.15115,1.414989019,-1.413347837,0.369415194,-0.371006516,-1.782981234,1.785777332
0.1512,1.479260391,-1.477677625,0.421313492,-0.422871276,-1.899131529,1.901991256
0.15125,1.546377103,-1.54485514,0.477765563,-0.479285848,-2.022677954,2.025605701
0.1513,1.616034933,-1.614576254,0.538851378,-0.540329853,-2.153395994,2.156396424
0.15135,1.687903727,-1.686510892,0.604685776,-0.606117768,-2.291070064,2.294148099
0.1514,1.761627659,-1.760303294,0.675414524,-0.676794984,-2.435489823,2.438650638
0.15145,1.782199264,-1.780945706,0.721454851,-0.722778881,-2.495479559,2.498686596
0.1515,1.720307217,-1.719122722,0.734184187,-0.735449666,-2.45294358,2.456143534
0.15155,1.665533895,-1.664416076,0.750831043,-0.752036844,-2.414756798,2.417949684
0.1516,1.556436297,-1.555408442,0.769684338,-0.77082888,-2.331136758,2.334322593
0.15165,1.416210984,-1.415299376,0.759482945,-0.760567935,-2.174123988,2.177302786
0.1517,1.288776236,-1.287970628,0.744195971,-0.745222909,-2.031497099,2.034668876
0.15175,1.177012936,-1.176304083,0.726343194,-0.72731354,-1.901904494,1.905069267
0.1518,1.080065311,-1.079444933,0.707024003,-0.707939118,-1.785657791,1.788815574
0.15185,0.996673957,-0.996134696,0.687784452,-0.688645556,-1.683043926,1.686194735
0.1519,0.925272499,-0.924807879,0.670413267,-0.671221396,-1.594285596,1.597429446
0.15195,0.864172059,-0.863776434,0.656710002,-0.65746597,-1.519493779,1.522630686
0.152,0.811767963,-0.811436476,0.648256164,-0.648960523,-1.458645573,1.461775552
0.15205,0.766721864,-0.766450395,0.646239877,-0.646892876,-1.411590973,1.41471404
0.1521,0.728077671,-0.727862789,0.651370789,-0.651972333,-1.378083707,1.381199876
0.15215,0.695286617,-0.69512552,0.663898497,-0.664448105,-1.357824726,1.360934013
0.1522,0.668140406,-0.668030866,0.683721673,-0.684218433,-1.350504479,1.353606899
0.15225,0.646634779,-0.646575082,0.71055372,-0.710996253,-1.355832133,1.358927701
0.1523,0.63080192,-0.630790804,0.744100109,-0.744486527,-1.373545314,1.376634046
0.15235,0.620554739,-0.620591342,0.784204625,-0.784532498,-1.403400647,1.406482557
0.1524,0.615578655,-0.615662452,0.830934966,-0.831201288,-1.445151129,1.448226233
0.15245,0.615290352,-0.615421105,0.88459738,-0.884798549,-1.498519536,1.501587849
0.1525,0.618863725,-0.619041428,0.945689246,-0.945821041,-1.563176952,1.566238488
0.15255,0.625306647,-0.625531481,1.014812127,-1.014869687,-1.638732584,1.641787358
0.1526,0.633562514,-0.633834796,1.092573163,-1.092550973,-1.724736709,1.727784737
0.15265,0.642609311,-0.642929448,1.179499652,-1.179391534,-1.820694324,1.823735621
0.1527,0.651534964,-0.651903408,1.275982959,-1.275782057,-1.926084404,1.929118984
0.15275,0.6595779,-0.659995103,1.382257067,-1.381955841,-2.040379017,2.043406895
0.1528,0.666132434,-0.666598801,1.498407649,-1.49799787,-2.163057781,2.166078972
0.15285,0.670726781,-0.671242632,1.624401622,-1.623874362,-2.29361544,2.296629957
0.1529,0.674103977,-0.674669864,1.697353282,-1.696728009,-2.37652991,2.37953777
0.15295,0.651586003,-0.652199354,1.727509385,-1.726819873,-2.377545038,2.380546254
0.153,0.62487873,-0.625537354,1.76223933,-1.761484502,-2.385628352,2.38862294
0.15305,0.569461198,-0.570162494,1.748266695,-1.747445643,-2.309642632,2.312592004
0.1531,0.489469812,-0.490209009,1.649479445,-1.648595412,-2.137514895,2.14037325
0.15315,0.418192646,-0.41896454,1.557655314,-1.556712243,-1.974375312,1.977149199
0.1532,0.354456398,-0.355256321,1.470815821,-1.469817422,-1.823825235,1.826520719
0.15325,0.298661275,-0.299485039,1.388743312,-1.387693055,-1.685980009,1.688602673
0.1533,0.250839516,-0.251683374,1.311451406,-1.310352513,-1.560885926,1.563440884
0.15335,0.210589642,-0.21145025,1.239238438,-1.238093868,-1.448440146,1.450932053
0.1534,0.17707192,-0.177946299,1.172661347,-1.171473795,-1.348360152,1.350793209
0.15345,0.149090868,-0.149976376,1.112456775,-1.111228659,-1.260187355,1.262565323
0.1535,0.125249226,-0.126143516,1.059426756,-1.058160217,-1.183326752,1.185652963
0.15355,0.104140016,-0.105041011,1.014315024,-1.013011914,-1.1171153,1.119392665
0.1536,0.084533398,-0.085439255,0.977701814,-0.976363692,-1.060903569,1.06313459
0.15365,0.065516064,-0.066425139,0.949939632,-0.948567765,-1.014130908,1.016317692
0.1537,0.046553154,-0.047463963,0.931141343,-0.929736691,-0.976375441,0.97851971
0.15375,0.027462764,-0.028373947,0.921218331,-0.919781546,-0.947366741,0.949469847
0.1538,0.008315348,-0.00922563,0.919954405,-0.918485827,-0.926959135,0.929022075
0.15385,-0.010718011,0.009837139,0.927100462,-0.925600115,-0.915066822,0.917090256
0.1539,-0.029483625,0.028606056,0.942425107,-0.940892691,-0.911621864,0.913606125
0.15395,-0.048026713,0.047153705,0.965809359,-0.964244254,-0.916464039,0.918409156
0.154,-0.066604092,0.065736968,0.99724065,-0.99564191,-0.929317895,0.931223604
0.15405,-0.085700655,0.084840835,1.036797939,-1.035164297,-0.949777492,0.951643254
0.1541,-0.105970459,0.105119487,1.084614188,-1.082944053,-0.97732164,0.979146655
0.15415,-0.128147436,0.127307005,1.140827872,-1.139119336,-1.01135477,1.013137996
0.1542,-0.152949772,0.152121754,1.205539144,-1.203789981,-1.051258716,1.052998882
0.15425,-0.181001599,0.180188065,1.278780335,-1.276988005,-1.096441527,1.098137148
0.1543,-0.212786955,0.211990205,1.360504752,-1.358666406,-1.146372301,1.148021696
0.15435,-0.248640112,0.247862693,1.450592198,-1.448704682,-1.200596383,1.202197692
0.1544,-0.288766632,0.288011363,1.548865862,-1.546925722,-1.258731196,1.260282392
0.15445,-0.333283387,0.332553383,1.655113797,-1.653117285,-1.3204477,1.321946612
0.1545,-0.382263973,0.38156266,1.769108919,-1.767051997,-1.38544498,1.386889302
0.15455,-0.435778015,0.435109152,1.890623509,-1.888501859,-1.453425444,1.454812757
0.1546,-0.493917214,0.493284909,2.019436723,-2.017245755,-1.524076285,1.525404069
0.15465,-0.556805981,0.556214703,2.155335728,-2.153070582,-1.597059988,1.598325638
0.1547,-0.624598575,0.624053167,2.298112411,-2.295767973,-1.6720139,1.673214742
0.15475,-0.69746721,0.6969729,2.447558053,-2.445128958,-1.7485568,1.749690102
0.1548,-0.745303048,0.744864921,2.512211659,-2.509734496,-1.771963702,1.773027033
0.15485,-0.75893199,0.758552251,2.473759613,-2.471287921,-1.713272492,1.714267477
0.1549,-0.776681438,0.776361299,2.439634722,-2.437168489,-1.66147147,1.66240038
0.15495,-0.796700295,0.796441426,2.360376517,-2.357915731,-1.555604838,1.556444294
0.155,-0.787556439,0.787357197,2.208425824,-2.205970473,-1.419446834,1.420170295
0.15505,-0.77351303,0.773372,2.070892863,-2.068442935,-1.295916564,1.296533972
0.1551,-0.757090275,0.7570061,1.946416893,-1.943972375,-1.187886284,1.1884066
0.15515,-0.739406405,0.739377847,1.835300172,-1.832861053,-1.094472866,1.094904106
0.1552,-0.722035584,0.722061567,1.737815541,-1.735381809,-1.01437546,1.014724738
0.15525,-0.706792671,0.70687232,1.654166079,-1.651737721,-0.945982618,0.946256191
0.1553,-0.695492005,0.695624687,1.584438787,-1.582015793,-0.887567287,0.887770601
0.15535,-0.689713544,0.689898903,1.528585121,-1.526167477,-0.837501208,0.837638942
0.1554,-0.690627847,0.690865847,1.486431024,-1.48401872,-0.794439965,0.794516085
0.15545,-0.698915768,0.699206731,1.457710476,-1.455303499,-0.757436835,0.75745464
0.1555,-0.714793975,0.715138626,1.442110272,-1.439708611,-0.72596205,0.725924231
0.15555,-0.738130829,0.738530334,1.439311902,-1.436915545,-0.699828792,0.699737491
0.1556,-0.768616341,0.76907235,1.449019009,-1.446627944,-0.679050697,0.678907565
0.15565,-0.805940384,0.806455064,1.470964764,-1.46857898,-0.663671021,0.663477276
0.1557,-0.84993677,0.850512842,1.504900291,-1.502519776,-0.653606983,0.653363471
0.15575,-0.900665007,0.901305774,1.550570824,-1.548195566,-0.64854418,0.648251428
0.1558,-0.958421142,0.959130511,1.607689028,-1.605319016,-0.647899059,0.647557331
0.15585,-1.023687957,1.024470463,1.675914378,-1.6735496,-0.650848106,0.650457451
0.1559,-1.097047695,1.097908514,1.754844312,-1.752484756,-0.656406278,0.655966582
0.15595,-1.17908492,1.180029885,1.84401845,-1.841664106,-0.663528361,0.663039391
0.156,-1.270303566,1.271339178,1.942933098,-1.940583953,-0.671206427,0.670667879
0.15605,-1.371073288,1.372206724,2.051060777,-2.04871682,-0.678543021,0.677954563
0.1561,-1.48160964,1.482848763,2.167869142,-2.165530362,-0.684789891,0.68415121
0.15615,-1.601983623,1.603336983,2.292835,-2.290501385,-0.689352467,0.68866331
0.1562,-1.732150625,1.733627465,2.425451428,-2.423122967,-0.691768046,0.69102826
0.15625,-1.808720776,1.8103001,2.509968566,-2.507645248,-0.693085587,0.692294802
0.1563,-1.84127292,1.842918676,2.511998966,-2.509680779,-0.669175288,0.668336182
0.15635,-1.878265535,1.879978886,2.52100326,-2.518690193,-0.641111391,0.640226265
0.1564,-1.866253056,1.868034997,2.446061015,-2.443793854,-0.58479832,0.58386989
0.15645,-1.7690784,1.770925755,2.275379427,-2.273206878,-0.504707303,0.503740379
0.1565,-1.678972268,1.680881162,2.113617291,-2.111532855,-0.433148563,0.432148384
0.15655,-1.594004704,1.595971499,1.964348608,-1.962346264,-0.368873696,0.367844982
0.1566,-1.513986455,1.516007755,1.827665035,-1.825739241,-0.312231532,0.311178533
0.15665,-1.438931766,1.441004426,1.703597061,-1.70174274,-0.263238537,0.262165072
0.1567,-1.369109398,1.371230536,1.592038395,-1.590250928,-0.221519945,0.220429443
0.15675,-1.305021687,1.307188688,1.492716874,-1.490992089,-0.186301527,0.185197061
0.1568,-1.247337403,1.249547928,1.405195507,-1.403529668,-0.156477761,0.155362082
0.15685,-1.196792856,1.19904485,1.328905664,-1.32729546,-0.130743922,0.129619495
0.1569,-1.154083093,1.156374785,1.263206556,-1.261649092,-0.107764369,0.106633401
0.15695,-1.119766938,1.122096851,1.207458069,-1.205950853,-0.086340327,0.085204806
0.157,-1.094205514,1.096572469,1.161090041,-1.159630973,-0.065540653,0.064402377
0.15705,-1.077544893,1.079948015,1.1236515,-1.122238858,-0.044768417,0.043629034
0.1571,-1.06974238,1.072181098,1.094828482,-1.093460908,-0.023752434,0.022613478
0.15715,-1.070628877,1.073102935,1.074423977,-1.073100463,-0.0024521,0.00134981
0.1572,-1.079972716,1.082482173,1.062322403,-1.061042275,0.018980838,-0.020106313
0.15725,-1.097559348,1.100104582,1.058421018,-1.057183922,0.040469125,-0.041589884
0.1573,-1.123245808,1.125827517,1.062563902,-1.061369783,0.062012529,-0.063127112
0.15735,-1.156975738,1.159594941,1.07450436,-1.073353451,0.083802996,-0.084909872
0.1574,-1.198777289,1.201435326,1.093880132,-1.092772936,0.106231004,-0.107328542
0.15745,-1.248734746,1.251433277,1.120220246,-1.119157521,0.129851909,-0.130938347
0.1575,-1.306949755,1.309690754,1.152973839,-1.151956581,0.155318334,-0.156391755
0.15755,-1.373502927,1.376288684,1.191552006,-1.190581433,0.183299933,-0.184358238
0.1576,-1.448424786,1.451257901,1.235371266,-1.234448806,0.214410865,-0.215451751
0.15765,-1.531680722,1.5345641,1.283888658,-1.283015929,0.24915965,-0.250180584
0.1577,-1.623170119,1.626106966,1.336622202,-1.335800998,0.287927842,-0.288926043
0.15775,-1.722736428,1.725730246,1.393155106,-1.39238738,0.330975889,-0.331948299
0.1578,-1.830183167,1.833237748,1.453126286,-1.452414134,0.378468612,-0.379411883
0.15785,-1.945290825,1.948410246,1.516212386,-1.515558033,0.430510091,-0.43142056
0.1579,-2.067830876,2.07101949,1.58210731,-1.581513093,0.487178143,-0.488051819
0.15795,-2.197574882,2.200837309,1.650504413,-1.649972765,0.548551234,-0.549383779
0.158,-2.334298416,2.33763954,1.721084622,-1.720618056,0.61472428,-0.615510999
0.15805,-2.477780825,2.481205782,1.793511623,-1.793112721,0.685813219,-0.686549044
0.1581,-2.53685154,2.540323044,1.81278913,-1.812460185,0.7322289,-0.732908916
0.15815,-2.493421637,2.496885473,1.749608278,-1.749347505,0.745352968,-0.745975037
0.1582,-2.454333228,2.457789414,1.693587801,-1.693392772,0.762345234,-0.762908211
0.15825,-2.42292582,2.426374372,1.64286973,-1.642738264,0.781650354,-0.782152996
0.1583,-2.346396121,2.349837057,1.538479006,-1.538434262,0.80288895,-0.803329557
0.15835,-2.197420431,2.200853767,1.404472141,-1.404540506,0.79450791,-0.794888108
0.1584,-2.062814619,2.066240372,1.283216991,-1.283388727,0.78106393,-0.781385112
0.15845,-1.941229488,1.944647675,1.177573385,-1.177839724,0.765100278,-0.765363767
0.1585,-1.832980411,1.836391049,1.086616736,-1.086969843,0.747788948,-0.747995933
0.15855,-1.738350144,1.741753249,1.00898038,-1.009413307,0.730779103,-0.730930603
0.1586,-1.657545748,1.660941338,0.942972877,-0.943479522,0.715968932,-0.716065753
0.15865,-1.590651183,1.594039274,0.886784819,-0.887359879,0.70525153,-0.705294229
0.1587,-1.537608417,1.540989024,0.8387146,-0.839353524,0.700270235,-0.700259082
0.15875,-1.498229325,1.501602467,0.797362624,-0.798061568,0.702236332,-0.702171268
0.1588,-1.472231753,1.475597445,0.761750904,-0.762506675,0.711845508,-0.71172611
0.15885,-1.459286798,1.462645057,0.731344197,-0.732154197,0.729304013,-0.729129449
0.1589,-1.459062685,1.462413527,0.705974183,-0.706836355,0.754448342,-0.754217332
0.15895,-1.471253428,1.47459687,0.685692151,-0.686604916,0.786921228,-0.786632003
0.159,-1.495586582,1.49892264,0.670591299,-0.671553497,0.826357079,-0.826007346
0.15905,-1.531811311,1.535140001,0.660643275,-0.66165411,0.872533509,-0.872120417
0.1591,-1.579673627,1.582994965,0.655584933,-0.656643913,0.925459817,-0.924979929
0.15915,-1.638888447,1.64220245,0.654874335,-0.655981221,0.985393036,-0.984842305
0.1592,-1.709117589,1.712424273,0.657715479,-0.658870234,1.052791199,-1.052164949
0.15925,-1.789959683,1.793259064,0.663134846,-0.664337587,1.128226703,-1.127519611
0.1593,-1.880953506,1.8842456,0.670083555,-0.671334504,1.212287479,-1.211493567
0.15935,-1.981592124,1.984876947,0.677537983,-0.678837427,1.305490521,-1.30460314
0.1594,-2.091342662,2.094620231,0.68457774,-0.685925983,1.408223673,-1.407235498
0.15945,-2.209665966,2.212936295,0.690429806,-0.691827124,1.520721155,-1.519624176
0.1595,-2.336031683,2.33929479,0.694478002,-0.695924605,1.643069174,-1.641854693
0.15955,-2.415065573,2.418321473,0.697197965,-0.698694311,1.712797126,-1.711485097
0.1596,-2.412661718,2.415910427,0.673715141,-0.67525856,1.740498542,-1.739123224
0.15965,-2.417401008,2.420642542,0.646018562,-0.647606768,1.772873222,-1.771433621
0.1597,-2.427512426,2.4307468,0.616295396,-0.61792622,1.812715756,-1.8112107
0.15975,-2.353843432,2.357031354,0.558925451,-0.560596316,1.803012972,-1.801441449
0.1598,-2.184691409,2.187785996,0.478662174,-0.48036841,1.707473593,-1.70583876
0.15985,-2.024721881,2.027729552,0.407898862,-0.409635361,1.618305864,-1.616611575
0.1599,-1.877558826,1.880485521,0.345418134,-0.347180301,1.533598025,-1.531847896
0.15995,-1.743289974,1.746141158,0.291442369,-0.293226072,1.453282643,-1.451480047
0.16,-1.621884792,1.624665464,0.245723378,-0.247524908,1.377576958,-1.375725012
0.16005,-1.513127227,1.515841931,0.207529827,-0.209345861,1.306995955,-1.305097514
0.1601,-1.416605856,1.41925869,0.175704109,-0.177531679,1.242285554,-1.240343203
0.16015,-1.33174178,1.334336405,0.14880146,-0.150637915,1.18431138,-1.18232743
0.1602,-1.257850614,1.260390268,0.125283677,-0.127126658,1.133927033,-1.131903514
0.16025,-1.194225983,1.196713485,0.103726173,-0.105573575,1.091850533,-1.089789187
0.1603,-1.140225554,1.142663323,0.082993242,-0.084843182,1.058575088,-1.056477364
0.16035,-1.095339137,1.097729199,0.062344018,-0.064194801,1.034331234,-1.032198283
0.1604,-1.059222527,1.06156653,0.041448817,-0.043298897,1.019104335,-1.016937007
0.16045,-1.031689594,1.033988824,0.020317748,-0.022165686,1.012698075,-1.010496909
0.1605,-1.012661149,1.014916543,-8.20E-04,-9.97E-04,1.014829347,-1.01259457
0.16055,-1.002112356,1.004324517,-0.021740561,0.019954568,1.025201543,-1.022933063
0.1606,-0.999972999,1.002142216,-0.042284331,0.040504415,1.043603258,-1.041300663
0.16065,-1.006066608,1.00819287,-0.062530091,0.060757643,1.069942328,-1.067604884
0.1607,-1.020083624,1.022166632,-0.082810421,0.081046905,1.104240464,-1.101867117
0.16075,-1.041573831,1.043613022,-0.103687532,0.10193452,1.146609766,-1.144199139
0.1608,-1.069975118,1.071969672,-0.125878099,0.124137292,1.197204893,-1.194755288
0.16085,-1.104662248,1.106611109,-0.150153159,0.14842642,1.256171765,-1.253681171
0.1609,-1.145002131,1.146904019,-0.177240503,0.175529877,1.323605221,-1.32107131
0.16095,-1.190401982,1.192255412,-0.207751131,0.206058869,1.399523629,-1.396943764
0.161,-1.240340659,1.242143957,-0.242141518,0.240470103,1.4838625,-1.481233738
0.16105,-1.294379239,1.296130554,-0.280712629,0.279064799,1.576484062,-1.573803159
0.1611,-1.352152582,1.353849905,-0.32363777,0.322016539,1.677196691,-1.674460105
0.16115,-1.413347836,1.414989019,-0.371006516,0.369415194,1.785777332,-1.782981233
0.1612,-1.477677625,1.47926039,-0.422871276,0.421313492,1.901991255,-1.899131528
0.16125,-1.54485514,1.546377102,-0.479285848,0.477765563,2.025605701,-2.022677953
0.1613,-1.614576253,1.616034932,-0.540329853,0.538851378,2.156396424,-2.153395994
0.16135,-1.686510892,1.687903727,-0.606117767,0.604685776,2.294148098,-2.291070064
0.1614,-1.760303294,1.761627658,-0.676794984,0.675414524,2.438650638,-2.435489823
0.16145,-1.780945705,1.782199264,-0.722778881,0.721454851,2.498686595,-2.495479558
0.1615,-1.719122721,1.720307217,-0.735449666,0.734184187,2.456143534,-2.45294358
0.16155,-1.664416075,1.665533895,-0.752036844,0.750831043,2.417949684,-2.414756797
0.1616,-1.555408441,1.556436297,-0.77082888,0.769684338,2.334322592,-2.331136758
0.16165,-1.415299376,1.416210984,-0.760567935,0.759482945,2.177302785,-2.174123987
0.1617,-1.287970628,1.288776236,-0.745222909,0.744195971,2.034668876,-2.031497098
0.16175,-1.176304082,1.177012936,-0.72731354,0.726343194,1.905069266,-1.901904494
0.1618,-1.079444932,1.080065311,-0.707939118,0.707024003,1.788815573,-1.78565779
0.16185,-0.996134696,0.996673957,-0.688645555,0.687784451,1.686194734,-1.683043925
0.1619,-0.924807879,0.925272499,-0.671221396,0.670413267,1.597429445,-1.594285595
0.16195,-0.863776434,0.864172059,-0.65746597,0.656710002,1.522630686,-1.519493779
0.162,-0.811436476,0.811767963,-0.648960522,0.648256163,1.461775552,-1.458645573
0.16205,-0.766450395,0.766721863,-0.646892876,0.646239877,1.414714039,-1.411590973
0.1621,-0.727862789,0.728077671,-0.651972333,0.651370789,1.381199876,-1.378083707
0.16215,-0.69512552,0.695286617,-0.664448105,0.663898497,1.360934013,-1.357824726
0.1622,-0.668030866,0.668140406,-0.684218433,0.683721672,1.353606899,-1.350504479
0.16225,-0.646575081,0.646634779,-0.710996253,0.710553719,1.358927701,-1.355832132
0.1623,-0.630790804,0.63080192,-0.744486527,0.744100108,1.376634046,-1.373545314
0.16235,-0.620591342,0.620554739,-0.784532498,0.784204625,1.406482557,-1.403400647
0.1624,-0.615662452,0.615578655,-0.831201288,0.830934965,1.448226232,-1.445151128
0.16245,-0.615421104,0.615290352,-0.884798549,0.884597379,1.501587849,-1.498519536
0.1625,-0.619041428,0.618863724,-0.94582104,0.945689246,1.566238487,-1.563176951
0.16255,-0.625531481,0.625306646,-1.014869686,1.014812127,1.641787358,-1.638732583
0.1626,-0.633834796,0.633562513,-1.092550973,1.092573163,1.727784737,-1.724736708
0.16265,-0.642929448,0.642609311,-1.179391533,1.179499652,1.82373562,-1.820694324
0.1627,-0.651903408,0.651534964,-1.275782057,1.275982959,1.929118984,-1.926084404
0.16275,-0.659995103,0.6595779,-1.381955841,1.382257066,2.043406894,-2.040379017
0.1628,-0.666598801,0.666132434,-1.497997869,1.498407649,2.166078972,-2.163057781
0.16285,-0.671242632,0.670726781,-1.623874362,1.624401622,2.296629957,-2.293615439
0.1629,-0.674669864,0.674103977,-1.696728009,1.697353282,2.37953777,-2.37652991
0.16295,-0.652199354,0.651586003,-1.726819873,1.727509385,2.380546254,-2.377545037
0.163,-0.625537354,0.62487873,-1.761484502,1.76223933,2.38862294,-2.385628352
0.16305,-0.570162494,0.569461198,-1.747445643,1.748266695,2.312592003,-2.309642632
0.1631,-0.490209009,0.489469812,-1.648595411,1.649479445,2.14037325,-2.137514895
0.16315,-0.41896454,0.418192646,-1.556712242,1.557655314,1.977149199,-1.974375312
0.1632,-0.355256321,0.354456398,-1.469817421,1.470815821,1.826520719,-1.823825235
0.16325,-0.299485039,0.298661275,-1.387693055,1.388743312,1.688602673,-1.685980009
0.1633,-0.251683374,0.250839516,-1.310352512,1.311451406,1.563440884,-1.560885925
0.16335,-0.21145025,0.210589642,-1.238093868,1.239238438,1.450932053,-1.448440146
0.1634,-0.177946299,0.177071919,-1.171473795,1.172661347,1.350793209,-1.348360152
0.16345,-0.149976376,0.149090868,-1.111228659,1.112456775,1.262565323,-1.260187355
0.1635,-0.126143516,0.125249226,-1.058160216,1.059426756,1.185652963,-1.183326752
0.16355,-0.105041011,0.104140016,-1.013011914,1.014315024,1.119392665,-1.1171153
0.1636,-0.085439255,0.084533398,-0.976363692,0.977701813,1.06313459,-1.060903569
0.16365,-0.066425139,0.065516064,-0.948567764,0.949939632,1.016317692,-1.014130908
0.1637,-0.047463963,0.046553154,-0.929736691,0.931141343,0.97851971,-0.976375441
0.16375,-0.028373947,0.027462764,-0.919781546,0.921218331,0.949469847,-0.947366741
0.1638,-0.00922563,0.008315348,-0.918485827,0.919954404,0.929022075,-0.926959134
0.16385,0.009837139,-0.010718011,-0.925600115,0.927100462,0.917090256,-0.915066822
0.1639,0.028606056,-0.029483625,-0.940892691,0.942425107,0.913606125,-0.911621864
0.16395,0.047153705,-0.048026713,-0.964244254,0.965809359,0.918409156,-0.916464039
0.164,0.065736968,-0.066604092,-0.99564191,0.99724065,0.931223604,-0.929317895
0.16405,0.084840835,-0.085700655,-1.035164297,1.036797939,0.951643254,-0.949777492
0.1641,0.105119487,-0.105970459,-1.082944053,1.084614188,0.979146655,-0.97732164
0.16415,0.127307005,-0.128147436,-1.139119336,1.140827872,1.013137996,-1.01135477
0.1642,0.152121754,-0.152949772,-1.203789981,1.205539144,1.052998882,-1.051258716
0.16425,0.180188065,-0.181001599,-1.276988005,1.278780335,1.098137148,-1.096441527
0.1643,0.211990205,-0.212786955,-1.358666406,1.360504752,1.148021696,-1.146372301
0.16435,0.247862693,-0.248640112,-1.448704682,1.450592198,1.202197692,-1.200596383
0.1644,0.288011364,-0.288766632,-1.546925722,1.548865862,1.260282392,-1.258731196
0.16445,0.332553383,-0.333283387,-1.653117285,1.655113797,1.321946612,-1.3204477
0.1645,0.381562661,-0.382263973,-1.767051997,1.769108919,1.386889302,-1.38544498
0.16455,0.435109152,-0.435778015,-1.88850186,1.890623509,1.454812757,-1.453425444
0.1646,0.49328491,-0.493917214,-2.017245755,2.019436724,1.525404069,-1.524076285
0.16465,0.556214703,-0.556805981,-2.153070582,2.155335728,1.598325638,-1.597059988
0.1647,0.624053168,-0.624598575,-2.295767973,2.298112412,1.673214742,-1.6720139
0.16475,0.6969729,-0.69746721,-2.445128959,2.447558053,1.749690103,-1.7485568
0.1648,0.744864921,-0.745303048,-2.509734496,2.512211659,1.773027033,-1.771963702
0.16485,0.758552252,-0.75893199,-2.471287921,2.473759613,1.714267477,-1.713272493
0.1649,0.776361299,-0.776681438,-2.43716849,2.439634722,1.66240038,-1.661471471
0.16495,0.796441426,-0.796700296,-2.357915731,2.360376517,1.556444294,-1.555604838
0.165,0.787357197,-0.787556439,-2.205970473,2.208425824,1.420170295,-1.419446834
0.16505,0.773372,-0.77351303,-2.068442935,2.070892863,1.296533972,-1.295916564
0.1651,0.7570061,-0.757090275,-1.943972375,1.946416893,1.188406601,-1.187886285
0.16515,0.739377848,-0.739406406,-1.832861053,1.835300172,1.094904106,-1.094472866
0.1652,0.722061568,-0.722035585,-1.735381809,1.737815541,1.014724738,-1.01437546
0.16525,0.706872321,-0.706792671,-1.651737722,1.654166079,0.946256191,-0.945982618
0.1653,0.695624687,-0.695492006,-1.582015793,1.584438788,0.887770601,-0.887567287
0.16535,0.689898903,-0.689713545,-1.526167478,1.528585121,0.837638943,-0.837501208
0.1654,0.690865847,-0.690627848,-1.484018721,1.486431025,0.794516085,-0.794439966
0.16545,0.699206732,-0.698915769,-1.4553035,1.457710476,0.75745464,-0.757436836
0.1655,0.715138627,-0.714793976,-1.439708611,1.442110272,0.725924231,-0.72596205
0.16555,0.738530334,-0.738130829,-1.436915545,1.439311902,0.699737492,-0.699828792
0.1656,0.76907235,-0.768616341,-1.446627945,1.44901901,0.678907565,-0.679050697
0.16565,0.806455064,-0.805940384,-1.468578981,1.470964765,0.663477276,-0.663671021
0.1657,0.850512843,-0.849936771,-1.502519776,1.504900292,0.653363471,-0.653606983
0.16575,0.901305774,-0.900665008,-1.548195566,1.550570824,0.648251429,-0.64854418
0.1658,0.959130512,-0.958421142,-1.605319016,1.607689029,0.647557331,-0.647899059
0.16585,1.024470464,-1.023687958,-1.6735496,1.675914379,0.650457451,-0.650848106
0.1659,1.097908514,-1.097047695,-1.752484757,1.754844313,0.655966582,-0.656406278
0.16595,1.180029885,-1.17908492,-1.841664106,1.844018451,0.663039391,-0.663528361
0.166,1.271339179,-1.270303567,-1.940583954,1.942933099,0.670667879,-0.671206427
0.16605,1.372206725,-1.371073288,-2.04871682,2.051060777,0.677954564,-0.678543021
0.1661,1.482848763,-1.481609641,-2.165530363,2.167869143,0.68415121,-0.684789891
0.16615,1.603336984,-1.601983624,-2.290501385,2.292835,0.68866331,-0.689352467
0.1662,1.733627466,-1.732150625,-2.423122968,2.425451429,0.691028261,-0.691768046
0.16625,1.8103001,-1.808720777,-2.507645248,2.509968567,0.692294802,-0.693085587
0.1663,1.842918677,-1.841272921,-2.509680779,2.511998966,0.668336182,-0.669175288
0.16635,1.879978886,-1.878265535,-2.518690194,2.52100326,0.640226265,-0.641111391
0.1664,1.868034997,-1.866253057,-2.443793855,2.446061016,0.583869891,-0.58479832
0.16645,1.770925756,-1.769078401,-2.273206879,2.275379428,0.503740379,-0.504707304
0.1665,1.680881162,-1.678972268,-2.111532855,2.113617291,0.432148384,-0.433148563
0.16655,1.595971499,-1.594004704,-1.962346265,1.964348608,0.367844982,-0.368873696
0.1666,1.516007756,-1.513986456,-1.825739242,1.827665036,0.311178533,-0.312231532
0.16665,1.441004427,-1.438931767,-1.701742741,1.703597062,0.262165072,-0.263238537
0.1667,1.371230537,-1.369109399,-1.590250929,1.592038395,0.220429444,-0.221519945
0.16675,1.307188688,-1.305021688,-1.49099209,1.492716875,0.185197061,-0.186301527
0.1668,1.249547929,-1.247337403,-1.403529668,1.405195508,0.155362082,-0.156477761
0.16685,1.199044851,-1.196792857,-1.327295461,1.328905665,0.129619495,-0.130743922
0.1669,1.156374786,-1.154083093,-1.261649092,1.263206557,0.106633401,-0.107764369
0.16695,1.122096852,-1.119766938,-1.205950854,1.20745807,0.085204806,-0.086340327
0.167,1.09657247,-1.094205514,-1.159630973,1.161090041,0.064402377,-0.065540653
0.16705,1.079948015,-1.077544894,-1.122238859,1.123651501,0.043629034,-0.044768417
0.1671,1.072181099,-1.069742381,-1.093460909,1.094828483,0.022613478,-0.023752434
0.16715,1.073102936,-1.070628877,-1.073100464,1.074423977,0.00134981,-0.0024521
0.1672,1.082482174,-1.079972717,-1.061042276,1.062322403,-0.020106313,0.018980838
0.16725,1.100104582,-1.097559349,-1.057183922,1.058421019,-0.041589885,0.040469125
0.1673,1.125827518,-1.123245809,-1.061369783,1.062563902,-0.063127112,0.062012529
0.16735,1.159594942,-1.156975739,-1.073353451,1.07450436,-0.084909872,0.083802996
0.1674,1.201435326,-1.198777289,-1.092772937,1.093880133,-0.107328542,0.106231004
0.16745,1.251433277,-1.248734747,-1.119157522,1.120220247,-0.130938347,0.129851909
0.1675,1.309690755,-1.306949756,-1.151956582,1.15297384,-0.156391755,0.155318335
0.16755,1.376288685,-1.373502927,-1.190581434,1.191552007,-0.184358238,0.183299933
0.1676,1.451257902,-1.448424787,-1.234448806,1.235371266,-0.215451751,0.214410865
0.16765,1.5345641,-1.531680723,-1.28301593,1.283888659,-0.250180584,0.24915965
0.1677,1.626106967,-1.62317012,-1.335800998,1.336622203,-0.288926043,0.287927842
0.16775,1.725730247,-1.722736429,-1.39238738,1.393155107,-0.331948299,0.330975889
0.1678,1.833237749,-1.830183167,-1.452414135,1.453126286,-0.379411883,0.378468612
0.16785,1.948410246,-1.945290825,-1.515558034,1.516212386,-0.43142056,0.430510092
0.1679,2.07101949,-2.067830877,-1.581513094,1.582107311,-0.488051819,0.487178144
0.16795,2.20083731,-2.197574883,-1.649972765,1.650504414,-0.549383779,0.548551234
0.168,2.337639541,-2.334298417,-1.720618056,1.721084622,-0.615510999,0.61472428
0.16805,2.481205783,-2.477780826,-1.793112722,1.793511623,-0.686549044,0.685813219
0.1681,2.540323044,-2.536851541,-1.812460186,1.812789131,-0.732908917,0.7322289
0.16815,2.496885474,-2.493421638,-1.749347505,1.749608278,-0.745975038,0.745352968
0.1682,2.457789415,-2.454333229,-1.693392772,1.693587802,-0.762908211,0.762345234
0.16825,2.426374373,-2.42292582,-1.642738265,1.642869731,-0.782152996,0.781650355
0.1683,2.349837058,-2.346396122,-1.538434263,1.538479006,-0.803329557,0.802888951
0.16835,2.200853768,-2.197420432,-1.404540507,1.404472142,-0.794888108,0.794507911
0.1684,2.066240373,-2.06281462,-1.283388728,1.283216991,-0.781385113,0.78106393
0.16845,1.944647676,-1.941229488,-1.177839725,1.177573385,-0.765363767,0.765100279
0.1685,1.83639105,-1.832980412,-1.086969843,1.086616736,-0.747995934,0.747788948
0.16855,1.74175325,-1.738350145,-1.009413308,1.00898038,-0.730930603,0.730779103
0.1686,1.660941338,-1.657545749,-0.943479523,0.942972878,-0.716065754,0.715968933
0.16865,1.594039274,-1.590651184,-0.887359879,0.88678482,-0.705294229,0.70525153
0.1687,1.540989025,-1.537608418,-0.839353525,0.8387146,-0.700259082,0.700270236
0.16875,1.501602468,-1.498229326,-0.798061568,0.797362624,-0.702171269,0.702236332
0.1688,1.475597445,-1.472231754,-0.762506675,0.761750904,-0.711726111,0.711845509
0.16885,1.462645058,-1.459286799,-0.732154197,0.731344197,-0.729129449,0.729304013
0.1689,1.462413528,-1.459062686,-0.706836356,0.705974184,-0.754217332,0.754448342
0.16895,1.47459687,-1.471253429,-0.686604916,0.685692151,-0.786632004,0.786921228
0.169,1.49892264,-1.495586583,-0.671553498,0.670591299,-0.826007347,0.82635708
0.16905,1.535140002,-1.531811312,-0.66165411,0.660643275,-0.872120418,0.87253351
0.1691,1.582994966,-1.579673628,-0.656643913,0.655584934,-0.92497993,0.925459818
0.16915,1.64220245,-1.638888447,-0.655981221,0.654874335,-0.984842305,0.985393037
0.1692,1.712424273,-1.709117589,-0.658870234,0.65771548,-1.052164949,1.0527912
0.16925,1.793259065,-1.789959684,-0.664337587,0.663134847,-1.127519612,1.128226703
0.1693,1.884245601,-1.880953507,-0.671334505,0.670083555,-1.211493568,1.21228748
0.16935,1.984876948,-1.981592125,-0.678837428,0.677537983,-1.304603141,1.305490521
0.1694,2.094620232,-2.091342663,-0.685925983,0.68457774,-1.407235498,1.408223673
0.16945,2.212936296,-2.209665966,-0.691827124,0.690429806,-1.519624176,1.520721156
0.1695,2.339294791,-2.336031684,-0.695924605,0.694478002,-1.641854694,1.643069174
0.16955,2.418321474,-2.415065574,-0.698694312,0.697197965,-1.711485097,1.712797126
0.1696,2.415910428,-2.412661719,-0.67525856,0.673715141,-1.739123224,1.740498543
0.16965,2.420642543,-2.417401009,-0.647606768,0.646018563,-1.771433622,1.772873223
0.1697,2.430746801,-2.427512426,-0.61792622,0.616295396,-1.811210701,1.812715757
0.16975,2.357031355,-2.353843432,-0.560596316,0.558925451,-1.80144145,1.803012973
0.1698,2.187785997,-2.18469141,-0.48036841,0.478662174,-1.705838761,1.707473594
0.16985,2.027729552,-2.024721881,-0.409635361,0.407898863,-1.616611576,1.618305864
0.1699,1.880485522,-1.877558827,-0.347180301,0.345418134,-1.531847897,1.533598025
0.16995,1.746141158,-1.743289974,-0.293226073,0.291442369,-1.451480047,1.453282643
0.17,1.624665465,-1.621884793,-0.247524908,0.245723378,-1.375725012,1.377576959
0.17005,1.515841932,-1.513127227,-0.209345861,0.207529827,-1.305097514,1.306995956
0.1701,1.41925869,-1.416605857,-0.177531679,0.175704109,-1.240343204,1.242285555
0.17015,1.334336406,-1.331741781,-0.150637915,0.14880146,-1.182327431,1.18431138
0.1702,1.260390268,-1.257850615,-0.127126658,0.125283677,-1.131903515,1.133927033
0.17025,1.196713486,-1.194225984,-0.105573575,0.103726173,-1.089789188,1.091850534
0.1703,1.142663323,-1.140225555,-0.084843182,0.082993242,-1.056477365,1.058575089
0.17035,1.097729199,-1.095339138,-0.064194801,0.062344018,-1.032198284,1.034331234
0.1704,1.061566531,-1.059222527,-0.043298897,0.041448817,-1.016937008,1.019104336
0.17045,1.033988825,-1.031689595,-0.022165686,0.020317748,-1.01049691,1.012698075
0.1705,1.014916543,-1.01266115,-9.97E-04,-8.20E-04,-1.01259457,1.014829348
0.17055,1.004324518,-1.002112356,0.019954568,-0.021740561,-1.022933064,1.025201544
0.1706,1.002142217,-0.999972999,0.040504415,-0.042284331,-1.041300664,1.043603259
0.17065,1.00819287,-1.006066609,0.060757643,-0.062530091,-1.067604885,1.069942328
0.1707,1.022166633,-1.020083624,0.081046905,-0.082810421,-1.101867118,1.104240465
0.17075,1.043613022,-1.041573832,0.10193452,-0.103687532,-1.144199139,1.146609767
0.1708,1.071969672,-1.069975119,0.124137292,-0.125878099,-1.194755289,1.197204893
0.17085,1.106611109,-1.104662249,0.14842642,-0.150153159,-1.253681171,1.256171766
0.1709,1.14690402,-1.145002132,0.175529877,-0.177240504,-1.321071311,1.323605222
0.17095,1.192255413,-1.190401982,0.206058869,-0.207751131,-1.396943765,1.39952363
0.171,1.242143957,-1.24034066,0.240470103,-0.242141518,-1.481233738,1.4838625
0.17105,1.296130554,-1.294379239,0.279064799,-0.280712629,-1.573803159,1.576484063
0.1711,1.353849906,-1.352152582,0.322016539,-0.32363777,-1.674460106,1.677196691
0.17115,1.414989019,-1.413347837,0.369415194,-0.371006516,-1.782981234,1.785777332
0.1712,1.479260391,-1.477677625,0.421313492,-0.422871276,-1.899131529,1.901991256
0.17125,1.546377103,-1.54485514,0.477765563,-0.479285848,-2.022677954,2.025605701
0.1713,1.616034933,-1.614576254,0.538851378,-0.540329853,-2.153395994,2.156396424
0.17135,1.687903727,-1.686510892,0.604685776,-0.606117768,-2.291070064,2.294148099
0.1714,1.761627659,-1.760303294,0.675414524,-0.676794984,-2.435489823,2.438650638
0.17145,1.782199264,-1.780945706,0.721454851,-0.722778881,-2.495479559,2.498686596
0.1715,1.720307217,-1.719122722,0.734184187,-0.735449666,-2.45294358,2.456143534
0.17155,1.665533895,-1.664416076,0.750831043,-0.752036844,-2.414756798,2.417949684
0.1716,1.556436297,-1.555408442,0.769684338,-0.77082888,-2.331136758,2.334322593
0.17165,1.416210984,-1.415299376,0.759482945,-0.760567935,-2.174123988,2.177302786
0.1717,1.288776236,-1.287970628,0.744195971,-0.745222909,-2.031497099,2.034668876
0.17175,1.177012936,-1.176304083,0.726343194,-0.72731354,-1.901904494,1.905069267
0.1718,1.080065311,-1.079444933,0.707024003,-0.707939118,-1.785657791,1.788815574
0.17185,0.996673957,-0.996134696,0.687784452,-0.688645556,-1.683043926,1.686194735
0.1719,0.925272499,-0.924807879,0.670413267,-0.671221396,-1.594285596,1.597429446
0.17195,0.864172059,-0.863776434,0.656710002,-0.65746597,-1.519493779,1.522630686
0.172,0.811767963,-0.811436476,0.648256164,-0.648960523,-1.458645573,1.461775552
0.17205,0.766721864,-0.766450395,0.646239877,-0.646892876,-1.411590973,1.41471404
0.1721,0.728077671,-0.727862789,0.651370789,-0.651972333,-1.378083707,1.381199876
0.17215,0.695286617,-0.69512552,0.663898497,-0.664448105,-1.357824726,1.360934013
0.1722,0.668140406,-0.668030866,0.683721673,-0.684218433,-1.350504479,1.353606899
0.17225,0.646634779,-0.646575082,0.71055372,-0.710996253,-1.355832133,1.358927701
0.1723,0.63080192,-0.630790804,0.744100109,-0.744486527,-1.373545314,1.376634046
0.17235,0.620554739,-0.620591342,0.784204625,-0.784532498,-1.403400647,1.406482557
0.1724,0.615578655,-0.615662452,0.830934966,-0.831201288,-1.445151129,1.448226233
0.17245,0.615290352,-0.615421105,0.88459738,-0.884798549,-1.498519536,1.501587849
0.1725,0.618863725,-0.619041428,0.945689246,-0.945821041,-1.563176952,1.566238488
0.17255,0.625306647,-0.625531481,1.014812127,-1.014869687,-1.638732584,1.641787358
0.1726,0.633562514,-0.633834796,1.092573163,-1.092550973,-1.724736709,1.727784737
0.17265,0.642609311,-0.642929448,1.179499652,-1.179391534,-1.820694324,1.823735621
0.1727,0.651534964,-0.651903408,1.275982959,-1.275782057,-1.926084404,1.929118984
0.17275,0.6595779,-0.659995103,1.382257067,-1.381955841,-2.040379017,2.043406895
0.1728,0.666132434,-0.666598801,1.498407649,-1.49799787,-2.163057781,2.166078972
0.17285,0.670726781,-0.671242632,1.624401622,-1.623874362,-2.29361544,2.296629957
0.1729,0.674103977,-0.674669864,1.697353282,-1.696728009,-2.37652991,2.37953777
0.17295,0.651586003,-0.652199354,1.727509385,-1.726819873,-2.377545038,2.380546254
0.173,0.62487873,-0.625537354,1.76223933,-1.761484502,-2.385628352,2.38862294
0.17305,0.569461198,-0.570162494,1.748266695,-1.747445643,-2.309642632,2.312592004
0.1731,0.489469812,-0.490209009,1.649479445,-1.648595412,-2.137514895,2.14037325
0.17315,0.418192646,-0.41896454,1.557655314,-1.556712243,-1.974375312,1.977149199
0.1732,0.354456398,-0.355256321,1.470815821,-1.469817422,-1.823825235,1.826520719
0.17325,0.298661275,-0.299485039,1.388743312,-1.387693055,-1.685980009,1.688602673
0.1733,0.250839516,-0.251683374,1.311451406,-1.310352513,-1.560885926,1.563440884
0.17335,0.210589642,-0.21145025,1.239238438,-1.238093868,-1.448440146,1.450932053
0.1734,0.17707192,-0.177946299,1.172661347,-1.171473795,-1.348360152,1.350793209
0.17345,0.149090868,-0.149976376,1.112456775,-1.111228659,-1.260187355,1.262565323
0.1735,0.125249226,-0.126143516,1.059426756,-1.058160217,-1.183326752,1.185652963
0.17355,0.104140016,-0.105041011,1.014315024,-1.013011914,-1.1171153,1.119392665
0.1736,0.084533398,-0.085439255,0.977701814,-0.976363692,-1.060903569,1.06313459
0.17365,0.065516064,-0.066425139,0.949939632,-0.948567765,-1.014130908,1.016317692
0.1737,0.046553154,-0.047463963,0.931141343,-0.929736691,-0.976375441,0.97851971
0.17375,0.027462764,-0.028373947,0.921218331,-0.919781546,-0.947366741,0.949469847
0.1738,0.008315348,-0.00922563,0.919954405,-0.918485827,-0.926959135,0.929022075
0.17385,-0.010718011,0.009837139,0.927100462,-0.925600115,-0.915066822,0.917090256
0.1739,-0.029483625,0.028606056,0.942425107,-0.940892691,-0.911621864,0.913606125
0.17395,-0.048026713,0.047153705,0.965809359,-0.964244254,-0.916464039,0.918409156
0.174,-0.066604092,0.065736968,0.99724065,-0.99564191,-0.929317895,0.931223604
0.17405,-0.085700655,0.084840835,1.036797939,-1.035164297,-0.949777492,0.951643254
0.1741,-0.105970459,0.105119487,1.084614188,-1.082944053,-0.97732164,0.979146655
0.17415,-0.128147436,0.127307005,1.140827872,-1.139119336,-1.01135477,1.013137996
0.1742,-0.152949772,0.152121754,1.205539144,-1.203789981,-1.051258716,1.052998882
0.17425,-0.181001599,0.180188065,1.278780335,-1.276988005,-1.096441527,1.098137148
0.1743,-0.212786955,0.211990205,1.360504752,-1.358666406,-1.146372301,1.148021696
0.17435,-0.248640112,0.247862693,1.450592198,-1.448704682,-1.200596383,1.202197692
0.1744,-0.288766632,0.288011363,1.548865862,-1.546925722,-1.258731196,1.260282392
0.17445,-0.333283387,0.332553383,1.655113797,-1.653117285,-1.3204477,1.321946612
0.1745,-0.382263973,0.38156266,1.769108919,-1.767051997,-1.38544498,1.386889302
0.17455,-0.435778015,0.435109152,1.890623509,-1.888501859,-1.453425444,1.454812757
0.1746,-0.493917214,0.493284909,2.019436723,-2.017245755,-1.524076285,1.525404069
0.17465,-0.556805981,0.556214703,2.155335728,-2.153070582,-1.597059988,1.598325638
0.1747,-0.624598575,0.624053167,2.298112411,-2.295767973,-1.6720139,1.673214742
0.17475,-0.69746721,0.6969729,2.447558053,-2.445128958,-1.7485568,1.749690102
0.1748,-0.745303048,0.744864921,2.512211659,-2.509734496,-1.771963702,1.773027033
0.17485,-0.75893199,0.758552251,2.473759613,-2.471287921,-1.713272492,1.714267477
0.1749,-0.776681438,0.776361299,2.439634722,-2.437168489,-1.66147147,1.66240038
0.17495,-0.796700295,0.796441426,2.360376517,-2.357915731,-1.555604838,1.556444294
0.175,-0.787556439,0.787357197,2.208425824,-2.205970473,-1.419446834,1.420170295
0.17505,-0.77351303,0.773372,2.070892863,-2.068442935,-1.295916564,1.296533972
0.1751,-0.757090275,0.7570061,1.946416893,-1.943972375,-1.187886284,1.1884066
0.17515,-0.739406405,0.739377847,1.835300172,-1.832861053,-1.094472866,1.094904106
0.1752,-0.722035584,0.722061567,1.737815541,-1.735381809,-1.01437546,1.014724738
0.17525,-0.706792671,0.70687232,1.654166079,-1.651737721,-0.945982618,0.946256191
0.1753,-0.695492005,0.695624687,1.584438787,-1.582015793,-0.887567287,0.887770601
0.17535,-0.689713544,0.689898903,1.528585121,-1.526167477,-0.837501208,0.837638942
0.1754,-0.690627847,0.690865847,1.486431024,-1.48401872,-0.794439965,0.794516085
0.17545,-0.698915768,0.699206731,1.457710476,-1.455303499,-0.757436835,0.75745464
0.1755,-0.714793975,0.715138626,1.442110272,-1.439708611,-0.72596205,0.725924231
0.17555,-0.738130829,0.738530334,1.439311902,-1.436915545,-0.699828792,0.699737491
0.1756,-0.768616341,0.76907235,1.449019009,-1.446627944,-0.679050697,0.678907565
0.17565,-0.805940384,0.806455064,1.470964764,-1.46857898,-0.663671021,0.663477276
0.1757,-0.84993677,0.850512842,1.504900291,-1.502519776,-0.653606983,0.653363471
0.17575,-0.900665007,0.901305774,1.550570824,-1.548195566,-0.64854418,0.648251428
0.1758,-0.958421142,0.959130511,1.607689028,-1.605319016,-0.647899059,0.647557331
0.17585,-1.023687957,1.024470463,1.675914378,-1.6735496,-0.650848106,0.650457451
0.1759,-1.097047695,1.097908514,1.754844312,-1.752484756,-0.656406278,0.655966582
0.17595,-1.17908492,1.180029885,1.84401845,-1.841664106,-0.663528361,0.663039391
0.176,-1.270303566,1.271339178,1.942933098,-1.940583953,-0.671206427,0.670667879
0.17605,-1.371073288,1.372206724,2.051060777,-2.04871682,-0.678543021,0.677954563
0.1761,-1.48160964,1.482848763,2.167869142,-2.165530362,-0.684789891,0.68415121
0.17615,-1.601983623,1.603336983,2.292835,-2.290501385,-0.689352467,0.68866331
0.1762,-1.732150625,1.733627465,2.425451428,-2.423122967,-0.691768046,0.69102826
0.17625,-1.808720776,1.8103001,2.509968566,-2.507645248,-0.693085587,0.692294802
0.1763,-1.84127292,1.842918676,2.511998966,-2.509680779,-0.669175288,0.668336182
0.17635,-1.878265535,1.879978886,2.52100326,-2.518690193,-0.641111391,0.640226265
0.1764,-1.866253056,1.868034997,2.446061015,-2.443793854,-0.58479832,0.58386989
0.17645,-1.7690784,1.770925755,2.275379427,-2.273206878,-0.504707303,0.503740379
0.1765,-1.678972268,1.680881162,2.113617291,-2.111532855,-0.433148563,0.432148384
0.17655,-1.594004704,1.595971499,1.964348608,-1.962346264,-0.368873696,0.367844982
0.1766,-1.513986455,1.516007755,1.827665035,-1.825739241,-0.312231532,0.311178533
0.17665,-1.438931766,1.441004426,1.703597061,-1.70174274,-0.263238537,0.262165072
0.1767,-1.369109398,1.371230536,1.592038395,-1.590250928,-0.221519945,0.220429443
0.17675,-1.305021687,1.307188688,1.492716874,-1.490992089,-0.186301527,0.185197061
0.1768,-1.247337403,1.249547928,1.405195507,-1.403529668,-0.156477761,0.155362082
0.17685,-1.196792856,1.19904485,1.328905664,-1.32729546,-0.130743922,0.129619495
0.1769,-1.154083093,1.156374785,1.263206556,-1.261649092,-0.107764369,0.106633401
0.17695,-1.119766938,1.122096851,1.207458069,-1.205950853,-0.086340327,0.085204806
0.177,-1.094205514,1.096572469,1.161090041,-1.159630973,-0.065540653,0.064402377
0.17705,-1.077544893,1.079948015,1.1236515,-1.122238858,-0.044768417,0.043629034
0.1771,-1.06974238,1.072181098,1.094828482,-1.093460908,-0.023752434,0.022613478
0.17715,-1.070628877,1.073102935,1.074423977,-1.073100463,-0.0024521,0.00134981
0.1772,-1.079972716,1.082482173,1.062322403,-1.061042275,0.018980838,-0.020106313
0.17725,-1.097559348,1.100104582,1.058421018,-1.057183922,0.040469125,-0.041589884
0.1773,-1.123245808,1.125827517,1.062563902,-1.061369783,0.062012529,-0.063127112
0.17735,-1.156975738,1.159594941,1.07450436,-1.073353451,0.083802996,-0.084909872
0.1774,-1.198777289,1.201435326,1.093880132,-1.092772936,0.106231004,-0.107328542
0.17745,-1.248734746,1.251433277,1.120220246,-1.119157521,0.129851909,-0.130938347
0.1775,-1.306949755,1.309690754,1.152973839,-1.151956581,0.155318334,-0.156391755
0.17755,-1.373502927,1.376288684,1.191552006,-1.190581433,0.183299933,-0.184358238
0.1776,-1.448424786,1.451257901,1.235371266,-1.234448806,0.214410865,-0.215451751
0.17765,-1.531680722,1.5345641,1.283888658,-1.283015929,0.24915965,-0.250180584
0.1777,-1.623170119,1.626106966,1.336622202,-1.335800998,0.287927842,-0.288926043
0.17775,-1.722736428,1.725730246,1.393155106,-1.39238738,0.330975889,-0.331948299
0.1778,-1.830183167,1.833237748,1.453126286,-1.452414134,0.378468612,-0.379411883
0.17785,-1.945290825,1.948410246,1.516212386,-1.515558033,0.430510091,-0.43142056
0.1779,-2.067830876,2.07101949,1.58210731,-1.581513093,0.487178143,-0.488051819
0.17795,-2.197574882,2.200837309,1.650504413,-1.649972765,0.548551234,-0.549383779
0.178,-2.334298416,2.33763954,1.721084622,-1.720618056,0.61472428,-0.615510999
0.17805,-2.477780825,2.481205782,1.793511623,-1.793112721,0.685813219,-0.686549044
0.1781,-2.53685154,2.540323044,1.81278913,-1.812460185,0.7322289,-0.732908916
0.17815,-2.493421637,2.496885473,1.749608278,-1.749347505,0.745352968,-0.745975037
0.1782,-2.454333228,2.457789414,1.693587801,-1.693392772,0.762345234,-0.762908211
0.17825,-2.42292582,2.426374372,1.64286973,-1.642738264,0.781650354,-0.782152996
0.1783,-2.346396121,2.349837057,1.538479006,-1.538434262,0.80288895,-0.803329557
0.17835,-2.197420431,2.200853767,1.404472141,-1.404540506,0.79450791,-0.794888108
0.1784,-2.062814619,2.066240372,1.283216991,-1.283388727,0.78106393,-0.781385112
0.17845,-1.941229488,1.944647675,1.177573385,-1.177839724,0.765100278,-0.765363767
0.1785,-1.832980411,1.836391049,1.086616736,-1.086969843,0.747788948,-0.747995933
0.17855,-1.738350144,1.741753249,1.00898038,-1.009413307,0.730779103,-0.730930603
0.1786,-1.657545748,1.660941338,0.942972877,-0.943479522,0.715968932,-0.716065753
0.17865,-1.590651183,1.594039274,0.886784819,-0.887359879,0.70525153,-0.705294229
0.1787,-1.537608417,1.540989024,0.8387146,-0.839353524,0.700270235,-0.700259082
0.17875,-1.498229325,1.501602467,0.797362624,-0.798061568,0.702236332,-0.702171268
0.1788,-1.472231753,1.475597445,0.761750904,-0.762506675,0.711845508,-0.71172611
0.17885,-1.459286798,1.462645057,0.731344197,-0.732154197,0.729304013,-0.729129449
0.1789,-1.459062685,1.462413527,0.705974183,-0.706836355,0.754448342,-0.754217332
0.17895,-1.471253428,1.47459687,0.685692151,-0.686604916,0.786921228,-0.786632003
0.179,-1.495586582,1.49892264,0.670591299,-0.671553497,0.826357079,-0.826007346
0.17905,-1.531811311,1.535140001,0.660643275,-0.66165411,0.872533509,-0.872120417
0.1791,-1.579673627,1.582994965,0.655584933,-0.656643913,0.925459817,-0.924979929
0.17915,-1.638888447,1.64220245,0.654874335,-0.655981221,0.985393036,-0.984842305
0.1792,-1.709117589,1.712424273,0.657715479,-0.658870234,1.052791199,-1.052164949
0.17925,-1.789959683,1.793259064,0.663134846,-0.664337587,1.128226703,-1.127519611
0.1793,-1.880953506,1.8842456,0.670083555,-0.671334504,1.212287479,-1.211493567
0.17935,-1.981592124,1.984876947,0.677537983,-0.678837427,1.305490521,-1.30460314
0.1794,-2.091342662,2.094620231,0.68457774,-0.685925983,1.408223673,-1.407235498
0.17945,-2.209665966,2.212936295,0.690429806,-0.691827124,1.520721155,-1.519624176
0.1795,-2.336031683,2.33929479,0.694478002,-0.695924605,1.643069174,-1.641854693
0.17955,-2.415065573,2.418321473,0.697197965,-0.698694311,1.712797126,-1.711485097
0.1796,-2.412661718,2.415910427,0.673715141,-0.67525856,1.740498542,-1.739123224
0.17965,-2.417401008,2.420642542,0.646018562,-0.647606768,1.772873222,-1.771433621
0.1797,-2.427512426,2.4307468,0.616295396,-0.61792622,1.812715756,-1.8112107
0.17975,-2.353843432,2.357031354,0.558925451,-0.560596316,1.803012972,-1.801441449
0.1798,-2.184691409,2.187785996,0.478662174,-0.48036841,1.707473593,-1.70583876
0.17985,-2.024721881,2.027729552,0.407898862,-0.409635361,1.618305864,-1.616611575
0.1799,-1.877558826,1.880485521,0.345418134,-0.347180301,1.533598025,-1.531847896
0.17995,-1.743289974,1.746141158,0.291442369,-0.293226072,1.453282643,-1.451480047
0.18,-1.621884792,1.624665464,0.245723378,-0.247524908,1.377576958,-1.375725012
0.18005,-1.513127227,1.515841931,0.207529827,-0.209345861,1.306995955,-1.305097514
0.1801,-1.416605856,1.41925869,0.175704109,-0.177531679,1.242285554,-1.240343203
0.18015,-1.33174178,1.334336405,0.14880146,-0.150637915,1.18431138,-1.18232743
0.1802,-1.257850614,1.260390268,0.125283677,-0.127126658,1.133927033,-1.131903514
0.18025,-1.194225983,1.196713485,0.103726173,-0.105573575,1.091850533,-1.089789187
0.1803,-1.140225554,1.142663323,0.082993242,-0.084843182,1.058575088,-1.056477364
0.18035,-1.095339137,1.097729199,0.062344018,-0.064194801,1.034331234,-1.032198283
0.1804,-1.059222527,1.06156653,0.041448817,-0.043298897,1.019104335,-1.016937007
0.18045,-1.031689594,1.033988824,0.020317748,-0.022165686,1.012698075,-1.010496909
0.1805,-1.012661149,1.014916543,-8.20E-04,-9.97E-04,1.014829347,-1.01259457
0.18055,-1.002112356,1.004324517,-0.021740561,0.019954568,1.025201543,-1.022933063
0.1806,-0.999972999,1.002142216,-0.042284331,0.040504415,1.043603258,-1.041300663
0.18065,-1.006066608,1.00819287,-0.062530091,0.060757643,1.069942328,-1.067604884
0.1807,-1.020083624,1.022166632,-0.082810421,0.081046905,1.104240464,-1.101867117
0.18075,-1.041573831,1.043613022,-0.103687532,0.10193452,1.146609766,-1.144199139
0.1808,-1.069975118,1.071969672,-0.125878099,0.124137292,1.197204893,-1.194755288
0.18085,-1.104662248,1.106611109,-0.150153159,0.14842642,1.256171765,-1.253681171
0.1809,-1.145002131,1.146904019,-0.177240503,0.175529877,1.323605221,-1.32107131
0.18095,-1.190401982,1.192255412,-0.207751131,0.206058869,1.399523629,-1.396943764
0.181,-1.240340659,1.242143957,-0.242141518,0.240470103,1.4838625,-1.481233738
0.18105,-1.294379239,1.296130554,-0.280712629,0.279064799,1.576484062,-1.573803159
0.1811,-1.352152582,1.353849905,-0.32363777,0.322016539,1.677196691,-1.674460105
0.18115,-1.413347836,1.414989019,-0.371006516,0.369415194,1.785777332,-1.782981233
0.1812,-1.477677625,1.47926039,-0.422871276,0.421313492,1.901991255,-1.899131528
0.18125,-1.54485514,1.546377102,-0.479285848,0.477765563,2.025605701,-2.022677953
0.1813,-1.614576253,1.616034932,-0.540329853,0.538851378,2.156396424,-2.153395994
0.18135,-1.686510892,1.687903727,-0.606117767,0.604685776,2.294148098,-2.291070064
0.1814,-1.760303294,1.761627658,-0.676794984,0.675414524,2.438650638,-2.435489823
0.18145,-1.780945705,1.782199264,-0.722778881,0.721454851,2.498686595,-2.495479558
0.1815,-1.719122721,1.720307217,-0.735449666,0.734184187,2.456143534,-2.45294358
0.18155,-1.664416075,1.665533895,-0.752036844,0.750831043,2.417949684,-2.414756797
0.1816,-1.555408441,1.556436297,-0.77082888,0.769684338,2.334322592,-2.331136758
0.18165,-1.415299376,1.416210984,-0.760567935,0.759482945,2.177302785,-2.174123987
0.1817,-1.287970628,1.288776236,-0.745222909,0.744195971,2.034668876,-2.031497098
0.18175,-1.176304082,1.177012936,-0.72731354,0.726343194,1.905069266,-1.901904494
0.1818,-1.079444932,1.080065311,-0.707939118,0.707024003,1.788815573,-1.78565779
0.18185,-0.996134696,0.996673957,-0.688645555,0.687784451,1.686194734,-1.683043925
0.1819,-0.924807879,0.925272499,-0.671221396,0.670413267,1.597429445,-1.594285595
0.18195,-0.863776434,0.864172059,-0.65746597,0.656710002,1.522630686,-1.519493779
0.182,-0.811436476,0.811767963,-0.648960522,0.648256163,1.461775552,-1.458645573
0.18205,-0.766450395,0.766721863,-0.646892876,0.646239877,1.414714039,-1.411590973
0.1821,-0.727862789,0.728077671,-0.651972333,0.651370789,1.381199876,-1.378083707
0.18215,-0.69512552,0.695286617,-0.664448105,0.663898497,1.360934013,-1.357824726
0.1822,-0.668030866,0.668140406,-0.684218433,0.683721672,1.353606899,-1.350504479
0.18225,-0.646575081,0.646634779,-0.710996253,0.710553719,1.358927701,-1.355832132
0.1823,-0.630790804,0.63080192,-0.744486527,0.744100108,1.376634046,-1.373545314
0.18235,-0.620591342,0.620554739,-0.784532498,0.784204625,1.406482557,-1.403400647
0.1824,-0.615662452,0.615578655,-0.831201288,0.830934965,1.448226232,-1.445151128
0.18245,-0.615421104,0.615290352,-0.884798549,0.884597379,1.501587849,-1.498519536
0.1825,-0.619041428,0.618863724,-0.94582104,0.945689246,1.566238487,-1.563176951
0.18255,-0.625531481,0.625306646,-1.014869686,1.014812127,1.641787358,-1.638732583
0.1826,-0.633834796,0.633562513,-1.092550973,1.092573163,1.727784737,-1.724736708
0.18265,-0.642929448,0.642609311,-1.179391533,1.179499652,1.82373562,-1.820694324
0.1827,-0.651903408,0.651534964,-1.275782057,1.275982959,1.929118984,-1.926084404
0.18275,-0.659995103,0.6595779,-1.381955841,1.382257066,2.043406894,-2.040379017
0.1828,-0.666598801,0.666132434,-1.497997869,1.498407649,2.166078972,-2.163057781
0.18285,-0.671242632,0.670726781,-1.623874362,1.624401622,2.296629957,-2.293615439
0.1829,-0.674669864,0.674103977,-1.696728009,1.697353282,2.37953777,-2.37652991
0.18295,-0.652199354,0.651586003,-1.726819873,1.727509385,2.380546254,-2.377545037
0.183,-0.625537354,0.62487873,-1.761484502,1.76223933,2.38862294,-2.385628352
0.18305,-0.570162494,0.569461198,-1.747445643,1.748266695,2.312592003,-2.309642632
0.1831,-0.490209009,0.489469812,-1.648595411,1.649479445,2.14037325,-2.137514895
0.18315,-0.41896454,0.418192646,-1.556712242,1.557655314,1.977149199,-1.974375312
0.1832,-0.355256321,0.354456398,-1.469817421,1.470815821,1.826520719,-1.823825235
0.18325,-0.299485039,0.298661275,-1.387693055,1.388743312,1.688602673,-1.685980009
0.1833,-0.251683374,0.250839516,-1.310352512,1.311451406,1.563440884,-1.560885925
0.18335,-0.21145025,0.210589642,-1.238093868,1.239238438,1.450932053,-1.448440146
0.1834,-0.177946299,0.177071919,-1.171473795,1.172661347,1.350793209,-1.348360152
0.18345,-0.149976376,0.149090868,-1.111228659,1.112456775,1.262565323,-1.260187355
0.1835,-0.126143516,0.125249226,-1.058160216,1.059426756,1.185652963,-1.183326752
0.18355,-0.105041011,0.104140016,-1.013011914,1.014315024,1.119392665,-1.1171153
0.1836,-0.085439255,0.084533398,-0.976363692,0.977701813,1.06313459,-1.060903569
0.18365,-0.066425139,0.065516064,-0.948567764,0.949939632,1.016317692,-1.014130908
0.1837,-0.047463963,0.046553154,-0.929736691,0.931141343,0.97851971,-0.976375441
0.18375,-0.028373947,0.027462764,-0.919781546,0.921218331,0.949469847,-0.947366741
0.1838,-0.00922563,0.008315348,-0.918485827,0.919954404,0.929022075,-0.926959134
0.18385,0.009837139,-0.010718011,-0.925600115,0.927100462,0.917090256,-0.915066822
0.1839,0.028606056,-0.029483625,-0.940892691,0.942425107,0.913606125,-0.911621864
0.18395,0.047153705,-0.048026713,-0.964244254,0.965809359,0.918409156,-0.916464039
0.184,0.065736968,-0.066604092,-0.99564191,0.99724065,0.931223604,-0.929317895
0.18405,0.084840835,-0.085700655,-1.035164297,1.036797939,0.951643254,-0.949777492
0.1841,0.105119487,-0.105970459,-1.082944053,1.084614188,0.979146655,-0.97732164
0.18415,0.127307005,-0.128147436,-1.139119336,1.140827872,1.013137996,-1.01135477
0.1842,0.152121754,-0.152949772,-1.203789981,1.205539144,1.052998882,-1.051258716
0.18425,0.180188065,-0.181001599,-1.276988005,1.278780335,1.098137148,-1.096441527
0.1843,0.211990205,-0.212786955,-1.358666406,1.360504752,1.148021696,-1.146372301
0.18435,0.247862693,-0.248640112,-1.448704682,1.450592198,1.202197692,-1.200596383
0.1844,0.288011364,-0.288766632,-1.546925722,1.548865862,1.260282392,-1.258731196
0.18445,0.332553383,-0.333283387,-1.653117285,1.655113797,1.321946612,-1.3204477
0.1845,0.381562661,-0.382263973,-1.767051997,1.769108919,1.386889302,-1.38544498
0.18455,0.435109152,-0.435778015,-1.88850186,1.890623509,1.454812757,-1.453425444
0.1846,0.49328491,-0.493917214,-2.017245755,2.019436724,1.525404069,-1.524076285
0.18465,0.556214703,-0.556805981,-2.153070582,2.155335728,1.598325638,-1.597059988
0.1847,0.624053168,-0.624598575,-2.295767973,2.298112412,1.673214742,-1.6720139
0.18475,0.6969729,-0.69746721,-2.445128959,2.447558053,1.749690103,-1.7485568
0.1848,0.744864921,-0.745303048,-2.509734496,2.512211659,1.773027033,-1.771963702
0.18485,0.758552252,-0.75893199,-2.471287921,2.473759613,1.714267477,-1.713272493
0.1849,0.776361299,-0.776681438,-2.43716849,2.439634722,1.66240038,-1.661471471
0.18495,0.796441426,-0.796700296,-2.357915731,2.360376517,1.556444294,-1.555604838
0.185,0.787357197,-0.787556439,-2.205970473,2.208425824,1.420170295,-1.419446834
0.18505,0.773372,-0.77351303,-2.068442935,2.070892863,1.296533972,-1.295916564
0.1851,0.7570061,-0.757090275,-1.943972375,1.946416893,1.188406601,-1.187886285
0.18515,0.739377848,-0.739406406,-1.832861053,1.835300172,1.094904106,-1.094472866
0.1852,0.722061568,-0.722035585,-1.735381809,1.737815541,1.014724738,-1.01437546
0.18525,0.706872321,-0.706792671,-1.651737722,1.654166079,0.946256191,-0.945982618
0.1853,0.695624687,-0.695492006,-1.582015793,1.584438788,0.887770601,-0.887567287
0.18535,0.689898903,-0.689713545,-1.526167478,1.528585121,0.837638943,-0.837501208
0.1854,0.690865847,-0.690627848,-1.484018721,1.486431025,0.794516085,-0.794439966
0.18545,0.699206732,-0.698915769,-1.4553035,1.457710476,0.75745464,-0.757436836
0.1855,0.715138627,-0.714793976,-1.439708611,1.442110272,0.725924231,-0.72596205
0.18555,0.738530334,-0.738130829,-1.436915545,1.439311902,0.699737492,-0.699828792
0.1856,0.76907235,-0.768616341,-1.446627945,1.44901901,0.678907565,-0.679050697
0.18565,0.806455064,-0.805940384,-1.468578981,1.470964765,0.663477276,-0.663671021
0.1857,0.850512843,-0.849936771,-1.502519776,1.504900292,0.653363471,-0.653606983
0.18575,0.901305774,-0.900665008,-1.548195566,1.550570824,0.648251429,-0.64854418
0.1858,0.959130512,-0.958421142,-1.605319016,1.607689029,0.647557331,-0.647899059
0.18585,1.024470464,-1.023687958,-1.6735496,1.675914379,0.650457451,-0.650848106
0.1859,1.097908514,-1.097047695,-1.752484757,1.754844313,0.655966582,-0.656406278
0.18595,1.180029885,-1.17908492,-1.841664106,1.844018451,0.663039391,-0.663528361
0.186,1.271339179,-1.270303567,-1.940583954,1.942933099,0.670667879,-0.671206427
0.18605,1.372206725,-1.371073288,-2.04871682,2.051060777,0.677954564,-0.678543021
0.1861,1.482848763,-1.481609641,-2.165530363,2.167869143,0.68415121,-0.684789891
0.18615,1.603336984,-1.601983624,-2.290501385,2.292835,0.68866331,-0.689352467
0.1862,1.733627466,-1.732150625,-2.423122968,2.425451429,0.691028261,-0.691768046
0.18625,1.8103001,-1.808720777,-2.507645248,2.509968567,0.692294802,-0.693085587
0.1863,1.842918677,-1.841272921,-2.509680779,2.511998966,0.668336182,-0.669175288
0.18635,1.879978886,-1.878265535,-2.518690194,2.52100326,0.640226265,-0.641111391
0.1864,1.868034997,-1.866253057,-2.443793855,2.446061016,0.583869891,-0.58479832
0.18645,1.770925756,-1.769078401,-2.273206879,2.275379428,0.503740379,-0.504707304
0.1865,1.680881162,-1.678972268,-2.111532855,2.113617291,0.432148384,-0.433148563
0.18655,1.595971499,-1.594004704,-1.962346265,1.964348608,0.367844982,-0.368873696
0.1866,1.516007756,-1.513986456,-1.825739242,1.827665036,0.311178533,-0.312231532
0.18665,1.441004427,-1.438931767,-1.701742741,1.703597062,0.262165072,-0.263238537
0.1867,1.371230537,-1.369109399,-1.590250929,1.592038395,0.220429444,-0.221519945
0.18675,1.307188688,-1.305021688,-1.49099209,1.492716875,0.185197061,-0.186301527
0.1868,1.249547929,-1.247337403,-1.403529668,1.405195508,0.155362082,-0.156477761
0.18685,1.199044851,-1.196792857,-1.327295461,1.328905665,0.129619495,-0.130743922
0.1869,1.156374786,-1.154083093,-1.261649092,1.263206557,0.106633401,-0.107764369
0.18695,1.122096852,-1.119766938,-1.205950854,1.20745807,0.085204806,-0.086340327
0.187,1.09657247,-1.094205514,-1.159630973,1.161090041,0.064402377,-0.065540653
0.18705,1.079948015,-1.077544894,-1.122238859,1.123651501,0.043629034,-0.044768417
0.1871,1.072181099,-1.069742381,-1.093460909,1.094828483,0.022613478,-0.023752434
0.18715,1.073102936,-1.070628877,-1.073100464,1.074423977,0.00134981,-0.0024521
0.1872,1.082482174,-1.079972717,-1.061042276,1.062322403,-0.020106313,0.018980838
0.18725,1.100104582,-1.097559349,-1.057183922,1.058421019,-0.041589885,0.040469125
0.1873,1.125827518,-1.123245809,-1.061369783,1.062563902,-0.063127112,0.062012529
0.18735,1.159594942,-1.156975739,-1.073353451,1.07450436,-0.084909872,0.083802996
0.1874,1.201435326,-1.198777289,-1.092772937,1.093880133,-0.107328542,0.106231004
0.18745,1.251433277,-1.248734747,-1.119157522,1.120220247,-0.130938347,0.129851909
0.1875,1.309690755,-1.306949756,-1.151956582,1.15297384,-0.156391755,0.155318335
0.18755,1.376288685,-1.373502927,-1.190581434,1.191552007,-0.184358238,0.183299933
0.1876,1.451257902,-1.448424787,-1.234448806,1.235371266,-0.215451751,0.214410865
0.18765,1.5345641,-1.531680723,-1.28301593,1.283888659,-0.250180584,0.24915965
0.1877,1.626106967,-1.62317012,-1.335800998,1.336622203,-0.288926043,0.287927842
0.18775,1.725730247,-1.722736429,-1.39238738,1.393155107,-0.331948299,0.330975889
0.1878,1.833237749,-1.830183167,-1.452414135,1.453126286,-0.379411883,0.378468612
0.18785,1.948410246,-1.945290825,-1.515558034,1.516212386,-0.43142056,0.430510092
0.1879,2.07101949,-2.067830877,-1.581513094,1.582107311,-0.488051819,0.487178144
0.18795,2.20083731,-2.197574883,-1.649972765,1.650504414,-0.549383779,0.548551234
0.188,2.337639541,-2.334298417,-1.720618056,1.721084622,-0.615510999,0.61472428
0.18805,2.481205783,-2.477780826,-1.793112722,1.793511623,-0.686549044,0.685813219
0.1881,2.540323044,-2.536851541,-1.812460186,1.812789131,-0.732908917,0.7322289
0.18815,2.496885474,-2.493421638,-1.749347505,1.749608278,-0.745975038,0.745352968
0.1882,2.457789415,-2.454333229,-1.693392772,1.693587802,-0.762908211,0.762345234
0.18825,2.426374373,-2.42292582,-1.642738265,1.642869731,-0.782152996,0.781650355
0.1883,2.349837058,-2.346396122,-1.538434263,1.538479006,-0.803329557,0.802888951
0.18835,2.200853768,-2.197420432,-1.404540507,1.404472142,-0.794888108,0.794507911
0.1884,2.066240373,-2.06281462,-1.283388728,1.283216991,-0.781385113,0.78106393
0.18845,1.944647676,-1.941229488,-1.177839725,1.177573385,-0.765363767,0.765100279
0.1885,1.83639105,-1.832980412,-1.086969843,1.086616736,-0.747995934,0.747788948
0.18855,1.74175325,-1.738350145,-1.009413308,1.00898038,-0.730930603,0.730779103
0.1886,1.660941338,-1.657545749,-0.943479523,0.942972878,-0.716065754,0.715968933
0.18865,1.594039274,-1.590651184,-0.887359879,0.88678482,-0.705294229,0.70525153
0.1887,1.540989025,-1.537608418,-0.839353525,0.8387146,-0.700259082,0.700270236
0.18875,1.501602468,-1.498229326,-0.798061568,0.797362624,-0.702171269,0.702236332
0.1888,1.475597445,-1.472231754,-0.762506675,0.761750904,-0.711726111,0.711845509
0.18885,1.462645058,-1.459286799,-0.732154197,0.731344197,-0.729129449,0.729304013
0.1889,1.462413528,-1.459062686,-0.706836356,0.705974184,-0.754217332,0.754448342
0.18895,1.47459687,-1.471253429,-0.686604916,0.685692151,-0.786632004,0.786921228
0.189,1.49892264,-1.495586583,-0.671553498,0.670591299,-0.826007347,0.82635708
0.18905,1.535140002,-1.531811312,-0.66165411,0.660643275,-0.872120418,0.87253351
0.1891,1.582994966,-1.579673628,-0.656643913,0.655584934,-0.92497993,0.925459818
0.18915,1.64220245,-1.638888447,-0.655981221,0.654874335,-0.984842305,0.985393037
0.1892,1.712424273,-1.709117589,-0.658870234,0.65771548,-1.052164949,1.0527912
0.18925,1.793259065,-1.789959684,-0.664337587,0.663134847,-1.127519612,1.128226703
0.1893,1.884245601,-1.880953507,-0.671334505,0.670083555,-1.211493568,1.21228748
0.18935,1.984876948,-1.981592125,-0.678837428,0.677537983,-1.304603141,1.305490521
0.1894,2.094620232,-2.091342663,-0.685925983,0.68457774,-1.407235498,1.408223673
0.18945,2.212936296,-2.209665966,-0.691827124,0.690429806,-1.519624176,1.520721156
0.1895,2.339294791,-2.336031684,-0.695924605,0.694478002,-1.641854694,1.643069174
0.18955,2.418321474,-2.415065574,-0.698694312,0.697197965,-1.711485097,1.712797126
0.1896,2.415910428,-2.412661719,-0.67525856,0.673715141,-1.739123224,1.740498543
0.18965,2.420642543,-2.417401009,-0.647606768,0.646018563,-1.771433622,1.772873223
0.1897,2.430746801,-2.427512426,-0.61792622,0.616295396,-1.811210701,1.812715757
0.18975,2.357031355,-2.353843432,-0.560596316,0.558925451,-1.80144145,1.803012973
0.1898,2.187785997,-2.18469141,-0.48036841,0.478662174,-1.705838761,1.707473594
0.18985,2.027729552,-2.024721881,-0.409635361,0.407898863,-1.616611576,1.618305864
0.1899,1.880485522,-1.877558827,-0.347180301,0.345418134,-1.531847897,1.533598025
0.18995,1.746141158,-1.743289974,-0.293226073,0.291442369,-1.451480047,1.453282643
0.19,1.624665465,-1.621884793,-0.247524908,0.245723378,-1.375725012,1.377576959
0.19005,1.515841932,-1.513127227,-0.209345861,0.207529827,-1.305097514,1.306995956
0.1901,1.41925869,-1.416605857,-0.177531679,0.175704109,-1.240343204,1.242285555
0.19015,1.334336406,-1.331741781,-0.150637915,0.14880146,-1.182327431,1.18431138
0.1902,1.260390268,-1.257850615,-0.127126658,0.125283677,-1.131903515,1.133927033
0.19025,1.196713486,-1.194225984,-0.105573575,0.103726173,-1.089789188,1.091850534
0.1903,1.142663323,-1.140225555,-0.084843182,0.082993242,-1.056477365,1.058575089
0.19035,1.097729199,-1.095339138,-0.064194801,0.062344018,-1.032198284,1.034331234
0.1904,1.061566531,-1.059222527,-0.043298897,0.041448817,-1.016937008,1.019104336
0.19045,1.033988825,-1.031689595,-0.022165686,0.020317748,-1.01049691,1.012698075
0.1905,1.014916543,-1.01266115,-9.97E-04,-8.20E-04,-1.01259457,1.014829348
0.19055,1.004324518,-1.002112356,0.019954568,-0.021740561,-1.022933064,1.025201544
0.1906,1.002142217,-0.999972999,0.040504415,-0.042284331,-1.041300664,1.043603259
0.19065,1.00819287,-1.006066609,0.060757643,-0.062530091,-1.067604885,1.069942328
0.1907,1.022166633,-1.020083624,0.081046905,-0.082810421,-1.101867118,1.104240465
0.19075,1.043613022,-1.041573832,0.10193452,-0.103687532,-1.144199139,1.146609767
0.1908,1.071969672,-1.069975119,0.124137292,-0.125878099,-1.194755289,1.197204893
0.19085,1.106611109,-1.104662249,0.14842642,-0.150153159,-1.253681171,1.256171766
0.1909,1.14690402,-1.145002132,0.175529877,-0.177240504,-1.321071311,1.323605222
0.19095,1.192255413,-1.190401982,0.206058869,-0.207751131,-1.396943765,1.39952363
0.191,1.242143957,-1.24034066,0.240470103,-0.242141518,-1.481233738,1.4838625
0.19105,1.296130554,-1.294379239,0.279064799,-0.280712629,-1.573803159,1.576484063
0.1911,1.353849906,-1.352152582,0.322016539,-0.32363777,-1.674460106,1.677196691
0.19115,1.414989019,-1.413347837,0.369415194,-0.371006516,-1.782981234,1.785777332
0.1912,1.479260391,-1.477677625,0.421313492,-0.422871276,-1.899131529,1.901991256
0.19125,1.546377103,-1.54485514,0.477765563,-0.479285848,-2.022677954,2.025605701
0.1913,1.616034933,-1.614576254,0.538851378,-0.540329853,-2.153395994,2.156396424
0.19135,1.687903727,-1.686510892,0.604685776,-0.606117768,-2.291070064,2.294148099
0.1914,1.761627659,-1.760303294,0.675414524,-0.676794984,-2.435489823,2.438650638
0.19145,1.782199264,-1.780945706,0.721454851,-0.722778881,-2.495479559,2.498686596
0.1915,1.720307217,-1.719122722,0.734184187,-0.735449666,-2.45294358,2.456143534
0.19155,1.665533895,-1.664416076,0.750831043,-0.752036844,-2.414756798,2.417949684
0.1916,1.556436297,-1.555408442,0.769684338,-0.77082888,-2.331136758,2.334322593
0.19165,1.416210984,-1.415299376,0.759482945,-0.760567935,-2.174123988,2.177302786
0.1917,1.288776236,-1.287970628,0.744195971,-0.745222909,-2.031497099,2.034668876
0.19175,1.177012936,-1.176304083,0.726343194,-0.72731354,-1.901904494,1.905069267
0.1918,1.080065311,-1.079444933,0.707024003,-0.707939118,-1.785657791,1.788815574
0.19185,0.996673957,-0.996134696,0.687784452,-0.688645556,-1.683043926,1.686194735
0.1919,0.925272499,-0.924807879,0.670413267,-0.671221396,-1.594285596,1.597429446
0.19195,0.864172059,-0.863776434,0.656710002,-0.65746597,-1.519493779,1.522630686
0.192,0.811767963,-0.811436476,0.648256164,-0.648960523,-1.458645573,1.461775552
0.19205,0.766721864,-0.766450395,0.646239877,-0.646892876,-1.411590973,1.41471404
0.1921,0.728077671,-0.727862789,0.651370789,-0.651972333,-1.378083707,1.381199876
0.19215,0.695286617,-0.69512552,0.663898497,-0.664448105,-1.357824726,1.360934013
0.1922,0.668140406,-0.668030866,0.683721673,-0.684218433,-1.350504479,1.353606899
0.19225,0.646634779,-0.646575082,0.71055372,-0.710996253,-1.355832133,1.358927701
0.1923,0.63080192,-0.630790804,0.744100109,-0.744486527,-1.373545314,1.376634046
0.19235,0.620554739,-0.620591342,0.784204625,-0.784532498,-1.403400647,1.406482557
0.1924,0.615578655,-0.615662452,0.830934966,-0.831201288,-1.445151129,1.448226233
0.19245,0.615290352,-0.615421105,0.88459738,-0.884798549,-1.498519536,1.501587849
0.1925,0.618863725,-0.619041428,0.945689246,-0.945821041,-1.563176952,1.566238488
0.19255,0.625306647,-0.625531481,1.014812127,-1.014869687,-1.638732584,1.641787358
0.1926,0.633562514,-0.633834796,1.092573163,-1.092550973,-1.724736709,1.727784737
0.19265,0.642609311,-0.642929448,1.179499652,-1.179391534,-1.820694324,1.823735621
0.1927,0.651534964,-0.651903408,1.275982959,-1.275782057,-1.926084404,1.929118984
0.19275,0.6595779,-0.659995103,1.382257067,-1.381955841,-2.040379017,2.043406895
0.1928,0.666132434,-0.666598801,1.498407649,-1.49799787,-2.163057781,2.166078972
0.19285,0.670726781,-0.671242632,1.624401622,-1.623874362,-2.29361544,2.296629957
0.1929,0.674103977,-0.674669864,1.697353282,-1.696728009,-2.37652991,2.37953777
0.19295,0.651586003,-0.652199354,1.727509385,-1.726819873,-2.377545038,2.380546254
0.193,0.62487873,-0.625537354,1.76223933,-1.761484502,-2.385628352,2.38862294
0.19305,0.569461198,-0.570162494,1.748266695,-1.747445643,-2.309642632,2.312592004
0.1931,0.489469812,-0.490209009,1.649479445,-1.648595412,-2.137514895,2.14037325
0.19315,0.418192646,-0.41896454,1.557655314,-1.556712243,-1.974375312,1.977149199
0.1932,0.354456398,-0.355256321,1.470815821,-1.469817422,-1.823825235,1.826520719
0.19325,0.298661275,-0.299485039,1.388743312,-1.387693055,-1.685980009,1.688602673
0.1933,0.250839516,-0.251683374,1.311451406,-1.310352513,-1.560885926,1.563440884
0.19335,0.210589642,-0.21145025,1.239238438,-1.238093868,-1.448440146,1.450932053
0.1934,0.17707192,-0.177946299,1.172661347,-1.171473795,-1.348360152,1.350793209
0.19345,0.149090868,-0.149976376,1.112456775,-1.111228659,-1.260187355,1.262565323
0.1935,0.125249226,-0.126143516,1.059426756,-1.058160217,-1.183326752,1.185652963
0.19355,0.104140016,-0.105041011,1.014315024,-1.013011914,-1.1171153,1.119392665
0.1936,0.084533398,-0.085439255,0.977701814,-0.976363692,-1.060903569,1.06313459
0.19365,0.065516064,-0.066425139,0.949939632,-0.948567765,-1.014130908,1.016317692
0.1937,0.046553154,-0.047463963,0.931141343,-0.929736691,-0.976375441,0.97851971
0.19375,0.027462764,-0.028373947,0.921218331,-0.919781546,-0.947366741,0.949469847
0.1938,0.008315348,-0.00922563,0.919954405,-0.918485827,-0.926959135,0.929022075
0.19385,-0.010718011,0.009837139,0.927100462,-0.925600115,-0.915066822,0.917090256
0.1939,-0.029483625,0.028606056,0.942425107,-0.940892691,-0.911621864,0.913606125
0.19395,-0.048026713,0.047153705,0.965809359,-0.964244254,-0.916464039,0.918409156
0.194,-0.066604092,0.065736968,0.99724065,-0.99564191,-0.929317895,0.931223604
0.19405,-0.085700655,0.084840835,1.036797939,-1.035164297,-0.949777492,0.951643254
0.1941,-0.105970459,0.105119487,1.084614188,-1.082944053,-0.97732164,0.979146655
0.19415,-0.128147436,0.127307005,1.140827872,-1.139119336,-1.01135477,1.013137996
0.1942,-0.152949772,0.152121754,1.205539144,-1.203789981,-1.051258716,1.052998882
0.19425,-0.181001599,0.180188065,1.278780335,-1.276988005,-1.096441527,1.098137148
0.1943,-0.212786955,0.211990205,1.360504752,-1.358666406,-1.146372301,1.148021696
0.19435,-0.248640112,0.247862693,1.450592198,-1.448704682,-1.200596383,1.202197692
0.1944,-0.288766632,0.288011363,1.548865862,-1.546925722,-1.258731196,1.260282392
0.19445,-0.333283387,0.332553383,1.655113797,-1.653117285,-1.3204477,1.321946612
0.1945,-0.382263973,0.38156266,1.769108919,-1.767051997,-1.38544498,1.386889302
0.19455,-0.435778015,0.435109152,1.890623509,-1.888501859,-1.453425444,1.454812757
0.1946,-0.493917214,0.493284909,2.019436723,-2.017245755,-1.524076285,1.525404069
0.19465,-0.556805981,0.556214703,2.155335728,-2.153070582,-1.597059988,1.598325638
0.1947,-0.624598575,0.624053167,2.298112411,-2.295767973,-1.6720139,1.673214742
0.19475,-0.69746721,0.6969729,2.447558053,-2.445128958,-1.7485568,1.749690102
0.1948,-0.745303048,0.744864921,2.512211659,-2.509734496,-1.771963702,1.773027033
0.19485,-0.75893199,0.758552251,2.473759613,-2.471287921,-1.713272492,1.714267477
0.1949,-0.776681438,0.776361299,2.439634722,-2.437168489,-1.66147147,1.66240038
0.19495,-0.796700295,0.796441426,2.360376517,-2.357915731,-1.555604838,1.556444294
0.195,-0.787556439,0.787357197,2.208425824,-2.205970473,-1.419446834,1.420170295
0.19505,-0.77351303,0.773372,2.070892863,-2.068442935,-1.295916564,1.296533972
0.1951,-0.757090275,0.7570061,1.946416893,-1.943972375,-1.187886284,1.1884066
0.19515,-0.739406405,0.739377847,1.835300172,-1.832861053,-1.094472866,1.094904106
0.1952,-0.722035584,0.722061567,1.737815541,-1.735381809,-1.01437546,1.014724738
0.19525,-0.706792671,0.70687232,1.654166079,-1.651737721,-0.945982618,0.946256191
0.1953,-0.695492005,0.695624687,1.584438787,-1.582015793,-0.887567287,0.887770601
0.19535,-0.689713544,0.689898903,1.528585121,-1.526167477,-0.837501208,0.837638942
0.1954,-0.690627847,0.690865847,1.486431024,-1.48401872,-0.794439965,0.794516085
0.19545,-0.698915768,0.699206731,1.457710476,-1.455303499,-0.757436835,0.75745464
0.1955,-0.714793975,0.715138626,1.442110272,-1.439708611,-0.72596205,0.725924231
0.19555,-0.738130829,0.738530334,1.439311902,-1.436915545,-0.699828792,0.699737491
0.1956,-0.768616341,0.76907235,1.449019009,-1.446627944,-0.679050697,0.678907565
0.19565,-0.805940384,0.806455064,1.470964764,-1.46857898,-0.663671021,0.663477276
0.1957,-0.84993677,0.850512842,1.504900291,-1.502519776,-0.653606983,0.653363471
0.19575,-0.900665007,0.901305774,1.550570824,-1.548195566,-0.64854418,0.648251428
0.1958,-0.958421142,0.959130511,1.607689028,-1.605319016,-0.647899059,0.647557331
0.19585,-1.023687957,1.024470463,1.675914378,-1.6735496,-0.650848106,0.650457451
0.1959,-1.097047695,1.097908514,1.754844312,-1.752484756,-0.656406278,0.655966582
0.19595,-1.17908492,1.180029885,1.84401845,-1.841664106,-0.663528361,0.663039391
0.196,-1.270303566,1.271339178,1.942933098,-1.940583953,-0.671206427,0.670667879
0.19605,-1.371073288,1.372206724,2.051060777,-2.04871682,-0.678543021,0.677954563
0.1961,-1.48160964,1.482848763,2.167869142,-2.165530362,-0.684789891,0.68415121
0.19615,-1.601983623,1.603336983,2.292835,-2.290501385,-0.689352467,0.68866331
0.1962,-1.732150625,1.733627465,2.425451428,-2.423122967,-0.691768046,0.69102826
0.19625,-1.808720776,1.8103001,2.509968566,-2.507645248,-0.693085587,0.692294802
0.1963,-1.84127292,1.842918676,2.511998966,-2.509680779,-0.669175288,0.668336182
0.19635,-1.878265535,1.879978886,2.52100326,-2.518690193,-0.641111391,0.640226265
0.1964,-1.866253056,1.868034997,2.446061015,-2.443793854,-0.58479832,0.58386989
0.19645,-1.7690784,1.770925755,2.275379427,-2.273206878,-0.504707303,0.503740379
0.1965,-1.678972268,1.680881162,2.113617291,-2.111532855,-0.433148563,0.432148384
0.19655,-1.594004704,1.595971499,1.964348608,-1.962346264,-0.368873696,0.367844982
0.1966,-1.513986455,1.516007755,1.827665035,-1.825739241,-0.312231532,0.311178533
0.19665,-1.438931766,1.441004426,1.703597061,-1.70174274,-0.263238537,0.262165072
0.1967,-1.369109398,1.371230536,1.592038395,-1.590250928,-0.221519945,0.220429443
0.19675,-1.305021687,1.307188688,1.492716874,-1.490992089,-0.186301527,0.185197061
0.1968,-1.247337403,1.249547928,1.405195507,-1.403529668,-0.156477761,0.155362082
0.19685,-1.196792856,1.19904485,1.328905664,-1.32729546,-0.130743922,0.129619495
0.1969,-1.154083093,1.156374785,1.263206556,-1.261649092,-0.107764369,0.106633401
0.19695,-1.119766938,1.122096851,1.207458069,-1.205950853,-0.086340327,0.085204806
0.197,-1.094205514,1.096572469,1.161090041,-1.159630973,-0.065540653,0.064402377
0.19705,-1.077544893,1.079948015,1.1236515,-1.122238858,-0.044768417,0.043629034
0.1971,-1.06974238,1.072181098,1.094828482,-1.093460908,-0.023752434,0.022613478
0.19715,-1.070628877,1.073102935,1.074423977,-1.073100463,-0.0024521,0.00134981
0.1972,-1.079972716,1.082482173,1.062322403,-1.061042275,0.018980838,-0.020106313
0.19725,-1.097559348,1.100104582,1.058421018,-1.057183922,0.040469125,-0.041589884
0.1973,-1.123245808,1.125827517,1.062563902,-1.061369783,0.062012529,-0.063127112
0.19735,-1.156975738,1.159594941,1.07450436,-1.073353451,0.083802996,-0.084909872
0.1974,-1.198777289,1.201435326,1.093880132,-1.092772936,0.106231004,-0.107328542
0.19745,-1.248734746,1.251433277,1.120220246,-1.119157521,0.129851909,-0.130938347
0.1975,-1.306949755,1.309690754,1.152973839,-1.151956581,0.155318334,-0.156391755
0.19755,-1.373502927,1.376288684,1.191552006,-1.190581433,0.183299933,-0.184358238
0.1976,-1.448424786,1.451257901,1.235371266,-1.234448806,0.214410865,-0.215451751
0.19765,-1.531680722,1.5345641,1.283888658,-1.283015929,0.24915965,-0.250180584
0.1977,-1.623170119,1.626106966,1.336622202,-1.335800998,0.287927842,-0.288926043
0.19775,-1.722736428,1.725730246,1.393155106,-1.39238738,0.330975889,-0.331948299
0.1978,-1.830183167,1.833237748,1.453126286,-1.452414134,0.378468612,-0.379411883
0.19785,-1.945290825,1.948410246,1.516212386,-1.515558033,0.430510091,-0.43142056
0.1979,-2.067830876,2.07101949,1.58210731,-1.581513093,0.487178143,-0.488051819
0.19795,-2.197574882,2.200837309,1.650504413,-1.649972765,0.548551234,-0.549383779
0.198,-2.334298416,2.33763954,1.721084622,-1.720618056,0.61472428,-0.615510999
0.19805,-2.477780825,2.481205782,1.793511623,-1.793112721,0.685813219,-0.686549044
0.1981,-2.53685154,2.540323044,1.81278913,-1.812460185,0.7322289,-0.732908916
0.19815,-2.493421637,2.496885473,1.749608278,-1.749347505,0.745352968,-0.745975037
0.1982,-2.454333228,2.457789414,1.693587801,-1.693392772,0.762345234,-0.762908211
0.19825,-2.42292582,2.426374372,1.64286973,-1.642738264,0.781650354,-0.782152996
0.1983,-2.346396121,2.349837057,1.538479006,-1.538434262,0.80288895,-0.803329557
0.19835,-2.197420431,2.200853767,1.404472141,-1.404540506,0.79450791,-0.794888108
0.1984,-2.062814619,2.066240372,1.283216991,-1.283388727,0.78106393,-0.781385112
0.19845,-1.941229488,1.944647675,1.177573385,-1.177839724,0.765100278,-0.765363767
0.1985,-1.832980411,1.836391049,1.086616736,-1.086969843,0.747788948,-0.747995933
0.19855,-1.738350144,1.741753249,1.00898038,-1.009413307,0.730779103,-0.730930603
0.1986,-1.657545748,1.660941338,0.942972877,-0.943479522,0.715968932,-0.716065753
0.19865,-1.590651183,1.594039274,0.886784819,-0.887359879,0.70525153,-0.705294229
0.1987,-1.537608417,1.540989024,0.8387146,-0.839353524,0.700270235,-0.700259082
0.19875,-1.498229325,1.501602467,0.797362624,-0.798061568,0.702236332,-0.702171268
0.1988,-1.472231753,1.475597445,0.761750904,-0.762506675,0.711845508,-0.71172611
0.19885,-1.459286798,1.462645057,0.731344197,-0.732154197,0.729304013,-0.729129449
0.1989,-1.459062685,1.462413527,0.705974183,-0.706836355,0.754448342,-0.754217332
0.19895,-1.471253428,1.47459687,0.685692151,-0.686604916,0.786921228,-0.786632003
0.199,-1.495586582,1.49892264,0.670591299,-0.671553497,0.826357079,-0.826007346
0.19905,-1.531811311,1.535140001,0.660643275,-0.66165411,0.872533509,-0.872120417
0.1991,-1.579673627,1.582994965,0.655584933,-0.656643913,0.925459817,-0.924979929
0.19915,-1.638888447,1.64220245,0.654874335,-0.655981221,0.985393036,-0.984842305
0.1992,-1.709117589,1.712424273,0.657715479,-0.658870234,1.052791199,-1.052164949
0.19925,-1.789959683,1.793259064,0.663134846,-0.664337587,1.128226703,-1.127519611
0.1993,-1.880953506,1.8842456,0.670083555,-0.671334504,1.212287479,-1.211493567
0.19935,-1.981592124,1.984876947,0.677537983,-0.678837427,1.305490521,-1.30460314
0.1994,-2.091342662,2.094620231,0.68457774,-0.685925983,1.408223673,-1.407235498
0.19945,-2.209665966,2.212936295,0.690429806,-0.691827124,1.520721155,-1.519624176
0.1995,-2.336031683,2.33929479,0.694478002,-0.695924605,1.643069174,-1.641854693
0.19955,-2.415065573,2.418321473,0.697197965,-0.698694311,1.712797126,-1.711485097
0.1996,-2.412661718,2.415910427,0.673715141,-0.67525856,1.740498542,-1.739123224
0.19965,-2.417401008,2.420642542,0.646018562,-0.647606768,1.772873222,-1.771433621
0.1997,-2.427512426,2.4307468,0.616295396,-0.61792622,1.812715756,-1.8112107
0.19975,-2.353843432,2.357031354,0.558925451,-0.560596316,1.803012972,-1.801441449
0.1998,-2.184691409,2.187785996,0.478662174,-0.48036841,1.707473593,-1.70583876
0.19985,-2.024721881,2.027729552,0.407898862,-0.409635361,1.618305864,-1.616611575
0.1999,-1.877558826,1.880485521,0.345418134,-0.347180301,1.533598025,-1.531847896
0.19995,-1.743289974,1.746141158,0.291442369,-0.293226072,1.453282643,-1.451480047
0.2,-1.621884792,1.624665464,0.245723378,-0.247524908,1.377576958,-1.375725012
0.20005,-1.513127227,1.515841931,0.207529827,-0.209345861,1.306995955,-1.305097514
0.2001,-1.416605856,1.41925869,0.175704109,-0.177531679,1.242285554,-1.240343203
0.20015,-1.33174178,1.334336405,0.14880146,-0.150637915,1.18431138,-1.18232743
0.2002,-1.257850614,1.260390268,0.125283677,-0.127126658,1.133927033,-1.131903514
0.20025,-1.194225983,1.196713485,0.103726173,-0.105573575,1.091850533,-1.089789187
0.2003,-1.140225554,1.142663323,0.082993242,-0.084843182,1.058575088,-1.056477364
0.20035,-1.095339137,1.097729199,0.062344018,-0.064194801,1.034331234,-1.032198283
0.2004,-1.059222527,1.06156653,0.041448817,-0.043298897,1.019104335,-1.016937007
0.20045,-1.031689594,1.033988824,0.020317748,-0.022165686,1.012698075,-1.010496909
0.2005,-1.012661149,1.014916543,-8.20E-04,-9.97E-04,1.014829347,-1.01259457
0.20055,-1.002112356,1.004324517,-0.021740561,0.019954568,1.025201543,-1.022933063
0.2006,-0.999972999,1.002142216,-0.042284331,0.040504415,1.043603258,-1.041300663
0.20065,-1.006066608,1.00819287,-0.062530091,0.060757643,1.069942328,-1.067604884
0.2007,-1.020083624,1.022166632,-0.082810421,0.081046905,1.104240464,-1.101867117
0.20075,-1.041573831,1.043613022,-0.103687532,0.10193452,1.146609766,-1.144199139
0.2008,-1.069975118,1.071969672,-0.125878099,0.124137292,1.197204893,-1.194755288
0.20085,-1.104662248,1.106611109,-0.150153159,0.14842642,1.256171765,-1.253681171
0.2009,-1.145002131,1.146904019,-0.177240503,0.175529877,1.323605221,-1.32107131
0.20095,-1.190401982,1.192255412,-0.207751131,0.206058869,1.399523629,-1.396943764
0.201,-1.240340659,1.242143957,-0.242141518,0.240470103,1.4838625,-1.481233738
0.20105,-1.294379239,1.296130554,-0.280712629,0.279064799,1.576484062,-1.573803159
0.2011,-1.352152582,1.353849905,-0.32363777,0.322016539,1.677196691,-1.674460105
0.20115,-1.413347836,1.414989019,-0.371006516,0.369415194,1.785777332,-1.782981233
0.2012,-1.477677625,1.47926039,-0.422871276,0.421313492,1.901991255,-1.899131528
0.20125,-1.54485514,1.546377102,-0.479285848,0.477765563,2.025605701,-2.022677953
0.2013,-1.614576253,1.616034932,-0.540329853,0.538851378,2.156396424,-2.153395994
0.20135,-1.686510892,1.687903727,-0.606117767,0.604685776,2.294148098,-2.291070064
0.2014,-1.760303294,1.761627658,-0.676794984,0.675414524,2.438650638,-2.435489823
0.20145,-1.780945705,1.782199264,-0.722778881,0.721454851,2.498686595,-2.495479558
0.2015,-1.719122721,1.720307217,-0.735449666,0.734184187,2.456143534,-2.45294358
0.20155,-1.664416075,1.665533895,-0.752036844,0.750831043,2.417949684,-2.414756797
0.2016,-1.555408441,1.556436297,-0.77082888,0.769684338,2.334322592,-2.331136758
0.20165,-1.415299376,1.416210984,-0.760567935,0.759482945,2.177302785,-2.174123987
0.2017,-1.287970628,1.288776236,-0.745222909,0.744195971,2.034668876,-2.031497098
0.20175,-1.176304082,1.177012936,-0.72731354,0.726343194,1.905069266,-1.901904494
0.2018,-1.079444932,1.080065311,-0.707939118,0.707024003,1.788815573,-1.78565779
0.20185,-0.996134696,0.996673957,-0.688645555,0.687784451,1.686194734,-1.683043925
0.2019,-0.924807879,0.925272499,-0.671221396,0.670413267,1.597429445,-1.594285595
0.20195,-0.863776434,0.864172059,-0.65746597,0.656710002,1.522630686,-1.519493779
0.202,-0.811436476,0.811767963,-0.648960522,0.648256163,1.461775552,-1.458645573
0.20205,-0.766450395,0.766721863,-0.646892876,0.646239877,1.414714039,-1.411590973
0.2021,-0.727862789,0.728077671,-0.651972333,0.651370789,1.381199876,-1.378083707
0.20215,-0.69512552,0.695286617,-0.664448105,0.663898497,1.360934013,-1.357824726
0.2022,-0.668030866,0.668140406,-0.684218433,0.683721672,1.353606899,-1.350504479
0.20225,-0.646575081,0.646634779,-0.710996253,0.710553719,1.358927701,-1.355832132
0.2023,-0.630790804,0.63080192,-0.744486527,0.744100108,1.376634046,-1.373545314
0.20235,-0.620591342,0.620554739,-0.784532498,0.784204625,1.406482557,-1.403400647
0.2024,-0.615662452,0.615578655,-0.831201288,0.830934965,1.448226232,-1.445151128
0.20245,-0.615421104,0.615290352,-0.884798549,0.884597379,1.501587849,-1.498519536
0.2025,-0.619041428,0.618863724,-0.94582104,0.945689246,1.566238487,-1.563176951
0.20255,-0.625531481,0.625306646,-1.014869686,1.014812127,1.641787358,-1.638732583
0.2026,-0.633834796,0.633562513,-1.092550973,1.092573163,1.727784737,-1.724736708
0.20265,-0.642929448,0.642609311,-1.179391533,1.179499652,1.82373562,-1.820694324
0.2027,-0.651903408,0.651534964,-1.275782057,1.275982959,1.929118984,-1.926084404
0.20275,-0.659995103,0.6595779,-1.381955841,1.382257066,2.043406894,-2.040379017
0.2028,-0.666598801,0.666132434,-1.497997869,1.498407649,2.166078972,-2.163057781
0.20285,-0.671242632,0.670726781,-1.623874362,1.624401622,2.296629957,-2.293615439
0.2029,-0.674669864,0.674103977,-1.696728009,1.697353282,2.37953777,-2.37652991
0.20295,-0.652199354,0.651586003,-1.726819873,1.727509385,2.380546254,-2.377545037
0.203,-0.625537354,0.62487873,-1.761484502,1.76223933,2.38862294,-2.385628352
0.20305,-0.570162494,0.569461198,-1.747445643,1.748266695,2.312592003,-2.309642632
0.2031,-0.490209009,0.489469812,-1.648595411,1.649479445,2.14037325,-2.137514895
0.20315,-0.41896454,0.418192646,-1.556712242,1.557655314,1.977149199,-1.974375312
0.2032,-0.355256321,0.354456398,-1.469817421,1.470815821,1.826520719,-1.823825235
0.20325,-0.299485039,0.298661275,-1.387693055,1.388743312,1.688602673,-1.685980009
0.2033,-0.251683374,0.250839516,-1.310352512,1.311451406,1.563440884,-1.560885925
0.20335,-0.21145025,0.210589642,-1.238093868,1.239238438,1.450932053,-1.448440146
0.2034,-0.177946299,0.177071919,-1.171473795,1.172661347,1.350793209,-1.348360152
0.20345,-0.149976376,0.149090868,-1.111228659,1.112456775,1.262565323,-1.260187355
0.2035,-0.126143516,0.125249226,-1.058160216,1.059426756,1.185652963,-1.183326752
0.20355,-0.105041011,0.104140016,-1.013011914,1.014315024,1.119392665,-1.1171153
0.2036,-0.085439255,0.084533398,-0.976363692,0.977701813,1.06313459,-1.060903569
0.20365,-0.066425139,0.065516064,-0.948567764,0.949939632,1.016317692,-1.014130908
0.2037,-0.047463963,0.046553154,-0.929736691,0.931141343,0.97851971,-0.976375441
0.20375,-0.028373947,0.027462764,-0.919781546,0.921218331,0.949469847,-0.947366741
0.2038,-0.00922563,0.008315348,-0.918485827,0.919954404,0.929022075,-0.926959134
0.20385,0.009837139,-0.010718011,-0.925600115,0.927100462,0.917090256,-0.915066822
0.2039,0.028606056,-0.029483625,-0.940892691,0.942425107,0.913606125,-0.911621864
0.20395,0.047153705,-0.048026713,-0.964244254,0.965809359,0.918409156,-0.916464039
0.204,0.065736968,-0.066604092,-0.99564191,0.99724065,0.931223604,-0.929317895
0.20405,0.084840835,-0.085700655,-1.035164297,1.036797939,0.951643254,-0.949777492
0.2041,0.105119487,-0.105970459,-1.082944053,1.084614188,0.979146655,-0.97732164
0.20415,0.127307005,-0.128147436,-1.139119336,1.140827872,1.013137996,-1.01135477
0.2042,0.152121754,-0.152949772,-1.203789981,1.205539144,1.052998882,-1.051258716
0.20425,0.180188065,-0.181001599,-1.276988005,1.278780335,1.098137148,-1.096441527
0.2043,0.211990205,-0.212786955,-1.358666406,1.360504752,1.148021696,-1.146372301
0.20435,0.247862693,-0.248640112,-1.448704682,1.450592198,1.202197692,-1.200596383
0.2044,0.288011364,-0.288766632,-1.546925722,1.548865862,1.260282392,-1.258731196
0.20445,0.332553383,-0.333283387,-1.653117285,1.655113797,1.321946612,-1.3204477
0.2045,0.381562661,-0.382263973,-1.767051997,1.769108919,1.386889302,-1.38544498
0.20455,0.435109152,-0.435778015,-1.88850186,1.890623509,1.454812757,-1.453425444
0.2046,0.49328491,-0.493917214,-2.017245755,2.019436724,1.525404069,-1.524076285
0.20465,0.556214703,-0.556805981,-2.153070582,2.155335728,1.598325638,-1.597059988
0.2047,0.624053168,-0.624598575,-2.295767973,2.298112412,1.673214742,-1.6720139
0.20475,0.6969729,-0.69746721,-2.445128959,2.447558053,1.749690103,-1.7485568
0.2048,0.744864921,-0.745303048,-2.509734496,2.512211659,1.773027033,-1.771963702
0.20485,0.758552252,-0.75893199,-2.471287921,2.473759613,1.714267477,-1.713272493
0.2049,0.776361299,-0.776681438,-2.43716849,2.439634722,1.66240038,-1.661471471
0.20495,0.796441426,-0.796700296,-2.357915731,2.360376517,1.556444294,-1.555604838
0.205,0.787357197,-0.787556439,-2.205970473,2.208425824,1.420170295,-1.419446834
0.20505,0.773372,-0.77351303,-2.068442935,2.070892863,1.296533972,-1.295916564
0.2051,0.7570061,-0.757090275,-1.943972375,1.946416893,1.188406601,-1.187886285
0.20515,0.739377848,-0.739406406,-1.832861053,1.835300172,1.094904106,-1.094472866
0.2052,0.722061568,-0.722035585,-1.735381809,1.737815541,1.014724738,-1.01437546
0.20525,0.706872321,-0.706792671,-1.651737722,1.654166079,0.946256191,-0.945982618
0.2053,0.695624687,-0.695492006,-1.582015793,1.584438788,0.887770601,-0.887567287
0.20535,0.689898903,-0.689713545,-1.526167478,1.528585121,0.837638943,-0.837501208
0.2054,0.690865847,-0.690627848,-1.484018721,1.486431025,0.794516085,-0.794439966
0.20545,0.699206732,-0.698915769,-1.4553035,1.457710476,0.75745464,-0.757436836
0.2055,0.715138627,-0.714793976,-1.439708611,1.442110272,0.725924231,-0.72596205
0.20555,0.738530334,-0.738130829,-1.436915545,1.439311902,0.699737492,-0.699828792
0.2056,0.76907235,-0.768616341,-1.446627945,1.44901901,0.678907565,-0.679050697
0.20565,0.806455064,-0.805940384,-1.468578981,1.470964765,0.663477276,-0.663671021
0.2057,0.850512843,-0.849936771,-1.502519776,1.504900292,0.653363471,-0.653606983
0.20575,0.901305774,-0.900665008,-1.548195566,1.550570824,0.648251429,-0.64854418
0.2058,0.959130512,-0.958421142,-1.605319016,1.607689029,0.647557331,-0.647899059
0.20585,1.024470464,-1.023687958,-1.6735496,1.675914379,0.650457451,-0.650848106
0.2059,1.097908514,-1.097047695,-1.752484757,1.754844313,0.655966582,-0.656406278
0.20595,1.180029885,-1.17908492,-1.841664106,1.844018451,0.663039391,-0.663528361
0.206,1.271339179,-1.270303567,-1.940583954,1.942933099,0.670667879,-0.671206427
0.20605,1.372206725,-1.371073288,-2.04871682,2.051060777,0.677954564,-0.678543021
0.2061,1.482848763,-1.481609641,-2.165530363,2.167869143,0.68415121,-0.684789891
0.20615,1.603336984,-1.601983624,-2.290501385,2.292835,0.68866331,-0.689352467
0.2062,1.733627466,-1.732150625,-2.423122968,2.425451429,0.691028261,-0.691768046
0.20625,1.8103001,-1.808720777,-2.507645248,2.509968567,0.692294802,-0.693085587
0.2063,1.842918677,-1.841272921,-2.509680779,2.511998966,0.668336182,-0.669175288
0.20635,1.879978886,-1.878265535,-2.518690194,2.52100326,0.640226265,-0.641111391
0.2064,1.868034997,-1.866253057,-2.443793855,2.446061016,0.583869891,-0.58479832
0.20645,1.770925756,-1.769078401,-2.273206879,2.275379428,0.503740379,-0.504707304
0.2065,1.680881162,-1.678972268,-2.111532855,2.113617291,0.432148384,-0.433148563
0.20655,1.595971499,-1.594004704,-1.962346265,1.964348608,0.367844982,-0.368873696
0.2066,1.516007756,-1.513986456,-1.825739242,1.827665036,0.311178533,-0.312231532
0.20665,1.441004427,-1.438931767,-1.701742741,1.703597062,0.262165072,-0.263238537
0.2067,1.371230537,-1.369109399,-1.590250929,1.592038395,0.220429444,-0.221519945
0.20675,1.307188688,-1.305021688,-1.49099209,1.492716875,0.185197061,-0.186301527
0.2068,1.249547929,-1.247337403,-1.403529668,1.405195508,0.155362082,-0.156477761
0.20685,1.199044851,-1.196792857,-1.327295461,1.328905665,0.129619495,-0.130743922
0.2069,1.156374786,-1.154083093,-1.261649092,1.263206557,0.106633401,-0.107764369
0.20695,1.122096852,-1.119766938,-1.205950854,1.20745807,0.085204806,-0.086340327
0.207,1.09657247,-1.094205514,-1.159630973,1.161090041,0.064402377,-0.065540653
0.20705,1.079948015,-1.077544894,-1.122238859,1.123651501,0.043629034,-0.044768417
0.2071,1.072181099,-1.069742381,-1.093460909,1.094828483,0.022613478,-0.023752434
0.20715,1.073102936,-1.070628877,-1.073100464,1.074423977,0.00134981,-0.0024521
0.2072,1.082482174,-1.079972717,-1.061042276,1.062322403,-0.020106313,0.018980838
0.20725,1.100104582,-1.097559349,-1.057183922,1.058421019,-0.041589885,0.040469125
0.2073,1.125827518,-1.123245809,-1.061369783,1.062563902,-0.063127112,0.062012529
0.20735,1.159594942,-1.156975739,-1.073353451,1.07450436,-0.084909872,0.083802996
0.2074,1.201435326,-1.198777289,-1.092772937,1.093880133,-0.107328542,0.106231004
0.20745,1.251433277,-1.248734747,-1.119157522,1.120220247,-0.130938347,0.129851909
0.2075,1.309690755,-1.306949756,-1.151956582,1.15297384,-0.156391755,0.155318335
0.20755,1.376288685,-1.373502927,-1.190581434,1.191552007,-0.184358238,0.183299933
0.2076,1.451257902,-1.448424787,-1.234448806,1.235371266,-0.215451751,0.214410865
0.20765,1.5345641,-1.531680723,-1.28301593,1.283888659,-0.250180584,0.24915965
0.2077,1.626106967,-1.62317012,-1.335800998,1.336622203,-0.288926043,0.287927842
0.20775,1.725730247,-1.722736429,-1.39238738,1.393155107,-0.331948299,0.330975889
0.2078,1.833237749,-1.830183167,-1.452414135,1.453126286,-0.379411883,0.378468612
0.20785,1.948410246,-1.945290825,-1.515558034,1.516212386,-0.43142056,0.430510092
0.2079,2.07101949,-2.067830877,-1.581513094,1.582107311,-0.488051819,0.487178144
0.20795,2.20083731,-2.197574883,-1.649972765,1.650504414,-0.549383779,0.548551234
0.208,2.337639541,-2.334298417,-1.720618056,1.721084622,-0.615510999,0.61472428
0.20805,2.481205783,-2.477780826,-1.793112722,1.793511623,-0.686549044,0.685813219
0.2081,2.540323044,-2.536851541,-1.812460186,1.812789131,-0.732908917,0.7322289
0.20815,2.496885474,-2.493421638,-1.749347505,1.749608278,-0.745975038,0.745352968
0.2082,2.457789415,-2.454333229,-1.693392772,1.693587802,-0.762908211,0.762345234
0.20825,2.426374373,-2.42292582,-1.642738265,1.642869731,-0.782152996,0.781650355
0.2083,2.349837058,-2.346396122,-1.538434263,1.538479006,-0.803329557,0.802888951
0.20835,2.200853768,-2.197420432,-1.404540507,1.404472142,-0.794888108,0.794507911
0.2084,2.066240373,-2.06281462,-1.283388728,1.283216991,-0.781385113,0.78106393
0.20845,1.944647676,-1.941229488,-1.177839725,1.177573385,-0.765363767,0.765100279
0.2085,1.83639105,-1.832980412,-1.086969843,1.086616736,-0.747995934,0.747788948
0.20855,1.74175325,-1.738350145,-1.009413308,1.00898038,-0.730930603,0.730779103
0.2086,1.660941338,-1.657545749,-0.943479523,0.942972878,-0.716065754,0.715968933
0.20865,1.594039274,-1.590651184,-0.887359879,0.88678482,-0.705294229,0.70525153
0.2087,1.540989025,-1.537608418,-0.839353525,0.8387146,-0.700259082,0.700270236
0.20875,1.501602468,-1.498229326,-0.798061568,0.797362624,-0.702171269,0.702236332
0.2088,1.475597445,-1.472231754,-0.762506675,0.761750904,-0.711726111,0.711845509
0.20885,1.462645058,-1.459286799,-0.732154197,0.731344197,-0.729129449,0.729304013
0.2089,1.462413528,-1.459062686,-0.706836356,0.705974184,-0.754217332,0.754448342
0.20895,1.47459687,-1.471253429,-0.686604916,0.685692151,-0.786632004,0.786921228
0.209,1.49892264,-1.495586583,-0.671553498,0.670591299,-0.826007347,0.82635708
0.20905,1.535140002,-1.531811312,-0.66165411,0.660643275,-0.872120418,0.87253351
0.2091,1.582994966,-1.579673628,-0.656643913,0.655584934,-0.92497993,0.925459818
0.20915,1.64220245,-1.638888447,-0.655981221,0.654874335,-0.984842305,0.985393037
0.2092,1.712424273,-1.709117589,-0.658870234,0.65771548,-1.052164949,1.0527912
0.20925,1.793259065,-1.789959684,-0.664337587,0.663134847,-1.127519612,1.128226703
0.2093,1.884245601,-1.880953507,-0.671334505,0.670083555,-1.211493568,1.21228748
0.20935,1.984876948,-1.981592125,-0.678837428,0.677537983,-1.304603141,1.305490521
0.2094,2.094620232,-2.091342663,-0.685925983,0.68457774,-1.407235498,1.408223673
0.20945,2.212936296,-2.209665966,-0.691827124,0.690429806,-1.519624176,1.520721156
0.2095,2.339294791,-2.336031684,-0.695924605,0.694478002,-1.641854694,1.643069174
0.20955,2.418321474,-2.415065574,-0.698694312,0.697197965,-1.711485097,1.712797126
0.2096,2.415910428,-2.412661719,-0.67525856,0.673715141,-1.739123224,1.740498543
0.20965,2.420642543,-2.417401009,-0.647606768,0.646018563,-1.771433622,1.772873223
0.2097,2.430746801,-2.427512426,-0.61792622,0.616295396,-1.811210701,1.812715757
0.20975,2.357031355,-2.353843432,-0.560596316,0.558925451,-1.80144145,1.803012973
0.2098,2.187785997,-2.18469141,-0.48036841,0.478662174,-1.705838761,1.707473594
0.20985,2.027729552,-2.024721881,-0.409635361,0.407898863,-1.616611576,1.618305864
0.2099,1.880485522,-1.877558827,-0.347180301,0.345418134,-1.531847897,1.533598025
0.20995,1.746141158,-1.743289974,-0.293226073,0.291442369,-1.451480047,1.453282643
0.21,1.624665465,-1.621884793,-0.247524908,0.245723378,-1.375725012,1.377576959
0.21005,1.515841932,-1.513127227,-0.209345861,0.207529827,-1.305097514,1.306995956
0.2101,1.41925869,-1.416605857,-0.177531679,0.175704109,-1.240343204,1.242285555
0.21015,1.334336406,-1.331741781,-0.150637915,0.14880146,-1.182327431,1.18431138
0.2102,1.260390268,-1.257850615,-0.127126658,0.125283677,-1.131903515,1.133927033
0.21025,1.196713486,-1.194225984,-0.105573575,0.103726173,-1.089789188,1.091850534
0.2103,1.142663323,-1.140225555,-0.084843182,0.082993242,-1.056477365,1.058575089
0.21035,1.097729199,-1.095339138,-0.064194801,0.062344018,-1.032198284,1.034331234
0.2104,1.061566531,-1.059222527,-0.043298897,0.041448817,-1.016937008,1.019104336
0.21045,1.033988825,-1.031689595,-0.022165686,0.020317748,-1.01049691,1.012698075
0.2105,1.014916543,-1.01266115,-9.97E-04,-8.20E-04,-1.01259457,1.014829348
0.21055,1.004324518,-1.002112356,0.019954568,-0.021740561,-1.022933064,1.025201544
0.2106,1.002142217,-0.999972999,0.040504415,-0.042284331,-1.041300664,1.043603259
0.21065,1.00819287,-1.006066609,0.060757643,-0.062530091,-1.067604885,1.069942328
0.2107,1.022166633,-1.020083624,0.081046905,-0.082810421,-1.101867118,1.104240465
0.21075,1.043613022,-1.041573832,0.10193452,-0.103687532,-1.144199139,1.146609767
0.2108,1.071969672,-1.069975119,0.124137292,-0.125878099,-1.194755289,1.197204893
0.21085,1.106611109,-1.104662249,0.14842642,-0.150153159,-1.253681171,1.256171766
0.2109,1.14690402,-1.145002132,0.175529877,-0.177240504,-1.321071311,1.323605222
0.21095,1.192255413,-1.190401982,0.206058869,-0.207751131,-1.396943765,1.39952363
0.211,1.242143957,-1.24034066,0.240470103,-0.242141518,-1.481233738,1.4838625
0.21105,1.296130554,-1.294379239,0.279064799,-0.280712629,-1.573803159,1.576484063
0.2111,1.353849906,-1.352152582,0.322016539,-0.32363777,-1.674460106,1.677196691
0.21115,1.414989019,-1.413347837,0.369415194,-0.371006516,-1.782981234,1.785777332
0.2112,1.479260391,-1.477677625,0.421313492,-0.422871276,-1.899131529,1.901991256
0.21125,1.546377103,-1.54485514,0.477765563,-0.479285848,-2.022677954,2.025605701
0.2113,1.616034933,-1.614576254,0.538851378,-0.540329853,-2.153395994,2.156396424
0.21135,1.687903727,-1.686510892,0.604685776,-0.606117768,-2.291070064,2.294148099
0.2114,1.761627659,-1.760303294,0.675414524,-0.676794984,-2.435489823,2.438650638
0.21145,1.782199264,-1.780945706,0.721454851,-0.722778881,-2.495479559,2.498686596
0.2115,1.720307217,-1.719122722,0.734184187,-0.735449666,-2.45294358,2.456143534
0.21155,1.665533895,-1.664416076,0.750831043,-0.752036844,-2.414756798,2.417949684
0.2116,1.556436297,-1.555408442,0.769684338,-0.77082888,-2.331136758,2.334322593
0.21165,1.416210984,-1.415299376,0.759482945,-0.760567935,-2.174123988,2.177302786
0.2117,1.288776236,-1.287970628,0.744195971,-0.745222909,-2.031497099,2.034668876
0.21175,1.177012936,-1.176304083,0.726343194,-0.72731354,-1.901904494,1.905069267
0.2118,1.080065311,-1.079444933,0.707024003,-0.707939118,-1.785657791,1.788815574
0.21185,0.996673957,-0.996134696,0.687784452,-0.688645556,-1.683043926,1.686194735
0.2119,0.925272499,-0.924807879,0.670413267,-0.671221396,-1.594285596,1.597429446
0.21195,0.864172059,-0.863776434,0.656710002,-0.65746597,-1.519493779,1.522630686
0.212,0.811767963,-0.811436476,0.648256164,-0.648960523,-1.458645573,1.461775552
0.21205,0.766721864,-0.766450395,0.646239877,-0.646892876,-1.411590973,1.41471404
0.2121,0.728077671,-0.727862789,0.651370789,-0.651972333,-1.378083707,1.381199876
0.21215,0.695286617,-0.69512552,0.663898497,-0.664448105,-1.357824726,1.360934013
0.2122,0.668140406,-0.668030866,0.683721673,-0.684218433,-1.350504479,1.353606899
0.21225,0.646634779,-0.646575082,0.71055372,-0.710996253,-1.355832133,1.358927701
0.2123,0.63080192,-0.630790804,0.744100109,-0.744486527,-1.373545314,1.376634046
0.21235,0.620554739,-0.620591342,0.784204625,-0.784532498,-1.403400647,1.406482557
0.2124,0.615578655,-0.615662452,0.830934966,-0.831201288,-1.445151129,1.448226233
0.21245,0.615290352,-0.615421105,0.88459738,-0.884798549,-1.498519536,1.501587849
0.2125,0.618863725,-0.619041428,0.945689246,-0.945821041,-1.563176952,1.566238488
0.21255,0.625306647,-0.625531481,1.014812127,-1.014869687,-1.638732584,1.641787358
0.2126,0.633562514,-0.633834796,1.092573163,-1.092550973,-1.724736709,1.727784737
0.21265,0.642609311,-0.642929448,1.179499652,-1.179391534,-1.820694324,1.823735621
0.2127,0.651534964,-0.651903408,1.275982959,-1.275782057,-1.926084404,1.929118984
0.21275,0.6595779,-0.659995103,1.382257067,-1.381955841,-2.040379017,2.043406895
0.2128,0.666132434,-0.666598801,1.498407649,-1.49799787,-2.163057781,2.166078972
0.21285,0.670726781,-0.671242632,1.624401622,-1.623874362,-2.29361544,2.296629957
0.2129,0.674103977,-0.674669864,1.697353282,-1.696728009,-2.37652991,2.37953777
0.21295,0.651586003,-0.652199354,1.727509385,-1.726819873,-2.377545038,2.380546254
0.213,0.62487873,-0.625537354,1.76223933,-1.761484502,-2.385628352,2.38862294
0.21305,0.569461198,-0.570162494,1.748266695,-1.747445643,-2.309642632,2.312592004
0.2131,0.489469812,-0.490209009,1.649479445,-1.648595412,-2.137514895,2.14037325
0.21315,0.418192646,-0.41896454,1.557655314,-1.556712243,-1.974375312,1.977149199
0.2132,0.354456398,-0.355256321,1.470815821,-1.469817422,-1.823825235,1.826520719
0.21325,0.298661275,-0.299485039,1.388743312,-1.387693055,-1.685980009,1.688602673
0.2133,0.250839516,-0.251683374,1.311451406,-1.310352513,-1.560885926,1.563440884
0.21335,0.210589642,-0.21145025,1.239238438,-1.238093868,-1.448440146,1.450932053
0.2134,0.17707192,-0.177946299,1.172661347,-1.171473795,-1.348360152,1.350793209
0.21345,0.149090868,-0.149976376,1.112456775,-1.111228659,-1.260187355,1.262565323
0.2135,0.125249226,-0.126143516,1.059426756,-1.058160217,-1.183326752,1.185652963
0.21355,0.104140016,-0.105041011,1.014315024,-1.013011914,-1.1171153,1.119392665
0.2136,0.084533398,-0.085439255,0.977701814,-0.976363692,-1.060903569,1.06313459
0.21365,0.065516064,-0.066425139,0.949939632,-0.948567765,-1.014130908,1.016317692
0.2137,0.046553154,-0.047463963,0.931141343,-0.929736691,-0.976375441,0.97851971
0.21375,0.027462764,-0.028373947,0.921218331,-0.919781546,-0.947366741,0.949469847
0.2138,0.008315348,-0.00922563,0.919954405,-0.918485827,-0.926959135,0.929022075
0.21385,-0.010718011,0.009837139,0.927100462,-0.925600115,-0.915066822,0.917090256
0.2139,-0.029483625,0.028606056,0.942425107,-0.940892691,-0.911621864,0.913606125
0.21395,-0.048026713,0.047153705,0.965809359,-0.964244254,-0.916464039,0.918409156
0.214,-0.066604092,0.065736968,0.99724065,-0.99564191,-0.929317895,0.931223604
0.21405,-0.085700655,0.084840835,1.036797939,-1.035164297,-0.949777492,0.951643254
0.2141,-0.105970459,0.105119487,1.084614188,-1.082944053,-0.97732164,0.979146655
0.21415,-0.128147436,0.127307005,1.140827872,-1.139119336,-1.01135477,1.013137996
0.2142,-0.152949772,0.152121754,1.205539144,-1.203789981,-1.051258716,1.052998882
0.21425,-0.181001599,0.180188065,1.278780335,-1.276988005,-1.096441527,1.098137148
0.2143,-0.212786955,0.211990205,1.360504752,-1.358666406,-1.146372301,1.148021696
0.21435,-0.248640112,0.247862693,1.450592198,-1.448704682,-1.200596383,1.202197692
0.2144,-0.288766632,0.288011363,1.548865862,-1.546925722,-1.258731196,1.260282392
0.21445,-0.333283387,0.332553383,1.655113797,-1.653117285,-1.3204477,1.321946612
0.2145,-0.382263973,0.38156266,1.769108919,-1.767051997,-1.38544498,1.386889302
0.21455,-0.435778015,0.435109152,1.890623509,-1.888501859,-1.453425444,1.454812757
0.2146,-0.493917214,0.493284909,2.019436723,-2.017245755,-1.524076285,1.525404069
0.21465,-0.556805981,0.556214703,2.155335728,-2.153070582,-1.597059988,1.598325638
0.2147,-0.624598575,0.624053167,2.298112411,-2.295767973,-1.6720139,1.673214742
0.21475,-0.69746721,0.6969729,2.447558053,-2.445128958,-1.7485568,1.749690102
0.2148,-0.745303048,0.744864921,2.512211659,-2.509734496,-1.771963702,1.773027033
0.21485,-0.75893199,0.758552251,2.473759613,-2.471287921,-1.713272492,1.714267477
0.2149,-0.776681438,0.776361299,2.439634722,-2.437168489,-1.66147147,1.66240038
0.21495,-0.796700295,0.796441426,2.360376517,-2.357915731,-1.555604838,1.556444294
0.215,-0.787556439,0.787357197,2.208425824,-2.205970473,-1.419446834,1.420170295
0.21505,-0.77351303,0.773372,2.070892863,-2.068442935,-1.295916564,1.296533972
0.2151,-0.757090275,0.7570061,1.946416893,-1.943972375,-1.187886284,1.1884066
0.21515,-0.739406405,0.739377847,1.835300172,-1.832861053,-1.094472866,1.094904106
0.2152,-0.722035584,0.722061567,1.737815541,-1.735381809,-1.01437546,1.014724738
0.21525,-0.706792671,0.70687232,1.654166079,-1.651737721,-0.945982618,0.946256191
0.2153,-0.695492005,0.695624687,1.584438787,-1.582015793,-0.887567287,0.887770601
0.21535,-0.689713544,0.689898903,1.528585121,-1.526167477,-0.837501208,0.837638942
0.2154,-0.690627847,0.690865847,1.486431024,-1.48401872,-0.794439965,0.794516085
0.21545,-0.698915768,0.699206731,1.457710476,-1.455303499,-0.757436835,0.75745464
0.2155,-0.714793975,0.715138626,1.442110272,-1.439708611,-0.72596205,0.725924231
0.21555,-0.738130829,0.738530334,1.439311902,-1.436915545,-0.699828792,0.699737491
0.2156,-0.768616341,0.76907235,1.449019009,-1.446627944,-0.679050697,0.678907565
0.21565,-0.805940384,0.806455064,1.470964764,-1.46857898,-0.663671021,0.663477276
0.2157,-0.84993677,0.850512842,1.504900291,-1.502519776,-0.653606983,0.653363471
0.21575,-0.900665007,0.901305774,1.550570824,-1.548195566,-0.64854418,0.648251428
0.2158,-0.958421142,0.959130511,1.607689028,-1.605319016,-0.647899059,0.647557331
0.21585,-1.023687957,1.024470463,1.675914378,-1.6735496,-0.650848106,0.650457451
0.2159,-1.097047695,1.097908514,1.754844312,-1.752484756,-0.656406278,0.655966582
0.21595,-1.17908492,1.180029885,1.84401845,-1.841664106,-0.663528361,0.663039391
0.216,-1.270303566,1.271339178,1.942933098,-1.940583953,-0.671206427,0.670667879
0.21605,-1.371073288,1.372206724,2.051060777,-2.04871682,-0.678543021,0.677954563
0.2161,-1.48160964,1.482848763,2.167869142,-2.165530362,-0.684789891,0.68415121
0.21615,-1.601983623,1.603336983,2.292835,-2.290501385,-0.689352467,0.68866331
0.2162,-1.732150625,1.733627465,2.425451428,-2.423122967,-0.691768046,0.69102826
0.21625,-1.808720776,1.8103001,2.509968566,-2.507645248,-0.693085587,0.692294802
0.2163,-1.84127292,1.842918676,2.511998966,-2.509680779,-0.669175288,0.668336182
0.21635,-1.878265535,1.879978886,2.52100326,-2.518690193,-0.641111391,0.640226265
0.2164,-1.866253056,1.868034997,2.446061015,-2.443793854,-0.58479832,0.58386989
0.21645,-1.7690784,1.770925755,2.275379427,-2.273206878,-0.504707303,0.503740379
0.2165,-1.678972268,1.680881162,2.113617291,-2.111532855,-0.433148563,0.432148384
0.21655,-1.594004704,1.595971499,1.964348608,-1.962346264,-0.368873696,0.367844982
0.2166,-1.513986455,1.516007755,1.827665035,-1.825739241,-0.312231532,0.311178533
0.21665,-1.438931766,1.441004426,1.703597061,-1.70174274,-0.263238537,0.262165072
0.2167,-1.369109398,1.371230536,1.592038395,-1.590250928,-0.221519945,0.220429443
0.21675,-1.305021687,1.307188688,1.492716874,-1.490992089,-0.186301527,0.185197061
0.2168,-1.247337403,1.249547928,1.405195507,-1.403529668,-0.156477761,0.155362082
0.21685,-1.196792856,1.19904485,1.328905664,-1.32729546,-0.130743922,0.129619495
0.2169,-1.154083093,1.156374785,1.263206556,-1.261649092,-0.107764369,0.106633401
0.21695,-1.119766938,1.122096851,1.207458069,-1.205950853,-0.086340327,0.085204806
0.217,-1.094205514,1.096572469,1.161090041,-1.159630973,-0.065540653,0.064402377
0.21705,-1.077544893,1.079948015,1.1236515,-1.122238858,-0.044768417,0.043629034
0.2171,-1.06974238,1.072181098,1.094828482,-1.093460908,-0.023752434,0.022613478
0.21715,-1.070628877,1.073102935,1.074423977,-1.073100463,-0.0024521,0.00134981
0.2172,-1.079972716,1.082482173,1.062322403,-1.061042275,0.018980838,-0.020106313
0.21725,-1.097559348,1.100104582,1.058421018,-1.057183922,0.040469125,-0.041589884
0.2173,-1.123245808,1.125827517,1.062563902,-1.061369783,0.062012529,-0.063127112
0.21735,-1.156975738,1.159594941,1.07450436,-1.073353451,0.083802996,-0.084909872
0.2174,-1.198777289,1.201435326,1.093880132,-1.092772936,0.106231004,-0.107328542
0.21745,-1.248734746,1.251433277,1.120220246,-1.119157521,0.129851909,-0.130938347
0.2175,-1.306949755,1.309690754,1.152973839,-1.151956581,0.155318334,-0.156391755
0.21755,-1.373502927,1.376288684,1.191552006,-1.190581433,0.183299933,-0.184358238
0.2176,-1.448424786,1.451257901,1.235371266,-1.234448806,0.214410865,-0.215451751
0.21765,-1.531680722,1.5345641,1.283888658,-1.283015929,0.24915965,-0.250180584
0.2177,-1.623170119,1.626106966,1.336622202,-1.335800998,0.287927842,-0.288926043
0.21775,-1.722736428,1.725730246,1.393155106,-1.39238738,0.330975889,-0.331948299
0.2178,-1.830183167,1.833237748,1.453126286,-1.452414134,0.378468612,-0.379411883
0.21785,-1.945290825,1.948410246,1.516212386,-1.515558033,0.430510091,-0.43142056
0.2179,-2.067830876,2.07101949,1.58210731,-1.581513093,0.487178143,-0.488051819
0.21795,-2.197574882,2.200837309,1.650504413,-1.649972765,0.548551234,-0.549383779
0.218,-2.334298416,2.33763954,1.721084622,-1.720618056,0.61472428,-0.615510999
0.21805,-2.477780825,2.481205782,1.793511623,-1.793112721,0.685813219,-0.686549044
0.2181,-2.53685154,2.540323044,1.81278913,-1.812460185,0.7322289,-0.732908916
0.21815,-2.493421637,2.496885473,1.749608278,-1.749347505,0.745352968,-0.745975037
0.2182,-2.454333228,2.457789414,1.693587801,-1.693392772,0.762345234,-0.762908211
0.21825,-2.42292582,2.426374372,1.64286973,-1.642738264,0.781650354,-0.782152996
0.2183,-2.346396121,2.349837057,1.538479006,-1.538434262,0.80288895,-0.803329557
0.21835,-2.197420431,2.200853767,1.404472141,-1.404540506,0.79450791,-0.794888108
0.2184,-2.062814619,2.066240372,1.283216991,-1.283388727,0.78106393,-0.781385112
0.21845,-1.941229488,1.944647675,1.177573385,-1.177839724,0.765100278,-0.765363767
0.2185,-1.832980411,1.836391049,1.086616736,-1.086969843,0.747788948,-0.747995933
0.21855,-1.738350144,1.741753249,1.00898038,-1.009413307,0.730779103,-0.730930603
0.2186,-1.657545748,1.660941338,0.942972877,-0.943479522,0.715968932,-0.716065753
0.21865,-1.590651183,1.594039274,0.886784819,-0.887359879,0.70525153,-0.705294229
0.2187,-1.537608417,1.540989024,0.8387146,-0.839353524,0.700270235,-0.700259082
0.21875,-1.498229325,1.501602467,0.797362624,-0.798061568,0.702236332,-0.702171268
0.2188,-1.472231753,1.475597445,0.761750904,-0.762506675,0.711845508,-0.71172611
0.21885,-1.459286798,1.462645057,0.731344197,-0.732154197,0.729304013,-0.729129449
0.2189,-1.459062685,1.462413527,0.705974183,-0.706836355,0.754448342,-0.754217332
0.21895,-1.471253428,1.47459687,0.685692151,-0.686604916,0.786921228,-0.786632003
0.219,-1.495586582,1.49892264,0.670591299,-0.671553497,0.826357079,-0.826007346
0.21905,-1.531811311,1.535140001,0.660643275,-0.66165411,0.872533509,-0.872120417
0.2191,-1.579673627,1.582994965,0.655584933,-0.656643913,0.925459817,-0.924979929
0.21915,-1.638888447,1.64220245,0.654874335,-0.655981221,0.985393036,-0.984842305
0.2192,-1.709117589,1.712424273,0.657715479,-0.658870234,1.052791199,-1.052164949
0.21925,-1.789959683,1.793259064,0.663134846,-0.664337587,1.128226703,-1.127519611
0.2193,-1.880953506,1.8842456,0.670083555,-0.671334504,1.212287479,-1.211493567
0.21935,-1.981592124,1.984876947,0.677537983,-0.678837427,1.305490521,-1.30460314
0.2194,-2.091342662,2.094620231,0.68457774,-0.685925983,1.408223673,-1.407235498
0.21945,-2.209665966,2.212936295,0.690429806,-0.691827124,1.520721155,-1.519624176
0.2195,-2.336031683,2.33929479,0.694478002,-0.695924605,1.643069174,-1.641854693
0.21955,-2.415065573,2.418321473,0.697197965,-0.698694311,1.712797126,-1.711485097
0.2196,-2.412661718,2.415910427,0.673715141,-0.67525856,1.740498542,-1.739123224
0.21965,-2.417401008,2.420642542,0.646018562,-0.647606768,1.772873222,-1.771433621
0.2197,-2.427512426,2.4307468,0.616295396,-0.61792622,1.812715756,-1.8112107
0.21975,-2.353843432,2.357031354,0.558925451,-0.560596316,1.803012972,-1.801441449
0.2198,-2.184691409,2.187785996,0.478662174,-0.48036841,1.707473593,-1.70583876
0.21985,-2.024721881,2.027729552,0.407898862,-0.409635361,1.618305864,-1.616611575
0.2199,-1.877558826,1.880485521,0.345418134,-0.347180301,1.533598025,-1.531847896
0.21995,-1.743289974,1.746141158,0.291442369,-0.293226072,1.453282643,-1.451480047
0.22,-1.621884792,1.624665464,0.245723378,-0.247524908,1.377576958,-1.375725012
0.22005,-1.513127227,1.515841931,0.207529827,-0.209345861,1.306995955,-1.305097514
0.2201,-1.416605856,1.41925869,0.175704109,-0.177531679,1.242285554,-1.240343203
0.22015,-1.33174178,1.334336405,0.14880146,-0.150637915,1.18431138,-1.18232743
0.2202,-1.257850614,1.260390268,0.125283677,-0.127126658,1.133927033,-1.131903514
0.22025,-1.194225983,1.196713485,0.103726173,-0.105573575,1.091850533,-1.089789187
0.2203,-1.140225554,1.142663323,0.082993242,-0.084843182,1.058575088,-1.056477364
0.22035,-1.095339137,1.097729199,0.062344018,-0.064194801,1.034331234,-1.032198283
0.2204,-1.059222527,1.06156653,0.041448817,-0.043298897,1.019104335,-1.016937007
0.22045,-1.031689594,1.033988824,0.020317748,-0.022165686,1.012698075,-1.010496909
0.2205,-1.012661149,1.014916543,-8.20E-04,-9.97E-04,1.014829347,-1.01259457
0.22055,-1.002112356,1.004324517,-0.021740561,0.019954568,1.025201543,-1.022933063
0.2206,-0.999972999,1.002142216,-0.042284331,0.040504415,1.043603258,-1.041300663
0.22065,-1.006066608,1.00819287,-0.062530091,0.060757643,1.069942328,-1.067604884
0.2207,-1.020083624,1.022166632,-0.082810421,0.081046905,1.104240464,-1.101867117
0.22075,-1.041573831,1.043613022,-0.103687532,0.10193452,1.146609766,-1.144199139
0.2208,-1.069975118,1.071969672,-0.125878099,0.124137292,1.197204893,-1.194755288
0.22085,-1.104662248,1.106611109,-0.150153159,0.14842642,1.256171765,-1.253681171
0.2209,-1.145002131,1.146904019,-0.177240503,0.175529877,1.323605221,-1.32107131
0.22095,-1.190401982,1.192255412,-0.207751131,0.206058869,1.399523629,-1.396943764
0.221,-1.240340659,1.242143957,-0.242141518,0.240470103,1.4838625,-1.481233738
0.22105,-1.294379239,1.296130554,-0.280712629,0.279064799,1.576484062,-1.573803159
0.2211,-1.352152582,1.353849905,-0.32363777,0.322016539,1.677196691,-1.674460105
0.22115,-1.413347836,1.414989019,-0.371006516,0.369415194,1.785777332,-1.782981233
0.2212,-1.477677625,1.47926039,-0.422871276,0.421313492,1.901991255,-1.899131528
0.22125,-1.54485514,1.546377102,-0.479285848,0.477765563,2.025605701,-2.022677953
0.2213,-1.614576253,1.616034932,-0.540329853,0.538851378,2.156396424,-2.153395994
0.22135,-1.686510892,1.687903727,-0.606117767,0.604685776,2.294148098,-2.291070064
0.2214,-1.760303294,1.761627658,-0.676794984,0.675414524,2.438650638,-2.435489823
0.22145,-1.780945705,1.782199264,-0.722778881,0.721454851,2.498686595,-2.495479558
0.2215,-1.719122721,1.720307217,-0.735449666,0.734184187,2.456143534,-2.45294358
0.22155,-1.664416075,1.665533895,-0.752036844,0.750831043,2.417949684,-2.414756797
0.2216,-1.555408441,1.556436297,-0.77082888,0.769684338,2.334322592,-2.331136758
0.22165,-1.415299376,1.416210984,-0.760567935,0.759482945,2.177302785,-2.174123987
0.2217,-1.287970628,1.288776236,-0.745222909,0.744195971,2.034668876,-2.031497098
0.22175,-1.176304082,1.177012936,-0.72731354,0.726343194,1.905069266,-1.901904494
0.2218,-1.079444932,1.080065311,-0.707939118,0.707024003,1.788815573,-1.78565779
0.22185,-0.996134696,0.996673957,-0.688645555,0.687784451,1.686194734,-1.683043925
0.2219,-0.924807879,0.925272499,-0.671221396,0.670413267,1.597429445,-1.594285595
0.22195,-0.863776434,0.864172059,-0.65746597,0.656710002,1.522630686,-1.519493779
0.222,-0.811436476,0.811767963,-0.648960522,0.648256163,1.461775552,-1.458645573
0.22205,-0.766450395,0.766721863,-0.646892876,0.646239877,1.414714039,-1.411590973
0.2221,-0.727862789,0.728077671,-0.651972333,0.651370789,1.381199876,-1.378083707
0.22215,-0.69512552,0.695286617,-0.664448105,0.663898497,1.360934013,-1.357824726
0.2222,-0.668030866,0.668140406,-0.684218433,0.683721672,1.353606899,-1.350504479
0.22225,-0.646575081,0.646634779,-0.710996253,0.710553719,1.358927701,-1.355832132
0.2223,-0.630790804,0.63080192,-0.744486527,0.744100108,1.376634046,-1.373545314
0.22235,-0.620591342,0.620554739,-0.784532498,0.784204625,1.406482557,-1.403400647
0.2224,-0.615662452,0.615578655,-0.831201288,0.830934965,1.448226232,-1.445151128
0.22245,-0.615421104,0.615290352,-0.884798549,0.884597379,1.501587849,-1.498519536
0.2225,-0.619041428,0.618863724,-0.94582104,0.945689246,1.566238487,-1.563176951
0.22255,-0.625531481,0.625306646,-1.014869686,1.014812127,1.641787358,-1.638732583
0.2226,-0.633834796,0.633562513,-1.092550973,1.092573163,1.727784737,-1.724736708
0.22265,-0.642929448,0.642609311,-1.179391533,1.179499652,1.82373562,-1.820694324
0.2227,-0.651903408,0.651534964,-1.275782057,1.275982959,1.929118984,-1.926084404
0.22275,-0.659995103,0.6595779,-1.381955841,1.382257066,2.043406894,-2.040379017
0.2228,-0.666598801,0.666132434,-1.497997869,1.498407649,2.166078972,-2.163057781
0.22285,-0.671242632,0.670726781,-1.623874362,1.624401622,2.296629957,-2.293615439
0.2229,-0.674669864,0.674103977,-1.696728009,1.697353282,2.37953777,-2.37652991
0.22295,-0.652199354,0.651586003,-1.726819873,1.727509385,2.380546254,-2.377545037
0.223,-0.625537354,0.62487873,-1.761484502,1.76223933,2.38862294,-2.385628352
0.22305,-0.570162494,0.569461198,-1.747445643,1.748266695,2.312592003,-2.309642632
0.2231,-0.490209009,0.489469812,-1.648595411,1.649479445,2.14037325,-2.137514895
0.22315,-0.41896454,0.418192646,-1.556712242,1.557655314,1.977149199,-1.974375312
0.2232,-0.355256321,0.354456398,-1.469817421,1.470815821,1.826520719,-1.823825235
0.22325,-0.299485039,0.298661275,-1.387693055,1.388743312,1.688602673,-1.685980009
0.2233,-0.251683374,0.250839516,-1.310352512,1.311451406,1.563440884,-1.560885925
0.22335,-0.21145025,0.210589642,-1.238093868,1.239238438,1.450932053,-1.448440146
0.2234,-0.177946299,0.177071919,-1.171473795,1.172661347,1.350793209,-1.348360152
0.22345,-0.149976376,0.149090868,-1.111228659,1.112456775,1.262565323,-1.260187355
0.2235,-0.126143516,0.125249226,-1.058160216,1.059426756,1.185652963,-1.183326752
0.22355,-0.105041011,0.104140016,-1.013011914,1.014315024,1.119392665,-1.1171153
0.2236,-0.085439255,0.084533398,-0.976363692,0.977701813,1.06313459,-1.060903569
0.22365,-0.066425139,0.065516064,-0.948567764,0.949939632,1.016317692,-1.014130908
0.2237,-0.047463963,0.046553154,-0.929736691,0.931141343,0.97851971,-0.976375441
0.22375,-0.028373947,0.027462764,-0.919781546,0.921218331,0.949469847,-0.947366741
0.2238,-0.00922563,0.008315348,-0.918485827,0.919954404,0.929022075,-0.926959134
0.22385,0.009837139,-0.010718011,-0.925600115,0.927100462,0.917090256,-0.915066822
0.2239,0.028606056,-0.029483625,-0.940892691,0.942425107,0.913606125,-0.911621864
0.22395,0.047153705,-0.048026713,-0.964244254,0.965809359,0.918409156,-0.916464039
0.224,0.065736968,-0.066604092,-0.99564191,0.99724065,0.931223604,-0.929317895
0.22405,0.084840835,-0.085700655,-1.035164297,1.036797939,0.951643254,-0.949777492
0.2241,0.105119487,-0.105970459,-1.082944053,1.084614188,0.979146655,-0.97732164
0.22415,0.127307005,-0.128147436,-1.139119336,1.140827872,1.013137996,-1.01135477
0.2242,0.152121754,-0.152949772,-1.203789981,1.205539144,1.052998882,-1.051258716
0.22425,0.180188065,-0.181001599,-1.276988005,1.278780335,1.098137148,-1.096441527
0.2243,0.211990205,-0.212786955,-1.358666406,1.360504752,1.148021696,-1.146372301
0.22435,0.247862693,-0.248640112,-1.448704682,1.450592198,1.202197692,-1.200596383
0.2244,0.288011364,-0.288766632,-1.546925722,1.548865862,1.260282392,-1.258731196
0.22445,0.332553383,-0.333283387,-1.653117285,1.655113797,1.321946612,-1.3204477
0.2245,0.381562661,-0.382263973,-1.767051997,1.769108919,1.386889302,-1.38544498
0.22455,0.435109152,-0.435778015,-1.88850186,1.890623509,1.454812757,-1.453425444
0.2246,0.49328491,-0.493917214,-2.017245755,2.019436724,1.525404069,-1.524076285
0.22465,0.556214703,-0.556805981,-2.153070582,2.155335728,1.598325638,-1.597059988
0.2247,0.624053168,-0.624598575,-2.295767973,2.298112412,1.673214742,-1.6720139
0.22475,0.6969729,-0.69746721,-2.445128959,2.447558053,1.749690103,-1.7485568
0.2248,0.744864921,-0.745303048,-2.509734496,2.512211659,1.773027033,-1.771963702
0.22485,0.758552252,-0.75893199,-2.471287921,2.473759613,1.714267477,-1.713272493
0.2249,0.776361299,-0.776681438,-2.43716849,2.439634722,1.66240038,-1.661471471
0.22495,0.796441426,-0.796700296,-2.357915731,2.360376517,1.556444294,-1.555604838
0.225,0.787357197,-0.787556439,-2.205970473,2.208425824,1.420170295,-1.419446834
0.22505,0.773372,-0.77351303,-2.068442935,2.070892863,1.296533972,-1.295916564
0.2251,0.7570061,-0.757090275,-1.943972375,1.946416893,1.188406601,-1.187886285
0.22515,0.739377848,-0.739406406,-1.832861053,1.835300172,1.094904106,-1.094472866
0.2252,0.722061568,-0.722035585,-1.735381809,1.737815541,1.014724738,-1.01437546
0.22525,0.706872321,-0.706792671,-1.651737722,1.654166079,0.946256191,-0.945982618
0.2253,0.695624687,-0.695492006,-1.582015793,1.584438788,0.887770601,-0.887567287
0.22535,0.689898903,-0.689713545,-1.526167478,1.528585121,0.837638943,-0.837501208
0.2254,0.690865847,-0.690627848,-1.484018721,1.486431025,0.794516085,-0.794439966
0.22545,0.699206732,-0.698915769,-1.4553035,1.457710476,0.75745464,-0.757436836
0.2255,0.715138627,-0.714793976,-1.439708611,1.442110272,0.725924231,-0.72596205
0.22555,0.738530334,-0.738130829,-1.436915545,1.439311902,0.699737492,-0.699828792
0.2256,0.76907235,-0.768616341,-1.446627945,1.44901901,0.678907565,-0.679050697
0.22565,0.806455064,-0.805940384,-1.468578981,1.470964765,0.663477276,-0.663671021
0.2257,0.850512843,-0.849936771,-1.502519776,1.504900292,0.653363471,-0.653606983
0.22575,0.901305774,-0.900665008,-1.548195566,1.550570824,0.648251429,-0.64854418
0.2258,0.959130512,-0.958421142,-1.605319016,1.607689029,0.647557331,-0.647899059
0.22585,1.024470464,-1.023687958,-1.6735496,1.675914379,0.650457451,-0.650848106
0.2259,1.097908514,-1.097047695,-1.752484757,1.754844313,0.655966582,-0.656406278
0.22595,1.180029885,-1.17908492,-1.841664106,1.844018451,0.663039391,-0.663528361
0.226,1.271339179,-1.270303567,-1.940583954,1.942933099,0.670667879,-0.671206427
0.22605,1.372206725,-1.371073288,-2.04871682,2.051060777,0.677954564,-0.678543021
0.2261,1.482848763,-1.481609641,-2.165530363,2.167869143,0.68415121,-0.684789891
0.22615,1.603336984,-1.601983624,-2.290501385,2.292835,0.68866331,-0.689352467
0.2262,1.733627466,-1.732150625,-2.423122968,2.425451429,0.691028261,-0.691768046
0.22625,1.8103001,-1.808720777,-2.507645248,2.509968567,0.692294802,-0.693085587
0.2263,1.842918677,-1.841272921,-2.509680779,2.511998966,0.668336182,-0.669175288
0.22635,1.879978886,-1.878265535,-2.518690194,2.52100326,0.640226265,-0.641111391
0.2264,1.868034997,-1.866253057,-2.443793855,2.446061016,0.583869891,-0.58479832
0.22645,1.770925756,-1.769078401,-2.273206879,2.275379428,0.503740379,-0.504707304
0.2265,1.680881162,-1.678972268,-2.111532855,2.113617291,0.432148384,-0.433148563
0.22655,1.595971499,-1.594004704,-1.962346265,1.964348608,0.367844982,-0.368873696
0.2266,1.516007756,-1.513986456,-1.825739242,1.827665036,0.311178533,-0.312231532
0.22665,1.441004427,-1.438931767,-1.701742741,1.703597062,0.262165072,-0.263238537
0.2267,1.371230537,-1.369109399,-1.590250929,1.592038395,0.220429444,-0.221519945
0.22675,1.307188688,-1.305021688,-1.49099209,1.492716875,0.185197061,-0.186301527
0.2268,1.249547929,-1.247337403,-1.403529668,1.405195508,0.155362082,-0.156477761
0.22685,1.199044851,-1.196792857,-1.327295461,1.328905665,0.129619495,-0.130743922
0.2269,1.156374786,-1.154083093,-1.261649092,1.263206557,0.106633401,-0.107764369
0.22695,1.122096852,-1.119766938,-1.205950854,1.20745807,0.085204806,-0.086340327
0.227,1.09657247,-1.094205514,-1.159630973,1.161090041,0.064402377,-0.065540653
0.22705,1.079948015,-1.077544894,-1.122238859,1.123651501,0.043629034,-0.044768417
0.2271,1.072181099,-1.069742381,-1.093460909,1.094828483,0.022613478,-0.023752434
0.22715,1.073102936,-1.070628877,-1.073100464,1.074423977,0.00134981,-0.0024521
0.2272,1.082482174,-1.079972717,-1.061042276,1.062322403,-0.020106313,0.018980838
0.22725,1.100104582,-1.097559349,-1.057183922,1.058421019,-0.041589885,0.040469125
0.2273,1.125827518,-1.123245809,-1.061369783,1.062563902,-0.063127112,0.062012529
0.22735,1.159594942,-1.156975739,-1.073353451,1.07450436,-0.084909872,0.083802996
0.2274,1.201435326,-1.198777289,-1.092772937,1.093880133,-0.107328542,0.106231004
0.22745,1.251433277,-1.248734747,-1.119157522,1.120220247,-0.130938347,0.129851909
0.2275,1.309690755,-1.306949756,-1.151956582,1.15297384,-0.156391755,0.155318335
0.22755,1.376288685,-1.373502927,-1.190581434,1.191552007,-0.184358238,0.183299933
0.2276,1.451257902,-1.448424787,-1.234448806,1.235371266,-0.215451751,0.214410865
0.22765,1.5345641,-1.531680723,-1.28301593,1.283888659,-0.250180584,0.24915965
0.2277,1.626106967,-1.62317012,-1.335800998,1.336622203,-0.288926043,0.287927842
0.22775,1.725730247,-1.722736429,-1.39238738,1.393155107,-0.331948299,0.330975889
0.2278,1.833237749,-1.830183167,-1.452414135,1.453126286,-0.379411883,0.378468612
0.22785,1.948410246,-1.945290825,-1.515558034,1.516212386,-0.43142056,0.430510092
0.2279,2.07101949,-2.067830877,-1.581513094,1.582107311,-0.488051819,0.487178144
0.22795,2.20083731,-2.197574883,-1.649972765,1.650504414,-0.549383779,0.548551234
0.228,2.337639541,-2.334298417,-1.720618056,1.721084622,-0.615510999,0.61472428
0.22805,2.481205783,-2.477780826,-1.793112722,1.793511623,-0.686549044,0.685813219
0.2281,2.540323044,-2.536851541,-1.812460186,1.812789131,-0.732908917,0.7322289
0.22815,2.496885474,-2.493421638,-1.749347505,1.749608278,-0.745975038,0.745352968
0.2282,2.457789415,-2.454333229,-1.693392772,1.693587802,-0.762908211,0.762345234
0.22825,2.426374373,-2.42292582,-1.642738265,1.642869731,-0.782152996,0.781650355
0.2283,2.349837058,-2.346396122,-1.538434263,1.538479006,-0.803329557,0.802888951
0.22835,2.200853768,-2.197420432,-1.404540507,1.404472142,-0.794888108,0.794507911
0.2284,2.066240373,-2.06281462,-1.283388728,1.283216991,-0.781385113,0.78106393
0.22845,1.944647676,-1.941229488,-1.177839725,1.177573385,-0.765363767,0.765100279
0.2285,1.83639105,-1.832980412,-1.086969843,1.086616736,-0.747995934,0.747788948
0.22855,1.74175325,-1.738350145,-1.009413308,1.00898038,-0.730930603,0.730779103
0.2286,1.660941338,-1.657545749,-0.943479523,0.942972878,-0.716065754,0.715968933
0.22865,1.594039274,-1.590651184,-0.887359879,0.88678482,-0.705294229,0.70525153
0.2287,1.540989025,-1.537608418,-0.839353525,0.8387146,-0.700259082,0.700270236
0.22875,1.501602468,-1.498229326,-0.798061568,0.797362624,-0.702171269,0.702236332
0.2288,1.475597445,-1.472231754,-0.762506675,0.761750904,-0.711726111,0.711845509
0.22885,1.462645058,-1.459286799,-0.732154197,0.731344197,-0.729129449,0.729304013
0.2289,1.462413528,-1.459062686,-0.706836356,0.705974184,-0.754217332,0.754448342
0.22895,1.47459687,-1.471253429,-0.686604916,0.685692151,-0.786632004,0.786921228
0.229,1.49892264,-1.495586583,-0.671553498,0.670591299,-0.826007347,0.82635708
0.22905,1.535140002,-1.531811312,-0.66165411,0.660643275,-0.872120418,0.87253351
0.2291,1.582994966,-1.579673628,-0.656643913,0.655584934,-0.92497993,0.925459818
0.22915,1.64220245,-1.638888447,-0.655981221,0.654874335,-0.984842305,0.985393037
0.2292,1.712424273,-1.709117589,-0.658870234,0.65771548,-1.052164949,1.0527912
0.22925,1.793259065,-1.789959684,-0.664337587,0.663134847,-1.127519612,1.128226703
0.2293,1.884245601,-1.880953507,-0.671334505,0.670083555,-1.211493568,1.21228748
0.22935,1.984876948,-1.981592125,-0.678837428,0.677537983,-1.304603141,1.305490521
0.2294,2.094620232,-2.091342663,-0.685925983,0.68457774,-1.407235498,1.408223673
0.22945,2.212936296,-2.209665966,-0.691827124,0.690429806,-1.519624176,1.520721156
0.2295,2.339294791,-2.336031684,-0.695924605,0.694478002,-1.641854694,1.643069174
0.22955,2.418321474,-2.415065574,-0.698694312,0.697197965,-1.711485097,1.712797126
0.2296,2.415910428,-2.412661719,-0.67525856,0.673715141,-1.739123224,1.740498543
0.22965,2.420642543,-2.417401009,-0.647606768,0.646018563,-1.771433622,1.772873223
0.2297,2.430746801,-2.427512426,-0.61792622,0.616295396,-1.811210701,1.812715757
0.22975,2.357031355,-2.353843432,-0.560596316,0.558925451,-1.80144145,1.803012973
0.2298,2.187785997,-2.18469141,-0.48036841,0.478662174,-1.705838761,1.707473594
0.22985,2.027729552,-2.024721881,-0.409635361,0.407898863,-1.616611576,1.618305864
0.2299,1.880485522,-1.877558827,-0.347180301,0.345418134,-1.531847897,1.533598025
0.22995,1.746141158,-1.743289974,-0.293226073,0.291442369,-1.451480047,1.453282643
0.23,1.624665465,-1.621884793,-0.247524908,0.245723378,-1.375725012,1.377576959
0.23005,1.515841932,-1.513127227,-0.209345861,0.207529827,-1.305097514,1.306995956
0.2301,1.41925869,-1.416605857,-0.177531679,0.175704109,-1.240343204,1.242285555
0.23015,1.334336406,-1.331741781,-0.150637915,0.14880146,-1.182327431,1.18431138
0.2302,1.260390268,-1.257850615,-0.127126658,0.125283677,-1.131903515,1.133927033
0.23025,1.196713486,-1.194225984,-0.105573575,0.103726173,-1.089789188,1.091850534
0.2303,1.142663323,-1.140225555,-0.084843182,0.082993242,-1.056477365,1.058575089
0.23035,1.097729199,-1.095339138,-0.064194801,0.062344018,-1.032198284,1.034331234
0.2304,1.061566531,-1.059222527,-0.043298897,0.041448817,-1.016937008,1.019104336
0.23045,1.033988825,-1.031689595,-0.022165686,0.020317748,-1.01049691,1.012698075
0.2305,1.014916543,-1.01266115,-9.97E-04,-8.20E-04,-1.01259457,1.014829348
0.23055,1.004324518,-1.002112356,0.019954568,-0.021740561,-1.022933064,1.025201544
0.2306,1.002142217,-0.999972999,0.040504415,-0.042284331,-1.041300664,1.043603259
0.23065,1.00819287,-1.006066609,0.060757643,-0.062530091,-1.067604885,1.069942328
0.2307,1.022166633,-1.020083624,0.081046905,-0.082810421,-1.101867118,1.104240465
0.23075,1.043613022,-1.041573832,0.10193452,-0.103687532,-1.144199139,1.146609767
0.2308,1.071969672,-1.069975119,0.124137292,-0.125878099,-1.194755289,1.197204893
0.23085,1.106611109,-1.104662249,0.14842642,-0.150153159,-1.253681171,1.256171766
0.2309,1.14690402,-1.145002132,0.175529877,-0.177240504,-1.321071311,1.323605222
0.23095,1.192255413,-1.190401982,0.206058869,-0.207751131,-1.396943765,1.39952363
0.231,1.242143957,-1.24034066,0.240470103,-0.242141518,-1.481233738,1.4838625
0.23105,1.296130554,-1.294379239,0.279064799,-0.280712629,-1.573803159,1.576484063
0.2311,1.353849906,-1.352152582,0.322016539,-0.32363777,-1.674460106,1.677196691
0.23115,1.414989019,-1.413347837,0.369415194,-0.371006516,-1.782981234,1.785777332
0.2312,1.479260391,-1.477677625,0.421313492,-0.422871276,-1.899131529,1.901991256
0.23125,1.546377103,-1.54485514,0.477765563,-0.479285848,-2.022677954,2.025605701
0.2313,1.616034933,-1.614576254,0.538851378,-0.540329853,-2.153395994,2.156396424
0.23135,1.687903727,-1.686510892,0.604685776,-0.606117768,-2.291070064,2.294148099
0.2314,1.761627659,-1.760303294,0.675414524,-0.676794984,-2.435489823,2.438650638
0.23145,1.782199264,-1.780945706,0.721454851,-0.722778881,-2.495479559,2.498686596
0.2315,1.720307217,-1.719122722,0.734184187,-0.735449666,-2.45294358,2.456143534
0.23155,1.665533895,-1.664416076,0.750831043,-0.752036844,-2.414756798,2.417949684
0.2316,1.556436297,-1.555408442,0.769684338,-0.77082888,-2.331136758,2.334322593
0.23165,1.416210984,-1.415299376,0.759482945,-0.760567935,-2.174123988,2.177302786
0.2317,1.288776236,-1.287970628,0.744195971,-0.745222909,-2.031497099,2.034668876
0.23175,1.177012936,-1.176304083,0.726343194,-0.72731354,-1.901904494,1.905069267
0.2318,1.080065311,-1.079444933,0.707024003,-0.707939118,-1.785657791,1.788815574
0.23185,0.996673957,-0.996134696,0.687784452,-0.688645556,-1.683043926,1.686194735
0.2319,0.925272499,-0.924807879,0.670413267,-0.671221396,-1.594285596,1.597429446
0.23195,0.864172059,-0.863776434,0.656710002,-0.65746597,-1.519493779,1.522630686
0.232,0.811767963,-0.811436476,0.648256164,-0.648960523,-1.458645573,1.461775552
0.23205,0.766721864,-0.766450395,0.646239877,-0.646892876,-1.411590973,1.41471404
0.2321,0.728077671,-0.727862789,0.651370789,-0.651972333,-1.378083707,1.381199876
0.23215,0.695286617,-0.69512552,0.663898497,-0.664448105,-1.357824726,1.360934013
0.2322,0.668140406,-0.668030866,0.683721673,-0.684218433,-1.350504479,1.353606899
0.23225,0.646634779,-0.646575082,0.71055372,-0.710996253,-1.355832133,1.358927701
0.2323,0.63080192,-0.630790804,0.744100109,-0.744486527,-1.373545314,1.376634046
0.23235,0.620554739,-0.620591342,0.784204625,-0.784532498,-1.403400647,1.406482557
0.2324,0.615578655,-0.615662452,0.830934966,-0.831201288,-1.445151129,1.448226233
0.23245,0.615290352,-0.615421105,0.88459738,-0.884798549,-1.498519536,1.501587849
0.2325,0.618863725,-0.619041428,0.945689246,-0.945821041,-1.563176952,1.566238488
0.23255,0.625306647,-0.625531481,1.014812127,-1.014869687,-1.638732584,1.641787358
0.2326,0.633562514,-0.633834796,1.092573163,-1.092550973,-1.724736709,1.727784737
0.23265,0.642609311,-0.642929448,1.179499652,-1.179391534,-1.820694324,1.823735621
0.2327,0.651534964,-0.651903408,1.275982959,-1.275782057,-1.926084404,1.929118984
0.23275,0.6595779,-0.659995103,1.382257067,-1.381955841,-2.040379017,2.043406895
0.2328,0.666132434,-0.666598801,1.498407649,-1.49799787,-2.163057781,2.166078972
0.23285,0.670726781,-0.671242632,1.624401622,-1.623874362,-2.29361544,2.296629957
0.2329,0.674103977,-0.674669864,1.697353282,-1.696728009,-2.37652991,2.37953777
0.23295,0.651586003,-0.652199354,1.727509385,-1.726819873,-2.377545038,2.380546254
0.233,0.62487873,-0.625537354,1.76223933,-1.761484502,-2.385628352,2.38862294
0.23305,0.569461198,-0.570162494,1.748266695,-1.747445643,-2.309642632,2.312592004
0.2331,0.489469812,-0.490209009,1.649479445,-1.648595412,-2.137514895,2.14037325
0.23315,0.418192646,-0.41896454,1.557655314,-1.556712243,-1.974375312,1.977149199
0.2332,0.354456398,-0.355256321,1.470815821,-1.469817422,-1.823825235,1.826520719
0.23325,0.298661275,-0.299485039,1.388743312,-1.387693055,-1.685980009,1.688602673
0.2333,0.250839516,-0.251683374,1.311451406,-1.310352513,-1.560885926,1.563440884
0.23335,0.210589642,-0.21145025,1.239238438,-1.238093868,-1.448440146,1.450932053
0.2334,0.17707192,-0.177946299,1.172661347,-1.171473795,-1.348360152,1.350793209
0.23345,0.149090868,-0.149976376,1.112456775,-1.111228659,-1.260187355,1.262565323
0.2335,0.125249226,-0.126143516,1.059426756,-1.058160217,-1.183326752,1.185652963
0.23355,0.104140016,-0.105041011,1.014315024,-1.013011914,-1.1171153,1.119392665
0.2336,0.084533398,-0.085439255,0.977701814,-0.976363692,-1.060903569,1.06313459
0.23365,0.065516064,-0.066425139,0.949939632,-0.948567765,-1.014130908,1.016317692
0.2337,0.046553154,-0.047463963,0.931141343,-0.929736691,-0.976375441,0.97851971
0.23375,0.027462764,-0.028373947,0.921218331,-0.919781546,-0.947366741,0.949469847
0.2338,0.008315348,-0.00922563,0.919954405,-0.918485827,-0.926959135,0.929022075
0.23385,-0.010718011,0.009837139,0.927100462,-0.925600115,-0.915066822,0.917090256
0.2339,-0.029483625,0.028606056,0.942425107,-0.940892691,-0.911621864,0.913606125
0.23395,-0.048026713,0.047153705,0.965809359,-0.964244254,-0.916464039,0.918409156
0.234,-0.066604092,0.065736968,0.99724065,-0.99564191,-0.929317895,0.931223604
0.23405,-0.085700655,0.084840835,1.036797939,-1.035164297,-0.949777492,0.951643254
0.2341,-0.105970459,0.105119487,1.084614188,-1.082944053,-0.97732164,0.979146655
0.23415,-0.128147436,0.127307005,1.140827872,-1.139119336,-1.01135477,1.013137996
0.2342,-0.152949772,0.152121754,1.205539144,-1.203789981,-1.051258716,1.052998882
0.23425,-0.181001599,0.180188065,1.278780335,-1.276988005,-1.096441527,1.098137148
0.2343,-0.212786955,0.211990205,1.360504752,-1.358666406,-1.146372301,1.148021696
0.23435,-0.248640112,0.247862693,1.450592198,-1.448704682,-1.200596383,1.202197692
0.2344,-0.288766632,0.288011363,1.548865862,-1.546925722,-1.258731196,1.260282392
0.23445,-0.333283387,0.332553383,1.655113797,-1.653117285,-1.3204477,1.321946612
0.2345,-0.382263973,0.38156266,1.769108919,-1.767051997,-1.38544498,1.386889302
0.23455,-0.435778015,0.435109152,1.890623509,-1.888501859,-1.453425444,1.454812757
0.2346,-0.493917214,0.493284909,2.019436723,-2.017245755,-1.524076285,1.525404069
0.23465,-0.556805981,0.556214703,2.155335728,-2.153070582,-1.597059988,1.598325638
0.2347,-0.624598575,0.624053167,2.298112411,-2.295767973,-1.6720139,1.673214742
0.23475,-0.69746721,0.6969729,2.447558053,-2.445128958,-1.7485568,1.749690102
0.2348,-0.745303048,0.744864921,2.512211659,-2.509734496,-1.771963702,1.773027033
0.23485,-0.75893199,0.758552251,2.473759613,-2.471287921,-1.713272492,1.714267477
0.2349,-0.776681438,0.776361299,2.439634722,-2.437168489,-1.66147147,1.66240038
0.23495,-0.796700295,0.796441426,2.360376517,-2.357915731,-1.555604838,1.556444294
0.235,-0.787556439,0.787357197,2.208425824,-2.205970473,-1.419446834,1.420170295
0.23505,-0.77351303,0.773372,2.070892863,-2.068442935,-1.295916564,1.296533972
0.2351,-0.757090275,0.7570061,1.946416893,-1.943972375,-1.187886284,1.1884066
0.23515,-0.739406405,0.739377847,1.835300172,-1.832861053,-1.094472866,1.094904106
0.2352,-0.722035584,0.722061567,1.737815541,-1.735381809,-1.01437546,1.014724738
0.23525,-0.706792671,0.70687232,1.654166079,-1.651737721,-0.945982618,0.946256191
0.2353,-0.695492005,0.695624687,1.584438787,-1.582015793,-0.887567287,0.887770601
0.23535,-0.689713544,0.689898903,1.528585121,-1.526167477,-0.837501208,0.837638942
0.2354,-0.690627847,0.690865847,1.486431024,-1.48401872,-0.794439965,0.794516085
0.23545,-0.698915768,0.699206731,1.457710476,-1.455303499,-0.757436835,0.75745464
0.2355,-0.714793975,0.715138626,1.442110272,-1.439708611,-0.72596205,0.725924231
0.23555,-0.738130829,0.738530334,1.439311902,-1.436915545,-0.699828792,0.699737491
0.2356,-0.768616341,0.76907235,1.449019009,-1.446627944,-0.679050697,0.678907565
0.23565,-0.805940384,0.806455064,1.470964764,-1.46857898,-0.663671021,0.663477276
0.2357,-0.84993677,0.850512842,1.504900291,-1.502519776,-0.653606983,0.653363471
0.23575,-0.900665007,0.901305774,1.550570824,-1.548195566,-0.64854418,0.648251428
0.2358,-0.958421142,0.959130511,1.607689028,-1.605319016,-0.647899059,0.647557331
0.23585,-1.023687957,1.024470463,1.675914378,-1.6735496,-0.650848106,0.650457451
0.2359,-1.097047695,1.097908514,1.754844312,-1.752484756,-0.656406278,0.655966582
0.23595,-1.17908492,1.180029885,1.84401845,-1.841664106,-0.663528361,0.663039391
0.236,-1.270303566,1.271339178,1.942933098,-1.940583953,-0.671206427,0.670667879
0.23605,-1.371073288,1.372206724,2.051060777,-2.04871682,-0.678543021,0.677954563
0.2361,-1.48160964,1.482848763,2.167869142,-2.165530362,-0.684789891,0.68415121
0.23615,-1.601983623,1.603336983,2.292835,-2.290501385,-0.689352467,0.68866331
0.2362,-1.732150625,1.733627465,2.425451428,-2.423122967,-0.691768046,0.69102826
0.23625,-1.808720776,1.8103001,2.509968566,-2.507645248,-0.693085587,0.692294802
0.2363,-1.84127292,1.842918676,2.511998966,-2.509680779,-0.669175288,0.668336182
0.23635,-1.878265535,1.879978886,2.52100326,-2.518690193,-0.641111391,0.640226265
0.2364,-1.866253056,1.868034997,2.446061015,-2.443793854,-0.58479832,0.58386989
0.23645,-1.7690784,1.770925755,2.275379427,-2.273206878,-0.504707303,0.503740379
0.2365,-1.678972268,1.680881162,2.113617291,-2.111532855,-0.433148563,0.432148384
0.23655,-1.594004704,1.595971499,1.964348608,-1.962346264,-0.368873696,0.367844982
0.2366,-1.513986455,1.516007755,1.827665035,-1.825739241,-0.312231532,0.311178533
0.23665,-1.438931766,1.441004426,1.703597061,-1.70174274,-0.263238537,0.262165072
0.2367,-1.369109398,1.371230536,1.592038395,-1.590250928,-0.221519945,0.220429443
0.23675,-1.305021687,1.307188688,1.492716874,-1.490992089,-0.186301527,0.185197061
0.2368,-1.247337403,1.249547928,1.405195507,-1.403529668,-0.156477761,0.155362082
0.23685,-1.196792856,1.19904485,1.328905664,-1.32729546,-0.130743922,0.129619495
0.2369,-1.154083093,1.156374785,1.263206556,-1.261649092,-0.107764369,0.106633401
0.23695,-1.119766938,1.122096851,1.207458069,-1.205950853,-0.086340327,0.085204806
0.237,-1.094205514,1.096572469,1.161090041,-1.159630973,-0.065540653,0.064402377
0.23705,-1.077544893,1.079948015,1.1236515,-1.122238858,-0.044768417,0.043629034
0.2371,-1.06974238,1.072181098,1.094828482,-1.093460908,-0.023752434,0.022613478
0.23715,-1.070628877,1.073102935,1.074423977,-1.073100463,-0.0024521,0.00134981
0.2372,-1.079972716,1.082482173,1.062322403,-1.061042275,0.018980838,-0.020106313
0.23725,-1.097559348,1.100104582,1.058421018,-1.057183922,0.040469125,-0.041589884
0.2373,-1.123245808,1.125827517,1.062563902,-1.061369783,0.062012529,-0.063127112
0.23735,-1.156975738,1.159594941,1.07450436,-1.073353451,0.083802996,-0.084909872
0.2374,-1.198777289,1.201435326,1.093880132,-1.092772936,0.106231004,-0.107328542
0.23745,-1.248734746,1.251433277,1.120220246,-1.119157521,0.129851909,-0.130938347
0.2375,-1.306949755,1.309690754,1.152973839,-1.151956581,0.155318334,-0.156391755
0.23755,-1.373502927,1.376288684,1.191552006,-1.190581433,0.183299933,-0.184358238
0.2376,-1.448424786,1.451257901,1.235371266,-1.234448806,0.214410865,-0.215451751
0.23765,-1.531680722,1.5345641,1.283888658,-1.283015929,0.24915965,-0.250180584
0.2377,-1.623170119,1.626106966,1.336622202,-1.335800998,0.287927842,-0.288926043
0.23775,-1.722736428,1.725730246,1.393155106,-1.39238738,0.330975889,-0.331948299
0.2378,-1.830183167,1.833237748,1.453126286,-1.452414134,0.378468612,-0.379411883
0.23785,-1.945290825,1.948410246,1.516212386,-1.515558033,0.430510091,-0.43142056
0.2379,-2.067830876,2.07101949,1.58210731,-1.581513093,0.487178143,-0.488051819
0.23795,-2.197574882,2.200837309,1.650504413,-1.649972765,0.548551234,-0.549383779
0.238,-2.334298416,2.33763954,1.721084622,-1.720618056,0.61472428,-0.615510999
0.23805,-2.477780825,2.481205782,1.793511623,-1.793112721,0.685813219,-0.686549044
0.2381,-2.53685154,2.540323044,1.81278913,-1.812460185,0.7322289,-0.732908916
0.23815,-2.493421637,2.496885473,1.749608278,-1.749347505,0.745352968,-0.745975037
0.2382,-2.454333228,2.457789414,1.693587801,-1.693392772,0.762345234,-0.762908211
0.23825,-2.42292582,2.426374372,1.64286973,-1.642738264,0.781650354,-0.782152996
0.2383,-2.346396121,2.349837057,1.538479006,-1.538434262,0.80288895,-0.803329557
0.23835,-2.197420431,2.200853767,1.404472141,-1.404540506,0.79450791,-0.794888108
0.2384,-2.062814619,2.066240372,1.283216991,-1.283388727,0.78106393,-0.781385112
0.23845,-1.941229488,1.944647675,1.177573385,-1.177839724,0.765100278,-0.765363767
0.2385,-1.832980411,1.836391049,1.086616736,-1.086969843,0.747788948,-0.747995933
0.23855,-1.738350144,1.741753249,1.00898038,-1.009413307,0.730779103,-0.730930603
0.2386,-1.657545748,1.660941338,0.942972877,-0.943479522,0.715968932,-0.716065753
0.23865,-1.590651183,1.594039274,0.886784819,-0.887359879,0.70525153,-0.705294229
0.2387,-1.537608417,1.540989024,0.8387146,-0.839353524,0.700270235,-0.700259082
0.23875,-1.498229325,1.501602467,0.797362624,-0.798061568,0.702236332,-0.702171268
0.2388,-1.472231753,1.475597445,0.761750904,-0.762506675,0.711845508,-0.71172611
0.23885,-1.459286798,1.462645057,0.731344197,-0.732154197,0.729304013,-0.729129449
0.2389,-1.459062685,1.462413527,0.705974183,-0.706836355,0.754448342,-0.754217332
0.23895,-1.471253428,1.47459687,0.685692151,-0.686604916,0.786921228,-0.786632003
0.239,-1.495586582,1.49892264,0.670591299,-0.671553497,0.826357079,-0.826007346
0.23905,-1.531811311,1.535140001,0.660643275,-0.66165411,0.872533509,-0.872120417
0.2391,-1.579673627,1.582994965,0.655584933,-0.656643913,0.925459817,-0.924979929
0.23915,-1.638888447,1.64220245,0.654874335,-0.655981221,0.985393036,-0.984842305
0.2392,-1.709117589,1.712424273,0.657715479,-0.658870234,1.052791199,-1.052164949
0.23925,-1.789959683,1.793259064,0.663134846,-0.664337587,1.128226703,-1.127519611
0.2393,-1.880953506,1.8842456,0.670083555,-0.671334504,1.212287479,-1.211493567
0.23935,-1.981592124,1.984876947,0.677537983,-0.678837427,1.305490521,-1.30460314
0.2394,-2.091342662,2.094620231,0.68457774,-0.685925983,1.408223673,-1.407235498
0.23945,-2.209665966,2.212936295,0.690429806,-0.691827124,1.520721155,-1.519624176
0.2395,-2.336031683,2.33929479,0.694478002,-0.695924605,1.643069174,-1.641854693
0.23955,-2.415065573,2.418321473,0.697197965,-0.698694311,1.712797126,-1.711485097
0.2396,-2.412661718,2.415910427,0.673715141,-0.67525856,1.740498542,-1.739123224
0.23965,-2.417401008,2.420642542,0.646018562,-0.647606768,1.772873222,-1.771433621
0.2397,-2.427512426,2.4307468,0.616295396,-0.61792622,1.812715756,-1.8112107
0.23975,-2.353843432,2.357031354,0.558925451,-0.560596316,1.803012972,-1.801441449
0.2398,-2.184691409,2.187785996,0.478662174,-0.48036841,1.707473593,-1.70583876
0.23985,-2.024721881,2.027729552,0.407898862,-0.409635361,1.618305864,-1.616611575
0.2399,-1.877558826,1.880485521,0.345418134,-0.347180301,1.533598025,-1.531847896
0.23995,-1.743289974,1.746141158,0.291442369,-0.293226072,1.453282643,-1.451480047
0.24,-1.621884792,1.624665464,0.245723378,-0.247524908,1.377576958,-1.375725012
0.24005,-1.513127227,1.515841931,0.207529827,-0.209345861,1.306995955,-1.305097514
0.2401,-1.416605856,1.41925869,0.175704109,-0.177531679,1.242285554,-1.240343203
0.24015,-1.33174178,1.334336405,0.14880146,-0.150637915,1.18431138,-1.18232743
0.2402,-1.257850614,1.260390268,0.125283677,-0.127126658,1.133927033,-1.131903514
0.24025,-1.194225983,1.196713485,0.103726173,-0.105573575,1.091850533,-1.089789187
0.2403,-1.140225554,1.142663323,0.082993242,-0.084843182,1.058575088,-1.056477364
0.24035,-1.095339137,1.097729199,0.062344018,-0.064194801,1.034331234,-1.032198283
0.2404,-1.059222527,1.06156653,0.041448817,-0.043298897,1.019104335,-1.016937007
0.24045,-1.031689594,1.033988824,0.020317748,-0.022165686,1.012698075,-1.010496909
0.2405,-1.012661149,1.014916543,-8.20E-04,-9.97E-04,1.014829347,-1.01259457
0.24055,-1.002112356,1.004324517,-0.021740561,0.019954568,1.025201543,-1.022933063
0.2406,-0.999972999,1.002142216,-0.042284331,0.040504415,1.043603258,-1.041300663
0.24065,-1.006066608,1.00819287,-0.062530091,0.060757643,1.069942328,-1.067604884
0.2407,-1.020083624,1.022166632,-0.082810421,0.081046905,1.104240464,-1.101867117
0.24075,-1.041573831,1.043613022,-0.103687532,0.10193452,1.146609766,-1.144199139
0.2408,-1.069975118,1.071969672,-0.125878099,0.124137292,1.197204893,-1.194755288
0.24085,-1.104662248,1.106611109,-0.150153159,0.14842642,1.256171765,-1.253681171
0.2409,-1.145002131,1.146904019,-0.177240503,0.175529877,1.323605221,-1.32107131
0.24095,-1.190401982,1.192255412,-0.207751131,0.206058869,1.399523629,-1.396943764
0.241,-1.240340659,1.242143957,-0.242141518,0.240470103,1.4838625,-1.481233738
0.24105,-1.294379239,1.296130554,-0.280712629,0.279064799,1.576484062,-1.573803159
0.2411,-1.352152582,1.353849905,-0.32363777,0.322016539,1.677196691,-1.674460105
0.24115,-1.413347836,1.414989019,-0.371006516,0.369415194,1.785777332,-1.782981233
0.2412,-1.477677625,1.47926039,-0.422871276,0.421313492,1.901991255,-1.899131528
0.24125,-1.54485514,1.546377102,-0.479285848,0.477765563,2.025605701,-2.022677953
0.2413,-1.614576253,1.616034932,-0.540329853,0.538851378,2.156396424,-2.153395994
0.24135,-1.686510892,1.687903727,-0.606117767,0.604685776,2.294148098,-2.291070064
0.2414,-1.760303294,1.761627658,-0.676794984,0.675414524,2.438650638,-2.435489823
0.24145,-1.780945705,1.782199264,-0.722778881,0.721454851,2.498686595,-2.495479558
0.2415,-1.719122721,1.720307217,-0.735449666,0.734184187,2.456143534,-2.45294358
0.24155,-1.664416075,1.665533895,-0.752036844,0.750831043,2.417949684,-2.414756797
0.2416,-1.555408441,1.556436297,-0.77082888,0.769684338,2.334322592,-2.331136758
0.24165,-1.415299376,1.416210984,-0.760567935,0.759482945,2.177302785,-2.174123987
0.2417,-1.287970628,1.288776236,-0.745222909,0.744195971,2.034668876,-2.031497098
0.24175,-1.176304082,1.177012936,-0.72731354,0.726343194,1.905069266,-1.901904494
0.2418,-1.079444932,1.080065311,-0.707939118,0.707024003,1.788815573,-1.78565779
0.24185,-0.996134696,0.996673957,-0.688645555,0.687784451,1.686194734,-1.683043925
0.2419,-0.924807879,0.925272499,-0.671221396,0.670413267,1.597429445,-1.594285595
0.24195,-0.863776434,0.864172059,-0.65746597,0.656710002,1.522630686,-1.519493779
0.242,-0.811436476,0.811767963,-0.648960522,0.648256163,1.461775552,-1.458645573
0.24205,-0.766450395,0.766721863,-0.646892876,0.646239877,1.414714039,-1.411590973
0.2421,-0.727862789,0.728077671,-0.651972333,0.651370789,1.381199876,-1.378083707
0.24215,-0.69512552,0.695286617,-0.664448105,0.663898497,1.360934013,-1.357824726
0.2422,-0.668030866,0.668140406,-0.684218433,0.683721672,1.353606899,-1.350504479
0.24225,-0.646575081,0.646634779,-0.710996253,0.710553719,1.358927701,-1.355832132
0.2423,-0.630790804,0.63080192,-0.744486527,0.744100108,1.376634046,-1.373545314
0.24235,-0.620591342,0.620554739,-0.784532498,0.784204625,1.406482557,-1.403400647
0.2424,-0.615662452,0.615578655,-0.831201288,0.830934965,1.448226232,-1.445151128
0.24245,-0.615421104,0.615290352,-0.884798549,0.884597379,1.501587849,-1.498519536
0.2425,-0.619041428,0.618863724,-0.94582104,0.945689246,1.566238487,-1.563176951
0.24255,-0.625531481,0.625306646,-1.014869686,1.014812127,1.641787358,-1.638732583
0.2426,-0.633834796,0.633562513,-1.092550973,1.092573163,1.727784737,-1.724736708
0.24265,-0.642929448,0.642609311,-1.179391533,1.179499652,1.82373562,-1.820694324
0.2427,-0.651903408,0.651534964,-1.275782057,1.275982959,1.929118984,-1.926084404
0.24275,-0.659995103,0.6595779,-1.381955841,1.382257066,2.043406894,-2.040379017
0.2428,-0.666598801,0.666132434,-1.497997869,1.498407649,2.166078972,-2.163057781
0.24285,-0.671242632,0.670726781,-1.623874362,1.624401622,2.296629957,-2.293615439
0.2429,-0.674669864,0.674103977,-1.696728009,1.697353282,2.37953777,-2.37652991
0.24295,-0.652199354,0.651586003,-1.726819873,1.727509385,2.380546254,-2.377545037
0.243,-0.625537354,0.62487873,-1.761484502,1.76223933,2.38862294,-2.385628352
0.24305,-0.570162494,0.569461198,-1.747445643,1.748266695,2.312592003,-2.309642632
0.2431,-0.490209009,0.489469812,-1.648595411,1.649479445,2.14037325,-2.137514895
0.24315,-0.41896454,0.418192646,-1.556712242,1.557655314,1.977149199,-1.974375312
0.2432,-0.355256321,0.354456398,-1.469817421,1.470815821,1.826520719,-1.823825235
0.24325,-0.299485039,0.298661275,-1.387693055,1.388743312,1.688602673,-1.685980009
0.2433,-0.251683374,0.250839516,-1.310352512,1.311451406,1.563440884,-1.560885925
0.24335,-0.21145025,0.210589642,-1.238093868,1.239238438,1.450932053,-1.448440146
0.2434,-0.177946299,0.177071919,-1.171473795,1.172661347,1.350793209,-1.348360152
0.24345,-0.149976376,0.149090868,-1.111228659,1.112456775,1.262565323,-1.260187355
0.2435,-0.126143516,0.125249226,-1.058160216,1.059426756,1.185652963,-1.183326752
0.24355,-0.105041011,0.104140016,-1.013011914,1.014315024,1.119392665,-1.1171153
0.2436,-0.085439255,0.084533398,-0.976363692,0.977701813,1.06313459,-1.060903569
0.24365,-0.066425139,0.065516064,-0.948567764,0.949939632,1.016317692,-1.014130908
0.2437,-0.047463963,0.046553154,-0.929736691,0.931141343,0.97851971,-0.976375441
0.24375,-0.028373947,0.027462764,-0.919781546,0.921218331,0.949469847,-0.947366741
0.2438,-0.00922563,0.008315348,-0.918485827,0.919954404,0.929022075,-0.926959134
0.24385,0.009837139,-0.010718011,-0.925600115,0.927100462,0.917090256,-0.915066822
0.2439,0.028606056,-0.029483625,-0.940892691,0.942425107,0.913606125,-0.911621864
0.24395,0.047153705,-0.048026713,-0.964244254,0.965809359,0.918409156,-0.916464039
0.244,0.065736968,-0.066604092,-0.99564191,0.99724065,0.931223604,-0.929317895
0.24405,0.084840835,-0.085700655,-1.035164297,1.036797939,0.951643254,-0.949777492
0.2441,0.105119487,-0.105970459,-1.082944053,1.084614188,0.979146655,-0.97732164
0.24415,0.127307005,-0.128147436,-1.139119336,1.140827872,1.013137996,-1.01135477
0.2442,0.152121754,-0.152949772,-1.203789981,1.205539144,1.052998882,-1.051258716
0.24425,0.180188065,-0.181001599,-1.276988005,1.278780335,1.098137148,-1.096441527
0.2443,0.211990205,-0.212786955,-1.358666406,1.360504752,1.148021696,-1.146372301
0.24435,0.247862693,-0.248640112,-1.448704682,1.450592198,1.202197692,-1.200596383
0.2444,0.288011364,-0.288766632,-1.546925722,1.548865862,1.260282392,-1.258731196
0.24445,0.332553383,-0.333283387,-1.653117285,1.655113797,1.321946612,-1.3204477
0.2445,0.381562661,-0.382263973,-1.767051997,1.769108919,1.386889302,-1.38544498
0.24455,0.435109152,-0.435778015,-1.88850186,1.890623509,1.454812757,-1.453425444
0.2446,0.49328491,-0.493917214,-2.017245755,2.019436724,1.525404069,-1.524076285
0.24465,0.556214703,-0.556805981,-2.153070582,2.155335728,1.598325638,-1.597059988
0.2447,0.624053168,-0.624598575,-2.295767973,2.298112412,1.673214742,-1.6720139
0.24475,0.6969729,-0.69746721,-2.445128959,2.447558053,1.749690103,-1.7485568
0.2448,0.744864921,-0.745303048,-2.509734496,2.512211659,1.773027033,-1.771963702
0.24485,0.758552252,-0.75893199,-2.471287921,2.473759613,1.714267477,-1.713272493
0.2449,0.776361299,-0.776681438,-2.43716849,2.439634722,1.66240038,-1.661471471
0.24495,0.796441426,-0.796700296,-2.357915731,2.360376517,1.556444294,-1.555604838
0.245,0.787357197,-0.787556439,-2.205970473,2.208425824,1.420170295,-1.419446834
0.24505,0.773372,-0.77351303,-2.068442935,2.070892863,1.296533972,-1.295916564
0.2451,0.7570061,-0.757090275,-1.943972375,1.946416893,1.188406601,-1.187886285
0.24515,0.739377848,-0.739406406,-1.832861053,1.835300172,1.094904106,-1.094472866
0.2452,0.722061568,-0.722035585,-1.735381809,1.737815541,1.014724738,-1.01437546
0.24525,0.706872321,-0.706792671,-1.651737722,1.654166079,0.946256191,-0.945982618
0.2453,0.695624687,-0.695492006,-1.582015793,1.584438788,0.887770601,-0.887567287
0.24535,0.689898903,-0.689713545,-1.526167478,1.528585121,0.837638943,-0.837501208
0.2454,0.690865847,-0.690627848,-1.484018721,1.486431025,0.794516085,-0.794439966
0.24545,0.699206732,-0.698915769,-1.4553035,1.457710476,0.75745464,-0.757436836
0.2455,0.715138627,-0.714793976,-1.439708611,1.442110272,0.725924231,-0.72596205
0.24555,0.738530334,-0.738130829,-1.436915545,1.439311902,0.699737492,-0.699828792
0.2456,0.76907235,-0.768616341,-1.446627945,1.44901901,0.678907565,-0.679050697
0.24565,0.806455064,-0.805940384,-1.468578981,1.470964765,0.663477276,-0.663671021
0.2457,0.850512843,-0.849936771,-1.502519776,1.504900292,0.653363471,-0.653606983
0.24575,0.901305774,-0.900665008,-1.548195566,1.550570824,0.648251429,-0.64854418
0.2458,0.959130512,-0.958421142,-1.605319016,1.607689029,0.647557331,-0.647899059
0.24585,1.024470464,-1.023687958,-1.6735496,1.675914379,0.650457451,-0.650848106
0.2459,1.097908514,-1.097047695,-1.752484757,1.754844313,0.655966582,-0.656406278
0.24595,1.180029885,-1.17908492,-1.841664106,1.844018451,0.663039391,-0.663528361
0.246,1.271339179,-1.270303567,-1.940583954,1.942933099,0.670667879,-0.671206427
0.24605,1.372206725,-1.371073288,-2.04871682,2.051060777,0.677954564,-0.678543021
0.2461,1.482848763,-1.481609641,-2.165530363,2.167869143,0.68415121,-0.684789891
0.24615,1.603336984,-1.601983624,-2.290501385,2.292835,0.68866331,-0.689352467
0.2462,1.733627466,-1.732150625,-2.423122968,2.425451429,0.691028261,-0.691768046
0.24625,1.8103001,-1.808720777,-2.507645248,2.509968567,0.692294802,-0.693085587
0.2463,1.842918677,-1.841272921,-2.509680779,2.511998966,0.668336182,-0.669175288
0.24635,1.879978886,-1.878265535,-2.518690194,2.52100326,0.640226265,-0.641111391
0.2464,1.868034997,-1.866253057,-2.443793855,2.446061016,0.583869891,-0.58479832
0.24645,1.770925756,-1.769078401,-2.273206879,2.275379428,0.503740379,-0.504707304
0.2465,1.680881162,-1.678972268,-2.111532855,2.113617291,0.432148384,-0.433148563
0.24655,1.595971499,-1.594004704,-1.962346265,1.964348608,0.367844982,-0.368873696
0.2466,1.516007756,-1.513986456,-1.825739242,1.827665036,0.311178533,-0.312231532
0.24665,1.441004427,-1.438931767,-1.701742741,1.703597062,0.262165072,-0.263238537
0.2467,1.371230537,-1.369109399,-1.590250929,1.592038395,0.220429444,-0.221519945
0.24675,1.307188688,-1.305021688,-1.49099209,1.492716875,0.185197061,-0.186301527
0.2468,1.249547929,-1.247337403,-1.403529668,1.405195508,0.155362082,-0.156477761
0.24685,1.199044851,-1.196792857,-1.327295461,1.328905665,0.129619495,-0.130743922
0.2469,1.156374786,-1.154083093,-1.261649092,1.263206557,0.106633401,-0.107764369
0.24695,1.122096852,-1.119766938,-1.205950854,1.20745807,0.085204806,-0.086340327
0.247,1.09657247,-1.094205514,-1.159630973,1.161090041,0.064402377,-0.065540653
0.24705,1.079948015,-1.077544894,-1.122238859,1.123651501,0.043629034,-0.044768417
0.2471,1.072181099,-1.069742381,-1.093460909,1.094828483,0.022613478,-0.023752434
0.24715,1.073102936,-1.070628877,-1.073100464,1.074423977,0.00134981,-0.0024521
0.2472,1.082482174,-1.079972717,-1.061042276,1.062322403,-0.020106313,0.018980838
0.24725,1.100104582,-1.097559349,-1.057183922,1.058421019,-0.041589885,0.040469125
0.2473,1.125827518,-1.123245809,-1.061369783,1.062563902,-0.063127112,0.062012529
0.24735,1.159594942,-1.156975739,-1.073353451,1.07450436,-0.084909872,0.083802996
0.2474,1.201435326,-1.198777289,-1.092772937,1.093880133,-0.107328542,0.106231004
0.24745,1.251433277,-1.248734747,-1.119157522,1.120220247,-0.130938347,0.129851909
0.2475,1.309690755,-1.306949756,-1.151956582,1.15297384,-0.156391755,0.155318335
0.24755,1.376288685,-1.373502927,-1.190581434,1.191552007,-0.184358238,0.183299933
0.2476,1.451257902,-1.448424787,-1.234448806,1.235371266,-0.215451751,0.214410865
0.24765,1.5345641,-1.531680723,-1.28301593,1.283888659,-0.250180584,0.24915965
0.2477,1.626106967,-1.62317012,-1.335800998,1.336622203,-0.288926043,0.287927842
0.24775,1.725730247,-1.722736429,-1.39238738,1.393155107,-0.331948299,0.330975889
0.2478,1.833237749,-1.830183167,-1.452414135,1.453126286,-0.379411883,0.378468612
0.24785,1.948410246,-1.945290825,-1.515558034,1.516212386,-0.43142056,0.430510092
0.2479,2.07101949,-2.067830877,-1.581513094,1.582107311,-0.488051819,0.487178144
0.24795,2.20083731,-2.197574883,-1.649972765,1.650504414,-0.549383779,0.548551234
0.248,2.337639541,-2.334298417,-1.720618056,1.721084622,-0.615510999,0.61472428
0.24805,2.481205783,-2.477780826,-1.793112722,1.793511623,-0.686549044,0.685813219
0.2481,2.540323044,-2.536851541,-1.812460186,1.812789131,-0.732908917,0.7322289
0.24815,2.496885474,-2.493421638,-1.749347505,1.749608278,-0.745975038,0.745352968
0.2482,2.457789415,-2.454333229,-1.693392772,1.693587802,-0.762908211,0.762345234
0.24825,2.426374373,-2.42292582,-1.642738265,1.642869731,-0.782152996,0.781650355
0.2483,2.349837058,-2.346396122,-1.538434263,1.538479006,-0.803329557,0.802888951
0.24835,2.200853768,-2.197420432,-1.404540507,1.404472142,-0.794888108,0.794507911
0.2484,2.066240373,-2.06281462,-1.283388728,1.283216991,-0.781385113,0.78106393
0.24845,1.944647676,-1.941229488,-1.177839725,1.177573385,-0.765363767,0.765100279
0.2485,1.83639105,-1.832980412,-1.086969843,1.086616736,-0.747995934,0.747788948
0.24855,1.74175325,-1.738350145,-1.009413308,1.00898038,-0.730930603,0.730779103
0.2486,1.660941338,-1.657545749,-0.943479523,0.942972878,-0.716065754,0.715968933
0.24865,1.594039274,-1.590651184,-0.887359879,0.88678482,-0.705294229,0.70525153
0.2487,1.540989025,-1.537608418,-0.839353525,0.8387146,-0.700259082,0.700270236
0.24875,1.501602468,-1.498229326,-0.798061568,0.797362624,-0.702171269,0.702236332
0.2488,1.475597445,-1.472231754,-0.762506675,0.761750904,-0.711726111,0.711845509
0.24885,1.462645058,-1.459286799,-0.732154197,0.731344197,-0.729129449,0.729304013
0.2489,1.462413528,-1.459062686,-0.706836356,0.705974184,-0.754217332,0.754448342
0.24895,1.47459687,-1.471253429,-0.686604916,0.685692151,-0.786632004,0.786921228
0.249,1.49892264,-1.495586583,-0.671553498,0.670591299,-0.826007347,0.82635708
0.24905,1.535140002,-1.531811312,-0.66165411,0.660643275,-0.872120418,0.87253351
0.2491,1.582994966,-1.579673628,-0.656643913,0.655584934,-0.92497993,0.925459818
0.24915,1.64220245,-1.638888447,-0.655981221,0.654874335,-0.984842305,0.985393037
0.2492,1.712424273,-1.709117589,-0.658870234,0.65771548,-1.052164949,1.0527912
0.24925,1.793259065,-1.789959684,-0.664337587,0.663134847,-1.127519612,1.128226703
0.2493,1.884245601,-1.880953507,-0.671334505,0.670083555,-1.211493568,1.21228748
0.24935,1.984876948,-1.981592125,-0.678837428,0.677537983,-1.304603141,1.305490521
0.2494,2.094620232,-2.091342663,-0.685925983,0.68457774,-1.407235498,1.408223673
0.24945,2.212936296,-2.209665966,-0.691827124,0.690429806,-1.519624176,1.520721156
0.2495,2.339294791,-2.336031684,-0.695924605,0.694478002,-1.641854694,1.643069174
0.24955,2.418321474,-2.415065574,-0.698694312,0.697197965,-1.711485097,1.712797126
0.2496,2.415910428,-2.412661719,-0.67525856,0.673715141,-1.739123224,1.740498543
0.24965,2.420642543,-2.417401009,-0.647606768,0.646018563,-1.771433622,1.772873223
0.2497,2.430746801,-2.427512426,-0.61792622,0.616295396,-1.811210701,1.812715757
0.24975,2.357031355,-2.353843432,-0.560596316,0.558925451,-1.80144145,1.803012973
0.2498,2.187785997,-2.18469141,-0.48036841,0.478662174,-1.705838761,1.707473594
0.24985,2.027729552,-2.024721881,-0.409635361,0.407898863,-1.616611576,1.618305864
0.2499,1.880485522,-1.877558827,-0.347180301,0.345418134,-1.531847897,1.533598025
0.24995,1.746141158,-1.743289974,-0.293226073,0.291442369,-1.451480047,1.453282643
0.25,1.624665465,-1.621884793,-0.247524908,0.245723378,-1.375725012,1.377576959
0.25005,1.515841932,-1.513127227,-0.209345861,0.207529827,-1.305097514,1.306995956
0.2501,1.41925869,-1.416605857,-0.177531679,0.175704109,-1.240343204,1.242285555
0.25015,1.334336406,-1.331741781,-0.150637915,0.14880146,-1.182327431,1.18431138
0.2502,1.260390268,-1.257850615,-0.127126658,0.125283677,-1.131903515,1.133927033
0.25025,1.196713486,-1.194225984,-0.105573575,0.103726173,-1.089789188,1.091850534
0.2503,1.142663323,-1.140225555,-0.084843182,0.082993242,-1.056477365,1.058575089
0.25035,1.097729199,-1.095339138,-0.064194801,0.062344018,-1.032198284,1.034331234
0.2504,1.061566531,-1.059222527,-0.043298897,0.041448817,-1.016937008,1.019104336
0.25045,1.033988825,-1.031689595,-0.022165686,0.020317748,-1.01049691,1.012698075
0.2505,1.014916543,-1.01266115,-9.97E-04,-8.20E-04,-1.01259457,1.014829348
0.25055,1.004324518,-1.002112356,0.019954568,-0.021740561,-1.022933064,1.025201544
0.2506,1.002142217,-0.999972999,0.040504415,-0.042284331,-1.041300664,1.043603259
0.25065,1.00819287,-1.006066609,0.060757643,-0.062530091,-1.067604885,1.069942328
0.2507,1.022166633,-1.020083624,0.081046905,-0.082810421,-1.101867118,1.104240465
0.25075,1.043613022,-1.041573832,0.10193452,-0.103687532,-1.144199139,1.146609767
0.2508,1.071969672,-1.069975119,0.124137292,-0.125878099,-1.194755289,1.197204893
0.25085,1.106611109,-1.104662249,0.14842642,-0.150153159,-1.253681171,1.256171766
0.2509,1.14690402,-1.145002132,0.175529877,-0.177240504,-1.321071311,1.323605222
0.25095,1.192255413,-1.190401982,0.206058869,-0.207751131,-1.396943765,1.39952363
0.251,1.242143957,-1.24034066,0.240470103,-0.242141518,-1.481233738,1.4838625
0.25105,1.296130554,-1.294379239,0.279064799,-0.280712629,-1.573803159,1.576484063
0.2511,1.353849906,-1.352152582,0.322016539,-0.32363777,-1.674460106,1.677196691
0.25115,1.414989019,-1.413347837,0.369415194,-0.371006516,-1.782981234,1.785777332
0.2512,1.479260391,-1.477677625,0.421313492,-0.422871276,-1.899131529,1.901991256
0.25125,1.546377103,-1.54485514,0.477765563,-0.479285848,-2.022677954,2.025605701
0.2513,1.616034933,-1.614576254,0.538851378,-0.540329853,-2.153395994,2.156396424
0.25135,1.687903727,-1.686510892,0.604685776,-0.606117768,-2.291070064,2.294148099
0.2514,1.761627659,-1.760303294,0.675414524,-0.676794984,-2.435489823,2.438650638
0.25145,1.782199264,-1.780945706,0.721454851,-0.722778881,-2.495479559,2.498686596
0.2515,1.720307217,-1.719122722,0.734184187,-0.735449666,-2.45294358,2.456143534
0.25155,1.665533895,-1.664416076,0.750831043,-0.752036844,-2.414756798,2.417949684
0.2516,1.556436297,-1.555408442,0.769684338,-0.77082888,-2.331136758,2.334322593
0.25165,1.416210984,-1.415299376,0.759482945,-0.760567935,-2.174123988,2.177302786
0.2517,1.288776236,-1.287970628,0.744195971,-0.745222909,-2.031497099,2.034668876
0.25175,1.177012936,-1.176304083,0.726343194,-0.72731354,-1.901904494,1.905069267
0.2518,1.080065311,-1.079444933,0.707024003,-0.707939118,-1.785657791,1.788815574
0.25185,0.996673957,-0.996134696,0.687784452,-0.688645556,-1.683043926,1.686194735
0.2519,0.925272499,-0.924807879,0.670413267,-0.671221396,-1.594285596,1.597429446
0.25195,0.864172059,-0.863776434,0.656710002,-0.65746597,-1.519493779,1.522630686
0.252,0.811767963,-0.811436476,0.648256164,-0.648960523,-1.458645573,1.461775552
0.25205,0.766721864,-0.766450395,0.646239877,-0.646892876,-1.411590973,1.41471404
0.2521,0.728077671,-0.727862789,0.651370789,-0.651972333,-1.378083707,1.381199876
0.25215,0.695286617,-0.69512552,0.663898497,-0.664448105,-1.357824726,1.360934013
0.2522,0.668140406,-0.668030866,0.683721673,-0.684218433,-1.350504479,1.353606899
0.25225,0.646634779,-0.646575082,0.71055372,-0.710996253,-1.355832133,1.358927701
0.2523,0.63080192,-0.630790804,0.744100109,-0.744486527,-1.373545314,1.376634046
0.25235,0.620554739,-0.620591342,0.784204625,-0.784532498,-1.403400647,1.406482557
0.2524,0.615578655,-0.615662452,0.830934966,-0.831201288,-1.445151129,1.448226233
0.25245,0.615290352,-0.615421105,0.88459738,-0.884798549,-1.498519536,1.501587849
0.2525,0.618863725,-0.619041428,0.945689246,-0.945821041,-1.563176952,1.566238488
0.25255,0.625306647,-0.625531481,1.014812127,-1.014869687,-1.638732584,1.641787358
0.2526,0.633562514,-0.633834796,1.092573163,-1.092550973,-1.724736709,1.727784737
0.25265,0.642609311,-0.642929448,1.179499652,-1.179391534,-1.820694324,1.823735621
0.2527,0.651534964,-0.651903408,1.275982959,-1.275782057,-1.926084404,1.929118984
0.25275,0.6595779,-0.659995103,1.382257067,-1.381955841,-2.040379017,2.043406895
0.2528,0.666132434,-0.666598801,1.498407649,-1.49799787,-2.163057781,2.166078972
0.25285,0.670726781,-0.671242632,1.624401622,-1.623874362,-2.29361544,2.296629957
0.2529,0.674103977,-0.674669864,1.697353282,-1.696728009,-2.37652991,2.37953777
0.25295,0.651586003,-0.652199354,1.727509385,-1.726819873,-2.377545038,2.380546254
0.253,0.62487873,-0.625537354,1.76223933,-1.761484502,-2.385628352,2.38862294
0.25305,0.569461198,-0.570162494,1.748266695,-1.747445643,-2.309642632,2.312592004
0.2531,0.489469812,-0.490209009,1.649479445,-1.648595412,-2.137514895,2.14037325
0.25315,0.418192646,-0.41896454,1.557655314,-1.556712243,-1.974375312,1.977149199
0.2532,0.354456398,-0.355256321,1.470815821,-1.469817422,-1.823825235,1.826520719
0.25325,0.298661275,-0.299485039,1.388743312,-1.387693055,-1.685980009,1.688602673
0.2533,0.250839516,-0.251683374,1.311451406,-1.310352513,-1.560885926,1.563440884
0.25335,0.210589642,-0.21145025,1.239238438,-1.238093868,-1.448440146,1.450932053
0.2534,0.17707192,-0.177946299,1.172661347,-1.171473795,-1.348360152,1.350793209
0.25345,0.149090868,-0.149976376,1.112456775,-1.111228659,-1.260187355,1.262565323
0.2535,0.125249226,-0.126143516,1.059426756,-1.058160217,-1.183326752,1.185652963
0.25355,0.104140016,-0.105041011,1.014315024,-1.013011914,-1.1171153,1.119392665
0.2536,0.084533398,-0.085439255,0.977701814,-0.976363692,-1.060903569,1.06313459
0.25365,0.065516064,-0.066425139,0.949939632,-0.948567765,-1.014130908,1.016317692
0.2537,0.046553154,-0.047463963,0.931141343,-0.929736691,-0.976375441,0.97851971
0.25375,0.027462764,-0.028373947,0.921218331,-0.919781546,-0.947366741,0.949469847
0.2538,0.008315348,-0.00922563,0.919954405,-0.918485827,-0.926959135,0.929022075
0.25385,-0.010718011,0.009837139,0.927100462,-0.925600115,-0.915066822,0.917090256
0.2539,-0.029483625,0.028606056,0.942425107,-0.940892691,-0.911621864,0.913606125
0.25395,-0.048026713,0.047153705,0.965809359,-0.964244254,-0.916464039,0.918409156
0.254,-0.066604092,0.065736968,0.99724065,-0.99564191,-0.929317895,0.931223604
0.25405,-0.085700655,0.084840835,1.036797939,-1.035164297,-0.949777492,0.951643254
0.2541,-0.105970459,0.105119487,1.084614188,-1.082944053,-0.97732164,0.979146655
0.25415,-0.128147436,0.127307005,1.140827872,-1.139119336,-1.01135477,1.013137996
0.2542,-0.152949772,0.152121754,1.205539144,-1.203789981,-1.051258716,1.052998882
0.25425,-0.181001599,0.180188065,1.278780335,-1.276988005,-1.096441527,1.098137148
0.2543,-0.212786955,0.211990205,1.360504752,-1.358666406,-1.146372301,1.148021696
0.25435,-0.248640112,0.247862693,1.450592198,-1.448704682,-1.200596383,1.202197692
0.2544,-0.288766632,0.288011363,1.548865862,-1.546925722,-1.258731196,1.260282392
0.25445,-0.333283387,0.332553383,1.655113797,-1.653117285,-1.3204477,1.321946612
0.2545,-0.382263973,0.38156266,1.769108919,-1.767051997,-1.38544498,1.386889302
0.25455,-0.435778015,0.435109152,1.890623509,-1.888501859,-1.453425444,1.454812757
0.2546,-0.493917214,0.493284909,2.019436723,-2.017245755,-1.524076285,1.525404069
0.25465,-0.556805981,0.556214703,2.155335728,-2.153070582,-1.597059988,1.598325638
0.2547,-0.624598575,0.624053167,2.298112411,-2.295767973,-1.6720139,1.673214742
0.25475,-0.69746721,0.6969729,2.447558053,-2.445128958,-1.7485568,1.749690102
0.2548,-0.745303048,0.744864921,2.512211659,-2.509734496,-1.771963702,1.773027033
0.25485,-0.75893199,0.758552251,2.473759613,-2.471287921,-1.713272492,1.714267477
0.2549,-0.776681438,0.776361299,2.439634722,-2.437168489,-1.66147147,1.66240038
0.25495,-0.796700295,0.796441426,2.360376517,-2.357915731,-1.555604838,1.556444294
0.255,-0.787556439,0.787357197,2.208425824,-2.205970473,-1.419446834,1.420170295
0.25505,-0.77351303,0.773372,2.070892863,-2.068442935,-1.295916564,1.296533972
0.2551,-0.757090275,0.7570061,1.946416893,-1.943972375,-1.187886284,1.1884066
0.25515,-0.739406405,0.739377847,1.835300172,-1.832861053,-1.094472866,1.094904106
0.2552,-0.722035584,0.722061567,1.737815541,-1.735381809,-1.01437546,1.014724738
0.25525,-0.706792671,0.70687232,1.654166079,-1.651737721,-0.945982618,0.946256191
0.2553,-0.695492005,0.695624687,1.584438787,-1.582015793,-0.887567287,0.887770601
0.25535,-0.689713544,0.689898903,1.528585121,-1.526167477,-0.837501208,0.837638942
0.2554,-0.690627847,0.690865847,1.486431024,-1.48401872,-0.794439965,0.794516085
0.25545,-0.698915768,0.699206731,1.457710476,-1.455303499,-0.757436835,0.75745464
0.2555,-0.714793975,0.715138626,1.442110272,-1.439708611,-0.72596205,0.725924231
0.25555,-0.738130829,0.738530334,1.439311902,-1.436915545,-0.699828792,0.699737491
0.2556,-0.768616341,0.76907235,1.449019009,-1.446627944,-0.679050697,0.678907565
0.25565,-0.805940384,0.806455064,1.470964764,-1.46857898,-0.663671021,0.663477276
0.2557,-0.84993677,0.850512842,1.504900291,-1.502519776,-0.653606983,0.653363471
0.25575,-0.900665007,0.901305774,1.550570824,-1.548195566,-0.64854418,0.648251428
0.2558,-0.958421142,0.959130511,1.607689028,-1.605319016,-0.647899059,0.647557331
0.25585,-1.023687957,1.024470463,1.675914378,-1.6735496,-0.650848106,0.650457451
0.2559,-1.097047695,1.097908514,1.754844312,-1.752484756,-0.656406278,0.655966582
0.25595,-1.17908492,1.180029885,1.84401845,-1.841664106,-0.663528361,0.663039391
0.256,-1.270303566,1.271339178,1.942933098,-1.940583953,-0.671206427,0.670667879
0.25605,-1.371073288,1.372206724,2.051060777,-2.04871682,-0.678543021,0.677954563
0.2561,-1.48160964,1.482848763,2.167869142,-2.165530362,-0.684789891,0.68415121
0.25615,-1.601983623,1.603336983,2.292835,-2.290501385,-0.689352467,0.68866331
0.2562,-1.732150625,1.733627465,2.425451428,-2.423122967,-0.691768046,0.69102826
0.25625,-1.808720776,1.8103001,2.509968566,-2.507645248,-0.693085587,0.692294802
0.2563,-1.84127292,1.842918676,2.511998966,-2.509680779,-0.669175288,0.668336182
0.25635,-1.878265535,1.879978886,2.52100326,-2.518690193,-0.641111391,0.640226265
0.2564,-1.866253056,1.868034997,2.446061015,-2.443793854,-0.58479832,0.58386989
0.25645,-1.7690784,1.770925755,2.275379427,-2.273206878,-0.504707303,0.503740379
0.2565,-1.678972268,1.680881162,2.113617291,-2.111532855,-0.433148563,0.432148384
0.25655,-1.594004704,1.595971499,1.964348608,-1.962346264,-0.368873696,0.367844982
0.2566,-1.513986455,1.516007755,1.827665035,-1.825739241,-0.312231532,0.311178533
0.25665,-1.438931766,1.441004426,1.703597061,-1.70174274,-0.263238537,0.262165072
0.2567,-1.369109398,1.371230536,1.592038395,-1.590250928,-0.221519945,0.220429443
0.25675,-1.305021687,1.307188688,1.492716874,-1.490992089,-0.186301527,0.185197061
0.2568,-1.247337403,1.249547928,1.405195507,-1.403529668,-0.156477761,0.155362082
0.25685,-1.196792856,1.19904485,1.328905664,-1.32729546,-0.130743922,0.129619495
0.2569,-1.154083093,1.156374785,1.263206556,-1.261649092,-0.107764369,0.106633401
0.25695,-1.119766938,1.122096851,1.207458069,-1.205950853,-0.086340327,0.085204806
0.257,-1.094205514,1.096572469,1.161090041,-1.159630973,-0.065540653,0.064402377
0.25705,-1.077544893,1.079948015,1.1236515,-1.122238858,-0.044768417,0.043629034
0.2571,-1.06974238,1.072181098,1.094828482,-1.093460908,-0.023752434,0.022613478
0.25715,-1.070628877,1.073102935,1.074423977,-1.073100463,-0.0024521,0.00134981
0.2572,-1.079972716,1.082482173,1.062322403,-1.061042275,0.018980838,-0.020106313
0.25725,-1.097559348,1.100104582,1.058421018,-1.057183922,0.040469125,-0.041589884
0.2573,-1.123245808,1.125827517,1.062563902,-1.061369783,0.062012529,-0.063127112
0.25735,-1.156975738,1.159594941,1.07450436,-1.073353451,0.083802996,-0.084909872
0.2574,-1.198777289,1.201435326,1.093880132,-1.092772936,0.106231004,-0.107328542
0.25745,-1.248734746,1.251433277,1.120220246,-1.119157521,0.129851909,-0.130938347
0.2575,-1.306949755,1.309690754,1.152973839,-1.151956581,0.155318334,-0.156391755
0.25755,-1.373502927,1.376288684,1.191552006,-1.190581433,0.183299933,-0.184358238
0.2576,-1.448424786,1.451257901,1.235371266,-1.234448806,0.214410865,-0.215451751
0.25765,-1.531680722,1.5345641,1.283888658,-1.283015929,0.24915965,-0.250180584
0.2577,-1.623170119,1.626106966,1.336622202,-1.335800998,0.287927842,-0.288926043
0.25775,-1.722736428,1.725730246,1.393155106,-1.39238738,0.330975889,-0.331948299
0.2578,-1.830183167,1.833237748,1.453126286,-1.452414134,0.378468612,-0.379411883
0.25785,-1.945290825,1.948410246,1.516212386,-1.515558033,0.430510091,-0.43142056
0.2579,-2.067830876,2.07101949,1.58210731,-1.581513093,0.487178143,-0.488051819
0.25795,-2.197574882,2.200837309,1.650504413,-1.649972765,0.548551234,-0.549383779
0.258,-2.334298416,2.33763954,1.721084622,-1.720618056,0.61472428,-0.615510999
0.25805,-2.477780825,2.481205782,1.793511623,-1.793112721,0.685813219,-0.686549044
0.2581,-2.53685154,2.540323044,1.81278913,-1.812460185,0.7322289,-0.732908916
0.25815,-2.493421637,2.496885473,1.749608278,-1.749347505,0.745352968,-0.745975037
0.2582,-2.454333228,2.457789414,1.693587801,-1.693392772,0.762345234,-0.762908211
0.25825,-2.42292582,2.426374372,1.64286973,-1.642738264,0.781650354,-0.782152996
0.2583,-2.346396121,2.349837057,1.538479006,-1.538434262,0.80288895,-0.803329557
0.25835,-2.197420431,2.200853767,1.404472141,-1.404540506,0.79450791,-0.794888108
0.2584,-2.062814619,2.066240372,1.283216991,-1.283388727,0.78106393,-0.781385112
0.25845,-1.941229488,1.944647675,1.177573385,-1.177839724,0.765100278,-0.765363767
0.2585,-1.832980411,1.836391049,1.086616736,-1.086969843,0.747788948,-0.747995933
0.25855,-1.738350144,1.741753249,1.00898038,-1.009413307,0.730779103,-0.730930603
0.2586,-1.657545748,1.660941338,0.942972877,-0.943479522,0.715968932,-0.716065753
0.25865,-1.590651183,1.594039274,0.886784819,-0.887359879,0.70525153,-0.705294229
0.2587,-1.537608417,1.540989024,0.8387146,-0.839353524,0.700270235,-0.700259082
0.25875,-1.498229325,1.501602467,0.797362624,-0.798061568,0.702236332,-0.702171268
0.2588,-1.472231753,1.475597445,0.761750904,-0.762506675,0.711845508,-0.71172611
0.25885,-1.459286798,1.462645057,0.731344197,-0.732154197,0.729304013,-0.729129449
0.2589,-1.459062685,1.462413527,0.705974183,-0.706836355,0.754448342,-0.754217332
0.25895,-1.471253428,1.47459687,0.685692151,-0.686604916,0.786921228,-0.786632003
0.259,-1.495586582,1.49892264,0.670591299,-0.671553497,0.826357079,-0.826007346
0.25905,-1.531811311,1.535140001,0.660643275,-0.66165411,0.872533509,-0.872120417
0.2591,-1.579673627,1.582994965,0.655584933,-0.656643913,0.925459817,-0.924979929
0.25915,-1.638888447,1.64220245,0.654874335,-0.655981221,0.985393036,-0.984842305
0.2592,-1.709117589,1.712424273,0.657715479,-0.658870234,1.052791199,-1.052164949
0.25925,-1.789959683,1.793259064,0.663134846,-0.664337587,1.128226703,-1.127519611
0.2593,-1.880953506,1.8842456,0.670083555,-0.671334504,1.212287479,-1.211493567
0.25935,-1.981592124,1.984876947,0.677537983,-0.678837427,1.305490521,-1.30460314
0.2594,-2.091342662,2.094620231,0.68457774,-0.685925983,1.408223673,-1.407235498
0.25945,-2.209665966,2.212936295,0.690429806,-0.691827124,1.520721155,-1.519624176
0.2595,-2.336031683,2.33929479,0.694478002,-0.695924605,1.643069174,-1.641854693
0.25955,-2.415065573,2.418321473,0.697197965,-0.698694311,1.712797126,-1.711485097
0.2596,-2.412661718,2.415910427,0.673715141,-0.67525856,1.740498542,-1.739123224
0.25965,-2.417401008,2.420642542,0.646018562,-0.647606768,1.772873222,-1.771433621
0.2597,-2.427512426,2.4307468,0.616295396,-0.61792622,1.812715756,-1.8112107
0.25975,-2.353843432,2.357031354,0.558925451,-0.560596316,1.803012972,-1.801441449
0.2598,-2.184691409,2.187785996,0.478662174,-0.48036841,1.707473593,-1.70583876
0.25985,-2.024721881,2.027729552,0.407898862,-0.409635361,1.618305864,-1.616611575
0.2599,-1.877558826,1.880485521,0.345418134,-0.347180301,1.533598025,-1.531847896
0.25995,-1.743289974,1.746141158,0.291442369,-0.293226072,1.453282643,-1.451480047
0.26,-1.621884792,1.624665464,0.245723378,-0.247524908,1.377576958,-1.375725012
0.26005,-1.513127227,1.515841931,0.207529827,-0.209345861,1.306995955,-1.305097514
0.2601,-1.416605856,1.41925869,0.175704109,-0.177531679,1.242285554,-1.240343203
0.26015,-1.33174178,1.334336405,0.14880146,-0.150637915,1.18431138,-1.18232743
0.2602,-1.257850614,1.260390268,0.125283677,-0.127126658,1.133927033,-1.131903514
0.26025,-1.194225983,1.196713485,0.103726173,-0.105573575,1.091850533,-1.089789187
0.2603,-1.140225554,1.142663323,0.082993242,-0.084843182,1.058575088,-1.056477364
0.26035,-1.095339137,1.097729199,0.062344018,-0.064194801,1.034331234,-1.032198283
0.2604,-1.059222527,1.06156653,0.041448817,-0.043298897,1.019104335,-1.016937007
0.26045,-1.031689594,1.033988824,0.020317748,-0.022165686,1.012698075,-1.010496909
0.2605,-1.012661149,1.014916543,-8.20E-04,-9.97E-04,1.014829347,-1.01259457
0.26055,-1.002112356,1.004324517,-0.021740561,0.019954568,1.025201543,-1.022933063
0.2606,-0.999972999,1.002142216,-0.042284331,0.040504415,1.043603258,-1.041300663
0.26065,-1.006066608,1.00819287,-0.062530091,0.060757643,1.069942328,-1.067604884
0.2607,-1.020083624,1.022166632,-0.082810421,0.081046905,1.104240464,-1.101867117
0.26075,-1.041573831,1.043613022,-0.103687532,0.10193452,1.146609766,-1.144199139
0.2608,-1.069975118,1.071969672,-0.125878099,0.124137292,1.197204893,-1.194755288
0.26085,-1.104662248,1.106611109,-0.150153159,0.14842642,1.256171765,-1.253681171
0.2609,-1.145002131,1.146904019,-0.177240503,0.175529877,1.323605221,-1.32107131
0.26095,-1.190401982,1.192255412,-0.207751131,0.206058869,1.399523629,-1.396943764
0.261,-1.240340659,1.242143957,-0.242141518,0.240470103,1.4838625,-1.481233738
0.26105,-1.294379239,1.296130554,-0.280712629,0.279064799,1.576484062,-1.573803159
0.2611,-1.352152582,1.353849905,-0.32363777,0.322016539,1.677196691,-1.674460105
0.26115,-1.413347836,1.414989019,-0.371006516,0.369415194,1.785777332,-1.782981233
0.2612,-1.477677625,1.47926039,-0.422871276,0.421313492,1.901991255,-1.899131528
0.26125,-1.54485514,1.546377102,-0.479285848,0.477765563,2.025605701,-2.022677953
0.2613,-1.614576253,1.616034932,-0.540329853,0.538851378,2.156396424,-2.153395994
0.26135,-1.686510892,1.687903727,-0.606117767,0.604685776,2.294148098,-2.291070064
0.2614,-1.760303294,1.761627658,-0.676794984,0.675414524,2.438650638,-2.435489823
0.26145,-1.780945705,1.782199264,-0.722778881,0.721454851,2.498686595,-2.495479558
0.2615,-1.719122721,1.720307217,-0.735449666,0.734184187,2.456143534,-2.45294358
0.26155,-1.664416075,1.665533895,-0.752036844,0.750831043,2.417949684,-2.414756797
0.2616,-1.555408441,1.556436297,-0.77082888,0.769684338,2.334322592,-2.331136758
0.26165,-1.415299376,1.416210984,-0.760567935,0.759482945,2.177302785,-2.174123987
0.2617,-1.287970628,1.288776236,-0.745222909,0.744195971,2.034668876,-2.031497098
0.26175,-1.176304082,1.177012936,-0.72731354,0.726343194,1.905069266,-1.901904494
0.2618,-1.079444932,1.080065311,-0.707939118,0.707024003,1.788815573,-1.78565779
0.26185,-0.996134696,0.996673957,-0.688645555,0.687784451,1.686194734,-1.683043925
0.2619,-0.924807879,0.925272499,-0.671221396,0.670413267,1.597429445,-1.594285595
0.26195,-0.863776434,0.864172059,-0.65746597,0.656710002,1.522630686,-1.519493779
0.262,-0.811436476,0.811767963,-0.648960522,0.648256163,1.461775552,-1.458645573
0.26205,-0.766450395,0.766721863,-0.646892876,0.646239877,1.414714039,-1.411590973
0.2621,-0.727862789,0.728077671,-0.651972333,0.651370789,1.381199876,-1.378083707
0.26215,-0.69512552,0.695286617,-0.664448105,0.663898497,1.360934013,-1.357824726
0.2622,-0.668030866,0.668140406,-0.684218433,0.683721672,1.353606899,-1.350504479
0.26225,-0.646575081,0.646634779,-0.710996253,0.710553719,1.358927701,-1.355832132
0.2623,-0.630790804,0.63080192,-0.744486527,0.744100108,1.376634046,-1.373545314
0.26235,-0.620591342,0.620554739,-0.784532498,0.784204625,1.406482557,-1.403400647
0.2624,-0.615662452,0.615578655,-0.831201288,0.830934965,1.448226232,-1.445151128
0.26245,-0.615421104,0.615290352,-0.884798549,0.884597379,1.501587849,-1.498519536
0.2625,-0.619041428,0.618863724,-0.94582104,0.945689246,1.566238487,-1.563176951
0.26255,-0.625531481,0.625306646,-1.014869686,1.014812127,1.641787358,-1.638732583
0.2626,-0.633834796,0.633562513,-1.092550973,1.092573163,1.727784737,-1.724736708
0.26265,-0.642929448,0.642609311,-1.179391533,1.179499652,1.82373562,-1.820694324
0.2627,-0.651903408,0.651534964,-1.275782057,1.275982959,1.929118984,-1.926084404
0.26275,-0.659995103,0.6595779,-1.381955841,1.382257066,2.043406894,-2.040379017
0.2628,-0.666598801,0.666132434,-1.497997869,1.498407649,2.166078972,-2.163057781
0.26285,-0.671242632,0.670726781,-1.623874362,1.624401622,2.296629957,-2.293615439
0.2629,-0.674669864,0.674103977,-1.696728009,1.697353282,2.37953777,-2.37652991
0.26295,-0.652199354,0.651586003,-1.726819873,1.727509385,2.380546254,-2.377545037
0.263,-0.625537354,0.62487873,-1.761484502,1.76223933,2.38862294,-2.385628352
0.26305,-0.570162494,0.569461198,-1.747445643,1.748266695,2.312592003,-2.309642632
0.2631,-0.490209009,0.489469812,-1.648595411,1.649479445,2.14037325,-2.137514895
0.26315,-0.41896454,0.418192646,-1.556712242,1.557655314,1.977149199,-1.974375312
0.2632,-0.355256321,0.354456398,-1.469817421,1.470815821,1.826520719,-1.823825235
0.26325,-0.299485039,0.298661275,-1.387693055,1.388743312,1.688602673,-1.685980009
0.2633,-0.251683374,0.250839516,-1.310352512,1.311451406,1.563440884,-1.560885925
0.26335,-0.21145025,0.210589642,-1.238093868,1.239238438,1.450932053,-1.448440146
0.2634,-0.177946299,0.177071919,-1.171473795,1.172661347,1.350793209,-1.348360152
0.26345,-0.149976376,0.149090868,-1.111228659,1.112456775,1.262565323,-1.260187355
0.2635,-0.126143516,0.125249226,-1.058160216,1.059426756,1.185652963,-1.183326752
0.26355,-0.105041011,0.104140016,-1.013011914,1.014315024,1.119392665,-1.1171153
0.2636,-0.085439255,0.084533398,-0.976363692,0.977701813,1.06313459,-1.060903569
0.26365,-0.066425139,0.065516064,-0.948567764,0.949939632,1.016317692,-1.014130908
0.2637,-0.047463963,0.046553154,-0.929736691,0.931141343,0.97851971,-0.976375441
0.26375,-0.028373947,0.027462764,-0.919781546,0.921218331,0.949469847,-0.947366741
0.2638,-0.00922563,0.008315348,-0.918485827,0.919954404,0.929022075,-0.926959134
0.26385,0.009837139,-0.010718011,-0.925600115,0.927100462,0.917090256,-0.915066822
0.2639,0.028606056,-0.029483625,-0.940892691,0.942425107,0.913606125,-0.911621864
0.26395,0.047153705,-0.048026713,-0.964244254,0.965809359,0.918409156,-0.916464039
0.264,0.065736968,-0.066604092,-0.99564191,0.99724065,0.931223604,-0.929317895
0.26405,0.084840835,-0.085700655,-1.035164297,1.036797939,0.951643254,-0.949777492
0.2641,0.105119487,-0.105970459,-1.082944053,1.084614188,0.979146655,-0.97732164
0.26415,0.127307005,-0.128147436,-1.139119336,1.140827872,1.013137996,-1.01135477
0.2642,0.152121754,-0.152949772,-1.203789981,1.205539144,1.052998882,-1.051258716
0.26425,0.180188065,-0.181001599,-1.276988005,1.278780335,1.098137148,-1.096441527
0.2643,0.211990205,-0.212786955,-1.358666406,1.360504752,1.148021696,-1.146372301
0.26435,0.247862693,-0.248640112,-1.448704682,1.450592198,1.202197692,-1.200596383
0.2644,0.288011364,-0.288766632,-1.546925722,1.548865862,1.260282392,-1.258731196
0.26445,0.332553383,-0.333283387,-1.653117285,1.655113797,1.321946612,-1.3204477
0.2645,0.381562661,-0.382263973,-1.767051997,1.769108919,1.386889302,-1.38544498
0.26455,0.435109152,-0.435778015,-1.88850186,1.890623509,1.454812757,-1.453425444
0.2646,0.49328491,-0.493917214,-2.017245755,2.019436724,1.525404069,-1.524076285
0.26465,0.556214703,-0.556805981,-2.153070582,2.155335728,1.598325638,-1.597059988
0.2647,0.624053168,-0.624598575,-2.295767973,2.298112412,1.673214742,-1.6720139
0.26475,0.6969729,-0.69746721,-2.445128959,2.447558053,1.749690103,-1.7485568
0.2648,0.744864921,-0.745303048,-2.509734496,2.512211659,1.773027033,-1.771963702
0.26485,0.758552252,-0.75893199,-2.471287921,2.473759613,1.714267477,-1.713272493
0.2649,0.776361299,-0.776681438,-2.43716849,2.439634722,1.66240038,-1.661471471
0.26495,0.796441426,-0.796700296,-2.357915731,2.360376517,1.556444294,-1.555604838
0.265,0.787357197,-0.787556439,-2.205970473,2.208425824,1.420170295,-1.419446834
0.26505,0.773372,-0.77351303,-2.068442935,2.070892863,1.296533972,-1.295916564
0.2651,0.7570061,-0.757090275,-1.943972375,1.946416893,1.188406601,-1.187886285
0.26515,0.739377848,-0.739406406,-1.832861053,1.835300172,1.094904106,-1.094472866
0.2652,0.722061568,-0.722035585,-1.735381809,1.737815541,1.014724738,-1.01437546
0.26525,0.706872321,-0.706792671,-1.651737722,1.654166079,0.946256191,-0.945982618
0.2653,0.695624687,-0.695492006,-1.582015793,1.584438788,0.887770601,-0.887567287
0.26535,0.689898903,-0.689713545,-1.526167478,1.528585121,0.837638943,-0.837501208
0.2654,0.690865847,-0.690627848,-1.484018721,1.486431025,0.794516085,-0.794439966
0.26545,0.699206732,-0.698915769,-1.4553035,1.457710476,0.75745464,-0.757436836
0.2655,0.715138627,-0.714793976,-1.439708611,1.442110272,0.725924231,-0.72596205
0.26555,0.738530334,-0.738130829,-1.436915545,1.439311902,0.699737492,-0.699828792
0.2656,0.76907235,-0.768616341,-1.446627945,1.44901901,0.678907565,-0.679050697
0.26565,0.806455064,-0.805940384,-1.468578981,1.470964765,0.663477276,-0.663671021
0.2657,0.850512843,-0.849936771,-1.502519776,1.504900292,0.653363471,-0.653606983
0.26575,0.901305774,-0.900665008,-1.548195566,1.550570824,0.648251429,-0.64854418
0.2658,0.959130512,-0.958421142,-1.605319016,1.607689029,0.647557331,-0.647899059
0.26585,1.024470464,-1.023687958,-1.6735496,1.675914379,0.650457451,-0.650848106
0.2659,1.097908514,-1.097047695,-1.752484757,1.754844313,0.655966582,-0.656406278
0.26595,1.180029885,-1.17908492,-1.841664106,1.844018451,0.663039391,-0.663528361
0.266,1.271339179,-1.270303567,-1.940583954,1.942933099,0.670667879,-0.671206427
0.26605,1.372206725,-1.371073288,-2.04871682,2.051060777,0.677954564,-0.678543021
0.2661,1.482848763,-1.481609641,-2.165530363,2.167869143,0.68415121,-0.684789891
0.26615,1.603336984,-1.601983624,-2.290501385,2.292835,0.68866331,-0.689352467
0.2662,1.733627466,-1.732150625,-2.423122968,2.425451429,0.691028261,-0.691768046
0.26625,1.8103001,-1.808720777,-2.507645248,2.509968567,0.692294802,-0.693085587
0.2663,1.842918677,-1.841272921,-2.509680779,2.511998966,0.668336182,-0.669175288
0.26635,1.879978886,-1.878265535,-2.518690194,2.52100326,0.640226265,-0.641111391
0.2664,1.868034997,-1.866253057,-2.443793855,2.446061016,0.583869891,-0.58479832
0.26645,1.770925756,-1.769078401,-2.273206879,2.275379428,0.503740379,-0.504707304
0.2665,1.680881162,-1.678972268,-2.111532855,2.113617291,0.432148384,-0.433148563
0.26655,1.595971499,-1.594004704,-1.962346265,1.964348608,0.367844982,-0.368873696
0.2666,1.516007756,-1.513986456,-1.825739242,1.827665036,0.311178533,-0.312231532
0.26665,1.441004427,-1.438931767,-1.701742741,1.703597062,0.262165072,-0.263238537
0.2667,1.371230537,-1.369109399,-1.590250929,1.592038395,0.220429444,-0.221519945
0.26675,1.307188688,-1.305021688,-1.49099209,1.492716875,0.185197061,-0.186301527
0.2668,1.249547929,-1.247337403,-1.403529668,1.405195508,0.155362082,-0.156477761
0.26685,1.199044851,-1.196792857,-1.327295461,1.328905665,0.129619495,-0.130743922
0.2669,1.156374786,-1.154083093,-1.261649092,1.263206557,0.106633401,-0.107764369
0.26695,1.122096852,-1.119766938,-1.205950854,1.20745807,0.085204806,-0.086340327
0.267,1.09657247,-1.094205514,-1.159630973,1.161090041,0.064402377,-0.065540653
0.26705,1.079948015,-1.077544894,-1.122238859,1.123651501,0.043629034,-0.044768417
0.2671,1.072181099,-1.069742381,-1.093460909,1.094828483,0.022613478,-0.023752434
0.26715,1.073102936,-1.070628877,-1.073100464,1.074423977,0.00134981,-0.0024521
0.2672,1.082482174,-1.079972717,-1.061042276,1.062322403,-0.020106313,0.018980838
0.26725,1.100104582,-1.097559349,-1.057183922,1.058421019,-0.041589885,0.040469125
0.2673,1.125827518,-1.123245809,-1.061369783,1.062563902,-0.063127112,0.062012529
0.26735,1.159594942,-1.156975739,-1.073353451,1.07450436,-0.084909872,0.083802996
0.2674,1.201435326,-1.198777289,-1.092772937,1.093880133,-0.107328542,0.106231004
0.26745,1.251433277,-1.248734747,-1.119157522,1.120220247,-0.130938347,0.129851909
0.2675,1.309690755,-1.306949756,-1.151956582,1.15297384,-0.156391755,0.155318335
0.26755,1.376288685,-1.373502927,-1.190581434,1.191552007,-0.184358238,0.183299933
0.2676,1.451257902,-1.448424787,-1.234448806,1.235371266,-0.215451751,0.214410865
0.26765,1.5345641,-1.531680723,-1.28301593,1.283888659,-0.250180584,0.24915965
0.2677,1.626106967,-1.62317012,-1.335800998,1.336622203,-0.288926043,0.287927842
0.26775,1.725730247,-1.722736429,-1.39238738,1.393155107,-0.331948299,0.330975889
0.2678,1.833237749,-1.830183167,-1.452414135,1.453126286,-0.379411883,0.378468612
0.26785,1.948410246,-1.945290825,-1.515558034,1.516212386,-0.43142056,0.430510092
0.2679,2.07101949,-2.067830877,-1.581513094,1.582107311,-0.488051819,0.487178144
0.26795,2.20083731,-2.197574883,-1.649972765,1.650504414,-0.549383779,0.548551234
0.268,2.337639541,-2.334298417,-1.720618056,1.721084622,-0.615510999,0.61472428
0.26805,2.481205783,-2.477780826,-1.793112722,1.793511623,-0.686549044,0.685813219
0.2681,2.540323044,-2.536851541,-1.812460186,1.812789131,-0.732908917,0.7322289
0.26815,2.496885474,-2.493421638,-1.749347505,1.749608278,-0.745975038,0.745352968
0.2682,2.457789415,-2.454333229,-1.693392772,1.693587802,-0.762908211,0.762345234
0.26825,2.426374373,-2.42292582,-1.642738265,1.642869731,-0.782152996,0.781650355
0.2683,2.349837058,-2.346396122,-1.538434263,1.538479006,-0.803329557,0.802888951
0.26835,2.200853768,-2.197420432,-1.404540507,1.404472142,-0.794888108,0.794507911
0.2684,2.066240373,-2.06281462,-1.283388728,1.283216991,-0.781385113,0.78106393
0.26845,1.944647676,-1.941229488,-1.177839725,1.177573385,-0.765363767,0.765100279
0.2685,1.83639105,-1.832980412,-1.086969843,1.086616736,-0.747995934,0.747788948
0.26855,1.74175325,-1.738350145,-1.009413308,1.00898038,-0.730930603,0.730779103
0.2686,1.660941338,-1.657545749,-0.943479523,0.942972878,-0.716065754,0.715968933
0.26865,1.594039274,-1.590651184,-0.887359879,0.88678482,-0.705294229,0.70525153
0.2687,1.540989025,-1.537608418,-0.839353525,0.8387146,-0.700259082,0.700270236
0.26875,1.501602468,-1.498229326,-0.798061568,0.797362624,-0.702171269,0.702236332
0.2688,1.475597445,-1.472231754,-0.762506675,0.761750904,-0.711726111,0.711845509
0.26885,1.462645058,-1.459286799,-0.732154197,0.731344197,-0.729129449,0.729304013
0.2689,1.462413528,-1.459062686,-0.706836356,0.705974184,-0.754217332,0.754448342
0.26895,1.47459687,-1.471253429,-0.686604916,0.685692151,-0.786632004,0.786921228
0.269,1.49892264,-1.495586583,-0.671553498,0.670591299,-0.826007347,0.82635708
0.26905,1.535140002,-1.531811312,-0.66165411,0.660643275,-0.872120418,0.87253351
0.2691,1.582994966,-1.579673628,-0.656643913,0.655584934,-0.92497993,0.925459818
0.26915,1.64220245,-1.638888447,-0.655981221,0.654874335,-0.984842305,0.985393037
0.2692,1.712424273,-1.709117589,-0.658870234,0.65771548,-1.052164949,1.0527912
0.26925,1.793259065,-1.789959684,-0.664337587,0.663134847,-1.127519612,1.128226703
0.2693,1.884245601,-1.880953507,-0.671334505,0.670083555,-1.211493568,1.21228748
0.26935,1.984876948,-1.981592125,-0.678837428,0.677537983,-1.304603141,1.305490521
0.2694,2.094620232,-2.091342663,-0.685925983,0.68457774,-1.407235498,1.408223673
0.26945,2.212936296,-2.209665966,-0.691827124,0.690429806,-1.519624176,1.520721156
0.2695,2.339294791,-2.336031684,-0.695924605,0.694478002,-1.641854694,1.643069174
0.26955,2.418321474,-2.415065574,-0.698694312,0.697197965,-1.711485097,1.712797126
0.2696,2.415910428,-2.412661719,-0.67525856,0.673715141,-1.739123224,1.740498543
0.26965,2.420642543,-2.417401009,-0.647606768,0.646018563,-1.771433622,1.772873223
0.2697,2.430746801,-2.427512426,-0.61792622,0.616295396,-1.811210701,1.812715757
0.26975,2.357031355,-2.353843432,-0.560596316,0.558925451,-1.80144145,1.803012973
0.2698,2.187785997,-2.18469141,-0.48036841,0.478662174,-1.705838761,1.707473594
0.26985,2.027729552,-2.024721881,-0.409635361,0.407898863,-1.616611576,1.618305864
0.2699,1.880485522,-1.877558827,-0.347180301,0.345418134,-1.531847897,1.533598025
0.26995,1.746141158,-1.743289974,-0.293226073,0.291442369,-1.451480047,1.453282643
0.27,1.624665465,-1.621884793,-0.247524908,0.245723378,-1.375725012,1.377576959
0.27005,1.515841932,-1.513127227,-0.209345861,0.207529827,-1.305097514,1.306995956
0.2701,1.41925869,-1.416605857,-0.177531679,0.175704109,-1.240343204,1.242285555
0.27015,1.334336406,-1.331741781,-0.150637915,0.14880146,-1.182327431,1.18431138
0.2702,1.260390268,-1.257850615,-0.127126658,0.125283677,-1.131903515,1.133927033
0.27025,1.196713486,-1.194225984,-0.105573575,0.103726173,-1.089789188,1.091850534
0.2703,1.142663323,-1.140225555,-0.084843182,0.082993242,-1.056477365,1.058575089
0.27035,1.097729199,-1.095339138,-0.064194801,0.062344018,-1.032198284,1.034331234
0.2704,1.061566531,-1.059222527,-0.043298897,0.041448817,-1.016937008,1.019104336
0.27045,1.033988825,-1.031689595,-0.022165686,0.020317748,-1.01049691,1.012698075
0.2705,1.014916543,-1.01266115,-9.97E-04,-8.20E-04,-1.01259457,1.014829348
0.27055,1.004324518,-1.002112356,0.019954568,-0.021740561,-1.022933064,1.025201544
0.2706,1.002142217,-0.999972999,0.040504415,-0.042284331,-1.041300664,1.043603259
0.27065,1.00819287,-1.006066609,0.060757643,-0.062530091,-1.067604885,1.069942328
0.2707,1.022166633,-1.020083624,0.081046905,-0.082810421,-1.101867118,1.104240465
0.27075,1.043613022,-1.041573832,0.10193452,-0.103687532,-1.144199139,1.146609767
0.2708,1.071969672,-1.069975119,0.124137292,-0.125878099,-1.194755289,1.197204893
0.27085,1.106611109,-1.104662249,0.14842642,-0.150153159,-1.253681171,1.256171766
0.2709,1.14690402,-1.145002132,0.175529877,-0.177240504,-1.321071311,1.323605222
0.27095,1.192255413,-1.190401982,0.206058869,-0.207751131,-1.396943765,1.39952363
0.271,1.242143957,-1.24034066,0.240470103,-0.242141518,-1.481233738,1.4838625
0.27105,1.296130554,-1.294379239,0.279064799,-0.280712629,-1.573803159,1.576484063
0.2711,1.353849906,-1.352152582,0.322016539,-0.32363777,-1.674460106,1.677196691
0.27115,1.414989019,-1.413347837,0.369415194,-0.371006516,-1.782981234,1.785777332
0.2712,1.479260391,-1.477677625,0.421313492,-0.422871276,-1.899131529,1.901991256
0.27125,1.546377103,-1.54485514,0.477765563,-0.479285848,-2.022677954,2.025605701
0.2713,1.616034933,-1.614576254,0.538851378,-0.540329853,-2.153395994,2.156396424
0.27135,1.687903727,-1.686510892,0.604685776,-0.606117768,-2.291070064,2.294148099
0.2714,1.761627659,-1.760303294,0.675414524,-0.676794984,-2.435489823,2.438650638
0.27145,1.782199264,-1.780945706,0.721454851,-0.722778881,-2.495479559,2.498686596
0.2715,1.720307217,-1.719122722,0.734184187,-0.735449666,-2.45294358,2.456143534
0.27155,1.665533895,-1.664416076,0.750831043,-0.752036844,-2.414756798,2.417949684
0.2716,1.556436297,-1.555408442,0.769684338,-0.77082888,-2.331136758,2.334322593
0.27165,1.416210984,-1.415299376,0.759482945,-0.760567935,-2.174123988,2.177302786
0.2717,1.288776236,-1.287970628,0.744195971,-0.745222909,-2.031497099,2.034668876
0.27175,1.177012936,-1.176304083,0.726343194,-0.72731354,-1.901904494,1.905069267
0.2718,1.080065311,-1.079444933,0.707024003,-0.707939118,-1.785657791,1.788815574
0.27185,0.996673957,-0.996134696,0.687784452,-0.688645556,-1.683043926,1.686194735
0.2719,0.925272499,-0.924807879,0.670413267,-0.671221396,-1.594285596,1.597429446
0.27195,0.864172059,-0.863776434,0.656710002,-0.65746597,-1.519493779,1.522630686
0.272,0.811767963,-0.811436476,0.648256164,-0.648960523,-1.458645573,1.461775552
0.27205,0.766721864,-0.766450395,0.646239877,-0.646892876,-1.411590973,1.41471404
0.2721,0.728077671,-0.727862789,0.651370789,-0.651972333,-1.378083707,1.381199876
0.27215,0.695286617,-0.69512552,0.663898497,-0.664448105,-1.357824726,1.360934013
0.2722,0.668140406,-0.668030866,0.683721673,-0.684218433,-1.350504479,1.353606899
0.27225,0.646634779,-0.646575082,0.71055372,-0.710996253,-1.355832133,1.358927701
0.2723,0.63080192,-0.630790804,0.744100109,-0.744486527,-1.373545314,1.376634046
0.27235,0.620554739,-0.620591342,0.784204625,-0.784532498,-1.403400647,1.406482557
0.2724,0.615578655,-0.615662452,0.830934966,-0.831201288,-1.445151129,1.448226233
0.27245,0.615290352,-0.615421105,0.88459738,-0.884798549,-1.498519536,1.501587849
0.2725,0.618863725,-0.619041428,0.945689246,-0.945821041,-1.563176952,1.566238488
0.27255,0.625306647,-0.625531481,1.014812127,-1.014869687,-1.638732584,1.641787358
0.2726,0.633562514,-0.633834796,1.092573163,-1.092550973,-1.724736709,1.727784737
0.27265,0.642609311,-0.642929448,1.179499652,-1.179391534,-1.820694324,1.823735621
0.2727,0.651534964,-0.651903408,1.275982959,-1.275782057,-1.926084404,1.929118984
0.27275,0.6595779,-0.659995103,1.382257067,-1.381955841,-2.040379017,2.043406895
0.2728,0.666132434,-0.666598801,1.498407649,-1.49799787,-2.163057781,2.166078972
0.27285,0.670726781,-0.671242632,1.624401622,-1.623874362,-2.29361544,2.296629957
0.2729,0.674103977,-0.674669864,1.697353282,-1.696728009,-2.37652991,2.37953777
0.27295,0.651586003,-0.652199354,1.727509385,-1.726819873,-2.377545038,2.380546254
0.273,0.62487873,-0.625537354,1.76223933,-1.761484502,-2.385628352,2.38862294
0.27305,0.569461198,-0.570162494,1.748266695,-1.747445643,-2.309642632,2.312592004
0.2731,0.489469812,-0.490209009,1.649479445,-1.648595412,-2.137514895,2.14037325
0.27315,0.418192646,-0.41896454,1.557655314,-1.556712243,-1.974375312,1.977149199
0.2732,0.354456398,-0.355256321,1.470815821,-1.469817422,-1.823825235,1.826520719
0.27325,0.298661275,-0.299485039,1.388743312,-1.387693055,-1.685980009,1.688602673
0.2733,0.250839516,-0.251683374,1.311451406,-1.310352513,-1.560885926,1.563440884
0.27335,0.210589642,-0.21145025,1.239238438,-1.238093868,-1.448440146,1.450932053
0.2734,0.17707192,-0.177946299,1.172661347,-1.171473795,-1.348360152,1.350793209
0.27345,0.149090868,-0.149976376,1.112456775,-1.111228659,-1.260187355,1.262565323
0.2735,0.125249226,-0.126143516,1.059426756,-1.058160217,-1.183326752,1.185652963
0.27355,0.104140016,-0.105041011,1.014315024,-1.013011914,-1.1171153,1.119392665
0.2736,0.084533398,-0.085439255,0.977701814,-0.976363692,-1.060903569,1.06313459
0.27365,0.065516064,-0.066425139,0.949939632,-0.948567765,-1.014130908,1.016317692
0.2737,0.046553154,-0.047463963,0.931141343,-0.929736691,-0.976375441,0.97851971
0.27375,0.027462764,-0.028373947,0.921218331,-0.919781546,-0.947366741,0.949469847
0.2738,0.008315348,-0.00922563,0.919954405,-0.918485827,-0.926959135,0.929022075
0.27385,-0.010718011,0.009837139,0.927100462,-0.925600115,-0.915066822,0.917090256
0.2739,-0.029483625,0.028606056,0.942425107,-0.940892691,-0.911621864,0.913606125
0.27395,-0.048026713,0.047153705,0.965809359,-0.964244254,-0.916464039,0.918409156
0.274,-0.066604092,0.065736968,0.99724065,-0.99564191,-0.929317895,0.931223604
0.27405,-0.085700655,0.084840835,1.036797939,-1.035164297,-0.949777492,0.951643254
0.2741,-0.105970459,0.105119487,1.084614188,-1.082944053,-0.97732164,0.979146655
0.27415,-0.128147436,0.127307005,1.140827872,-1.139119336,-1.01135477,1.013137996
0.2742,-0.152949772,0.152121754,1.205539144,-1.203789981,-1.051258716,1.052998882
0.27425,-0.181001599,0.180188065,1.278780335,-1.276988005,-1.096441527,1.098137148
0.2743,-0.212786955,0.211990205,1.360504752,-1.358666406,-1.146372301,1.148021696
0.27435,-0.248640112,0.247862693,1.450592198,-1.448704682,-1.200596383,1.202197692
0.2744,-0.288766632,0.288011363,1.548865862,-1.546925722,-1.258731196,1.260282392
0.27445,-0.333283387,0.332553383,1.655113797,-1.653117285,-1.3204477,1.321946612
0.2745,-0.382263973,0.38156266,1.769108919,-1.767051997,-1.38544498,1.386889302
0.27455,-0.435778015,0.435109152,1.890623509,-1.888501859,-1.453425444,1.454812757
0.2746,-0.493917214,0.493284909,2.019436723,-2.017245755,-1.524076285,1.525404069
0.27465,-0.556805981,0.556214703,2.155335728,-2.153070582,-1.597059988,1.598325638
0.2747,-0.624598575,0.624053167,2.298112411,-2.295767973,-1.6720139,1.673214742
0.27475,-0.69746721,0.6969729,2.447558053,-2.445128958,-1.7485568,1.749690102
0.2748,-0.745303048,0.744864921,2.512211659,-2.509734496,-1.771963702,1.773027033
0.27485,-0.75893199,0.758552251,2.473759613,-2.471287921,-1.713272492,1.714267477
0.2749,-0.776681438,0.776361299,2.439634722,-2.437168489,-1.66147147,1.66240038
0.27495,-0.796700295,0.796441426,2.360376517,-2.357915731,-1.555604838,1.556444294
0.275,-0.787556439,0.787357197,2.208425824,-2.205970473,-1.419446834,1.420170295
0.27505,-0.77351303,0.773372,2.070892863,-2.068442935,-1.295916564,1.296533972
0.2751,-0.757090275,0.7570061,1.946416893,-1.943972375,-1.187886284,1.1884066
0.27515,-0.739406405,0.739377847,1.835300172,-1.832861053,-1.094472866,1.094904106
0.2752,-0.722035584,0.722061567,1.737815541,-1.735381809,-1.01437546,1.014724738
0.27525,-0.706792671,0.70687232,1.654166079,-1.651737721,-0.945982618,0.946256191
0.2753,-0.695492005,0.695624687,1.584438787,-1.582015793,-0.887567287,0.887770601
0.27535,-0.689713544,0.689898903,1.528585121,-1.526167477,-0.837501208,0.837638942
0.2754,-0.690627847,0.690865847,1.486431024,-1.48401872,-0.794439965,0.794516085
0.27545,-0.698915768,0.699206731,1.457710476,-1.455303499,-0.757436835,0.75745464
0.2755,-0.714793975,0.715138626,1.442110272,-1.439708611,-0.72596205,0.725924231
0.27555,-0.738130829,0.738530334,1.439311902,-1.436915545,-0.699828792,0.699737491
0.2756,-0.768616341,0.76907235,1.449019009,-1.446627944,-0.679050697,0.678907565
0.27565,-0.805940384,0.806455064,1.470964764,-1.46857898,-0.663671021,0.663477276
0.2757,-0.84993677,0.850512842,1.504900291,-1.502519776,-0.653606983,0.653363471
0.27575,-0.900665007,0.901305774,1.550570824,-1.548195566,-0.64854418,0.648251428
0.2758,-0.958421142,0.959130511,1.607689028,-1.605319016,-0.647899059,0.647557331
0.27585,-1.023687957,1.024470463,1.675914378,-1.6735496,-0.650848106,0.650457451
0.2759,-1.097047695,1.097908514,1.754844312,-1.752484756,-0.656406278,0.655966582
0.27595,-1.17908492,1.180029885,1.84401845,-1.841664106,-0.663528361,0.663039391
0.276,-1.270303566,1.271339178,1.942933098,-1.940583953,-0.671206427,0.670667879
0.27605,-1.371073288,1.372206724,2.051060777,-2.04871682,-0.678543021,0.677954563
0.2761,-1.48160964,1.482848763,2.167869142,-2.165530362,-0.684789891,0.68415121
0.27615,-1.601983623,1.603336983,2.292835,-2.290501385,-0.689352467,0.68866331
0.2762,-1.732150625,1.733627465,2.425451428,-2.423122967,-0.691768046,0.69102826
0.27625,-1.808720776,1.8103001,2.509968566,-2.507645248,-0.693085587,0.692294802
0.2763,-1.84127292,1.842918676,2.511998966,-2.509680779,-0.669175288,0.668336182
0.27635,-1.878265535,1.879978886,2.52100326,-2.518690193,-0.641111391,0.640226265
0.2764,-1.866253056,1.868034997,2.446061015,-2.443793854,-0.58479832,0.58386989
0.27645,-1.7690784,1.770925755,2.275379427,-2.273206878,-0.504707303,0.503740379
0.2765,-1.678972268,1.680881162,2.113617291,-2.111532855,-0.433148563,0.432148384
0.27655,-1.594004704,1.595971499,1.964348608,-1.962346264,-0.368873696,0.367844982
0.2766,-1.513986455,1.516007755,1.827665035,-1.825739241,-0.312231532,0.311178533
0.27665,-1.438931766,1.441004426,1.703597061,-1.70174274,-0.263238537,0.262165072
0.2767,-1.369109398,1.371230536,1.592038395,-1.590250928,-0.221519945,0.220429443
0.27675,-1.305021687,1.307188688,1.492716874,-1.490992089,-0.186301527,0.185197061
0.2768,-1.247337403,1.249547928,1.405195507,-1.403529668,-0.156477761,0.155362082
0.27685,-1.196792856,1.19904485,1.328905664,-1.32729546,-0.130743922,0.129619495
0.2769,-1.154083093,1.156374785,1.263206556,-1.261649092,-0.107764369,0.106633401
0.27695,-1.119766938,1.122096851,1.207458069,-1.205950853,-0.086340327,0.085204806
0.277,-1.094205514,1.096572469,1.161090041,-1.159630973,-0.065540653,0.064402377
0.27705,-1.077544893,1.079948015,1.1236515,-1.122238858,-0.044768417,0.043629034
0.2771,-1.06974238,1.072181098,1.094828482,-1.093460908,-0.023752434,0.022613478
0.27715,-1.070628877,1.073102935,1.074423977,-1.073100463,-0.0024521,0.00134981
0.2772,-1.079972716,1.082482173,1.062322403,-1.061042275,0.018980838,-0.020106313
0.27725,-1.097559348,1.100104582,1.058421018,-1.057183922,0.040469125,-0.041589884
0.2773,-1.123245808,1.125827517,1.062563902,-1.061369783,0.062012529,-0.063127112
0.27735,-1.156975738,1.159594941,1.07450436,-1.073353451,0.083802996,-0.084909872
0.2774,-1.198777289,1.201435326,1.093880132,-1.092772936,0.106231004,-0.107328542
0.27745,-1.248734746,1.251433277,1.120220246,-1.119157521,0.129851909,-0.130938347
0.2775,-1.306949755,1.309690754,1.152973839,-1.151956581,0.155318334,-0.156391755
0.27755,-1.373502927,1.376288684,1.191552006,-1.190581433,0.183299933,-0.184358238
0.2776,-1.448424786,1.451257901,1.235371266,-1.234448806,0.214410865,-0.215451751
0.27765,-1.531680722,1.5345641,1.283888658,-1.283015929,0.24915965,-0.250180584
0.2777,-1.623170119,1.626106966,1.336622202,-1.335800998,0.287927842,-0.288926043
0.27775,-1.722736428,1.725730246,1.393155106,-1.39238738,0.330975889,-0.331948299
0.2778,-1.830183167,1.833237748,1.453126286,-1.452414134,0.378468612,-0.379411883
0.27785,-1.945290825,1.948410246,1.516212386,-1.515558033,0.430510091,-0.43142056
0.2779,-2.067830876,2.07101949,1.58210731,-1.581513093,0.487178143,-0.488051819
0.27795,-2.197574882,2.200837309,1.650504413,-1.649972765,0.548551234,-0.549383779
0.278,-2.334298416,2.33763954,1.721084622,-1.720618056,0.61472428,-0.615510999
0.27805,-2.477780825,2.481205782,1.793511623,-1.793112721,0.685813219,-0.686549044
0.2781,-2.53685154,2.540323044,1.81278913,-1.812460185,0.7322289,-0.732908916
0.27815,-2.493421637,2.496885473,1.749608278,-1.749347505,0.745352968,-0.745975037
0.2782,-2.454333228,2.457789414,1.693587801,-1.693392772,0.762345234,-0.762908211
0.27825,-2.42292582,2.426374372,1.64286973,-1.642738264,0.781650354,-0.782152996
0.2783,-2.346396121,2.349837057,1.538479006,-1.538434262,0.80288895,-0.803329557
0.27835,-2.197420431,2.200853767,1.404472141,-1.404540506,0.79450791,-0.794888108
0.2784,-2.062814619,2.066240372,1.283216991,-1.283388727,0.78106393,-0.781385112
0.27845,-1.941229488,1.944647675,1.177573385,-1.177839724,0.765100278,-0.765363767
0.2785,-1.832980411,1.836391049,1.086616736,-1.086969843,0.747788948,-0.747995933
0.27855,-1.738350144,1.741753249,1.00898038,-1.009413307,0.730779103,-0.730930603
0.2786,-1.657545748,1.660941338,0.942972877,-0.943479522,0.715968932,-0.716065753
0.27865,-1.590651183,1.594039274,0.886784819,-0.887359879,0.70525153,-0.705294229
0.2787,-1.537608417,1.540989024,0.8387146,-0.839353524,0.700270235,-0.700259082
0.27875,-1.498229325,1.501602467,0.797362624,-0.798061568,0.702236332,-0.702171268
0.2788,-1.472231753,1.475597445,0.761750904,-0.762506675,0.711845508,-0.71172611
0.27885,-1.459286798,1.462645057,0.731344197,-0.732154197,0.729304013,-0.729129449
0.2789,-1.459062685,1.462413527,0.705974183,-0.706836355,0.754448342,-0.754217332
0.27895,-1.471253428,1.47459687,0.685692151,-0.686604916,0.786921228,-0.786632003
0.279,-1.495586582,1.49892264,0.670591299,-0.671553497,0.826357079,-0.826007346
0.27905,-1.531811311,1.535140001,0.660643275,-0.66165411,0.872533509,-0.872120417
0.2791,-1.579673627,1.582994965,0.655584933,-0.656643913,0.925459817,-0.924979929
0.27915,-1.638888447,1.64220245,0.654874335,-0.655981221,0.985393036,-0.984842305
0.2792,-1.709117589,1.712424273,0.657715479,-0.658870234,1.052791199,-1.052164949
0.27925,-1.789959683,1.793259064,0.663134846,-0.664337587,1.128226703,-1.127519611
0.2793,-1.880953506,1.8842456,0.670083555,-0.671334504,1.212287479,-1.211493567
0.27935,-1.981592124,1.984876947,0.677537983,-0.678837427,1.305490521,-1.30460314
0.2794,-2.091342662,2.094620231,0.68457774,-0.685925983,1.408223673,-1.407235498
0.27945,-2.209665966,2.212936295,0.690429806,-0.691827124,1.520721155,-1.519624176
0.2795,-2.336031683,2.33929479,0.694478002,-0.695924605,1.643069174,-1.641854693
0.27955,-2.415065573,2.418321473,0.697197965,-0.698694311,1.712797126,-1.711485097
0.2796,-2.412661718,2.415910427,0.673715141,-0.67525856,1.740498542,-1.739123224
0.27965,-2.417401008,2.420642542,0.646018562,-0.647606768,1.772873222,-1.771433621
0.2797,-2.427512426,2.4307468,0.616295396,-0.61792622,1.812715756,-1.8112107
0.27975,-2.353843432,2.357031354,0.558925451,-0.560596316,1.803012972,-1.801441449
0.2798,-2.184691409,2.187785996,0.478662174,-0.48036841,1.707473593,-1.70583876
0.27985,-2.024721881,2.027729552,0.407898862,-0.409635361,1.618305864,-1.616611575
0.2799,-1.877558826,1.880485521,0.345418134,-0.347180301,1.533598025,-1.531847896
0.27995,-1.743289974,1.746141158,0.291442369,-0.293226072,1.453282643,-1.451480047
0.28,-1.621884792,1.624665464,0.245723378,-0.247524908,1.377576958,-1.375725012
0.28005,-1.513127227,1.515841931,0.207529827,-0.209345861,1.306995955,-1.305097514
0.2801,-1.416605856,1.41925869,0.175704109,-0.177531679,1.242285554,-1.240343203
0.28015,-1.33174178,1.334336405,0.14880146,-0.150637915,1.18431138,-1.18232743
0.2802,-1.257850614,1.260390268,0.125283677,-0.127126658,1.133927033,-1.131903514
0.28025,-1.194225983,1.196713485,0.103726173,-0.105573575,1.091850533,-1.089789187
0.2803,-1.140225554,1.142663323,0.082993242,-0.084843182,1.058575088,-1.056477364
0.28035,-1.095339137,1.097729199,0.062344018,-0.064194801,1.034331234,-1.032198283
0.2804,-1.059222527,1.06156653,0.041448817,-0.043298897,1.019104335,-1.016937007
0.28045,-1.031689594,1.033988824,0.020317748,-0.022165686,1.012698075,-1.010496909
0.2805,-1.012661149,1.014916543,-8.20E-04,-9.97E-04,1.014829347,-1.01259457
0.28055,-1.002112356,1.004324517,-0.021740561,0.019954568,1.025201543,-1.022933063
0.2806,-0.999972999,1.002142216,-0.042284331,0.040504415,1.043603258,-1.041300663
0.28065,-1.006066608,1.00819287,-0.062530091,0.060757643,1.069942328,-1.067604884
0.2807,-1.020083624,1.022166632,-0.082810421,0.081046905,1.104240464,-1.101867117
0.28075,-1.041573831,1.043613022,-0.103687532,0.10193452,1.146609766,-1.144199139
0.2808,-1.069975118,1.071969672,-0.125878099,0.124137292,1.197204893,-1.194755288
0.28085,-1.104662248,1.106611109,-0.150153159,0.14842642,1.256171765,-1.253681171
0.2809,-1.145002131,1.146904019,-0.177240503,0.175529877,1.323605221,-1.32107131
0.28095,-1.190401982,1.192255412,-0.207751131,0.206058869,1.399523629,-1.396943764
0.281,-1.240340659,1.242143957,-0.242141518,0.240470103,1.4838625,-1.481233738
0.28105,-1.294379239,1.296130554,-0.280712629,0.279064799,1.576484062,-1.573803159
0.2811,-1.352152582,1.353849905,-0.32363777,0.322016539,1.677196691,-1.674460105
0.28115,-1.413347836,1.414989019,-0.371006516,0.369415194,1.785777332,-1.782981233
0.2812,-1.477677625,1.47926039,-0.422871276,0.421313492,1.901991255,-1.899131528
0.28125,-1.54485514,1.546377102,-0.479285848,0.477765563,2.025605701,-2.022677953
0.2813,-1.614576253,1.616034932,-0.540329853,0.538851378,2.156396424,-2.153395994
0.28135,-1.686510892,1.687903727,-0.606117767,0.604685776,2.294148098,-2.291070064
0.2814,-1.760303294,1.761627658,-0.676794984,0.675414524,2.438650638,-2.435489823
0.28145,-1.780945705,1.782199264,-0.722778881,0.721454851,2.498686595,-2.495479558
0.2815,-1.719122721,1.720307217,-0.735449666,0.734184187,2.456143534,-2.45294358
0.28155,-1.664416075,1.665533895,-0.752036844,0.750831043,2.417949684,-2.414756797
0.2816,-1.555408441,1.556436297,-0.77082888,0.769684338,2.334322592,-2.331136758
0.28165,-1.415299376,1.416210984,-0.760567935,0.759482945,2.177302785,-2.174123987
0.2817,-1.287970628,1.288776236,-0.745222909,0.744195971,2.034668876,-2.031497098
0.28175,-1.176304082,1.177012936,-0.72731354,0.726343194,1.905069266,-1.901904494
0.2818,-1.079444932,1.080065311,-0.707939118,0.707024003,1.788815573,-1.78565779
0.28185,-0.996134696,0.996673957,-0.688645555,0.687784451,1.686194734,-1.683043925
0.2819,-0.924807879,0.925272499,-0.671221396,0.670413267,1.597429445,-1.594285595
0.28195,-0.863776434,0.864172059,-0.65746597,0.656710002,1.522630686,-1.519493779
0.282,-0.811436476,0.811767963,-0.648960522,0.648256163,1.461775552,-1.458645573
0.28205,-0.766450395,0.766721863,-0.646892876,0.646239877,1.414714039,-1.411590973
0.2821,-0.727862789,0.728077671,-0.651972333,0.651370789,1.381199876,-1.378083707
0.28215,-0.69512552,0.695286617,-0.664448105,0.663898497,1.360934013,-1.357824726
0.2822,-0.668030866,0.668140406,-0.684218433,0.683721672,1.353606899,-1.350504479
0.28225,-0.646575081,0.646634779,-0.710996253,0.710553719,1.358927701,-1.355832132
0.2823,-0.630790804,0.63080192,-0.744486527,0.744100108,1.376634046,-1.373545314
0.28235,-0.620591342,0.620554739,-0.784532498,0.784204625,1.406482557,-1.403400647
0.2824,-0.615662452,0.615578655,-0.831201288,0.830934965,1.448226232,-1.445151128
0.28245,-0.615421104,0.615290352,-0.884798549,0.884597379,1.501587849,-1.498519536
0.2825,-0.619041428,0.618863724,-0.94582104,0.945689246,1.566238487,-1.563176951
0.28255,-0.625531481,0.625306646,-1.014869686,1.014812127,1.641787358,-1.638732583
0.2826,-0.633834796,0.633562513,-1.092550973,1.092573163,1.727784737,-1.724736708
0.28265,-0.642929448,0.642609311,-1.179391533,1.179499652,1.82373562,-1.820694324
0.2827,-0.651903408,0.651534964,-1.275782057,1.275982959,1.929118984,-1.926084404
0.28275,-0.659995103,0.6595779,-1.381955841,1.382257066,2.043406894,-2.040379017
0.2828,-0.666598801,0.666132434,-1.497997869,1.498407649,2.166078972,-2.163057781
0.28285,-0.671242632,0.670726781,-1.623874362,1.624401622,2.296629957,-2.293615439
0.2829,-0.674669864,0.674103977,-1.696728009,1.697353282,2.37953777,-2.37652991
0.28295,-0.652199354,0.651586003,-1.726819873,1.727509385,2.380546254,-2.377545037
0.283,-0.625537354,0.62487873,-1.761484502,1.76223933,2.38862294,-2.385628352
0.28305,-0.570162494,0.569461198,-1.747445643,1.748266695,2.312592003,-2.309642632
0.2831,-0.490209009,0.489469812,-1.648595411,1.649479445,2.14037325,-2.137514895
0.28315,-0.41896454,0.418192646,-1.556712242,1.557655314,1.977149199,-1.974375312
0.2832,-0.355256321,0.354456398,-1.469817421,1.470815821,1.826520719,-1.823825235
0.28325,-0.299485039,0.298661275,-1.387693055,1.388743312,1.688602673,-1.685980009
0.2833,-0.251683374,0.250839516,-1.310352512,1.311451406,1.563440884,-1.560885925
0.28335,-0.21145025,0.210589642,-1.238093868,1.239238438,1.450932053,-1.448440146
0.2834,-0.177946299,0.177071919,-1.171473795,1.172661347,1.350793209,-1.348360152
0.28345,-0.149976376,0.149090868,-1.111228659,1.112456775,1.262565323,-1.260187355
0.2835,-0.126143516,0.125249226,-1.058160216,1.059426756,1.185652963,-1.183326752
0.28355,-0.105041011,0.104140016,-1.013011914,1.014315024,1.119392665,-1.1171153
0.2836,-0.085439255,0.084533398,-0.976363692,0.977701813,1.06313459,-1.060903569
0.28365,-0.066425139,0.065516064,-0.948567764,0.949939632,1.016317692,-1.014130908
0.2837,-0.047463963,0.046553154,-0.929736691,0.931141343,0.97851971,-0.976375441
0.28375,-0.028373947,0.027462764,-0.919781546,0.921218331,0.949469847,-0.947366741
0.2838,-0.00922563,0.008315348,-0.918485827,0.919954404,0.929022075,-0.926959134
0.28385,0.009837139,-0.010718011,-0.925600115,0.927100462,0.917090256,-0.915066822
0.2839,0.028606056,-0.029483625,-0.940892691,0.942425107,0.913606125,-0.911621864
0.28395,0.047153705,-0.048026713,-0.964244254,0.965809359,0.918409156,-0.916464039
0.284,0.065736968,-0.066604092,-0.99564191,0.99724065,0.931223604,-0.929317895
0.28405,0.084840835,-0.085700655,-1.035164297,1.036797939,0.951643254,-0.949777492
0.2841,0.105119487,-0.105970459,-1.082944053,1.084614188,0.979146655,-0.97732164
0.28415,0.127307005,-0.128147436,-1.139119336,1.140827872,1.013137996,-1.01135477
0.2842,0.152121754,-0.152949772,-1.203789981,1.205539144,1.052998882,-1.051258716
0.28425,0.180188065,-0.181001599,-1.276988005,1.278780335,1.098137148,-1.096441527
0.2843,0.211990205,-0.212786955,-1.358666406,1.360504752,1.148021696,-1.146372301
0.28435,0.247862693,-0.248640112,-1.448704682,1.450592198,1.202197692,-1.200596383
0.2844,0.288011364,-0.288766632,-1.546925722,1.548865862,1.260282392,-1.258731196
0.28445,0.332553383,-0.333283387,-1.653117285,1.655113797,1.321946612,-1.3204477
0.2845,0.381562661,-0.382263973,-1.767051997,1.769108919,1.386889302,-1.38544498
0.28455,0.435109152,-0.435778015,-1.88850186,1.890623509,1.454812757,-1.453425444
0.2846,0.49328491,-0.493917214,-2.017245755,2.019436724,1.525404069,-1.524076285
0.28465,0.556214703,-0.556805981,-2.153070582,2.155335728,1.598325638,-1.597059988
0.2847,0.624053168,-0.624598575,-2.295767973,2.298112412,1.673214742,-1.6720139
0.28475,0.6969729,-0.69746721,-2.445128959,2.447558053,1.749690103,-1.7485568
0.2848,0.744864921,-0.745303048,-2.509734496,2.512211659,1.773027033,-1.771963702
0.28485,0.758552252,-0.75893199,-2.471287921,2.473759613,1.714267477,-1.713272493
0.2849,0.776361299,-0.776681438,-2.43716849,2.439634722,1.66240038,-1.661471471
0.28495,0.796441426,-0.796700296,-2.357915731,2.360376517,1.556444294,-1.555604838
0.285,0.787357197,-0.787556439,-2.205970473,2.208425824,1.420170295,-1.419446834
0.28505,0.773372,-0.77351303,-2.068442935,2.070892863,1.296533972,-1.295916564
0.2851,0.7570061,-0.757090275,-1.943972375,1.946416893,1.188406601,-1.187886285
0.28515,0.739377848,-0.739406406,-1.832861053,1.835300172,1.094904106,-1.094472866
0.2852,0.722061568,-0.722035585,-1.735381809,1.737815541,1.014724738,-1.01437546
0.28525,0.706872321,-0.706792671,-1.651737722,1.654166079,0.946256191,-0.945982618
0.2853,0.695624687,-0.695492006,-1.582015793,1.584438788,0.887770601,-0.887567287
0.28535,0.689898903,-0.689713545,-1.526167478,1.528585121,0.837638943,-0.837501208
0.2854,0.690865847,-0.690627848,-1.484018721,1.486431025,0.794516085,-0.794439966
0.28545,0.699206732,-0.698915769,-1.4553035,1.457710476,0.75745464,-0.757436836
0.2855,0.715138627,-0.714793976,-1.439708611,1.442110272,0.725924231,-0.72596205
0.28555,0.738530334,-0.738130829,-1.436915545,1.439311902,0.699737492,-0.699828792
0.2856,0.76907235,-0.768616341,-1.446627945,1.44901901,0.678907565,-0.679050697
0.28565,0.806455064,-0.805940384,-1.468578981,1.470964765,0.663477276,-0.663671021
0.2857,0.850512843,-0.849936771,-1.502519776,1.504900292,0.653363471,-0.653606983
0.28575,0.901305774,-0.900665008,-1.548195566,1.550570824,0.648251429,-0.64854418
0.2858,0.959130512,-0.958421142,-1.605319016,1.607689029,0.647557331,-0.647899059
0.28585,1.024470464,-1.023687958,-1.6735496,1.675914379,0.650457451,-0.650848106
0.2859,1.097908514,-1.097047695,-1.752484757,1.754844313,0.655966582,-0.656406278
0.28595,1.180029885,-1.17908492,-1.841664106,1.844018451,0.663039391,-0.663528361
0.286,1.271339179,-1.270303567,-1.940583954,1.942933099,0.670667879,-0.671206427
0.28605,1.372206725,-1.371073288,-2.04871682,2.051060777,0.677954564,-0.678543021
0.2861,1.482848763,-1.481609641,-2.165530363,2.167869143,0.68415121,-0.684789891
0.28615,1.603336984,-1.601983624,-2.290501385,2.292835,0.68866331,-0.689352467
0.2862,1.733627466,-1.732150625,-2.423122968,2.425451429,0.691028261,-0.691768046
0.28625,1.8103001,-1.808720777,-2.507645248,2.509968567,0.692294802,-0.693085587
0.2863,1.842918677,-1.841272921,-2.509680779,2.511998966,0.668336182,-0.669175288
0.28635,1.879978886,-1.878265535,-2.518690194,2.52100326,0.640226265,-0.641111391
0.2864,1.868034997,-1.866253057,-2.443793855,2.446061016,0.583869891,-0.58479832
0.28645,1.770925756,-1.769078401,-2.273206879,2.275379428,0.503740379,-0.504707304
0.2865,1.680881162,-1.678972268,-2.111532855,2.113617291,0.432148384,-0.433148563
0.28655,1.595971499,-1.594004704,-1.962346265,1.964348608,0.367844982,-0.368873696
0.2866,1.516007756,-1.513986456,-1.825739242,1.827665036,0.311178533,-0.312231532
0.28665,1.441004427,-1.438931767,-1.701742741,1.703597062,0.262165072,-0.263238537
0.2867,1.371230537,-1.369109399,-1.590250929,1.592038395,0.220429444,-0.221519945
0.28675,1.307188688,-1.305021688,-1.49099209,1.492716875,0.185197061,-0.186301527
0.2868,1.249547929,-1.247337403,-1.403529668,1.405195508,0.155362082,-0.156477761
0.28685,1.199044851,-1.196792857,-1.327295461,1.328905665,0.129619495,-0.130743922
0.2869,1.156374786,-1.154083093,-1.261649092,1.263206557,0.106633401,-0.107764369
0.28695,1.122096852,-1.119766938,-1.205950854,1.20745807,0.085204806,-0.086340327
0.287,1.09657247,-1.094205514,-1.159630973,1.161090041,0.064402377,-0.065540653
0.28705,1.079948015,-1.077544894,-1.122238859,1.123651501,0.043629034,-0.044768417
0.2871,1.072181099,-1.069742381,-1.093460909,1.094828483,0.022613478,-0.023752434
0.28715,1.073102936,-1.070628877,-1.073100464,1.074423977,0.00134981,-0.0024521
0.2872,1.082482174,-1.079972717,-1.061042276,1.062322403,-0.020106313,0.018980838
0.28725,1.100104582,-1.097559349,-1.057183922,1.058421019,-0.041589885,0.040469125
0.2873,1.125827518,-1.123245809,-1.061369783,1.062563902,-0.063127112,0.062012529
0.28735,1.159594942,-1.156975739,-1.073353451,1.07450436,-0.084909872,0.083802996
0.2874,1.201435326,-1.198777289,-1.092772937,1.093880133,-0.107328542,0.106231004
0.28745,1.251433277,-1.248734747,-1.119157522,1.120220247,-0.130938347,0.129851909
0.2875,1.309690755,-1.306949756,-1.151956582,1.15297384,-0.156391755,0.155318335
0.28755,1.376288685,-1.373502927,-1.190581434,1.191552007,-0.184358238,0.183299933
0.2876,1.451257902,-1.448424787,-1.234448806,1.235371266,-0.215451751,0.214410865
0.28765,1.5345641,-1.531680723,-1.28301593,1.283888659,-0.250180584,0.24915965
0.2877,1.626106967,-1.62317012,-1.335800998,1.336622203,-0.288926043,0.287927842
0.28775,1.725730247,-1.722736429,-1.39238738,1.393155107,-0.331948299,0.330975889
0.2878,1.833237749,-1.830183167,-1.452414135,1.453126286,-0.379411883,0.378468612
0.28785,1.948410246,-1.945290825,-1.515558034,1.516212386,-0.43142056,0.430510092
0.2879,2.07101949,-2.067830877,-1.581513094,1.582107311,-0.488051819,0.487178144
0.28795,2.20083731,-2.197574883,-1.649972765,1.650504414,-0.549383779,0.548551234
0.288,2.337639541,-2.334298417,-1.720618056,1.721084622,-0.615510999,0.61472428
0.28805,2.481205783,-2.477780826,-1.793112722,1.793511623,-0.686549044,0.685813219
0.2881,2.540323044,-2.536851541,-1.812460186,1.812789131,-0.732908917,0.7322289
0.28815,2.496885474,-2.493421638,-1.749347505,1.749608278,-0.745975038,0.745352968
0.2882,2.457789415,-2.454333229,-1.693392772,1.693587802,-0.762908211,0.762345234
0.28825,2.426374373,-2.42292582,-1.642738265,1.642869731,-0.782152996,0.781650355
0.2883,2.349837058,-2.346396122,-1.538434263,1.538479006,-0.803329557,0.802888951
0.28835,2.200853768,-2.197420432,-1.404540507,1.404472142,-0.794888108,0.794507911
0.2884,2.066240373,-2.06281462,-1.283388728,1.283216991,-0.781385113,0.78106393
0.28845,1.944647676,-1.941229488,-1.177839725,1.177573385,-0.765363767,0.765100279
0.2885,1.83639105,-1.832980412,-1.086969843,1.086616736,-0.747995934,0.747788948
0.28855,1.74175325,-1.738350145,-1.009413308,1.00898038,-0.730930603,0.730779103
0.2886,1.660941338,-1.657545749,-0.943479523,0.942972878,-0.716065754,0.715968933
0.28865,1.594039274,-1.590651184,-0.887359879,0.88678482,-0.705294229,0.70525153
0.2887,1.540989025,-1.537608418,-0.839353525,0.8387146,-0.700259082,0.700270236
0.28875,1.501602468,-1.498229326,-0.798061568,0.797362624,-0.702171269,0.702236332
0.2888,1.475597445,-1.472231754,-0.762506675,0.761750904,-0.711726111,0.711845509
0.28885,1.462645058,-1.459286799,-0.732154197,0.731344197,-0.729129449,0.729304013
0.2889,1.462413528,-1.459062686,-0.706836356,0.705974184,-0.754217332,0.754448342
0.28895,1.47459687,-1.471253429,-0.686604916,0.685692151,-0.786632004,0.786921228
0.289,1.49892264,-1.495586583,-0.671553498,0.670591299,-0.826007347,0.82635708
0.28905,1.535140002,-1.531811312,-0.66165411,0.660643275,-0.872120418,0.87253351
0.2891,1.582994966,-1.579673628,-0.656643913,0.655584934,-0.92497993,0.925459818
0.28915,1.64220245,-1.638888447,-0.655981221,0.654874335,-0.984842305,0.985393037
0.2892,1.712424273,-1.709117589,-0.658870234,0.65771548,-1.052164949,1.0527912
0.28925,1.793259065,-1.789959684,-0.664337587,0.663134847,-1.127519612,1.128226703
0.2893,1.884245601,-1.880953507,-0.671334505,0.670083555,-1.211493568,1.21228748
0.28935,1.984876948,-1.981592125,-0.678837428,0.677537983,-1.304603141,1.305490521
0.2894,2.094620232,-2.091342663,-0.685925983,0.68457774,-1.407235498,1.408223673
0.28945,2.212936296,-2.209665966,-0.691827124,0.690429806,-1.519624176,1.520721156
0.2895,2.339294791,-2.336031684,-0.695924605,0.694478002,-1.641854694,1.643069174
0.28955,2.418321474,-2.415065574,-0.698694312,0.697197965,-1.711485097,1.712797126
0.2896,2.415910428,-2.412661719,-0.67525856,0.673715141,-1.739123224,1.740498543
0.28965,2.420642543,-2.417401009,-0.647606768,0.646018563,-1.771433622,1.772873223
0.2897,2.430746801,-2.427512426,-0.61792622,0.616295396,-1.811210701,1.812715757
0.28975,2.357031355,-2.353843432,-0.560596316,0.558925451,-1.80144145,1.803012973
0.2898,2.187785997,-2.18469141,-0.48036841,0.478662174,-1.705838761,1.707473594
0.28985,2.027729552,-2.024721881,-0.409635361,0.407898863,-1.616611576,1.618305864
0.2899,1.880485522,-1.877558827,-0.347180301,0.345418134,-1.531847897,1.533598025
0.28995,1.746141158,-1.743289974,-0.293226073,0.291442369,-1.451480047,1.453282643
0.29,1.624665465,-1.621884793,-0.247524908,0.245723378,-1.375725012,1.377576959
0.29005,1.515841932,-1.513127227,-0.209345861,0.207529827,-1.305097514,1.306995956
0.2901,1.41925869,-1.416605857,-0.177531679,0.175704109,-1.240343204,1.242285555
0.29015,1.334336406,-1.331741781,-0.150637915,0.14880146,-1.182327431,1.18431138
0.2902,1.260390268,-1.257850615,-0.127126658,0.125283677,-1.131903515,1.133927033
0.29025,1.196713486,-1.194225984,-0.105573575,0.103726173,-1.089789188,1.091850534
0.2903,1.142663323,-1.140225555,-0.084843182,0.082993242,-1.056477365,1.058575089
0.29035,1.097729199,-1.095339138,-0.064194801,0.062344018,-1.032198284,1.034331234
0.2904,1.061566531,-1.059222527,-0.043298897,0.041448817,-1.016937008,1.019104336
0.29045,1.033988825,-1.031689595,-0.022165686,0.020317748,-1.01049691,1.012698075
0.2905,1.014916543,-1.01266115,-9.97E-04,-8.20E-04,-1.01259457,1.014829348
0.29055,1.004324518,-1.002112356,0.019954568,-0.021740561,-1.022933064,1.025201544
0.2906,1.002142217,-0.999972999,0.040504415,-0.042284331,-1.041300664,1.043603259
0.29065,1.00819287,-1.006066609,0.060757643,-0.062530091,-1.067604885,1.069942328
0.2907,1.022166633,-1.020083624,0.081046905,-0.082810421,-1.101867118,1.104240465
0.29075,1.043613022,-1.041573832,0.10193452,-0.103687532,-1.144199139,1.146609767
0.2908,1.071969672,-1.069975119,0.124137292,-0.125878099,-1.194755289,1.197204893
0.29085,1.106611109,-1.104662249,0.14842642,-0.150153159,-1.253681171,1.256171766
0.2909,1.14690402,-1.145002132,0.175529877,-0.177240504,-1.321071311,1.323605222
0.29095,1.192255413,-1.190401982,0.206058869,-0.207751131,-1.396943765,1.39952363
0.291,1.242143957,-1.24034066,0.240470103,-0.242141518,-1.481233738,1.4838625
0.29105,1.296130554,-1.294379239,0.279064799,-0.280712629,-1.573803159,1.576484063
0.2911,1.353849906,-1.352152582,0.322016539,-0.32363777,-1.674460106,1.677196691
0.29115,1.414989019,-1.413347837,0.369415194,-0.371006516,-1.782981234,1.785777332
0.2912,1.479260391,-1.477677625,0.421313492,-0.422871276,-1.899131529,1.901991256
0.29125,1.546377103,-1.54485514,0.477765563,-0.479285848,-2.022677954,2.025605701
0.2913,1.616034933,-1.614576254,0.538851378,-0.540329853,-2.153395994,2.156396424
0.29135,1.687903727,-1.686510892,0.604685776,-0.606117768,-2.291070064,2.294148099
0.2914,1.761627659,-1.760303294,0.675414524,-0.676794984,-2.435489823,2.438650638
0.29145,1.782199264,-1.780945706,0.721454851,-0.722778881,-2.495479559,2.498686596
0.2915,1.720307217,-1.719122722,0.734184187,-0.735449666,-2.45294358,2.456143534
0.29155,1.665533895,-1.664416076,0.750831043,-0.752036844,-2.414756798,2.417949684
0.2916,1.556436297,-1.555408442,0.769684338,-0.77082888,-2.331136758,2.334322593
0.29165,1.416210984,-1.415299376,0.759482945,-0.760567935,-2.174123988,2.177302786
0.2917,1.288776236,-1.287970628,0.744195971,-0.745222909,-2.031497099,2.034668876
0.29175,1.177012936,-1.176304083,0.726343194,-0.72731354,-1.901904494,1.905069267
0.2918,1.080065311,-1.079444933,0.707024003,-0.707939118,-1.785657791,1.788815574
0.29185,0.996673957,-0.996134696,0.687784452,-0.688645556,-1.683043926,1.686194735
0.2919,0.925272499,-0.924807879,0.670413267,-0.671221396,-1.594285596,1.597429446
0.29195,0.864172059,-0.863776434,0.656710002,-0.65746597,-1.519493779,1.522630686
0.292,0.811767963,-0.811436476,0.648256164,-0.648960523,-1.458645573,1.461775552
0.29205,0.766721864,-0.766450395,0.646239877,-0.646892876,-1.411590973,1.41471404
0.2921,0.728077671,-0.727862789,0.651370789,-0.651972333,-1.378083707,1.381199876
0.29215,0.695286617,-0.69512552,0.663898497,-0.664448105,-1.357824726,1.360934013
0.2922,0.668140406,-0.668030866,0.683721673,-0.684218433,-1.350504479,1.353606899
0.29225,0.646634779,-0.646575082,0.71055372,-0.710996253,-1.355832133,1.358927701
0.2923,0.63080192,-0.630790804,0.744100109,-0.744486527,-1.373545314,1.376634046
0.29235,0.620554739,-0.620591342,0.784204625,-0.784532498,-1.403400647,1.406482557
0.2924,0.615578655,-0.615662452,0.830934966,-0.831201288,-1.445151129,1.448226233
0.29245,0.615290352,-0.615421105,0.88459738,-0.884798549,-1.498519536,1.501587849
0.2925,0.618863725,-0.619041428,0.945689246,-0.945821041,-1.563176952,1.566238488
0.29255,0.625306647,-0.625531481,1.014812127,-1.014869687,-1.638732584,1.641787358
0.2926,0.633562514,-0.633834796,1.092573163,-1.092550973,-1.724736709,1.727784737
0.29265,0.642609311,-0.642929448,1.179499652,-1.179391534,-1.820694324,1.823735621
0.2927,0.651534964,-0.651903408,1.275982959,-1.275782057,-1.926084404,1.929118984
0.29275,0.6595779,-0.659995103,1.382257067,-1.381955841,-2.040379017,2.043406895
0.2928,0.666132434,-0.666598801,1.498407649,-1.49799787,-2.163057781,2.166078972
0.29285,0.670726781,-0.671242632,1.624401622,-1.623874362,-2.29361544,2.296629957
0.2929,0.674103977,-0.674669864,1.697353282,-1.696728009,-2.37652991,2.37953777
0.29295,0.651586003,-0.652199354,1.727509385,-1.726819873,-2.377545038,2.380546254
0.293,0.62487873,-0.625537354,1.76223933,-1.761484502,-2.385628352,2.38862294
0.29305,0.569461198,-0.570162494,1.748266695,-1.747445643,-2.309642632,2.312592004
0.2931,0.489469812,-0.490209009,1.649479445,-1.648595412,-2.137514895,2.14037325
0.29315,0.418192646,-0.41896454,1.557655314,-1.556712243,-1.974375312,1.977149199
0.2932,0.354456398,-0.355256321,1.470815821,-1.469817422,-1.823825235,1.826520719
0.29325,0.298661275,-0.299485039,1.388743312,-1.387693055,-1.685980009,1.688602673
0.2933,0.250839516,-0.251683374,1.311451406,-1.310352513,-1.560885926,1.563440884
0.29335,0.210589642,-0.21145025,1.239238438,-1.238093868,-1.448440146,1.450932053
0.2934,0.17707192,-0.177946299,1.172661347,-1.171473795,-1.348360152,1.350793209
0.29345,0.149090868,-0.149976376,1.112456775,-1.111228659,-1.260187355,1.262565323
0.2935,0.125249226,-0.126143516,1.059426756,-1.058160217,-1.183326752,1.185652963
0.29355,0.104140016,-0.105041011,1.014315024,-1.013011914,-1.1171153,1.119392665
0.2936,0.084533398,-0.085439255,0.977701814,-0.976363692,-1.060903569,1.06313459
0.29365,0.065516064,-0.066425139,0.949939632,-0.948567765,-1.014130908,1.016317692
0.2937,0.046553154,-0.047463963,0.931141343,-0.929736691,-0.976375441,0.97851971
0.29375,0.027462764,-0.028373947,0.921218331,-0.919781546,-0.947366741,0.949469847
0.2938,0.008315348,-0.00922563,0.919954405,-0.918485827,-0.926959135,0.929022075
0.29385,-0.010718011,0.009837139,0.927100462,-0.925600115,-0.915066822,0.917090256
0.2939,-0.029483625,0.028606056,0.942425107,-0.940892691,-0.911621864,0.913606125
0.29395,-0.048026713,0.047153705,0.965809359,-0.964244254,-0.916464039,0.918409156
0.294,-0.066604092,0.065736968,0.99724065,-0.99564191,-0.929317895,0.931223604
0.29405,-0.085700655,0.084840835,1.036797939,-1.035164297,-0.949777492,0.951643254
0.2941,-0.105970459,0.105119487,1.084614188,-1.082944053,-0.97732164,0.979146655
0.29415,-0.128147436,0.127307005,1.140827872,-1.139119336,-1.01135477,1.013137996
0.2942,-0.152949772,0.152121754,1.205539144,-1.203789981,-1.051258716,1.052998882
0.29425,-0.181001599,0.180188065,1.278780335,-1.276988005,-1.096441527,1.098137148
0.2943,-0.212786955,0.211990205,1.360504752,-1.358666406,-1.146372301,1.148021696
0.29435,-0.248640112,0.247862693,1.450592198,-1.448704682,-1.200596383,1.202197692
0.2944,-0.288766632,0.288011363,1.548865862,-1.546925722,-1.258731196,1.260282392
0.29445,-0.333283387,0.332553383,1.655113797,-1.653117285,-1.3204477,1.321946612
0.2945,-0.382263973,0.38156266,1.769108919,-1.767051997,-1.38544498,1.386889302
0.29455,-0.435778015,0.435109152,1.890623509,-1.888501859,-1.453425444,1.454812757
0.2946,-0.493917214,0.493284909,2.019436723,-2.017245755,-1.524076285,1.525404069
0.29465,-0.556805981,0.556214703,2.155335728,-2.153070582,-1.597059988,1.598325638
0.2947,-0.624598575,0.624053167,2.298112411,-2.295767973,-1.6720139,1.673214742
0.29475,-0.69746721,0.6969729,2.447558053,-2.445128958,-1.7485568,1.749690102
0.2948,-0.745303048,0.744864921,2.512211659,-2.509734496,-1.771963702,1.773027033
0.29485,-0.75893199,0.758552251,2.473759613,-2.471287921,-1.713272492,1.714267477
0.2949,-0.776681438,0.776361299,2.439634722,-2.437168489,-1.66147147,1.66240038
0.29495,-0.796700295,0.796441426,2.360376517,-2.357915731,-1.555604838,1.556444294
0.295,-0.787556439,0.787357197,2.208425824,-2.205970473,-1.419446834,1.420170295
0.29505,-0.77351303,0.773372,2.070892863,-2.068442935,-1.295916564,1.296533972
0.2951,-0.757090275,0.7570061,1.946416893,-1.943972375,-1.187886284,1.1884066
0.29515,-0.739406405,0.739377847,1.835300172,-1.832861053,-1.094472866,1.094904106
0.2952,-0.722035584,0.722061567,1.737815541,-1.735381809,-1.01437546,1.014724738
0.29525,-0.706792671,0.70687232,1.654166079,-1.651737721,-0.945982618,0.946256191
0.2953,-0.695492005,0.695624687,1.584438787,-1.582015793,-0.887567287,0.887770601
0.29535,-0.689713544,0.689898903,1.528585121,-1.526167477,-0.837501208,0.837638942
0.2954,-0.690627847,0.690865847,1.486431024,-1.48401872,-0.794439965,0.794516085
0.29545,-0.698915768,0.699206731,1.457710476,-1.455303499,-0.757436835,0.75745464
0.2955,-0.714793975,0.715138626,1.442110272,-1.439708611,-0.72596205,0.725924231
0.29555,-0.738130829,0.738530334,1.439311902,-1.436915545,-0.699828792,0.699737491
0.2956,-0.768616341,0.76907235,1.449019009,-1.446627944,-0.679050697,0.678907565
0.29565,-0.805940384,0.806455064,1.470964764,-1.46857898,-0.663671021,0.663477276
0.2957,-0.84993677,0.850512842,1.504900291,-1.502519776,-0.653606983,0.653363471
0.29575,-0.900665007,0.901305774,1.550570824,-1.548195566,-0.64854418,0.648251428
0.2958,-0.958421142,0.959130511,1.607689028,-1.605319016,-0.647899059,0.647557331
0.29585,-1.023687957,1.024470463,1.675914378,-1.6735496,-0.650848106,0.650457451
0.2959,-1.097047695,1.097908514,1.754844312,-1.752484756,-0.656406278,0.655966582
0.29595,-1.17908492,1.180029885,1.84401845,-1.841664106,-0.663528361,0.663039391
0.296,-1.270303566,1.271339178,1.942933098,-1.940583953,-0.671206427,0.670667879
0.29605,-1.371073288,1.372206724,2.051060777,-2.04871682,-0.678543021,0.677954563
0.2961,-1.48160964,1.482848763,2.167869142,-2.165530362,-0.684789891,0.68415121
0.29615,-1.601983623,1.603336983,2.292835,-2.290501385,-0.689352467,0.68866331
0.2962,-1.732150625,1.733627465,2.425451428,-2.423122967,-0.691768046,0.69102826
0.29625,-1.808720776,1.8103001,2.509968566,-2.507645248,-0.693085587,0.692294802
0.2963,-1.84127292,1.842918676,2.511998966,-2.509680779,-0.669175288,0.668336182
0.29635,-1.878265535,1.879978886,2.52100326,-2.518690193,-0.641111391,0.640226265
0.2964,-1.866253056,1.868034997,2.446061015,-2.443793854,-0.58479832,0.58386989
0.29645,-1.7690784,1.770925755,2.275379427,-2.273206878,-0.504707303,0.503740379
0.2965,-1.678972268,1.680881162,2.113617291,-2.111532855,-0.433148563,0.432148384
0.29655,-1.594004704,1.595971499,1.964348608,-1.962346264,-0.368873696,0.367844982
0.2966,-1.513986455,1.516007755,1.827665035,-1.825739241,-0.312231532,0.311178533
0.29665,-1.438931766,1.441004426,1.703597061,-1.70174274,-0.263238537,0.262165072
0.2967,-1.369109398,1.371230536,1.592038395,-1.590250928,-0.221519945,0.220429443
0.29675,-1.305021687,1.307188688,1.492716874,-1.490992089,-0.186301527,0.185197061
0.2968,-1.247337403,1.249547928,1.405195507,-1.403529668,-0.156477761,0.155362082
0.29685,-1.196792856,1.19904485,1.328905664,-1.32729546,-0.130743922,0.129619495
0.2969,-1.154083093,1.156374785,1.263206556,-1.261649092,-0.107764369,0.106633401
0.29695,-1.119766938,1.122096851,1.207458069,-1.205950853,-0.086340327,0.085204806
0.297,-1.094205514,1.096572469,1.161090041,-1.159630973,-0.065540653,0.064402377
0.29705,-1.077544893,1.079948015,1.1236515,-1.122238858,-0.044768417,0.043629034
0.2971,-1.06974238,1.072181098,1.094828482,-1.093460908,-0.023752434,0.022613478
0.29715,-1.070628877,1.073102935,1.074423977,-1.073100463,-0.0024521,0.00134981
0.2972,-1.079972716,1.082482173,1.062322403,-1.061042275,0.018980838,-0.020106313
0.29725,-1.097559348,1.100104582,1.058421018,-1.057183922,0.040469125,-0.041589884
0.2973,-1.123245808,1.125827517,1.062563902,-1.061369783,0.062012529,-0.063127112
0.29735,-1.156975738,1.159594941,1.07450436,-1.073353451,0.083802996,-0.084909872
0.2974,-1.198777289,1.201435326,1.093880132,-1.092772936,0.106231004,-0.107328542
0.29745,-1.248734746,1.251433277,1.120220246,-1.119157521,0.129851909,-0.130938347
0.2975,-1.306949755,1.309690754,1.152973839,-1.151956581,0.155318334,-0.156391755
0.29755,-1.373502927,1.376288684,1.191552006,-1.190581433,0.183299933,-0.184358238
0.2976,-1.448424786,1.451257901,1.235371266,-1.234448806,0.214410865,-0.215451751
0.29765,-1.531680722,1.5345641,1.283888658,-1.283015929,0.24915965,-0.250180584
0.2977,-1.623170119,1.626106966,1.336622202,-1.335800998,0.287927842,-0.288926043
0.29775,-1.722736428,1.725730246,1.393155106,-1.39238738,0.330975889,-0.331948299
0.2978,-1.830183167,1.833237748,1.453126286,-1.452414134,0.378468612,-0.379411883
0.29785,-1.945290825,1.948410246,1.516212386,-1.515558033,0.430510091,-0.43142056
0.2979,-2.067830876,2.07101949,1.58210731,-1.581513093,0.487178143,-0.488051819
0.29795,-2.197574882,2.200837309,1.650504413,-1.649972765,0.548551234,-0.549383779
0.298,-2.334298416,2.33763954,1.721084622,-1.720618056,0.61472428,-0.615510999
0.29805,-2.477780825,2.481205782,1.793511623,-1.793112721,0.685813219,-0.686549044
0.2981,-2.53685154,2.540323044,1.81278913,-1.812460185,0.7322289,-0.732908916
0.29815,-2.493421637,2.496885473,1.749608278,-1.749347505,0.745352968,-0.745975037
0.2982,-2.454333228,2.457789414,1.693587801,-1.693392772,0.762345234,-0.762908211
0.29825,-2.42292582,2.426374372,1.64286973,-1.642738264,0.781650354,-0.782152996
0.2983,-2.346396121,2.349837057,1.538479006,-1.538434262,0.80288895,-0.803329557
0.29835,-2.197420431,2.200853767,1.404472141,-1.404540506,0.79450791,-0.794888108
0.2984,-2.062814619,2.066240372,1.283216991,-1.283388727,0.78106393,-0.781385112
0.29845,-1.941229488,1.944647675,1.177573385,-1.177839724,0.765100278,-0.765363767
0.2985,-1.832980411,1.836391049,1.086616736,-1.086969843,0.747788948,-0.747995933
0.29855,-1.738350144,1.741753249,1.00898038,-1.009413307,0.730779103,-0.730930603
0.2986,-1.657545748,1.660941338,0.942972877,-0.943479522,0.715968932,-0.716065753
0.29865,-1.590651183,1.594039274,0.886784819,-0.887359879,0.70525153,-0.705294229
0.2987,-1.537608417,1.540989024,0.8387146,-0.839353524,0.700270235,-0.700259082
0.29875,-1.498229325,1.501602467,0.797362624,-0.798061568,0.702236332,-0.702171268
0.2988,-1.472231753,1.475597445,0.761750904,-0.762506675,0.711845508,-0.71172611
0.29885,-1.459286798,1.462645057,0.731344197,-0.732154197,0.729304013,-0.729129449
0.2989,-1.459062685,1.462413527,0.705974183,-0.706836355,0.754448342,-0.754217332
0.29895,-1.471253428,1.47459687,0.685692151,-0.686604916,0.786921228,-0.786632003
0.299,-1.495586582,1.49892264,0.670591299,-0.671553497,0.826357079,-0.826007346
0.29905,-1.531811311,1.535140001,0.660643275,-0.66165411,0.872533509,-0.872120417
0.2991,-1.579673627,1.582994965,0.655584933,-0.656643913,0.925459817,-0.924979929
0.29915,-1.638888447,1.64220245,0.654874335,-0.655981221,0.985393036,-0.984842305
0.2992,-1.709117589,1.712424273,0.657715479,-0.658870234,1.052791199,-1.052164949
0.29925,-1.789959683,1.793259064,0.663134846,-0.664337587,1.128226703,-1.127519611
0.2993,-1.880953506,1.8842456,0.670083555,-0.671334504,1.212287479,-1.211493567
0.29935,-1.981592124,1.984876947,0.677537983,-0.678837427,1.305490521,-1.30460314
0.2994,-2.091342662,2.094620231,0.68457774,-0.685925983,1.408223673,-1.407235498
0.29945,-2.209665966,2.212936295,0.690429806,-0.691827124,1.520721155,-1.519624176
0.2995,-2.336031683,2.33929479,0.694478002,-0.695924605,1.643069174,-1.641854693
0.29955,-2.415065573,2.418321473,0.697197965,-0.698694311,1.712797126,-1.711485097
0.2996,-2.412661718,2.415910427,0.673715141,-0.67525856,1.740498542,-1.739123224
0.29965,-2.417401008,2.420642542,0.646018562,-0.647606768,1.772873222,-1.771433621
0.2997,-2.427512426,2.4307468,0.616295396,-0.61792622,1.812715756,-1.8112107
0.29975,-2.353843432,2.357031354,0.558925451,-0.560596316,1.803012972,-1.801441449
0.2998,-2.184691409,2.187785996,0.478662174,-0.48036841,1.707473593,-1.70583876
0.29985,-2.024721881,2.027729552,0.407898862,-0.409635361,1.618305864,-1.616611575
0.2999,-1.877558826,1.880485521,0.345418134,-0.347180301,1.533598025,-1.531847896
0.29995,-1.743289974,1.746141158,0.291442369,-0.293226072,1.453282643,-1.451480047
0.3,-1.621884792,1.624665464,0.245723378,-0.247524908,1.377576958,-1.375725012
0.30005,-1.513127227,1.515841931,0.207529827,-0.209345861,1.306995955,-1.305097514
0.3001,-1.416605856,1.41925869,0.175704109,-0.177531679,1.242285554,-1.240343203
0.30015,-1.33174178,1.334336405,0.14880146,-0.150637915,1.18431138,-1.18232743
0.3002,-1.257850614,1.260390268,0.125283677,-0.127126658,1.133927033,-1.131903514
0.30025,-1.194225983,1.196713485,0.103726173,-0.105573575,1.091850533,-1.089789187
0.3003,-1.140225554,1.142663323,0.082993242,-0.084843182,1.058575088,-1.056477364
0.30035,-1.095339137,1.097729199,0.062344018,-0.064194801,1.034331234,-1.032198283
0.3004,-1.059222527,1.06156653,0.041448817,-0.043298897,1.019104335,-1.016937007
0.30045,-1.031689594,1.033988824,0.020317748,-0.022165686,1.012698075,-1.010496909
0.3005,-1.012661149,1.014916543,-8.20E-04,-9.97E-04,1.014829347,-1.01259457
0.30055,-1.002112356,1.004324517,-0.021740561,0.019954568,1.025201543,-1.022933063
0.3006,-0.999972999,1.002142216,-0.042284331,0.040504415,1.043603258,-1.041300663
0.30065,-1.006066608,1.00819287,-0.062530091,0.060757643,1.069942328,-1.067604884
0.3007,-1.020083624,1.022166632,-0.082810421,0.081046905,1.104240464,-1.101867117
0.30075,-1.041573831,1.043613022,-0.103687532,0.10193452,1.146609766,-1.144199139
0.3008,-1.069975118,1.071969672,-0.125878099,0.124137292,1.197204893,-1.194755288
0.30085,-1.104662248,1.106611109,-0.150153159,0.14842642,1.256171765,-1.253681171
0.3009,-1.145002131,1.146904019,-0.177240503,0.175529877,1.323605221,-1.32107131
0.30095,-1.190401982,1.192255412,-0.207751131,0.206058869,1.399523629,-1.396943764
0.301,-1.240340659,1.242143957,-0.242141518,0.240470103,1.4838625,-1.481233738
0.30105,-1.294379239,1.296130554,-0.280712629,0.279064799,1.576484062,-1.573803159
0.3011,-1.352152582,1.353849905,-0.32363777,0.322016539,1.677196691,-1.674460105
0.30115,-1.413347836,1.414989019,-0.371006516,0.369415194,1.785777332,-1.782981233
0.3012,-1.477677625,1.47926039,-0.422871276,0.421313492,1.901991255,-1.899131528
0.30125,-1.54485514,1.546377102,-0.479285848,0.477765563,2.025605701,-2.022677953
0.3013,-1.614576253,1.616034932,-0.540329853,0.538851378,2.156396424,-2.153395994
0.30135,-1.686510892,1.687903727,-0.606117767,0.604685776,2.294148098,-2.291070064
0.3014,-1.760303294,1.761627658,-0.676794984,0.675414524,2.438650638,-2.435489823
0.30145,-1.780945705,1.782199264,-0.722778881,0.721454851,2.498686595,-2.495479558
0.3015,-1.719122721,1.720307217,-0.735449666,0.734184187,2.456143534,-2.45294358
0.30155,-1.664416075,1.665533895,-0.752036844,0.750831043,2.417949684,-2.414756797
0.3016,-1.555408441,1.556436297,-0.77082888,0.769684338,2.334322592,-2.331136758
0.30165,-1.415299376,1.416210984,-0.760567935,0.759482945,2.177302785,-2.174123987
0.3017,-1.287970628,1.288776236,-0.745222909,0.744195971,2.034668876,-2.031497098
0.30175,-1.176304082,1.177012936,-0.72731354,0.726343194,1.905069266,-1.901904494
0.3018,-1.079444932,1.080065311,-0.707939118,0.707024003,1.788815573,-1.78565779
0.30185,-0.996134696,0.996673957,-0.688645555,0.687784451,1.686194734,-1.683043925
0.3019,-0.924807879,0.925272499,-0.671221396,0.670413267,1.597429445,-1.594285595
0.30195,-0.863776434,0.864172059,-0.65746597,0.656710002,1.522630686,-1.519493779
0.302,-0.811436476,0.811767963,-0.648960522,0.648256163,1.461775552,-1.458645573
0.30205,-0.766450395,0.766721863,-0.646892876,0.646239877,1.414714039,-1.411590973
0.3021,-0.727862789,0.728077671,-0.651972333,0.651370789,1.381199876,-1.378083707
0.30215,-0.69512552,0.695286617,-0.664448105,0.663898497,1.360934013,-1.357824726
0.3022,-0.668030866,0.668140406,-0.684218433,0.683721672,1.353606899,-1.350504479
0.30225,-0.646575081,0.646634779,-0.710996253,0.710553719,1.358927701,-1.355832132
0.3023,-0.630790804,0.63080192,-0.744486527,0.744100108,1.376634046,-1.373545314
0.30235,-0.620591342,0.620554739,-0.784532498,0.784204625,1.406482557,-1.403400647
0.3024,-0.615662452,0.615578655,-0.831201288,0.830934965,1.448226232,-1.445151128
0.30245,-0.615421104,0.615290352,-0.884798549,0.884597379,1.501587849,-1.498519536
0.3025,-0.619041428,0.618863724,-0.94582104,0.945689246,1.566238487,-1.563176951
0.30255,-0.625531481,0.625306646,-1.014869686,1.014812127,1.641787358,-1.638732583
0.3026,-0.633834796,0.633562513,-1.092550973,1.092573163,1.727784737,-1.724736708
0.30265,-0.642929448,0.642609311,-1.179391533,1.179499652,1.82373562,-1.820694324
0.3027,-0.651903408,0.651534964,-1.275782057,1.275982959,1.929118984,-1.926084404
0.30275,-0.659995103,0.6595779,-1.381955841,1.382257066,2.043406894,-2.040379017
0.3028,-0.666598801,0.666132434,-1.497997869,1.498407649,2.166078972,-2.163057781
0.30285,-0.671242632,0.670726781,-1.623874362,1.624401622,2.296629957,-2.293615439
0.3029,-0.674669864,0.674103977,-1.696728009,1.697353282,2.37953777,-2.37652991
0.30295,-0.652199354,0.651586003,-1.726819873,1.727509385,2.380546254,-2.377545037
0.303,-0.625537354,0.62487873,-1.761484502,1.76223933,2.38862294,-2.385628352
0.30305,-0.570162494,0.569461198,-1.747445643,1.748266695,2.312592003,-2.309642632
0.3031,-0.490209009,0.489469812,-1.648595411,1.649479445,2.14037325,-2.137514895
0.30315,-0.41896454,0.418192646,-1.556712242,1.557655314,1.977149199,-1.974375312
0.3032,-0.355256321,0.354456398,-1.469817421,1.470815821,1.826520719,-1.823825235
0.30325,-0.299485039,0.298661275,-1.387693055,1.388743312,1.688602673,-1.685980009
0.3033,-0.251683374,0.250839516,-1.310352512,1.311451406,1.563440884,-1.560885925
0.30335,-0.21145025,0.210589642,-1.238093868,1.239238438,1.450932053,-1.448440146
0.3034,-0.177946299,0.177071919,-1.171473795,1.172661347,1.350793209,-1.348360152
0.30345,-0.149976376,0.149090868,-1.111228659,1.112456775,1.262565323,-1.260187355
0.3035,-0.126143516,0.125249226,-1.058160216,1.059426756,1.185652963,-1.183326752
0.30355,-0.105041011,0.104140016,-1.013011914,1.014315024,1.119392665,-1.1171153
0.3036,-0.085439255,0.084533398,-0.976363692,0.977701813,1.06313459,-1.060903569
0.30365,-0.066425139,0.065516064,-0.948567764,0.949939632,1.016317692,-1.014130908
0.3037,-0.047463963,0.046553154,-0.929736691,0.931141343,0.97851971,-0.976375441
0.30375,-0.028373947,0.027462764,-0.919781546,0.921218331,0.949469847,-0.947366741
0.3038,-0.00922563,0.008315348,-0.918485827,0.919954404,0.929022075,-0.926959134
0.30385,0.009837139,-0.010718011,-0.925600115,0.927100462,0.917090256,-0.915066822
0.3039,0.028606056,-0.029483625,-0.940892691,0.942425107,0.913606125,-0.911621864
0.30395,0.047153705,-0.048026713,-0.964244254,0.965809359,0.918409156,-0.916464039
0.304,0.065736968,-0.066604092,-0.99564191,0.99724065,0.931223604,-0.929317895
0.30405,0.084840835,-0.085700655,-1.035164297,1.036797939,0.951643254,-0.949777492
0.3041,0.105119487,-0.105970459,-1.082944053,1.084614188,0.979146655,-0.97732164
0.30415,0.127307005,-0.128147436,-1.139119336,1.140827872,1.013137996,-1.01135477
0.3042,0.152121754,-0.152949772,-1.203789981,1.205539144,1.052998882,-1.051258716
0.30425,0.180188065,-0.181001599,-1.276988005,1.278780335,1.098137148,-1.096441527
0.3043,0.211990205,-0.212786955,-1.358666406,1.360504752,1.148021696,-1.146372301
0.30435,0.247862693,-0.248640112,-1.448704682,1.450592198,1.202197692,-1.200596383
0.3044,0.288011364,-0.288766632,-1.546925722,1.548865862,1.260282392,-1.258731196
0.30445,0.332553383,-0.333283387,-1.653117285,1.655113797,1.321946612,-1.3204477
0.3045,0.381562661,-0.382263973,-1.767051997,1.769108919,1.386889302,-1.38544498
0.30455,0.435109152,-0.435778015,-1.88850186,1.890623509,1.454812757,-1.453425444
0.3046,0.49328491,-0.493917214,-2.017245755,2.019436724,1.525404069,-1.524076285
0.30465,0.556214703,-0.556805981,-2.153070582,2.155335728,1.598325638,-1.597059988
0.3047,0.624053168,-0.624598575,-2.295767973,2.298112412,1.673214742,-1.6720139
0.30475,0.6969729,-0.69746721,-2.445128959,2.447558053,1.749690103,-1.7485568
0.3048,0.744864921,-0.745303048,-2.509734496,2.512211659,1.773027033,-1.771963702
0.30485,0.758552252,-0.75893199,-2.471287921,2.473759613,1.714267477,-1.713272493
0.3049,0.776361299,-0.776681438,-2.43716849,2.439634722,1.66240038,-1.661471471
0.30495,0.796441426,-0.796700296,-2.357915731,2.360376517,1.556444294,-1.555604838
0.305,0.787357197,-0.787556439,-2.205970473,2.208425824,1.420170295,-1.419446834
0.30505,0.773372,-0.77351303,-2.068442935,2.070892863,1.296533972,-1.295916564
0.3051,0.7570061,-0.757090275,-1.943972375,1.946416893,1.188406601,-1.187886285
0.30515,0.739377848,-0.739406406,-1.832861053,1.835300172,1.094904106,-1.094472866
0.3052,0.722061568,-0.722035585,-1.735381809,1.737815541,1.014724738,-1.01437546
0.30525,0.706872321,-0.706792671,-1.651737722,1.654166079,0.946256191,-0.945982618
0.3053,0.695624687,-0.695492006,-1.582015793,1.584438788,0.887770601,-0.887567287
0.30535,0.689898903,-0.689713545,-1.526167478,1.528585121,0.837638943,-0.837501208
0.3054,0.690865847,-0.690627848,-1.484018721,1.486431025,0.794516085,-0.794439966
0.30545,0.699206732,-0.698915769,-1.4553035,1.457710476,0.75745464,-0.757436836
0.3055,0.715138627,-0.714793976,-1.439708611,1.442110272,0.725924231,-0.72596205
0.30555,0.738530334,-0.738130829,-1.436915545,1.439311902,0.699737492,-0.699828792
0.3056,0.76907235,-0.768616341,-1.446627945,1.44901901,0.678907565,-0.679050697
0.30565,0.806455064,-0.805940384,-1.468578981,1.470964765,0.663477276,-0.663671021
0.3057,0.850512843,-0.849936771,-1.502519776,1.504900292,0.653363471,-0.653606983
0.30575,0.901305774,-0.900665008,-1.548195566,1.550570824,0.648251429,-0.64854418
0.3058,0.959130512,-0.958421142,-1.605319016,1.607689029,0.647557331,-0.647899059
0.30585,1.024470464,-1.023687958,-1.6735496,1.675914379,0.650457451,-0.650848106
0.3059,1.097908514,-1.097047695,-1.752484757,1.754844313,0.655966582,-0.656406278
0.30595,1.180029885,-1.17908492,-1.841664106,1.844018451,0.663039391,-0.663528361
0.306,1.271339179,-1.270303567,-1.940583954,1.942933099,0.670667879,-0.671206427
0.30605,1.372206725,-1.371073288,-2.04871682,2.051060777,0.677954564,-0.678543021
0.3061,1.482848763,-1.481609641,-2.165530363,2.167869143,0.68415121,-0.684789891
0.30615,1.603336984,-1.601983624,-2.290501385,2.292835,0.68866331,-0.689352467
0.3062,1.733627466,-1.732150625,-2.423122968,2.425451429,0.691028261,-0.691768046
0.30625,1.8103001,-1.808720777,-2.507645248,2.509968567,0.692294802,-0.693085587
0.3063,1.842918677,-1.841272921,-2.509680779,2.511998966,0.668336182,-0.669175288
0.30635,1.879978886,-1.878265535,-2.518690194,2.52100326,0.640226265,-0.641111391
0.3064,1.868034997,-1.866253057,-2.443793855,2.446061016,0.583869891,-0.58479832
0.30645,1.770925756,-1.769078401,-2.273206879,2.275379428,0.503740379,-0.504707304
0.3065,1.680881162,-1.678972268,-2.111532855,2.113617291,0.432148384,-0.433148563
0.30655,1.595971499,-1.594004704,-1.962346265,1.964348608,0.367844982,-0.368873696
0.3066,1.516007756,-1.513986456,-1.825739242,1.827665036,0.311178533,-0.312231532
0.30665,1.441004427,-1.438931767,-1.701742741,1.703597062,0.262165072,-0.263238537
0.3067,1.371230537,-1.369109399,-1.590250929,1.592038395,0.220429444,-0.221519945
0.30675,1.307188688,-1.305021688,-1.49099209,1.492716875,0.185197061,-0.186301527
0.3068,1.249547929,-1.247337403,-1.403529668,1.405195508,0.155362082,-0.156477761
0.30685,1.199044851,-1.196792857,-1.327295461,1.328905665,0.129619495,-0.130743922
0.3069,1.156374786,-1.154083093,-1.261649092,1.263206557,0.106633401,-0.107764369
0.30695,1.122096852,-1.119766938,-1.205950854,1.20745807,0.085204806,-0.086340327
0.307,1.09657247,-1.094205514,-1.159630973,1.161090041,0.064402377,-0.065540653
0.30705,1.079948015,-1.077544894,-1.122238859,1.123651501,0.043629034,-0.044768417
0.3071,1.072181099,-1.069742381,-1.093460909,1.094828483,0.022613478,-0.023752434
0.30715,1.073102936,-1.070628877,-1.073100464,1.074423977,0.00134981,-0.0024521
0.3072,1.082482174,-1.079972717,-1.061042276,1.062322403,-0.020106313,0.018980838
0.30725,1.100104582,-1.097559349,-1.057183922,1.058421019,-0.041589885,0.040469125
0.3073,1.125827518,-1.123245809,-1.061369783,1.062563902,-0.063127112,0.062012529
0.30735,1.159594942,-1.156975739,-1.073353451,1.07450436,-0.084909872,0.083802996
0.3074,1.201435326,-1.198777289,-1.092772937,1.093880133,-0.107328542,0.106231004
0.30745,1.251433277,-1.248734747,-1.119157522,1.120220247,-0.130938347,0.129851909
0.3075,1.309690755,-1.306949756,-1.151956582,1.15297384,-0.156391755,0.155318335
0.30755,1.376288685,-1.373502927,-1.190581434,1.191552007,-0.184358238,0.183299933
0.3076,1.451257902,-1.448424787,-1.234448806,1.235371266,-0.215451751,0.214410865
0.30765,1.5345641,-1.531680723,-1.28301593,1.283888659,-0.250180584,0.24915965
0.3077,1.626106967,-1.62317012,-1.335800998,1.336622203,-0.288926043,0.287927842
0.30775,1.725730247,-1.722736429,-1.39238738,1.393155107,-0.331948299,0.330975889
0.3078,1.833237749,-1.830183167,-1.452414135,1.453126286,-0.379411883,0.378468612
0.30785,1.948410246,-1.945290825,-1.515558034,1.516212386,-0.43142056,0.430510092
0.3079,2.07101949,-2.067830877,-1.581513094,1.582107311,-0.488051819,0.487178144
0.30795,2.20083731,-2.197574883,-1.649972765,1.650504414,-0.549383779,0.548551234
0.308,2.337639541,-2.334298417,-1.720618056,1.721084622,-0.615510999,0.61472428
0.30805,2.481205783,-2.477780826,-1.793112722,1.793511623,-0.686549044,0.685813219
0.3081,2.540323044,-2.536851541,-1.812460186,1.812789131,-0.732908917,0.7322289
0.30815,2.496885474,-2.493421638,-1.749347505,1.749608278,-0.745975038,0.745352968
0.3082,2.457789415,-2.454333229,-1.693392772,1.693587802,-0.762908211,0.762345234
0.30825,2.426374373,-2.42292582,-1.642738265,1.642869731,-0.782152996,0.781650355
0.3083,2.349837058,-2.346396122,-1.538434263,1.538479006,-0.803329557,0.802888951
0.30835,2.200853768,-2.197420432,-1.404540507,1.404472142,-0.794888108,0.794507911
0.3084,2.066240373,-2.06281462,-1.283388728,1.283216991,-0.781385113,0.78106393
0.30845,1.944647676,-1.941229488,-1.177839725,1.177573385,-0.765363767,0.765100279
0.3085,1.83639105,-1.832980412,-1.086969843,1.086616736,-0.747995934,0.747788948
0.30855,1.74175325,-1.738350145,-1.009413308,1.00898038,-0.730930603,0.730779103
0.3086,1.660941338,-1.657545749,-0.943479523,0.942972878,-0.716065754,0.715968933
0.30865,1.594039274,-1.590651184,-0.887359879,0.88678482,-0.705294229,0.70525153
0.3087,1.540989025,-1.537608418,-0.839353525,0.8387146,-0.700259082,0.700270236
0.30875,1.501602468,-1.498229326,-0.798061568,0.797362624,-0.702171269,0.702236332
0.3088,1.475597445,-1.472231754,-0.762506675,0.761750904,-0.711726111,0.711845509
0.30885,1.462645058,-1.459286799,-0.732154197,0.731344197,-0.729129449,0.729304013
0.3089,1.462413528,-1.459062686,-0.706836356,0.705974184,-0.754217332,0.754448342
0.30895,1.47459687,-1.471253429,-0.686604916,0.685692151,-0.786632004,0.786921228
0.309,1.49892264,-1.495586583,-0.671553498,0.670591299,-0.826007347,0.82635708
0.30905,1.535140002,-1.531811312,-0.66165411,0.660643275,-0.872120418,0.87253351
0.3091,1.582994966,-1.579673628,-0.656643913,0.655584934,-0.92497993,0.925459818
0.30915,1.64220245,-1.638888447,-0.655981221,0.654874335,-0.984842305,0.985393037
0.3092,1.712424273,-1.709117589,-0.658870234,0.65771548,-1.052164949,1.0527912
0.30925,1.793259065,-1.789959684,-0.664337587,0.663134847,-1.127519612,1.128226703
0.3093,1.884245601,-1.880953507,-0.671334505,0.670083555,-1.211493568,1.21228748
0.30935,1.984876948,-1.981592125,-0.678837428,0.677537983,-1.304603141,1.305490521
0.3094,2.094620232,-2.091342663,-0.685925983,0.68457774,-1.407235498,1.408223673
0.30945,2.212936296,-2.209665966,-0.691827124,0.690429806,-1.519624176,1.520721156
0.3095,2.339294791,-2.336031684,-0.695924605,0.694478002,-1.641854694,1.643069174
0.30955,2.418321474,-2.415065574,-0.698694312,0.697197965,-1.711485097,1.712797126
0.3096,2.415910428,-2.412661719,-0.67525856,0.673715141,-1.739123224,1.740498543
0.30965,2.420642543,-2.417401009,-0.647606768,0.646018563,-1.771433622,1.772873223
0.3097,2.430746801,-2.427512426,-0.61792622,0.616295396,-1.811210701,1.812715757
0.30975,2.357031355,-2.353843432,-0.560596316,0.558925451,-1.80144145,1.803012973
0.3098,2.187785997,-2.18469141,-0.48036841,0.478662174,-1.705838761,1.707473594
0.30985,2.027729552,-2.024721881,-0.409635361,0.407898863,-1.616611576,1.618305864
0.3099,1.880485522,-1.877558827,-0.347180301,0.345418134,-1.531847897,1.533598025
0.30995,1.746141158,-1.743289974,-0.293226073,0.291442369,-1.451480047,1.453282643
0.31,1.624665465,-1.621884793,-0.247524908,0.245723378,-1.375725012,1.377576959
0.31005,1.515841932,-1.513127227,-0.209345861,0.207529827,-1.305097514,1.306995956
0.3101,1.41925869,-1.416605857,-0.177531679,0.175704109,-1.240343204,1.242285555
0.31015,1.334336406,-1.331741781,-0.150637915,0.14880146,-1.182327431,1.18431138
0.3102,1.260390268,-1.257850615,-0.127126658,0.125283677,-1.131903515,1.133927033
0.31025,1.196713486,-1.194225984,-0.105573575,0.103726173,-1.089789188,1.091850534
0.3103,1.142663323,-1.140225555,-0.084843182,0.082993242,-1.056477365,1.058575089
0.31035,1.097729199,-1.095339138,-0.064194801,0.062344018,-1.032198284,1.034331234
0.3104,1.061566531,-1.059222527,-0.043298897,0.041448817,-1.016937008,1.019104336
0.31045,1.033988825,-1.031689595,-0.022165686,0.020317748,-1.01049691,1.012698075
0.3105,1.014916543,-1.01266115,-9.97E-04,-8.20E-04,-1.01259457,1.014829348
0.31055,1.004324518,-1.002112356,0.019954568,-0.021740561,-1.022933064,1.025201544
0.3106,1.002142217,-0.999972999,0.040504415,-0.042284331,-1.041300664,1.043603259
0.31065,1.00819287,-1.006066609,0.060757643,-0.062530091,-1.067604885,1.069942328
0.3107,1.022166633,-1.020083624,0.081046905,-0.082810421,-1.101867118,1.104240465
0.31075,1.043613022,-1.041573832,0.10193452,-0.103687532,-1.144199139,1.146609767
0.3108,1.071969672,-1.069975119,0.124137292,-0.125878099,-1.194755289,1.197204893
0.31085,1.106611109,-1.104662249,0.14842642,-0.150153159,-1.253681171,1.256171766
0.3109,1.14690402,-1.145002132,0.175529877,-0.177240504,-1.321071311,1.323605222
0.31095,1.192255413,-1.190401982,0.206058869,-0.207751131,-1.396943765,1.39952363
0.311,1.242143957,-1.24034066,0.240470103,-0.242141518,-1.481233738,1.4838625
0.31105,1.296130554,-1.294379239,0.279064799,-0.280712629,-1.573803159,1.576484063
0.3111,1.353849906,-1.352152582,0.322016539,-0.32363777,-1.674460106,1.677196691
0.31115,1.414989019,-1.413347837,0.369415194,-0.371006516,-1.782981234,1.785777332
0.3112,1.479260391,-1.477677625,0.421313492,-0.422871276,-1.899131529,1.901991256
0.31125,1.546377103,-1.54485514,0.477765563,-0.479285848,-2.022677954,2.025605701
0.3113,1.616034933,-1.614576254,0.538851378,-0.540329853,-2.153395994,2.156396424
0.31135,1.687903727,-1.686510892,0.604685776,-0.606117768,-2.291070064,2.294148099
0.3114,1.761627659,-1.760303294,0.675414524,-0.676794984,-2.435489823,2.438650638
0.31145,1.782199264,-1.780945706,0.721454851,-0.722778881,-2.495479559,2.498686596
0.3115,1.720307217,-1.719122722,0.734184187,-0.735449666,-2.45294358,2.456143534
0.31155,1.665533895,-1.664416076,0.750831043,-0.752036844,-2.414756798,2.417949684
0.3116,1.556436297,-1.555408442,0.769684338,-0.77082888,-2.331136758,2.334322593
0.31165,1.416210984,-1.415299376,0.759482945,-0.760567935,-2.174123988,2.177302786
0.3117,1.288776236,-1.287970628,0.744195971,-0.745222909,-2.031497099,2.034668876
0.31175,1.177012936,-1.176304083,0.726343194,-0.72731354,-1.901904494,1.905069267
0.3118,1.080065311,-1.079444933,0.707024003,-0.707939118,-1.785657791,1.788815574
0.31185,0.996673957,-0.996134696,0.687784452,-0.688645556,-1.683043926,1.686194735
0.3119,0.925272499,-0.924807879,0.670413267,-0.671221396,-1.594285596,1.597429446
0.31195,0.864172059,-0.863776434,0.656710002,-0.65746597,-1.519493779,1.522630686
0.312,0.811767963,-0.811436476,0.648256164,-0.648960523,-1.458645573,1.461775552
0.31205,0.766721864,-0.766450395,0.646239877,-0.646892876,-1.411590973,1.41471404
0.3121,0.728077671,-0.727862789,0.651370789,-0.651972333,-1.378083707,1.381199876
0.31215,0.695286617,-0.69512552,0.663898497,-0.664448105,-1.357824726,1.360934013
0.3122,0.668140406,-0.668030866,0.683721673,-0.684218433,-1.350504479,1.353606899
0.31225,0.646634779,-0.646575082,0.71055372,-0.710996253,-1.355832133,1.358927701
0.3123,0.63080192,-0.630790804,0.744100109,-0.744486527,-1.373545314,1.376634046
0.31235,0.620554739,-0.620591342,0.784204625,-0.784532498,-1.403400647,1.406482557
0.3124,0.615578655,-0.615662452,0.830934966,-0.831201288,-1.445151129,1.448226233
0.31245,0.615290352,-0.615421105,0.88459738,-0.884798549,-1.498519536,1.501587849
0.3125,0.618863725,-0.619041428,0.945689246,-0.945821041,-1.563176952,1.566238488
0.31255,0.625306647,-0.625531481,1.014812127,-1.014869687,-1.638732584,1.641787358
0.3126,0.633562514,-0.633834796,1.092573163,-1.092550973,-1.724736709,1.727784737
0.31265,0.642609311,-0.642929448,1.179499652,-1.179391534,-1.820694324,1.823735621
0.3127,0.651534964,-0.651903408,1.275982959,-1.275782057,-1.926084404,1.929118984
0.31275,0.6595779,-0.659995103,1.382257067,-1.381955841,-2.040379017,2.043406895
0.3128,0.666132434,-0.666598801,1.498407649,-1.49799787,-2.163057781,2.166078972
0.31285,0.670726781,-0.671242632,1.624401622,-1.623874362,-2.29361544,2.296629957
0.3129,0.674103977,-0.674669864,1.697353282,-1.696728009,-2.37652991,2.37953777
0.31295,0.651586003,-0.652199354,1.727509385,-1.726819873,-2.377545038,2.380546254
0.313,0.62487873,-0.625537354,1.76223933,-1.761484502,-2.385628352,2.38862294
0.31305,0.569461198,-0.570162494,1.748266695,-1.747445643,-2.309642632,2.312592004
0.3131,0.489469812,-0.490209009,1.649479445,-1.648595412,-2.137514895,2.14037325
0.31315,0.418192646,-0.41896454,1.557655314,-1.556712243,-1.974375312,1.977149199
0.3132,0.354456398,-0.355256321,1.470815821,-1.469817422,-1.823825235,1.826520719
0.31325,0.298661275,-0.299485039,1.388743312,-1.387693055,-1.685980009,1.688602673
0.3133,0.250839516,-0.251683374,1.311451406,-1.310352513,-1.560885926,1.563440884
0.31335,0.210589642,-0.21145025,1.239238438,-1.238093868,-1.448440146,1.450932053
0.3134,0.17707192,-0.177946299,1.172661347,-1.171473795,-1.348360152,1.350793209
0.31345,0.149090868,-0.149976376,1.112456775,-1.111228659,-1.260187355,1.262565323
0.3135,0.125249226,-0.126143516,1.059426756,-1.058160217,-1.183326752,1.185652963
0.31355,0.104140016,-0.105041011,1.014315024,-1.013011914,-1.1171153,1.119392665
0.3136,0.084533398,-0.085439255,0.977701814,-0.976363692,-1.060903569,1.06313459
0.31365,0.065516064,-0.066425139,0.949939632,-0.948567765,-1.014130908,1.016317692
0.3137,0.046553154,-0.047463963,0.931141343,-0.929736691,-0.976375441,0.97851971
0.31375,0.027462764,-0.028373947,0.921218331,-0.919781546,-0.947366741,0.949469847
0.3138,0.008315348,-0.00922563,0.919954405,-0.918485827,-0.926959135,0.929022075
0.31385,-0.010718011,0.009837139,0.927100462,-0.925600115,-0.915066822,0.917090256
0.3139,-0.029483625,0.028606056,0.942425107,-0.940892691,-0.911621864,0.913606125
0.31395,-0.048026713,0.047153705,0.965809359,-0.964244254,-0.916464039,0.918409156
0.314,-0.066604092,0.065736968,0.99724065,-0.99564191,-0.929317895,0.931223604
0.31405,-0.085700655,0.084840835,1.036797939,-1.035164297,-0.949777492,0.951643254
0.3141,-0.105970459,0.105119487,1.084614188,-1.082944053,-0.97732164,0.979146655
0.31415,-0.128147436,0.127307005,1.140827872,-1.139119336,-1.01135477,1.013137996
0.3142,-0.152949772,0.152121754,1.205539144,-1.203789981,-1.051258716,1.052998882
0.31425,-0.181001599,0.180188065,1.278780335,-1.276988005,-1.096441527,1.098137148
0.3143,-0.212786955,0.211990205,1.360504752,-1.358666406,-1.146372301,1.148021696
0.31435,-0.248640112,0.247862693,1.450592198,-1.448704682,-1.200596383,1.202197692
0.3144,-0.288766632,0.288011363,1.548865862,-1.546925722,-1.258731196,1.260282392
0.31445,-0.333283387,0.332553383,1.655113797,-1.653117285,-1.3204477,1.321946612
0.3145,-0.382263973,0.38156266,1.769108919,-1.767051997,-1.38544498,1.386889302
0.31455,-0.435778015,0.435109152,1.890623509,-1.888501859,-1.453425444,1.454812757
0.3146,-0.493917214,0.493284909,2.019436723,-2.017245755,-1.524076285,1.525404069
0.31465,-0.556805981,0.556214703,2.155335728,-2.153070582,-1.597059988,1.598325638
0.3147,-0.624598575,0.624053167,2.298112411,-2.295767973,-1.6720139,1.673214742
0.31475,-0.69746721,0.6969729,2.447558053,-2.445128958,-1.7485568,1.749690102
0.3148,-0.745303048,0.744864921,2.512211659,-2.509734496,-1.771963702,1.773027033
0.31485,-0.75893199,0.758552251,2.473759613,-2.471287921,-1.713272492,1.714267477
0.3149,-0.776681438,0.776361299,2.439634722,-2.437168489,-1.66147147,1.66240038
0.31495,-0.796700295,0.796441426,2.360376517,-2.357915731,-1.555604838,1.556444294
0.315,-0.787556439,0.787357197,2.208425824,-2.205970473,-1.419446834,1.420170295
0.31505,-0.77351303,0.773372,2.070892863,-2.068442935,-1.295916564,1.296533972
0.3151,-0.757090275,0.7570061,1.946416893,-1.943972375,-1.187886284,1.1884066
0.31515,-0.739406405,0.739377847,1.835300172,-1.832861053,-1.094472866,1.094904106
0.3152,-0.722035584,0.722061567,1.737815541,-1.735381809,-1.01437546,1.014724738
0.31525,-0.706792671,0.70687232,1.654166079,-1.651737721,-0.945982618,0.946256191
0.3153,-0.695492005,0.695624687,1.584438787,-1.582015793,-0.887567287,0.887770601
0.31535,-0.689713544,0.689898903,1.528585121,-1.526167477,-0.837501208,0.837638942
0.3154,-0.690627847,0.690865847,1.486431024,-1.48401872,-0.794439965,0.794516085
0.31545,-0.698915768,0.699206731,1.457710476,-1.455303499,-0.757436835,0.75745464
0.3155,-0.714793975,0.715138626,1.442110272,-1.439708611,-0.72596205,0.725924231
0.31555,-0.738130829,0.738530334,1.439311902,-1.436915545,-0.699828792,0.699737491
0.3156,-0.768616341,0.76907235,1.449019009,-1.446627944,-0.679050697,0.678907565
0.31565,-0.805940384,0.806455064,1.470964764,-1.46857898,-0.663671021,0.663477276
0.3157,-0.84993677,0.850512842,1.504900291,-1.502519776,-0.653606983,0.653363471
0.31575,-0.900665007,0.901305774,1.550570824,-1.548195566,-0.64854418,0.648251428
0.3158,-0.958421142,0.959130511,1.607689028,-1.605319016,-0.647899059,0.647557331
0.31585,-1.023687957,1.024470463,1.675914378,-1.6735496,-0.650848106,0.650457451
0.3159,-1.097047695,1.097908514,1.754844312,-1.752484756,-0.656406278,0.655966582
0.31595,-1.17908492,1.180029885,1.84401845,-1.841664106,-0.663528361,0.663039391
0.316,-1.270303566,1.271339178,1.942933098,-1.940583953,-0.671206427,0.670667879
0.31605,-1.371073288,1.372206724,2.051060777,-2.04871682,-0.678543021,0.677954563
0.3161,-1.48160964,1.482848763,2.167869142,-2.165530362,-0.684789891,0.68415121
0.31615,-1.601983623,1.603336983,2.292835,-2.290501385,-0.689352467,0.68866331
0.3162,-1.732150625,1.733627465,2.425451428,-2.423122967,-0.691768046,0.69102826
0.31625,-1.808720776,1.8103001,2.509968566,-2.507645248,-0.693085587,0.692294802
0.3163,-1.84127292,1.842918676,2.511998966,-2.509680779,-0.669175288,0.668336182
0.31635,-1.878265535,1.879978886,2.52100326,-2.518690193,-0.641111391,0.640226265
0.3164,-1.866253056,1.868034997,2.446061015,-2.443793854,-0.58479832,0.58386989
0.31645,-1.7690784,1.770925755,2.275379427,-2.273206878,-0.504707303,0.503740379
0.3165,-1.678972268,1.680881162,2.113617291,-2.111532855,-0.433148563,0.432148384
0.31655,-1.594004704,1.595971499,1.964348608,-1.962346264,-0.368873696,0.367844982
0.3166,-1.513986455,1.516007755,1.827665035,-1.825739241,-0.312231532,0.311178533
0.31665,-1.438931766,1.441004426,1.703597061,-1.70174274,-0.263238537,0.262165072
0.3167,-1.369109398,1.371230536,1.592038395,-1.590250928,-0.221519945,0.220429443
0.31675,-1.305021687,1.307188688,1.492716874,-1.490992089,-0.186301527,0.185197061
0.3168,-1.247337403,1.249547928,1.405195507,-1.403529668,-0.156477761,0.155362082
0.31685,-1.196792856,1.19904485,1.328905664,-1.32729546,-0.130743922,0.129619495
0.3169,-1.154083093,1.156374785,1.263206556,-1.261649092,-0.107764369,0.106633401
0.31695,-1.119766938,1.122096851,1.207458069,-1.205950853,-0.086340327,0.085204806
0.317,-1.094205514,1.096572469,1.161090041,-1.159630973,-0.065540653,0.064402377
0.31705,-1.077544893,1.079948015,1.1236515,-1.122238858,-0.044768417,0.043629034
0.3171,-1.06974238,1.072181098,1.094828482,-1.093460908,-0.023752434,0.022613478
0.31715,-1.070628877,1.073102935,1.074423977,-1.073100463,-0.0024521,0.00134981
0.3172,-1.079972716,1.082482173,1.062322403,-1.061042275,0.018980838,-0.020106313
0.31725,-1.097559348,1.100104582,1.058421018,-1.057183922,0.040469125,-0.041589884
0.3173,-1.123245808,1.125827517,1.062563902,-1.061369783,0.062012529,-0.063127112
0.31735,-1.156975738,1.159594941,1.07450436,-1.073353451,0.083802996,-0.084909872
0.3174,-1.198777289,1.201435326,1.093880132,-1.092772936,0.106231004,-0.107328542
0.31745,-1.248734746,1.251433277,1.120220246,-1.119157521,0.129851909,-0.130938347
0.3175,-1.306949755,1.309690754,1.152973839,-1.151956581,0.155318334,-0.156391755
0.31755,-1.373502927,1.376288684,1.191552006,-1.190581433,0.183299933,-0.184358238
0.3176,-1.448424786,1.451257901,1.235371266,-1.234448806,0.214410865,-0.215451751
0.31765,-1.531680722,1.5345641,1.283888658,-1.283015929,0.24915965,-0.250180584
0.3177,-1.623170119,1.626106966,1.336622202,-1.335800998,0.287927842,-0.288926043
0.31775,-1.722736428,1.725730246,1.393155106,-1.39238738,0.330975889,-0.331948299
0.3178,-1.830183167,1.833237748,1.453126286,-1.452414134,0.378468612,-0.379411883
0.31785,-1.945290825,1.948410246,1.516212386,-1.515558033,0.430510091,-0.43142056
0.3179,-2.067830876,2.07101949,1.58210731,-1.581513093,0.487178143,-0.488051819
0.31795,-2.197574882,2.200837309,1.650504413,-1.649972765,0.548551234,-0.549383779
0.318,-2.334298416,2.33763954,1.721084622,-1.720618056,0.61472428,-0.615510999
0.31805,-2.477780825,2.481205782,1.793511623,-1.793112721,0.685813219,-0.686549044
0.3181,-2.53685154,2.540323044,1.81278913,-1.812460185,0.7322289,-0.732908916
0.31815,-2.493421637,2.496885473,1.749608278,-1.749347505,0.745352968,-0.745975037
0.3182,-2.454333228,2.457789414,1.693587801,-1.693392772,0.762345234,-0.762908211
0.31825,-2.42292582,2.426374372,1.64286973,-1.642738264,0.781650354,-0.782152996
0.3183,-2.346396121,2.349837057,1.538479006,-1.538434262,0.80288895,-0.803329557
0.31835,-2.197420431,2.200853767,1.404472141,-1.404540506,0.79450791,-0.794888108
0.3184,-2.062814619,2.066240372,1.283216991,-1.283388727,0.78106393,-0.781385112
0.31845,-1.941229488,1.944647675,1.177573385,-1.177839724,0.765100278,-0.765363767
0.3185,-1.832980411,1.836391049,1.086616736,-1.086969843,0.747788948,-0.747995933
0.31855,-1.738350144,1.741753249,1.00898038,-1.009413307,0.730779103,-0.730930603
0.3186,-1.657545748,1.660941338,0.942972877,-0.943479522,0.715968932,-0.716065753
0.31865,-1.590651183,1.594039274,0.886784819,-0.887359879,0.70525153,-0.705294229
0.3187,-1.537608417,1.540989024,0.8387146,-0.839353524,0.700270235,-0.700259082
0.31875,-1.498229325,1.501602467,0.797362624,-0.798061568,0.702236332,-0.702171268
0.3188,-1.472231753,1.475597445,0.761750904,-0.762506675,0.711845508,-0.71172611
0.31885,-1.459286798,1.462645057,0.731344197,-0.732154197,0.729304013,-0.729129449
0.3189,-1.459062685,1.462413527,0.705974183,-0.706836355,0.754448342,-0.754217332
0.31895,-1.471253428,1.47459687,0.685692151,-0.686604916,0.786921228,-0.786632003
0.319,-1.495586582,1.49892264,0.670591299,-0.671553497,0.826357079,-0.826007346
0.31905,-1.531811311,1.535140001,0.660643275,-0.66165411,0.872533509,-0.872120417
0.3191,-1.579673627,1.582994965,0.655584933,-0.656643913,0.925459817,-0.924979929
0.31915,-1.638888447,1.64220245,0.654874335,-0.655981221,0.985393036,-0.984842305
0.3192,-1.709117589,1.712424273,0.657715479,-0.658870234,1.052791199,-1.052164949
0.31925,-1.789959683,1.793259064,0.663134846,-0.664337587,1.128226703,-1.127519611
0.3193,-1.880953506,1.8842456,0.670083555,-0.671334504,1.212287479,-1.211493567
0.31935,-1.981592124,1.984876947,0.677537983,-0.678837427,1.305490521,-1.30460314
0.3194,-2.091342662,2.094620231,0.68457774,-0.685925983,1.408223673,-1.407235498
0.31945,-2.209665966,2.212936295,0.690429806,-0.691827124,1.520721155,-1.519624176
0.3195,-2.336031683,2.33929479,0.694478002,-0.695924605,1.643069174,-1.641854693
0.31955,-2.415065573,2.418321473,0.697197965,-0.698694311,1.712797126,-1.711485097
0.3196,-2.412661718,2.415910427,0.673715141,-0.67525856,1.740498542,-1.739123224
0.31965,-2.417401008,2.420642542,0.646018562,-0.647606768,1.772873222,-1.771433621
0.3197,-2.427512426,2.4307468,0.616295396,-0.61792622,1.812715756,-1.8112107
0.31975,-2.353843432,2.357031354,0.558925451,-0.560596316,1.803012972,-1.801441449
0.3198,-2.184691409,2.187785996,0.478662174,-0.48036841,1.707473593,-1.70583876
0.31985,-2.024721881,2.027729552,0.407898862,-0.409635361,1.618305864,-1.616611575
0.3199,-1.877558826,1.880485521,0.345418134,-0.347180301,1.533598025,-1.531847896
0.31995,-1.743289974,1.746141158,0.291442369,-0.293226072,1.453282643,-1.451480047
0.32,-1.621884792,1.624665464,0.245723378,-0.247524908,1.377576958,-1.375725012
0.32005,-1.513127227,1.515841931,0.207529827,-0.209345861,1.306995955,-1.305097514
0.3201,-1.416605856,1.41925869,0.175704109,-0.177531679,1.242285554,-1.240343203
0.32015,-1.33174178,1.334336405,0.14880146,-0.150637915,1.18431138,-1.18232743
0.3202,-1.257850614,1.260390268,0.125283677,-0.127126658,1.133927033,-1.131903514
0.32025,-1.194225983,1.196713485,0.103726173,-0.105573575,1.091850533,-1.089789187
0.3203,-1.140225554,1.142663323,0.082993242,-0.084843182,1.058575088,-1.056477364
0.32035,-1.095339137,1.097729199,0.062344018,-0.064194801,1.034331234,-1.032198283
0.3204,-1.059222527,1.06156653,0.041448817,-0.043298897,1.019104335,-1.016937007
0.32045,-1.031689594,1.033988824,0.020317748,-0.022165686,1.012698075,-1.010496909
0.3205,-1.012661149,1.014916543,-8.20E-04,-9.97E-04,1.014829347,-1.01259457
0.32055,-1.002112356,1.004324517,-0.021740561,0.019954568,1.025201543,-1.022933063
0.3206,-0.999972999,1.002142216,-0.042284331,0.040504415,1.043603258,-1.041300663
0.32065,-1.006066608,1.00819287,-0.062530091,0.060757643,1.069942328,-1.067604884
0.3207,-1.020083624,1.022166632,-0.082810421,0.081046905,1.104240464,-1.101867117
0.32075,-1.041573831,1.043613022,-0.103687532,0.10193452,1.146609766,-1.144199139
0.3208,-1.069975118,1.071969672,-0.125878099,0.124137292,1.197204893,-1.194755288
0.32085,-1.104662248,1.106611109,-0.150153159,0.14842642,1.256171765,-1.253681171
0.3209,-1.145002131,1.146904019,-0.177240503,0.175529877,1.323605221,-1.32107131
0.32095,-1.190401982,1.192255412,-0.207751131,0.206058869,1.399523629,-1.396943764
0.321,-1.240340659,1.242143957,-0.242141518,0.240470103,1.4838625,-1.481233738
0.32105,-1.294379239,1.296130554,-0.280712629,0.279064799,1.576484062,-1.573803159
0.3211,-1.352152582,1.353849905,-0.32363777,0.322016539,1.677196691,-1.674460105
0.32115,-1.413347836,1.414989019,-0.371006516,0.369415194,1.785777332,-1.782981233
0.3212,-1.477677625,1.47926039,-0.422871276,0.421313492,1.901991255,-1.899131528
0.32125,-1.54485514,1.546377102,-0.479285848,0.477765563,2.025605701,-2.022677953
0.3213,-1.614576253,1.616034932,-0.540329853,0.538851378,2.156396424,-2.153395994
0.32135,-1.686510892,1.687903727,-0.606117767,0.604685776,2.294148098,-2.291070064
0.3214,-1.760303294,1.761627658,-0.676794984,0.675414524,2.438650638,-2.435489823
0.32145,-1.780945705,1.782199264,-0.722778881,0.721454851,2.498686595,-2.495479558
0.3215,-1.719122721,1.720307217,-0.735449666,0.734184187,2.456143534,-2.45294358
0.32155,-1.664416075,1.665533895,-0.752036844,0.750831043,2.417949684,-2.414756797
0.3216,-1.555408441,1.556436297,-0.77082888,0.769684338,2.334322592,-2.331136758
0.32165,-1.415299376,1.416210984,-0.760567935,0.759482945,2.177302785,-2.174123987
0.3217,-1.287970628,1.288776236,-0.745222909,0.744195971,2.034668876,-2.031497098
0.32175,-1.176304082,1.177012936,-0.72731354,0.726343194,1.905069266,-1.901904494
0.3218,-1.079444932,1.080065311,-0.707939118,0.707024003,1.788815573,-1.78565779
0.32185,-0.996134696,0.996673957,-0.688645555,0.687784451,1.686194734,-1.683043925
0.3219,-0.924807879,0.925272499,-0.671221396,0.670413267,1.597429445,-1.594285595
0.32195,-0.863776434,0.864172059,-0.65746597,0.656710002,1.522630686,-1.519493779
0.322,-0.811436476,0.811767963,-0.648960522,0.648256163,1.461775552,-1.458645573
0.32205,-0.766450395,0.766721863,-0.646892876,0.646239877,1.414714039,-1.411590973
0.3221,-0.727862789,0.728077671,-0.651972333,0.651370789,1.381199876,-1.378083707
0.32215,-0.69512552,0.695286617,-0.664448105,0.663898497,1.360934013,-1.357824726
0.3222,-0.668030866,0.668140406,-0.684218433,0.683721672,1.353606899,-1.350504479
0.32225,-0.646575081,0.646634779,-0.710996253,0.710553719,1.358927701,-1.355832132
0.3223,-0.630790804,0.63080192,-0.744486527,0.744100108,1.376634046,-1.373545314
0.32235,-0.620591342,0.620554739,-0.784532498,0.784204625,1.406482557,-1.403400647
0.3224,-0.615662452,0.615578655,-0.831201288,0.830934965,1.448226232,-1.445151128
0.32245,-0.615421104,0.615290352,-0.884798549,0.884597379,1.501587849,-1.498519536
0.3225,-0.619041428,0.618863724,-0.94582104,0.945689246,1.566238487,-1.563176951
0.32255,-0.625531481,0.625306646,-1.014869686,1.014812127,1.641787358,-1.638732583
0.3226,-0.633834796,0.633562513,-1.092550973,1.092573163,1.727784737,-1.724736708
0.32265,-0.642929448,0.642609311,-1.179391533,1.179499652,1.82373562,-1.820694324
0.3227,-0.651903408,0.651534964,-1.275782057,1.275982959,1.929118984,-1.926084404
0.32275,-0.659995103,0.6595779,-1.381955841,1.382257066,2.043406894,-2.040379017
0.3228,-0.666598801,0.666132434,-1.497997869,1.498407649,2.166078972,-2.163057781
0.32285,-0.671242632,0.670726781,-1.623874362,1.624401622,2.296629957,-2.293615439
0.3229,-0.674669864,0.674103977,-1.696728009,1.697353282,2.37953777,-2.37652991
0.32295,-0.652199354,0.651586003,-1.726819873,1.727509385,2.380546254,-2.377545037
0.323,-0.625537354,0.62487873,-1.761484502,1.76223933,2.38862294,-2.385628352
0.32305,-0.570162494,0.569461198,-1.747445643,1.748266695,2.312592003,-2.309642632
0.3231,-0.490209009,0.489469812,-1.648595411,1.649479445,2.14037325,-2.137514895
0.32315,-0.41896454,0.418192646,-1.556712242,1.557655314,1.977149199,-1.974375312
0.3232,-0.355256321,0.354456398,-1.469817421,1.470815821,1.826520719,-1.823825235
0.32325,-0.299485039,0.298661275,-1.387693055,1.388743312,1.688602673,-1.685980009
0.3233,-0.251683374,0.250839516,-1.310352512,1.311451406,1.563440884,-1.560885925
0.32335,-0.21145025,0.210589642,-1.238093868,1.239238438,1.450932053,-1.448440146
0.3234,-0.177946299,0.177071919,-1.171473795,1.172661347,1.350793209,-1.348360152
0.32345,-0.149976376,0.149090868,-1.111228659,1.112456775,1.262565323,-1.260187355
0.3235,-0.126143516,0.125249226,-1.058160216,1.059426756,1.185652963,-1.183326752
0.32355,-0.105041011,0.104140016,-1.013011914,1.014315024,1.119392665,-1.1171153
0.3236,-0.085439255,0.084533398,-0.976363692,0.977701813,1.06313459,-1.060903569
0.32365,-0.066425139,0.065516064,-0.948567764,0.949939632,1.016317692,-1.014130908
0.3237,-0.047463963,0.046553154,-0.929736691,0.931141343,0.97851971,-0.976375441
0.32375,-0.028373947,0.027462764,-0.919781546,0.921218331,0.949469847,-0.947366741
0.3238,-0.00922563,0.008315348,-0.918485827,0.919954404,0.929022075,-0.926959134
0.32385,0.009837139,-0.010718011,-0.925600115,0.927100462,0.917090256,-0.915066822
0.3239,0.028606056,-0.029483625,-0.940892691,0.942425107,0.913606125,-0.911621864
0.32395,0.047153705,-0.048026713,-0.964244254,0.965809359,0.918409156,-0.916464039
0.324,0.065736968,-0.066604092,-0.99564191,0.99724065,0.931223604,-0.929317895
0.32405,0.084840835,-0.085700655,-1.035164297,1.036797939,0.951643254,-0.949777492
0.3241,0.105119487,-0.105970459,-1.082944053,1.084614188,0.979146655,-0.97732164
0.32415,0.127307005,-0.128147436,-1.139119336,1.140827872,1.013137996,-1.01135477
0.3242,0.152121754,-0.152949772,-1.203789981,1.205539144,1.052998882,-1.051258716
0.32425,0.180188065,-0.181001599,-1.276988005,1.278780335,1.098137148,-1.096441527
0.3243,0.211990205,-0.212786955,-1.358666406,1.360504752,1.148021696,-1.146372301
0.32435,0.247862693,-0.248640112,-1.448704682,1.450592198,1.202197692,-1.200596383
0.3244,0.288011364,-0.288766632,-1.546925722,1.548865862,1.260282392,-1.258731196
0.32445,0.332553383,-0.333283387,-1.653117285,1.655113797,1.321946612,-1.3204477
0.3245,0.381562661,-0.382263973,-1.767051997,1.769108919,1.386889302,-1.38544498
0.32455,0.435109152,-0.435778015,-1.88850186,1.890623509,1.454812757,-1.453425444
0.3246,0.49328491,-0.493917214,-2.017245755,2.019436724,1.525404069,-1.524076285
0.32465,0.556214703,-0.556805981,-2.153070582,2.155335728,1.598325638,-1.597059988
0.3247,0.624053168,-0.624598575,-2.295767973,2.298112412,1.673214742,-1.6720139
0.32475,0.6969729,-0.69746721,-2.445128959,2.447558053,1.749690103,-1.7485568
0.3248,0.744864921,-0.745303048,-2.509734496,2.512211659,1.773027033,-1.771963702
0.32485,0.758552252,-0.75893199,-2.471287921,2.473759613,1.714267477,-1.713272493
0.3249,0.776361299,-0.776681438,-2.43716849,2.439634722,1.66240038,-1.661471471
0.32495,0.796441426,-0.796700296,-2.357915731,2.360376517,1.556444294,-1.555604838
0.325,0.787357197,-0.787556439,-2.205970473,2.208425824,1.420170295,-1.419446834
0.32505,0.773372,-0.77351303,-2.068442935,2.070892863,1.296533972,-1.295916564
0.3251,0.7570061,-0.757090275,-1.943972375,1.946416893,1.188406601,-1.187886285
0.32515,0.739377848,-0.739406406,-1.832861053,1.835300172,1.094904106,-1.094472866
0.3252,0.722061568,-0.722035585,-1.735381809,1.737815541,1.014724738,-1.01437546
0.32525,0.706872321,-0.706792671,-1.651737722,1.654166079,0.946256191,-0.945982618
0.3253,0.695624687,-0.695492006,-1.582015793,1.584438788,0.887770601,-0.887567287
0.32535,0.689898903,-0.689713545,-1.526167478,1.528585121,0.837638943,-0.837501208
0.3254,0.690865847,-0.690627848,-1.484018721,1.486431025,0.794516085,-0.794439966
0.32545,0.699206732,-0.698915769,-1.4553035,1.457710476,0.75745464,-0.757436836
0.3255,0.715138627,-0.714793976,-1.439708611,1.442110272,0.725924231,-0.72596205
0.32555,0.738530334,-0.738130829,-1.436915545,1.439311902,0.699737492,-0.699828792
0.3256,0.76907235,-0.768616341,-1.446627945,1.44901901,0.678907565,-0.679050697
0.32565,0.806455064,-0.805940384,-1.468578981,1.470964765,0.663477276,-0.663671021
0.3257,0.850512843,-0.849936771,-1.502519776,1.504900292,0.653363471,-0.653606983
0.32575,0.901305774,-0.900665008,-1.548195566,1.550570824,0.648251429,-0.64854418
0.3258,0.959130512,-0.958421142,-1.605319016,1.607689029,0.647557331,-0.647899059
0.32585,1.024470464,-1.023687958,-1.6735496,1.675914379,0.650457451,-0.650848106
0.3259,1.097908514,-1.097047695,-1.752484757,1.754844313,0.655966582,-0.656406278
0.32595,1.180029885,-1.17908492,-1.841664106,1.844018451,0.663039391,-0.663528361
0.326,1.271339179,-1.270303567,-1.940583954,1.942933099,0.670667879,-0.671206427
0.32605,1.372206725,-1.371073288,-2.04871682,2.051060777,0.677954564,-0.678543021
0.3261,1.482848763,-1.481609641,-2.165530363,2.167869143,0.68415121,-0.684789891
0.32615,1.603336984,-1.601983624,-2.290501385,2.292835,0.68866331,-0.689352467
0.3262,1.733627466,-1.732150625,-2.423122968,2.425451429,0.691028261,-0.691768046
0.32625,1.8103001,-1.808720777,-2.507645248,2.509968567,0.692294802,-0.693085587
0.3263,1.842918677,-1.841272921,-2.509680779,2.511998966,0.668336182,-0.669175288
0.32635,1.879978886,-1.878265535,-2.518690194,2.52100326,0.640226265,-0.641111391
0.3264,1.868034997,-1.866253057,-2.443793855,2.446061016,0.583869891,-0.58479832
0.32645,1.770925756,-1.769078401,-2.273206879,2.275379428,0.503740379,-0.504707304
0.3265,1.680881162,-1.678972268,-2.111532855,2.113617291,0.432148384,-0.433148563
0.32655,1.595971499,-1.594004704,-1.962346265,1.964348608,0.367844982,-0.368873696
0.3266,1.516007756,-1.513986456,-1.825739242,1.827665036,0.311178533,-0.312231532
0.32665,1.441004427,-1.438931767,-1.701742741,1.703597062,0.262165072,-0.263238537
0.3267,1.371230537,-1.369109399,-1.590250929,1.592038395,0.220429444,-0.221519945
0.32675,1.307188688,-1.305021688,-1.49099209,1.492716875,0.185197061,-0.186301527
0.3268,1.249547929,-1.247337403,-1.403529668,1.405195508,0.155362082,-0.156477761
0.32685,1.199044851,-1.196792857,-1.327295461,1.328905665,0.129619495,-0.130743922
0.3269,1.156374786,-1.154083093,-1.261649092,1.263206557,0.106633401,-0.107764369
0.32695,1.122096852,-1.119766938,-1.205950854,1.20745807,0.085204806,-0.086340327
0.327,1.09657247,-1.094205514,-1.159630973,1.161090041,0.064402377,-0.065540653
0.32705,1.079948015,-1.077544894,-1.122238859,1.123651501,0.043629034,-0.044768417
0.3271,1.072181099,-1.069742381,-1.093460909,1.094828483,0.022613478,-0.023752434
0.32715,1.073102936,-1.070628877,-1.073100464,1.074423977,0.00134981,-0.0024521
0.3272,1.082482174,-1.079972717,-1.061042276,1.062322403,-0.020106313,0.018980838
0.32725,1.100104582,-1.097559349,-1.057183922,1.058421019,-0.041589885,0.040469125
0.3273,1.125827518,-1.123245809,-1.061369783,1.062563902,-0.063127112,0.062012529
0.32735,1.159594942,-1.156975739,-1.073353451,1.07450436,-0.084909872,0.083802996
0.3274,1.201435326,-1.198777289,-1.092772937,1.093880133,-0.107328542,0.106231004
0.32745,1.251433277,-1.248734747,-1.119157522,1.120220247,-0.130938347,0.129851909
0.3275,1.309690755,-1.306949756,-1.151956582,1.15297384,-0.156391755,0.155318335
0.32755,1.376288685,-1.373502927,-1.190581434,1.191552007,-0.184358238,0.183299933
0.3276,1.451257902,-1.448424787,-1.234448806,1.235371266,-0.215451751,0.214410865
0.32765,1.5345641,-1.531680723,-1.28301593,1.283888659,-0.250180584,0.24915965
0.3277,1.626106967,-1.62317012,-1.335800998,1.336622203,-0.288926043,0.287927842
0.32775,1.725730247,-1.722736429,-1.39238738,1.393155107,-0.331948299,0.330975889
0.3278,1.833237749,-1.830183167,-1.452414135,1.453126286,-0.379411883,0.378468612
0.32785,1.948410246,-1.945290825,-1.515558034,1.516212386,-0.43142056,0.430510092
0.3279,2.07101949,-2.067830877,-1.581513094,1.582107311,-0.488051819,0.487178144
0.32795,2.20083731,-2.197574883,-1.649972765,1.650504414,-0.549383779,0.548551234
0.328,2.337639541,-2.334298417,-1.720618056,1.721084622,-0.615510999,0.61472428
0.32805,2.481205783,-2.477780826,-1.793112722,1.793511623,-0.686549044,0.685813219
0.3281,2.540323044,-2.536851541,-1.812460186,1.812789131,-0.732908917,0.7322289
0.32815,2.496885474,-2.493421638,-1.749347505,1.749608278,-0.745975038,0.745352968
0.3282,2.457789415,-2.454333229,-1.693392772,1.693587802,-0.762908211,0.762345234
0.32825,2.426374373,-2.42292582,-1.642738265,1.642869731,-0.782152996,0.781650355
0.3283,2.349837058,-2.346396122,-1.538434263,1.538479006,-0.803329557,0.802888951
0.32835,2.200853768,-2.197420432,-1.404540507,1.404472142,-0.794888108,0.794507911
0.3284,2.066240373,-2.06281462,-1.283388728,1.283216991,-0.781385113,0.78106393
0.32845,1.944647676,-1.941229488,-1.177839725,1.177573385,-0.765363767,0.765100279
0.3285,1.83639105,-1.832980412,-1.086969843,1.086616736,-0.747995934,0.747788948
0.32855,1.74175325,-1.738350145,-1.009413308,1.00898038,-0.730930603,0.730779103
0.3286,1.660941338,-1.657545749,-0.943479523,0.942972878,-0.716065754,0.715968933
0.32865,1.594039274,-1.590651184,-0.887359879,0.88678482,-0.705294229,0.70525153
0.3287,1.540989025,-1.537608418,-0.839353525,0.8387146,-0.700259082,0.700270236
0.32875,1.501602468,-1.498229326,-0.798061568,0.797362624,-0.702171269,0.702236332
0.3288,1.475597445,-1.472231754,-0.762506675,0.761750904,-0.711726111,0.711845509
0.32885,1.462645058,-1.459286799,-0.732154197,0.731344197,-0.729129449,0.729304013
0.3289,1.462413528,-1.459062686,-0.706836356,0.705974184,-0.754217332,0.754448342
0.32895,1.47459687,-1.471253429,-0.686604916,0.685692151,-0.786632004,0.786921228
0.329,1.49892264,-1.495586583,-0.671553498,0.670591299,-0.826007347,0.82635708
0.32905,1.535140002,-1.531811312,-0.66165411,0.660643275,-0.872120418,0.87253351
0.3291,1.582994966,-1.579673628,-0.656643913,0.655584934,-0.92497993,0.925459818
0.32915,1.64220245,-1.638888447,-0.655981221,0.654874335,-0.984842305,0.985393037
0.3292,1.712424273,-1.709117589,-0.658870234,0.65771548,-1.052164949,1.0527912
0.32925,1.793259065,-1.789959684,-0.664337587,0.663134847,-1.127519612,1.128226703
0.3293,1.884245601,-1.880953507,-0.671334505,0.670083555,-1.211493568,1.21228748
0.32935,1.984876948,-1.981592125,-0.678837428,0.677537983,-1.304603141,1.305490521
0.3294,2.094620232,-2.091342663,-0.685925983,0.68457774,-1.407235498,1.408223673
0.32945,2.212936296,-2.209665966,-0.691827124,0.690429806,-1.519624176,1.520721156
0.3295,2.339294791,-2.336031684,-0.695924605,0.694478002,-1.641854694,1.643069174
0.32955,2.418321474,-2.415065574,-0.698694312,0.697197965,-1.711485097,1.712797126
0.3296,2.415910428,-2.412661719,-0.67525856,0.673715141,-1.739123224,1.740498543
0.32965,2.420642543,-2.417401009,-0.647606768,0.646018563,-1.771433622,1.772873223
0.3297,2.430746801,-2.427512426,-0.61792622,0.616295396,-1.811210701,1.812715757
0.32975,2.357031355,-2.353843432,-0.560596316,0.558925451,-1.80144145,1.803012973
0.3298,2.187785997,-2.18469141,-0.48036841,0.478662174,-1.705838761,1.707473594
0.32985,2.027729552,-2.024721881,-0.409635361,0.407898863,-1.616611576,1.618305864
0.3299,1.880485522,-1.877558827,-0.347180301,0.345418134,-1.531847897,1.533598025
0.32995,1.746141158,-1.743289974,-0.293226073,0.291442369,-1.451480047,1.453282643
0.33,1.624665465,-1.621884793,-0.247524908,0.245723378,-1.375725012,1.377576959
0.33005,1.515841932,-1.513127227,-0.209345861,0.207529827,-1.305097514,1.306995956
0.3301,1.41925869,-1.416605857,-0.177531679,0.175704109,-1.240343204,1.242285555
0.33015,1.334336406,-1.331741781,-0.150637915,0.14880146,-1.182327431,1.18431138
0.3302,1.260390268,-1.257850615,-0.127126658,0.125283677,-1.131903515,1.133927033
0.33025,1.196713486,-1.194225984,-0.105573575,0.103726173,-1.089789188,1.091850534
0.3303,1.142663323,-1.140225555,-0.084843182,0.082993242,-1.056477365,1.058575089
0.33035,1.097729199,-1.095339138,-0.064194801,0.062344018,-1.032198284,1.034331234
0.3304,1.061566531,-1.059222527,-0.043298897,0.041448817,-1.016937008,1.019104336
0.33045,1.033988825,-1.031689595,-0.022165686,0.020317748,-1.01049691,1.012698075
0.3305,1.014916543,-1.01266115,-9.97E-04,-8.20E-04,-1.01259457,1.014829348
0.33055,1.004324518,-1.002112356,0.019954568,-0.021740561,-1.022933064,1.025201544
0.3306,1.002142217,-0.999972999,0.040504415,-0.042284331,-1.041300664,1.043603259
0.33065,1.00819287,-1.006066609,0.060757643,-0.062530091,-1.067604885,1.069942328
0.3307,1.022166633,-1.020083624,0.081046905,-0.082810421,-1.101867118,1.104240465
0.33075,1.043613022,-1.041573832,0.10193452,-0.103687532,-1.144199139,1.146609767
0.3308,1.071969672,-1.069975119,0.124137292,-0.125878099,-1.194755289,1.197204893
0.33085,1.106611109,-1.104662249,0.14842642,-0.150153159,-1.253681171,1.256171766
0.3309,1.14690402,-1.145002132,0.175529877,-0.177240504,-1.321071311,1.323605222
0.33095,1.192255413,-1.190401982,0.206058869,-0.207751131,-1.396943765,1.39952363
0.331,1.242143957,-1.24034066,0.240470103,-0.242141518,-1.481233738,1.4838625
0.33105,1.296130554,-1.294379239,0.279064799,-0.280712629,-1.573803159,1.576484063
0.3311,1.353849906,-1.352152582,0.322016539,-0.32363777,-1.674460106,1.677196691
0.33115,1.414989019,-1.413347837,0.369415194,-0.371006516,-1.782981234,1.785777332
0.3312,1.479260391,-1.477677625,0.421313492,-0.422871276,-1.899131529,1.901991256
0.33125,1.546377103,-1.54485514,0.477765563,-0.479285848,-2.022677954,2.025605701
0.3313,1.616034933,-1.614576254,0.538851378,-0.540329853,-2.153395994,2.156396424
0.33135,1.687903727,-1.686510892,0.604685776,-0.606117768,-2.291070064,2.294148099
0.3314,1.761627659,-1.760303294,0.675414524,-0.676794984,-2.435489823,2.438650638
0.33145,1.782199264,-1.780945706,0.721454851,-0.722778881,-2.495479559,2.498686596
0.3315,1.720307217,-1.719122722,0.734184187,-0.735449666,-2.45294358,2.456143534
0.33155,1.665533895,-1.664416076,0.750831043,-0.752036844,-2.414756798,2.417949684
0.3316,1.556436297,-1.555408442,0.769684338,-0.77082888,-2.331136758,2.334322593
0.33165,1.416210984,-1.415299376,0.759482945,-0.760567935,-2.174123988,2.177302786
0.3317,1.288776236,-1.287970628,0.744195971,-0.745222909,-2.031497099,2.034668876
0.33175,1.177012936,-1.176304083,0.726343194,-0.72731354,-1.901904494,1.905069267
0.3318,1.080065311,-1.079444933,0.707024003,-0.707939118,-1.785657791,1.788815574
0.33185,0.996673957,-0.996134696,0.687784452,-0.688645556,-1.683043926,1.686194735
0.3319,0.925272499,-0.924807879,0.670413267,-0.671221396,-1.594285596,1.597429446
0.33195,0.864172059,-0.863776434,0.656710002,-0.65746597,-1.519493779,1.522630686
0.332,0.811767963,-0.811436476,0.648256164,-0.648960523,-1.458645573,1.461775552
0.33205,0.766721864,-0.766450395,0.646239877,-0.646892876,-1.411590973,1.41471404
0.3321,0.728077671,-0.727862789,0.651370789,-0.651972333,-1.378083707,1.381199876
0.33215,0.695286617,-0.69512552,0.663898497,-0.664448105,-1.357824726,1.360934013
0.3322,0.668140406,-0.668030866,0.683721673,-0.684218433,-1.350504479,1.353606899
0.33225,0.646634779,-0.646575082,0.71055372,-0.710996253,-1.355832133,1.358927701
0.3323,0.63080192,-0.630790804,0.744100109,-0.744486527,-1.373545314,1.376634046
0.33235,0.620554739,-0.620591342,0.784204625,-0.784532498,-1.403400647,1.406482557
0.3324,0.615578655,-0.615662452,0.830934966,-0.831201288,-1.445151129,1.448226233
0.33245,0.615290352,-0.615421105,0.88459738,-0.884798549,-1.498519536,1.501587849
0.3325,0.618863725,-0.619041428,0.945689246,-0.945821041,-1.563176952,1.566238488
0.33255,0.625306647,-0.625531481,1.014812127,-1.014869687,-1.638732584,1.641787358
0.3326,0.633562514,-0.633834796,1.092573163,-1.092550973,-1.724736709,1.727784737
0.33265,0.642609311,-0.642929448,1.179499652,-1.179391534,-1.820694324,1.823735621
0.3327,0.651534964,-0.651903408,1.275982959,-1.275782057,-1.926084404,1.929118984
0.33275,0.6595779,-0.659995103,1.382257067,-1.381955841,-2.040379017,2.043406895
0.3328,0.666132434,-0.666598801,1.498407649,-1.49799787,-2.163057781,2.166078972
0.33285,0.670726781,-0.671242632,1.624401622,-1.623874362,-2.29361544,2.296629957
0.3329,0.674103977,-0.674669864,1.697353282,-1.696728009,-2.37652991,2.37953777
0.33295,0.651586003,-0.652199354,1.727509385,-1.726819873,-2.377545038,2.380546254
0.333,0.62487873,-0.625537354,1.76223933,-1.761484502,-2.385628352,2.38862294
0.33305,0.569461198,-0.570162494,1.748266695,-1.747445643,-2.309642632,2.312592004
0.3331,0.489469812,-0.490209009,1.649479445,-1.648595412,-2.137514895,2.14037325
0.33315,0.418192646,-0.41896454,1.557655314,-1.556712243,-1.974375312,1.977149199
0.3332,0.354456398,-0.355256321,1.470815821,-1.469817422,-1.823825235,1.826520719
0.33325,0.298661275,-0.299485039,1.388743312,-1.387693055,-1.685980009,1.688602673
0.3333,0.250839516,-0.251683374,1.311451406,-1.310352513,-1.560885926,1.563440884
0.33335,0.210589642,-0.21145025,1.239238438,-1.238093868,-1.448440146,1.450932053
0.3334,0.17707192,-0.177946299,1.172661347,-1.171473795,-1.348360152,1.350793209
0.33345,0.149090868,-0.149976376,1.112456775,-1.111228659,-1.260187355,1.262565323
0.3335,0.125249226,-0.126143516,1.059426756,-1.058160217,-1.183326752,1.185652963
0.33355,0.104140016,-0.105041011,1.014315024,-1.013011914,-1.1171153,1.119392665
0.3336,0.084533398,-0.085439255,0.977701814,-0.976363692,-1.060903569,1.06313459
0.33365,0.065516064,-0.066425139,0.949939632,-0.948567765,-1.014130908,1.016317692
0.3337,0.046553154,-0.047463963,0.931141343,-0.929736691,-0.976375441,0.97851971
0.33375,0.027462764,-0.028373947,0.921218331,-0.919781546,-0.947366741,0.949469847
0.3338,0.008315348,-0.00922563,0.919954405,-0.918485827,-0.926959135,0.929022075
0.33385,-0.010718011,0.009837139,0.927100462,-0.925600115,-0.915066822,0.917090256
0.3339,-0.029483625,0.028606056,0.942425107,-0.940892691,-0.911621864,0.913606125
0.33395,-0.048026713,0.047153705,0.965809359,-0.964244254,-0.916464039,0.918409156
0.334,-0.066604092,0.065736968,0.99724065,-0.99564191,-0.929317895,0.931223604
0.33405,-0.085700655,0.084840835,1.036797939,-1.035164297,-0.949777492,0.951643254
0.3341,-0.105970459,0.105119487,1.084614188,-1.082944053,-0.97732164,0.979146655
0.33415,-0.128147436,0.127307005,1.140827872,-1.139119336,-1.01135477,1.013137996
0.3342,-0.152949772,0.152121754,1.205539144,-1.203789981,-1.051258716,1.052998882
0.33425,-0.181001599,0.180188065,1.278780335,-1.276988005,-1.096441527,1.098137148
0.3343,-0.212786955,0.211990205,1.360504752,-1.358666406,-1.146372301,1.148021696
0.33435,-0.248640112,0.247862693,1.450592198,-1.448704682,-1.200596383,1.202197692
0.3344,-0.288766632,0.288011363,1.548865862,-1.546925722,-1.258731196,1.260282392
0.33445,-0.333283387,0.332553383,1.655113797,-1.653117285,-1.3204477,1.321946612
0.3345,-0.382263973,0.38156266,1.769108919,-1.767051997,-1.38544498,1.386889302
0.33455,-0.435778015,0.435109152,1.890623509,-1.888501859,-1.453425444,1.454812757
0.3346,-0.493917214,0.493284909,2.019436723,-2.017245755,-1.524076285,1.525404069
0.33465,-0.556805981,0.556214703,2.155335728,-2.153070582,-1.597059988,1.598325638
0.3347,-0.624598575,0.624053167,2.298112411,-2.295767973,-1.6720139,1.673214742
0.33475,-0.69746721,0.6969729,2.447558053,-2.445128958,-1.7485568,1.749690102
0.3348,-0.745303048,0.744864921,2.512211659,-2.509734496,-1.771963702,1.773027033
0.33485,-0.75893199,0.758552251,2.473759613,-2.471287921,-1.713272492,1.714267477
0.3349,-0.776681438,0.776361299,2.439634722,-2.437168489,-1.66147147,1.66240038
0.33495,-0.796700295,0.796441426,2.360376517,-2.357915731,-1.555604838,1.556444294
0.335,-0.787556439,0.787357197,2.208425824,-2.205970473,-1.419446834,1.420170295
0.33505,-0.77351303,0.773372,2.070892863,-2.068442935,-1.295916564,1.296533972
0.3351,-0.757090275,0.7570061,1.946416893,-1.943972375,-1.187886284,1.1884066
0.33515,-0.739406405,0.739377847,1.835300172,-1.832861053,-1.094472866,1.094904106
0.3352,-0.722035584,0.722061567,1.737815541,-1.735381809,-1.01437546,1.014724738
0.33525,-0.706792671,0.70687232,1.654166079,-1.651737721,-0.945982618,0.946256191
0.3353,-0.695492005,0.695624687,1.584438787,-1.582015793,-0.887567287,0.887770601
0.33535,-0.689713544,0.689898903,1.528585121,-1.526167477,-0.837501208,0.837638942
0.3354,-0.690627847,0.690865847,1.486431024,-1.48401872,-0.794439965,0.794516085
0.33545,-0.698915768,0.699206731,1.457710476,-1.455303499,-0.757436835,0.75745464
0.3355,-0.714793975,0.715138626,1.442110272,-1.439708611,-0.72596205,0.725924231
0.33555,-0.738130829,0.738530334,1.439311902,-1.436915545,-0.699828792,0.699737491
0.3356,-0.768616341,0.76907235,1.449019009,-1.446627944,-0.679050697,0.678907565
0.33565,-0.805940384,0.806455064,1.470964764,-1.46857898,-0.663671021,0.663477276
0.3357,-0.84993677,0.850512842,1.504900291,-1.502519776,-0.653606983,0.653363471
0.33575,-0.900665007,0.901305774,1.550570824,-1.548195566,-0.64854418,0.648251428
0.3358,-0.958421142,0.959130511,1.607689028,-1.605319016,-0.647899059,0.647557331
0.33585,-1.023687957,1.024470463,1.675914378,-1.6735496,-0.650848106,0.650457451
0.3359,-1.097047695,1.097908514,1.754844312,-1.752484756,-0.656406278,0.655966582
0.33595,-1.17908492,1.180029885,1.84401845,-1.841664106,-0.663528361,0.663039391
0.336,-1.270303566,1.271339178,1.942933098,-1.940583953,-0.671206427,0.670667879
0.33605,-1.371073288,1.372206724,2.051060777,-2.04871682,-0.678543021,0.677954563
0.3361,-1.48160964,1.482848763,2.167869142,-2.165530362,-0.684789891,0.68415121
0.33615,-1.601983623,1.603336983,2.292835,-2.290501385,-0.689352467,0.68866331
0.3362,-1.732150625,1.733627465,2.425451428,-2.423122967,-0.691768046,0.69102826
0.33625,-1.808720776,1.8103001,2.509968566,-2.507645248,-0.693085587,0.692294802
0.3363,-1.84127292,1.842918676,2.511998966,-2.509680779,-0.669175288,0.668336182
0.33635,-1.878265535,1.879978886,2.52100326,-2.518690193,-0.641111391,0.640226265
0.3364,-1.866253056,1.868034997,2.446061015,-2.443793854,-0.58479832,0.58386989
0.33645,-1.7690784,1.770925755,2.275379427,-2.273206878,-0.504707303,0.503740379
0.3365,-1.678972268,1.680881162,2.113617291,-2.111532855,-0.433148563,0.432148384
0.33655,-1.594004704,1.595971499,1.964348608,-1.962346264,-0.368873696,0.367844982
0.3366,-1.513986455,1.516007755,1.827665035,-1.825739241,-0.312231532,0.311178533
0.33665,-1.438931766,1.441004426,1.703597061,-1.70174274,-0.263238537,0.262165072
0.3367,-1.369109398,1.371230536,1.592038395,-1.590250928,-0.221519945,0.220429443
0.33675,-1.305021687,1.307188688,1.492716874,-1.490992089,-0.186301527,0.185197061
0.3368,-1.247337403,1.249547928,1.405195507,-1.403529668,-0.156477761,0.155362082
0.33685,-1.196792856,1.19904485,1.328905664,-1.32729546,-0.130743922,0.129619495
0.3369,-1.154083093,1.156374785,1.263206556,-1.261649092,-0.107764369,0.106633401
0.33695,-1.119766938,1.122096851,1.207458069,-1.205950853,-0.086340327,0.085204806
0.337,-1.094205514,1.096572469,1.161090041,-1.159630973,-0.065540653,0.064402377
0.33705,-1.077544893,1.079948015,1.1236515,-1.122238858,-0.044768417,0.043629034
0.3371,-1.06974238,1.072181098,1.094828482,-1.093460908,-0.023752434,0.022613478
0.33715,-1.070628877,1.073102935,1.074423977,-1.073100463,-0.0024521,0.00134981
0.3372,-1.079972716,1.082482173,1.062322403,-1.061042275,0.018980838,-0.020106313
0.33725,-1.097559348,1.100104582,1.058421018,-1.057183922,0.040469125,-0.041589884
0.3373,-1.123245808,1.125827517,1.062563902,-1.061369783,0.062012529,-0.063127112
0.33735,-1.156975738,1.159594941,1.07450436,-1.073353451,0.083802996,-0.084909872
0.3374,-1.198777289,1.201435326,1.093880132,-1.092772936,0.106231004,-0.107328542
0.33745,-1.248734746,1.251433277,1.120220246,-1.119157521,0.129851909,-0.130938347
0.3375,-1.306949755,1.309690754,1.152973839,-1.151956581,0.155318334,-0.156391755
0.33755,-1.373502927,1.376288684,1.191552006,-1.190581433,0.183299933,-0.184358238
0.3376,-1.448424786,1.451257901,1.235371266,-1.234448806,0.214410865,-0.215451751
0.33765,-1.531680722,1.5345641,1.283888658,-1.283015929,0.24915965,-0.250180584
0.3377,-1.623170119,1.626106966,1.336622202,-1.335800998,0.287927842,-0.288926043
0.33775,-1.722736428,1.725730246,1.393155106,-1.39238738,0.330975889,-0.331948299
0.3378,-1.830183167,1.833237748,1.453126286,-1.452414134,0.378468612,-0.379411883
0.33785,-1.945290825,1.948410246,1.516212386,-1.515558033,0.430510091,-0.43142056
0.3379,-2.067830876,2.07101949,1.58210731,-1.581513093,0.487178143,-0.488051819
0.33795,-2.197574882,2.200837309,1.650504413,-1.649972765,0.548551234,-0.549383779
0.338,-2.334298416,2.33763954,1.721084622,-1.720618056,0.61472428,-0.615510999
0.33805,-2.477780825,2.481205782,1.793511623,-1.793112721,0.685813219,-0.686549044
0.3381,-2.53685154,2.540323044,1.81278913,-1.812460185,0.7322289,-0.732908916
0.33815,-2.493421637,2.496885473,1.749608278,-1.749347505,0.745352968,-0.745975037
0.3382,-2.454333228,2.457789414,1.693587801,-1.693392772,0.762345234,-0.762908211
0.33825,-2.42292582,2.426374372,1.64286973,-1.642738264,0.781650354,-0.782152996
0.3383,-2.346396121,2.349837057,1.538479006,-1.538434262,0.80288895,-0.803329557
0.33835,-2.197420431,2.200853767,1.404472141,-1.404540506,0.79450791,-0.794888108
0.3384,-2.062814619,2.066240372,1.283216991,-1.283388727,0.78106393,-0.781385112
0.33845,-1.941229488,1.944647675,1.177573385,-1.177839724,0.765100278,-0.765363767
0.3385,-1.832980411,1.836391049,1.086616736,-1.086969843,0.747788948,-0.747995933
0.33855,-1.738350144,1.741753249,1.00898038,-1.009413307,0.730779103,-0.730930603
0.3386,-1.657545748,1.660941338,0.942972877,-0.943479522,0.715968932,-0.716065753
0.33865,-1.590651183,1.594039274,0.886784819,-0.887359879,0.70525153,-0.705294229
0.3387,-1.537608417,1.540989024,0.8387146,-0.839353524,0.700270235,-0.700259082
0.33875,-1.498229325,1.501602467,0.797362624,-0.798061568,0.702236332,-0.702171268
0.3388,-1.472231753,1.475597445,0.761750904,-0.762506675,0.711845508,-0.71172611
0.33885,-1.459286798,1.462645057,0.731344197,-0.732154197,0.729304013,-0.729129449
0.3389,-1.459062685,1.462413527,0.705974183,-0.706836355,0.754448342,-0.754217332
0.33895,-1.471253428,1.47459687,0.685692151,-0.686604916,0.786921228,-0.786632003
0.339,-1.495586582,1.49892264,0.670591299,-0.671553497,0.826357079,-0.826007346
0.33905,-1.531811311,1.535140001,0.660643275,-0.66165411,0.872533509,-0.872120417
0.3391,-1.579673627,1.582994965,0.655584933,-0.656643913,0.925459817,-0.924979929
0.33915,-1.638888447,1.64220245,0.654874335,-0.655981221,0.985393036,-0.984842305
0.3392,-1.709117589,1.712424273,0.657715479,-0.658870234,1.052791199,-1.052164949
0.33925,-1.789959683,1.793259064,0.663134846,-0.664337587,1.128226703,-1.127519611
0.3393,-1.880953506,1.8842456,0.670083555,-0.671334504,1.212287479,-1.211493567
0.33935,-1.981592124,1.984876947,0.677537983,-0.678837427,1.305490521,-1.30460314
0.3394,-2.091342662,2.094620231,0.68457774,-0.685925983,1.408223673,-1.407235498
0.33945,-2.209665966,2.212936295,0.690429806,-0.691827124,1.520721155,-1.519624176
0.3395,-2.336031683,2.33929479,0.694478002,-0.695924605,1.643069174,-1.641854693
0.33955,-2.415065573,2.418321473,0.697197965,-0.698694311,1.712797126,-1.711485097
0.3396,-2.412661718,2.415910427,0.673715141,-0.67525856,1.740498542,-1.739123224
0.33965,-2.417401008,2.420642542,0.646018562,-0.647606768,1.772873222,-1.771433621
0.3397,-2.427512426,2.4307468,0.616295396,-0.61792622,1.812715756,-1.8112107
0.33975,-2.353843432,2.357031354,0.558925451,-0.560596316,1.803012972,-1.801441449
0.3398,-2.184691409,2.187785996,0.478662174,-0.48036841,1.707473593,-1.70583876
0.33985,-2.024721881,2.027729552,0.407898862,-0.409635361,1.618305864,-1.616611575
0.3399,-1.877558826,1.880485521,0.345418134,-0.347180301,1.533598025,-1.531847896
0.33995,-1.743289974,1.746141158,0.291442369,-0.293226072,1.453282643,-1.451480047
0.34,-1.621884792,1.624665464,0.245723378,-0.247524908,1.377576958,-1.375725012
0.34005,-1.513127227,1.515841931,0.207529827,-0.209345861,1.306995955,-1.305097514
0.3401,-1.416605856,1.41925869,0.175704109,-0.177531679,1.242285554,-1.240343203
0.34015,-1.33174178,1.334336405,0.14880146,-0.150637915,1.18431138,-1.18232743
0.3402,-1.257850614,1.260390268,0.125283677,-0.127126658,1.133927033,-1.131903514
0.34025,-1.194225983,1.196713485,0.103726173,-0.105573575,1.091850533,-1.089789187
0.3403,-1.140225554,1.142663323,0.082993242,-0.084843182,1.058575088,-1.056477364
0.34035,-1.095339137,1.097729199,0.062344018,-0.064194801,1.034331234,-1.032198283
0.3404,-1.059222527,1.06156653,0.041448817,-0.043298897,1.019104335,-1.016937007
0.34045,-1.031689594,1.033988824,0.020317748,-0.022165686,1.012698075,-1.010496909
0.3405,-1.012661149,1.014916543,-8.20E-04,-9.97E-04,1.014829347,-1.01259457
0.34055,-1.002112356,1.004324517,-0.021740561,0.019954568,1.025201543,-1.022933063
0.3406,-0.999972999,1.002142216,-0.042284331,0.040504415,1.043603258,-1.041300663
0.34065,-1.006066608,1.00819287,-0.062530091,0.060757643,1.069942328,-1.067604884
0.3407,-1.020083624,1.022166632,-0.082810421,0.081046905,1.104240464,-1.101867117
0.34075,-1.041573831,1.043613022,-0.103687532,0.10193452,1.146609766,-1.144199139
0.3408,-1.069975118,1.071969672,-0.125878099,0.124137292,1.197204893,-1.194755288
0.34085,-1.104662248,1.106611109,-0.150153159,0.14842642,1.256171765,-1.253681171
0.3409,-1.145002131,1.146904019,-0.177240503,0.175529877,1.323605221,-1.32107131
0.34095,-1.190401982,1.192255412,-0.207751131,0.206058869,1.399523629,-1.396943764
0.341,-1.240340659,1.242143957,-0.242141518,0.240470103,1.4838625,-1.481233738
0.34105,-1.294379239,1.296130554,-0.280712629,0.279064799,1.576484062,-1.573803159
0.3411,-1.352152582,1.353849905,-0.32363777,0.322016539,1.677196691,-1.674460105
0.34115,-1.413347836,1.414989019,-0.371006516,0.369415194,1.785777332,-1.782981233
0.3412,-1.477677625,1.47926039,-0.422871276,0.421313492,1.901991255,-1.899131528
0.34125,-1.54485514,1.546377102,-0.479285848,0.477765563,2.025605701,-2.022677953
0.3413,-1.614576253,1.616034932,-0.540329853,0.538851378,2.156396424,-2.153395994
0.34135,-1.686510892,1.687903727,-0.606117767,0.604685776,2.294148098,-2.291070064
0.3414,-1.760303294,1.761627658,-0.676794984,0.675414524,2.438650638,-2.435489823
0.34145,-1.780945705,1.782199264,-0.722778881,0.721454851,2.498686595,-2.495479558
0.3415,-1.719122721,1.720307217,-0.735449666,0.734184187,2.456143534,-2.45294358
0.34155,-1.664416075,1.665533895,-0.752036844,0.750831043,2.417949684,-2.414756797
0.3416,-1.555408441,1.556436297,-0.77082888,0.769684338,2.334322592,-2.331136758
0.34165,-1.415299376,1.416210984,-0.760567935,0.759482945,2.177302785,-2.174123987
0.3417,-1.287970628,1.288776236,-0.745222909,0.744195971,2.034668876,-2.031497098
0.34175,-1.176304082,1.177012936,-0.72731354,0.726343194,1.905069266,-1.901904494
0.3418,-1.079444932,1.080065311,-0.707939118,0.707024003,1.788815573,-1.78565779
0.34185,-0.996134696,0.996673957,-0.688645555,0.687784451,1.686194734,-1.683043925
0.3419,-0.924807879,0.925272499,-0.671221396,0.670413267,1.597429445,-1.594285595
0.34195,-0.863776434,0.864172059,-0.65746597,0.656710002,1.522630686,-1.519493779
0.342,-0.811436476,0.811767963,-0.648960522,0.648256163,1.461775552,-1.458645573
0.34205,-0.766450395,0.766721863,-0.646892876,0.646239877,1.414714039,-1.411590973
0.3421,-0.727862789,0.728077671,-0.651972333,0.651370789,1.381199876,-1.378083707
0.34215,-0.69512552,0.695286617,-0.664448105,0.663898497,1.360934013,-1.357824726
0.3422,-0.668030866,0.668140406,-0.684218433,0.683721672,1.353606899,-1.350504479
0.34225,-0.646575081,0.646634779,-0.710996253,0.710553719,1.358927701,-1.355832132
0.3423,-0.630790804,0.63080192,-0.744486527,0.744100108,1.376634046,-1.373545314
0.34235,-0.620591342,0.620554739,-0.784532498,0.784204625,1.406482557,-1.403400647
0.3424,-0.615662452,0.615578655,-0.831201288,0.830934965,1.448226232,-1.445151128
0.34245,-0.615421104,0.615290352,-0.884798549,0.884597379,1.501587849,-1.498519536
0.3425,-0.619041428,0.618863724,-0.94582104,0.945689246,1.566238487,-1.563176951
0.34255,-0.625531481,0.625306646,-1.014869686,1.014812127,1.641787358,-1.638732583
0.3426,-0.633834796,0.633562513,-1.092550973,1.092573163,1.727784737,-1.724736708
0.34265,-0.642929448,0.642609311,-1.179391533,1.179499652,1.82373562,-1.820694324
0.3427,-0.651903408,0.651534964,-1.275782057,1.275982959,1.929118984,-1.926084404
0.34275,-0.659995103,0.6595779,-1.381955841,1.382257066,2.043406894,-2.040379017
0.3428,-0.666598801,0.666132434,-1.497997869,1.498407649,2.166078972,-2.163057781
0.34285,-0.671242632,0.670726781,-1.623874362,1.624401622,2.296629957,-2.293615439
0.3429,-0.674669864,0.674103977,-1.696728009,1.697353282,2.37953777,-2.37652991
0.34295,-0.652199354,0.651586003,-1.726819873,1.727509385,2.380546254,-2.377545037
0.343,-0.625537354,0.62487873,-1.761484502,1.76223933,2.38862294,-2.385628352
0.34305,-0.570162494,0.569461198,-1.747445643,1.748266695,2.312592003,-2.309642632
0.3431,-0.490209009,0.489469812,-1.648595411,1.649479445,2.14037325,-2.137514895
0.34315,-0.41896454,0.418192646,-1.556712242,1.557655314,1.977149199,-1.974375312
0.3432,-0.355256321,0.354456398,-1.469817421,1.470815821,1.826520719,-1.823825235
0.34325,-0.299485039,0.298661275,-1.387693055,1.388743312,1.688602673,-1.685980009
0.3433,-0.251683374,0.250839516,-1.310352512,1.311451406,1.563440884,-1.560885925
0.34335,-0.21145025,0.210589642,-1.238093868,1.239238438,1.450932053,-1.448440146
0.3434,-0.177946299,0.177071919,-1.171473795,1.172661347,1.350793209,-1.348360152
0.34345,-0.149976376,0.149090868,-1.111228659,1.112456775,1.262565323,-1.260187355
0.3435,-0.126143516,0.125249226,-1.058160216,1.059426756,1.185652963,-1.183326752
0.34355,-0.105041011,0.104140016,-1.013011914,1.014315024,1.119392665,-1.1171153
0.3436,-0.085439255,0.084533398,-0.976363692,0.977701813,1.06313459,-1.060903569
0.34365,-0.066425139,0.065516064,-0.948567764,0.949939632,1.016317692,-1.014130908
0.3437,-0.047463963,0.046553154,-0.929736691,0.931141343,0.97851971,-0.976375441
0.34375,-0.028373947,0.027462764,-0.919781546,0.921218331,0.949469847,-0.947366741
0.3438,-0.00922563,0.008315348,-0.918485827,0.919954404,0.929022075,-0.926959134
0.34385,0.009837139,-0.010718011,-0.925600115,0.927100462,0.917090256,-0.915066822
0.3439,0.028606056,-0.029483625,-0.940892691,0.942425107,0.913606125,-0.911621864
0.34395,0.047153705,-0.048026713,-0.964244254,0.965809359,0.918409156,-0.916464039
0.344,0.065736968,-0.066604092,-0.99564191,0.99724065,0.931223604,-0.929317895
0.34405,0.084840835,-0.085700655,-1.035164297,1.036797939,0.951643254,-0.949777492
0.3441,0.105119487,-0.105970459,-1.082944053,1.084614188,0.979146655,-0.97732164
0.34415,0.127307005,-0.128147436,-1.139119336,1.140827872,1.013137996,-1.01135477
0.3442,0.152121754,-0.152949772,-1.203789981,1.205539144,1.052998882,-1.051258716
0.34425,0.180188065,-0.181001599,-1.276988005,1.278780335,1.098137148,-1.096441527
0.3443,0.211990205,-0.212786955,-1.358666406,1.360504752,1.148021696,-1.146372301
0.34435,0.247862693,-0.248640112,-1.448704682,1.450592198,1.202197692,-1.200596383
0.3444,0.288011364,-0.288766632,-1.546925722,1.548865862,1.260282392,-1.258731196
0.34445,0.332553383,-0.333283387,-1.653117285,1.655113797,1.321946612,-1.3204477
0.3445,0.381562661,-0.382263973,-1.767051997,1.769108919,1.386889302,-1.38544498
0.34455,0.435109152,-0.435778015,-1.88850186,1.890623509,1.454812757,-1.453425444
0.3446,0.49328491,-0.493917214,-2.017245755,2.019436724,1.525404069,-1.524076285
0.34465,0.556214703,-0.556805981,-2.153070582,2.155335728,1.598325638,-1.597059988
0.3447,0.624053168,-0.624598575,-2.295767973,2.298112412,1.673214742,-1.6720139
0.34475,0.6969729,-0.69746721,-2.445128959,2.447558053,1.749690103,-1.7485568
0.3448,0.744864921,-0.745303048,-2.509734496,2.512211659,1.773027033,-1.771963702
0.34485,0.758552252,-0.75893199,-2.471287921,2.473759613,1.714267477,-1.713272493
0.3449,0.776361299,-0.776681438,-2.43716849,2.439634722,1.66240038,-1.661471471
0.34495,0.796441426,-0.796700296,-2.357915731,2.360376517,1.556444294,-1.555604838
0.345,0.787357197,-0.787556439,-2.205970473,2.208425824,1.420170295,-1.419446834
0.34505,0.773372,-0.77351303,-2.068442935,2.070892863,1.296533972,-1.295916564
0.3451,0.7570061,-0.757090275,-1.943972375,1.946416893,1.188406601,-1.187886285
0.34515,0.739377848,-0.739406406,-1.832861053,1.835300172,1.094904106,-1.094472866
0.3452,0.722061568,-0.722035585,-1.735381809,1.737815541,1.014724738,-1.01437546
0.34525,0.706872321,-0.706792671,-1.651737722,1.654166079,0.946256191,-0.945982618
0.3453,0.695624687,-0.695492006,-1.582015793,1.584438788,0.887770601,-0.887567287
0.34535,0.689898903,-0.689713545,-1.526167478,1.528585121,0.837638943,-0.837501208
0.3454,0.690865847,-0.690627848,-1.484018721,1.486431025,0.794516085,-0.794439966
0.34545,0.699206732,-0.698915769,-1.4553035,1.457710476,0.75745464,-0.757436836
0.3455,0.715138627,-0.714793976,-1.439708611,1.442110272,0.725924231,-0.72596205
0.34555,0.738530334,-0.738130829,-1.436915545,1.439311902,0.699737492,-0.699828792
0.3456,0.76907235,-0.768616341,-1.446627945,1.44901901,0.678907565,-0.679050697
0.34565,0.806455064,-0.805940384,-1.468578981,1.470964765,0.663477276,-0.663671021
0.3457,0.850512843,-0.849936771,-1.502519776,1.504900292,0.653363471,-0.653606983
0.34575,0.901305774,-0.900665008,-1.548195566,1.550570824,0.648251429,-0.64854418
0.3458,0.959130512,-0.958421142,-1.605319016,1.607689029,0.647557331,-0.647899059
0.34585,1.024470464,-1.023687958,-1.6735496,1.675914379,0.650457451,-0.650848106
0.3459,1.097908514,-1.097047695,-1.752484757,1.754844313,0.655966582,-0.656406278
0.34595,1.180029885,-1.17908492,-1.841664106,1.844018451,0.663039391,-0.663528361
0.346,1.271339179,-1.270303567,-1.940583954,1.942933099,0.670667879,-0.671206427
0.34605,1.372206725,-1.371073288,-2.04871682,2.051060777,0.677954564,-0.678543021
0.3461,1.482848763,-1.481609641,-2.165530363,2.167869143,0.68415121,-0.684789891
0.34615,1.603336984,-1.601983624,-2.290501385,2.292835,0.68866331,-0.689352467
0.3462,1.733627466,-1.732150625,-2.423122968,2.425451429,0.691028261,-0.691768046
0.34625,1.8103001,-1.808720777,-2.507645248,2.509968567,0.692294802,-0.693085587
0.3463,1.842918677,-1.841272921,-2.509680779,2.511998966,0.668336182,-0.669175288
0.34635,1.879978886,-1.878265535,-2.518690194,2.52100326,0.640226265,-0.641111391
0.3464,1.868034997,-1.866253057,-2.443793855,2.446061016,0.583869891,-0.58479832
0.34645,1.770925756,-1.769078401,-2.273206879,2.275379428,0.503740379,-0.504707304
0.3465,1.680881162,-1.678972268,-2.111532855,2.113617291,0.432148384,-0.433148563
0.34655,1.595971499,-1.594004704,-1.962346265,1.964348608,0.367844982,-0.368873696
0.3466,1.516007756,-1.513986456,-1.825739242,1.827665036,0.311178533,-0.312231532
0.34665,1.441004427,-1.438931767,-1.701742741,1.703597062,0.262165072,-0.263238537
0.3467,1.371230537,-1.369109399,-1.590250929,1.592038395,0.220429444,-0.221519945
0.34675,1.307188688,-1.305021688,-1.49099209,1.492716875,0.185197061,-0.186301527
0.3468,1.249547929,-1.247337403,-1.403529668,1.405195508,0.155362082,-0.156477761
0.34685,1.199044851,-1.196792857,-1.327295461,1.328905665,0.129619495,-0.130743922
0.3469,1.156374786,-1.154083093,-1.261649092,1.263206557,0.106633401,-0.107764369
0.34695,1.122096852,-1.119766938,-1.205950854,1.20745807,0.085204806,-0.086340327
0.347,1.09657247,-1.094205514,-1.159630973,1.161090041,0.064402377,-0.065540653
0.34705,1.079948015,-1.077544894,-1.122238859,1.123651501,0.043629034,-0.044768417
0.3471,1.072181099,-1.069742381,-1.093460909,1.094828483,0.022613478,-0.023752434
0.34715,1.073102936,-1.070628877,-1.073100464,1.074423977,0.00134981,-0.0024521
0.3472,1.082482174,-1.079972717,-1.061042276,1.062322403,-0.020106313,0.018980838
0.34725,1.100104582,-1.097559349,-1.057183922,1.058421019,-0.041589885,0.040469125
0.3473,1.125827518,-1.123245809,-1.061369783,1.062563902,-0.063127112,0.062012529
0.34735,1.159594942,-1.156975739,-1.073353451,1.07450436,-0.084909872,0.083802996
0.3474,1.201435326,-1.198777289,-1.092772937,1.093880133,-0.107328542,0.106231004
0.34745,1.251433277,-1.248734747,-1.119157522,1.120220247,-0.130938347,0.129851909
0.3475,1.309690755,-1.306949756,-1.151956582,1.15297384,-0.156391755,0.155318335
0.34755,1.376288685,-1.373502927,-1.190581434,1.191552007,-0.184358238,0.183299933
0.3476,1.451257902,-1.448424787,-1.234448806,1.235371266,-0.215451751,0.214410865
0.34765,1.5345641,-1.531680723,-1.28301593,1.283888659,-0.250180584,0.24915965
0.3477,1.626106967,-1.62317012,-1.335800998,1.336622203,-0.288926043,0.287927842
0.34775,1.725730247,-1.722736429,-1.39238738,1.393155107,-0.331948299,0.330975889
0.3478,1.833237749,-1.830183167,-1.452414135,1.453126286,-0.379411883,0.378468612
0.34785,1.948410246,-1.945290825,-1.515558034,1.516212386,-0.43142056,0.430510092
0.3479,2.07101949,-2.067830877,-1.581513094,1.582107311,-0.488051819,0.487178144
0.34795,2.20083731,-2.197574883,-1.649972765,1.650504414,-0.549383779,0.548551234
0.348,2.337639541,-2.334298417,-1.720618056,1.721084622,-0.615510999,0.61472428
0.34805,2.481205783,-2.477780826,-1.793112722,1.793511623,-0.686549044,0.685813219
0.3481,2.540323044,-2.536851541,-1.812460186,1.812789131,-0.732908917,0.7322289
0.34815,2.496885474,-2.493421638,-1.749347505,1.749608278,-0.745975038,0.745352968
0.3482,2.457789415,-2.454333229,-1.693392772,1.693587802,-0.762908211,0.762345234
0.34825,2.426374373,-2.42292582,-1.642738265,1.642869731,-0.782152996,0.781650355
0.3483,2.349837058,-2.346396122,-1.538434263,1.538479006,-0.803329557,0.802888951
0.34835,2.200853768,-2.197420432,-1.404540507,1.404472142,-0.794888108,0.794507911
0.3484,2.066240373,-2.06281462,-1.283388728,1.283216991,-0.781385113,0.78106393
0.34845,1.944647676,-1.941229488,-1.177839725,1.177573385,-0.765363767,0.765100279
0.3485,1.83639105,-1.832980412,-1.086969843,1.086616736,-0.747995934,0.747788948
0.34855,1.74175325,-1.738350145,-1.009413308,1.00898038,-0.730930603,0.730779103
0.3486,1.660941338,-1.657545749,-0.943479523,0.942972878,-0.716065754,0.715968933
0.34865,1.594039274,-1.590651184,-0.887359879,0.88678482,-0.705294229,0.70525153
0.3487,1.540989025,-1.537608418,-0.839353525,0.8387146,-0.700259082,0.700270236
0.34875,1.501602468,-1.498229326,-0.798061568,0.797362624,-0.702171269,0.702236332
0.3488,1.475597445,-1.472231754,-0.762506675,0.761750904,-0.711726111,0.711845509
0.34885,1.462645058,-1.459286799,-0.732154197,0.731344197,-0.729129449,0.729304013
0.3489,1.462413528,-1.459062686,-0.706836356,0.705974184,-0.754217332,0.754448342
0.34895,1.47459687,-1.471253429,-0.686604916,0.685692151,-0.786632004,0.786921228
0.349,1.49892264,-1.495586583,-0.671553498,0.670591299,-0.826007347,0.82635708
0.34905,1.535140002,-1.531811312,-0.66165411,0.660643275,-0.872120418,0.87253351
0.3491,1.582994966,-1.579673628,-0.656643913,0.655584934,-0.92497993,0.925459818
0.34915,1.64220245,-1.638888447,-0.655981221,0.654874335,-0.984842305,0.985393037
0.3492,1.712424273,-1.709117589,-0.658870234,0.65771548,-1.052164949,1.0527912
0.34925,1.793259065,-1.789959684,-0.664337587,0.663134847,-1.127519612,1.128226703
0.3493,1.884245601,-1.880953507,-0.671334505,0.670083555,-1.211493568,1.21228748
0.34935,1.984876948,-1.981592125,-0.678837428,0.677537983,-1.304603141,1.305490521
0.3494,2.094620232,-2.091342663,-0.685925983,0.68457774,-1.407235498,1.408223673
0.34945,2.212936296,-2.209665966,-0.691827124,0.690429806,-1.519624176,1.520721156
0.3495,2.339294791,-2.336031684,-0.695924605,0.694478002,-1.641854694,1.643069174
0.34955,2.418321474,-2.415065574,-0.698694312,0.697197965,-1.711485097,1.712797126
0.3496,2.415910428,-2.412661719,-0.67525856,0.673715141,-1.739123224,1.740498543
0.34965,2.420642543,-2.417401009,-0.647606768,0.646018563,-1.771433622,1.772873223
0.3497,2.430746801,-2.427512426,-0.61792622,0.616295396,-1.811210701,1.812715757
0.34975,2.357031355,-2.353843432,-0.560596316,0.558925451,-1.80144145,1.803012973
0.3498,2.187785997,-2.18469141,-0.48036841,0.478662174,-1.705838761,1.707473594
0.34985,2.027729552,-2.024721881,-0.409635361,0.407898863,-1.616611576,1.618305864
0.3499,1.880485522,-1.877558827,-0.347180301,0.345418134,-1.531847897,1.533598025
0.34995,1.746141158,-1.743289974,-0.293226073,0.291442369,-1.451480047,1.453282643
0.35,1.624665465,-1.621884793,-0.247524908,0.245723378,-1.375725012,1.377576959
0.35005,1.515841932,-1.513127227,-0.209345861,0.207529827,-1.305097514,1.306995956
0.3501,1.41925869,-1.416605857,-0.177531679,0.175704109,-1.240343204,1.242285555
0.35015,1.334336406,-1.331741781,-0.150637915,0.14880146,-1.182327431,1.18431138
0.3502,1.260390268,-1.257850615,-0.127126658,0.125283677,-1.131903515,1.133927033
0.35025,1.196713486,-1.194225984,-0.105573575,0.103726173,-1.089789188,1.091850534
0.3503,1.142663323,-1.140225555,-0.084843182,0.082993242,-1.056477365,1.058575089
0.35035,1.097729199,-1.095339138,-0.064194801,0.062344018,-1.032198284,1.034331234
0.3504,1.061566531,-1.059222527,-0.043298897,0.041448817,-1.016937008,1.019104336
0.35045,1.033988825,-1.031689595,-0.022165686,0.020317748,-1.01049691,1.012698075
0.3505,1.014916543,-1.01266115,-9.97E-04,-8.20E-04,-1.01259457,1.014829348
0.35055,1.004324518,-1.002112356,0.019954568,-0.021740561,-1.022933064,1.025201544
0.3506,1.002142217,-0.999972999,0.040504415,-0.042284331,-1.041300664,1.043603259
0.35065,1.00819287,-1.006066609,0.060757643,-0.062530091,-1.067604885,1.069942328
0.3507,1.022166633,-1.020083624,0.081046905,-0.082810421,-1.101867118,1.104240465
0.35075,1.043613022,-1.041573832,0.10193452,-0.103687532,-1.144199139,1.146609767
0.3508,1.071969672,-1.069975119,0.124137292,-0.125878099,-1.194755289,1.197204893
0.35085,1.106611109,-1.104662249,0.14842642,-0.150153159,-1.253681171,1.256171766
0.3509,1.14690402,-1.145002132,0.175529877,-0.177240504,-1.321071311,1.323605222
0.35095,1.192255413,-1.190401982,0.206058869,-0.207751131,-1.396943765,1.39952363
0.351,1.242143957,-1.24034066,0.240470103,-0.242141518,-1.481233738,1.4838625
0.35105,1.296130554,-1.294379239,0.279064799,-0.280712629,-1.573803159,1.576484063
0.3511,1.353849906,-1.352152582,0.322016539,-0.32363777,-1.674460106,1.677196691
0.35115,1.414989019,-1.413347837,0.369415194,-0.371006516,-1.782981234,1.785777332
0.3512,1.479260391,-1.477677625,0.421313492,-0.422871276,-1.899131529,1.901991256
0.35125,1.546377103,-1.54485514,0.477765563,-0.479285848,-2.022677954,2.025605701
0.3513,1.616034933,-1.614576254,0.538851378,-0.540329853,-2.153395994,2.156396424
0.35135,1.687903727,-1.686510892,0.604685776,-0.606117768,-2.291070064,2.294148099
0.3514,1.761627659,-1.760303294,0.675414524,-0.676794984,-2.435489823,2.438650638
0.35145,1.782199264,-1.780945706,0.721454851,-0.722778881,-2.495479559,2.498686596
0.3515,1.720307217,-1.719122722,0.734184187,-0.735449666,-2.45294358,2.456143534
0.35155,1.665533895,-1.664416076,0.750831043,-0.752036844,-2.414756798,2.417949684
0.3516,1.556436297,-1.555408442,0.769684338,-0.77082888,-2.331136758,2.334322593
0.35165,1.416210984,-1.415299376,0.759482945,-0.760567935,-2.174123988,2.177302786
0.3517,1.288776236,-1.287970628,0.744195971,-0.745222909,-2.031497099,2.034668876
0.35175,1.177012936,-1.176304083,0.726343194,-0.72731354,-1.901904494,1.905069267
0.3518,1.080065311,-1.079444933,0.707024003,-0.707939118,-1.785657791,1.788815574
0.35185,0.996673957,-0.996134696,0.687784452,-0.688645556,-1.683043926,1.686194735
0.3519,0.925272499,-0.924807879,0.670413267,-0.671221396,-1.594285596,1.597429446
0.35195,0.864172059,-0.863776434,0.656710002,-0.65746597,-1.519493779,1.522630686
0.352,0.811767963,-0.811436476,0.648256164,-0.648960523,-1.458645573,1.461775552
0.35205,0.766721864,-0.766450395,0.646239877,-0.646892876,-1.411590973,1.41471404
0.3521,0.728077671,-0.727862789,0.651370789,-0.651972333,-1.378083707,1.381199876
0.35215,0.695286617,-0.69512552,0.663898497,-0.664448105,-1.357824726,1.360934013
0.3522,0.668140406,-0.668030866,0.683721673,-0.684218433,-1.350504479,1.353606899
0.35225,0.646634779,-0.646575082,0.71055372,-0.710996253,-1.355832133,1.358927701
0.3523,0.63080192,-0.630790804,0.744100109,-0.744486527,-1.373545314,1.376634046
0.35235,0.620554739,-0.620591342,0.784204625,-0.784532498,-1.403400647,1.406482557
0.3524,0.615578655,-0.615662452,0.830934966,-0.831201288,-1.445151129,1.448226233
0.35245,0.615290352,-0.615421105,0.88459738,-0.884798549,-1.498519536,1.501587849
0.3525,0.618863725,-0.619041428,0.945689246,-0.945821041,-1.563176952,1.566238488
0.35255,0.625306647,-0.625531481,1.014812127,-1.014869687,-1.638732584,1.641787358
0.3526,0.633562514,-0.633834796,1.092573163,-1.092550973,-1.724736709,1.727784737
0.35265,0.642609311,-0.642929448,1.179499652,-1.179391534,-1.820694324,1.823735621
0.3527,0.651534964,-0.651903408,1.275982959,-1.275782057,-1.926084404,1.929118984
0.35275,0.6595779,-0.659995103,1.382257067,-1.381955841,-2.040379017,2.043406895
0.3528,0.666132434,-0.666598801,1.498407649,-1.49799787,-2.163057781,2.166078972
0.35285,0.670726781,-0.671242632,1.624401622,-1.623874362,-2.29361544,2.296629957
0.3529,0.674103977,-0.674669864,1.697353282,-1.696728009,-2.37652991,2.37953777
0.35295,0.651586003,-0.652199354,1.727509385,-1.726819873,-2.377545038,2.380546254
0.353,0.62487873,-0.625537354,1.76223933,-1.761484502,-2.385628352,2.38862294
0.35305,0.569461198,-0.570162494,1.748266695,-1.747445643,-2.309642632,2.312592004
0.3531,0.489469812,-0.490209009,1.649479445,-1.648595412,-2.137514895,2.14037325
0.35315,0.418192646,-0.41896454,1.557655314,-1.556712243,-1.974375312,1.977149199
0.3532,0.354456398,-0.355256321,1.470815821,-1.469817422,-1.823825235,1.826520719
0.35325,0.298661275,-0.299485039,1.388743312,-1.387693055,-1.685980009,1.688602673
0.3533,0.250839516,-0.251683374,1.311451406,-1.310352513,-1.560885926,1.563440884
0.35335,0.210589642,-0.21145025,1.239238438,-1.238093868,-1.448440146,1.450932053
0.3534,0.17707192,-0.177946299,1.172661347,-1.171473795,-1.348360152,1.350793209
0.35345,0.149090868,-0.149976376,1.112456775,-1.111228659,-1.260187355,1.262565323
0.3535,0.125249226,-0.126143516,1.059426756,-1.058160217,-1.183326752,1.185652963
0.35355,0.104140016,-0.105041011,1.014315024,-1.013011914,-1.1171153,1.119392665
0.3536,0.084533398,-0.085439255,0.977701814,-0.976363692,-1.060903569,1.06313459
0.35365,0.065516064,-0.066425139,0.949939632,-0.948567765,-1.014130908,1.016317692
0.3537,0.046553154,-0.047463963,0.931141343,-0.929736691,-0.976375441,0.97851971
0.35375,0.027462764,-0.028373947,0.921218331,-0.919781546,-0.947366741,0.949469847
0.3538,0.008315348,-0.00922563,0.919954405,-0.918485827,-0.926959135,0.929022075
0.35385,-0.010718011,0.009837139,0.927100462,-0.925600115,-0.915066822,0.917090256
0.3539,-0.029483625,0.028606056,0.942425107,-0.940892691,-0.911621864,0.913606125
0.35395,-0.048026713,0.047153705,0.965809359,-0.964244254,-0.916464039,0.918409156
0.354,-0.066604092,0.065736968,0.99724065,-0.99564191,-0.929317895,0.931223604
0.35405,-0.085700655,0.084840835,1.036797939,-1.035164297,-0.949777492,0.951643254
0.3541,-0.105970459,0.105119487,1.084614188,-1.082944053,-0.97732164,0.979146655
0.35415,-0.128147436,0.127307005,1.140827872,-1.139119336,-1.01135477,1.013137996
0.3542,-0.152949772,0.152121754,1.205539144,-1.203789981,-1.051258716,1.052998882
0.35425,-0.181001599,0.180188065,1.278780335,-1.276988005,-1.096441527,1.098137148
0.3543,-0.212786955,0.211990205,1.360504752,-1.358666406,-1.146372301,1.148021696
0.35435,-0.248640112,0.247862693,1.450592198,-1.448704682,-1.200596383,1.202197692
0.3544,-0.288766632,0.288011363,1.548865862,-1.546925722,-1.258731196,1.260282392
0.35445,-0.333283387,0.332553383,1.655113797,-1.653117285,-1.3204477,1.321946612
0.3545,-0.382263973,0.38156266,1.769108919,-1.767051997,-1.38544498,1.386889302
0.35455,-0.435778015,0.435109152,1.890623509,-1.888501859,-1.453425444,1.454812757
0.3546,-0.493917214,0.493284909,2.019436723,-2.017245755,-1.524076285,1.525404069
0.35465,-0.556805981,0.556214703,2.155335728,-2.153070582,-1.597059988,1.598325638
0.3547,-0.624598575,0.624053167,2.298112411,-2.295767973,-1.6720139,1.673214742
0.35475,-0.69746721,0.6969729,2.447558053,-2.445128958,-1.7485568,1.749690102
0.3548,-0.745303048,0.744864921,2.512211659,-2.509734496,-1.771963702,1.773027033
0.35485,-0.75893199,0.758552251,2.473759613,-2.471287921,-1.713272492,1.714267477
0.3549,-0.776681438,0.776361299,2.439634722,-2.437168489,-1.66147147,1.66240038
0.35495,-0.796700295,0.796441426,2.360376517,-2.357915731,-1.555604838,1.556444294
0.355,-0.787556439,0.787357197,2.208425824,-2.205970473,-1.419446834,1.420170295
0.35505,-0.77351303,0.773372,2.070892863,-2.068442935,-1.295916564,1.296533972
0.3551,-0.757090275,0.7570061,1.946416893,-1.943972375,-1.187886284,1.1884066
0.35515,-0.739406405,0.739377847,1.835300172,-1.832861053,-1.094472866,1.094904106
0.3552,-0.722035584,0.722061567,1.737815541,-1.735381809,-1.01437546,1.014724738
0.35525,-0.706792671,0.70687232,1.654166079,-1.651737721,-0.945982618,0.946256191
0.3553,-0.695492005,0.695624687,1.584438787,-1.582015793,-0.887567287,0.887770601
0.35535,-0.689713544,0.689898903,1.528585121,-1.526167477,-0.837501208,0.837638942
0.3554,-0.690627847,0.690865847,1.486431024,-1.48401872,-0.794439965,0.794516085
0.35545,-0.698915768,0.699206731,1.457710476,-1.455303499,-0.757436835,0.75745464
0.3555,-0.714793975,0.715138626,1.442110272,-1.439708611,-0.72596205,0.725924231
0.35555,-0.738130829,0.738530334,1.439311902,-1.436915545,-0.699828792,0.699737491
0.3556,-0.768616341,0.76907235,1.449019009,-1.446627944,-0.679050697,0.678907565
0.35565,-0.805940384,0.806455064,1.470964764,-1.46857898,-0.663671021,0.663477276
0.3557,-0.84993677,0.850512842,1.504900291,-1.502519776,-0.653606983,0.653363471
0.35575,-0.900665007,0.901305774,1.550570824,-1.548195566,-0.64854418,0.648251428
0.3558,-0.958421142,0.959130511,1.607689028,-1.605319016,-0.647899059,0.647557331
0.35585,-1.023687957,1.024470463,1.675914378,-1.6735496,-0.650848106,0.650457451
0.3559,-1.097047695,1.097908514,1.754844312,-1.752484756,-0.656406278,0.655966582
0.35595,-1.17908492,1.180029885,1.84401845,-1.841664106,-0.663528361,0.663039391
0.356,-1.270303566,1.271339178,1.942933098,-1.940583953,-0.671206427,0.670667879
0.35605,-1.371073288,1.372206724,2.051060777,-2.04871682,-0.678543021,0.677954563
0.3561,-1.48160964,1.482848763,2.167869142,-2.165530362,-0.684789891,0.68415121
0.35615,-1.601983623,1.603336983,2.292835,-2.290501385,-0.689352467,0.68866331
0.3562,-1.732150625,1.733627465,2.425451428,-2.423122967,-0.691768046,0.69102826
0.35625,-1.808720776,1.8103001,2.509968566,-2.507645248,-0.693085587,0.692294802
0.3563,-1.84127292,1.842918676,2.511998966,-2.509680779,-0.669175288,0.668336182
0.35635,-1.878265535,1.879978886,2.52100326,-2.518690193,-0.641111391,0.640226265
0.3564,-1.866253056,1.868034997,2.446061015,-2.443793854,-0.58479832,0.58386989
0.35645,-1.7690784,1.770925755,2.275379427,-2.273206878,-0.504707303,0.503740379
0.3565,-1.678972268,1.680881162,2.113617291,-2.111532855,-0.433148563,0.432148384
0.35655,-1.594004704,1.595971499,1.964348608,-1.962346264,-0.368873696,0.367844982
0.3566,-1.513986455,1.516007755,1.827665035,-1.825739241,-0.312231532,0.311178533
0.35665,-1.438931766,1.441004426,1.703597061,-1.70174274,-0.263238537,0.262165072
0.3567,-1.369109398,1.371230536,1.592038395,-1.590250928,-0.221519945,0.220429443
0.35675,-1.305021687,1.307188688,1.492716874,-1.490992089,-0.186301527,0.185197061
0.3568,-1.247337403,1.249547928,1.405195507,-1.403529668,-0.156477761,0.155362082
0.35685,-1.196792856,1.19904485,1.328905664,-1.32729546,-0.130743922,0.129619495
0.3569,-1.154083093,1.156374785,1.263206556,-1.261649092,-0.107764369,0.106633401
0.35695,-1.119766938,1.122096851,1.207458069,-1.205950853,-0.086340327,0.085204806
0.357,-1.094205514,1.096572469,1.161090041,-1.159630973,-0.065540653,0.064402377
0.35705,-1.077544893,1.079948015,1.1236515,-1.122238858,-0.044768417,0.043629034
0.3571,-1.06974238,1.072181098,1.094828482,-1.093460908,-0.023752434,0.022613478
0.35715,-1.070628877,1.073102935,1.074423977,-1.073100463,-0.0024521,0.00134981
0.3572,-1.079972716,1.082482173,1.062322403,-1.061042275,0.018980838,-0.020106313
0.35725,-1.097559348,1.100104582,1.058421018,-1.057183922,0.040469125,-0.041589884
0.3573,-1.123245808,1.125827517,1.062563902,-1.061369783,0.062012529,-0.063127112
0.35735,-1.156975738,1.159594941,1.07450436,-1.073353451,0.083802996,-0.084909872
0.3574,-1.198777289,1.201435326,1.093880132,-1.092772936,0.106231004,-0.107328542
0.35745,-1.248734746,1.251433277,1.120220246,-1.119157521,0.129851909,-0.130938347
0.3575,-1.306949755,1.309690754,1.152973839,-1.151956581,0.155318334,-0.156391755
0.35755,-1.373502927,1.376288684,1.191552006,-1.190581433,0.183299933,-0.184358238
0.3576,-1.448424786,1.451257901,1.235371266,-1.234448806,0.214410865,-0.215451751
0.35765,-1.531680722,1.5345641,1.283888658,-1.283015929,0.24915965,-0.250180584
0.3577,-1.623170119,1.626106966,1.336622202,-1.335800998,0.287927842,-0.288926043
0.35775,-1.722736428,1.725730246,1.393155106,-1.39238738,0.330975889,-0.331948299
0.3578,-1.830183167,1.833237748,1.453126286,-1.452414134,0.378468612,-0.379411883
0.35785,-1.945290825,1.948410246,1.516212386,-1.515558033,0.430510091,-0.43142056
0.3579,-2.067830876,2.07101949,1.58210731,-1.581513093,0.487178143,-0.488051819
0.35795,-2.197574882,2.200837309,1.650504413,-1.649972765,0.548551234,-0.549383779
0.358,-2.334298416,2.33763954,1.721084622,-1.720618056,0.61472428,-0.615510999
0.35805,-2.477780825,2.481205782,1.793511623,-1.793112721,0.685813219,-0.686549044
0.3581,-2.53685154,2.540323044,1.81278913,-1.812460185,0.7322289,-0.732908916
0.35815,-2.493421637,2.496885473,1.749608278,-1.749347505,0.745352968,-0.745975037
0.3582,-2.454333228,2.457789414,1.693587801,-1.693392772,0.762345234,-0.762908211
0.35825,-2.42292582,2.426374372,1.64286973,-1.642738264,0.781650354,-0.782152996
0.3583,-2.346396121,2.349837057,1.538479006,-1.538434262,0.80288895,-0.803329557
0.35835,-2.197420431,2.200853767,1.404472141,-1.404540506,0.79450791,-0.794888108
0.3584,-2.062814619,2.066240372,1.283216991,-1.283388727,0.78106393,-0.781385112
0.35845,-1.941229488,1.944647675,1.177573385,-1.177839724,0.765100278,-0.765363767
0.3585,-1.832980411,1.836391049,1.086616736,-1.086969843,0.747788948,-0.747995933
0.35855,-1.738350144,1.741753249,1.00898038,-1.009413307,0.730779103,-0.730930603
0.3586,-1.657545748,1.660941338,0.942972877,-0.943479522,0.715968932,-0.716065753
0.35865,-1.590651183,1.594039274,0.886784819,-0.887359879,0.70525153,-0.705294229
0.3587,-1.537608417,1.540989024,0.8387146,-0.839353524,0.700270235,-0.700259082
0.35875,-1.498229325,1.501602467,0.797362624,-0.798061568,0.702236332,-0.702171268
0.3588,-1.472231753,1.475597445,0.761750904,-0.762506675,0.711845508,-0.71172611
0.35885,-1.459286798,1.462645057,0.731344197,-0.732154197,0.729304013,-0.729129449
0.3589,-1.459062685,1.462413527,0.705974183,-0.706836355,0.754448342,-0.754217332
0.35895,-1.471253428,1.47459687,0.685692151,-0.686604916,0.786921228,-0.786632003
0.359,-1.495586582,1.49892264,0.670591299,-0.671553497,0.826357079,-0.826007346
0.35905,-1.531811311,1.535140001,0.660643275,-0.66165411,0.872533509,-0.872120417
0.3591,-1.579673627,1.582994965,0.655584933,-0.656643913,0.925459817,-0.924979929
0.35915,-1.638888447,1.64220245,0.654874335,-0.655981221,0.985393036,-0.984842305
0.3592,-1.709117589,1.712424273,0.657715479,-0.658870234,1.052791199,-1.052164949
0.35925,-1.789959683,1.793259064,0.663134846,-0.664337587,1.128226703,-1.127519611
0.3593,-1.880953506,1.8842456,0.670083555,-0.671334504,1.212287479,-1.211493567
0.35935,-1.981592124,1.984876947,0.677537983,-0.678837427,1.305490521,-1.30460314
0.3594,-2.091342662,2.094620231,0.68457774,-0.685925983,1.408223673,-1.407235498
0.35945,-2.209665966,2.212936295,0.690429806,-0.691827124,1.520721155,-1.519624176
0.3595,-2.336031683,2.33929479,0.694478002,-0.695924605,1.643069174,-1.641854693
0.35955,-2.415065573,2.418321473,0.697197965,-0.698694311,1.712797126,-1.711485097
0.3596,-2.412661718,2.415910427,0.673715141,-0.67525856,1.740498542,-1.739123224
0.35965,-2.417401008,2.420642542,0.646018562,-0.647606768,1.772873222,-1.771433621
0.3597,-2.427512426,2.4307468,0.616295396,-0.61792622,1.812715756,-1.8112107
0.35975,-2.353843432,2.357031354,0.558925451,-0.560596316,1.803012972,-1.801441449
0.3598,-2.184691409,2.187785996,0.478662174,-0.48036841,1.707473593,-1.70583876
0.35985,-2.024721881,2.027729552,0.407898862,-0.409635361,1.618305864,-1.616611575
0.3599,-1.877558826,1.880485521,0.345418134,-0.347180301,1.533598025,-1.531847896
0.35995,-1.743289974,1.746141158,0.291442369,-0.293226072,1.453282643,-1.451480047
0.36,-1.621884792,1.624665464,0.245723378,-0.247524908,1.377576958,-1.375725012
0.36005,-1.513127227,1.515841931,0.207529827,-0.209345861,1.306995955,-1.305097514
0.3601,-1.416605856,1.41925869,0.175704109,-0.177531679,1.242285554,-1.240343203
0.36015,-1.33174178,1.334336405,0.14880146,-0.150637915,1.18431138,-1.18232743
0.3602,-1.257850614,1.260390268,0.125283677,-0.127126658,1.133927033,-1.131903514
0.36025,-1.194225983,1.196713485,0.103726173,-0.105573575,1.091850533,-1.089789187
0.3603,-1.140225554,1.142663323,0.082993242,-0.084843182,1.058575088,-1.056477364
0.36035,-1.095339137,1.097729199,0.062344018,-0.064194801,1.034331234,-1.032198283
0.3604,-1.059222527,1.06156653,0.041448817,-0.043298897,1.019104335,-1.016937007
0.36045,-1.031689594,1.033988824,0.020317748,-0.022165686,1.012698075,-1.010496909
0.3605,-1.012661149,1.014916543,-8.20E-04,-9.97E-04,1.014829347,-1.01259457
0.36055,-1.002112356,1.004324517,-0.021740561,0.019954568,1.025201543,-1.022933063
0.3606,-0.999972999,1.002142216,-0.042284331,0.040504415,1.043603258,-1.041300663
0.36065,-1.006066608,1.00819287,-0.062530091,0.060757643,1.069942328,-1.067604884
0.3607,-1.020083624,1.022166632,-0.082810421,0.081046905,1.104240464,-1.101867117
0.36075,-1.041573831,1.043613022,-0.103687532,0.10193452,1.146609766,-1.144199139
0.3608,-1.069975118,1.071969672,-0.125878099,0.124137292,1.197204893,-1.194755288
0.36085,-1.104662248,1.106611109,-0.150153159,0.14842642,1.256171765,-1.253681171
0.3609,-1.145002131,1.146904019,-0.177240503,0.175529877,1.323605221,-1.32107131
0.36095,-1.190401982,1.192255412,-0.207751131,0.206058869,1.399523629,-1.396943764
0.361,-1.240340659,1.242143957,-0.242141518,0.240470103,1.4838625,-1.481233738
0.36105,-1.294379239,1.296130554,-0.280712629,0.279064799,1.576484062,-1.573803159
0.3611,-1.352152582,1.353849905,-0.32363777,0.322016539,1.677196691,-1.674460105
0.36115,-1.413347836,1.414989019,-0.371006516,0.369415194,1.785777332,-1.782981233
0.3612,-1.477677625,1.47926039,-0.422871276,0.421313492,1.901991255,-1.899131528
0.36125,-1.54485514,1.546377102,-0.479285848,0.477765563,2.025605701,-2.022677953
0.3613,-1.614576253,1.616034932,-0.540329853,0.538851378,2.156396424,-2.153395994
0.36135,-1.686510892,1.687903727,-0.606117767,0.604685776,2.294148098,-2.291070064
0.3614,-1.760303294,1.761627658,-0.676794984,0.675414524,2.438650638,-2.435489823
0.36145,-1.780945705,1.782199264,-0.722778881,0.721454851,2.498686595,-2.495479558
0.3615,-1.719122721,1.720307217,-0.735449666,0.734184187,2.456143534,-2.45294358
0.36155,-1.664416075,1.665533895,-0.752036844,0.750831043,2.417949684,-2.414756797
0.3616,-1.555408441,1.556436297,-0.77082888,0.769684338,2.334322592,-2.331136758
0.36165,-1.415299376,1.416210984,-0.760567935,0.759482945,2.177302785,-2.174123987
0.3617,-1.287970628,1.288776236,-0.745222909,0.744195971,2.034668876,-2.031497098
0.36175,-1.176304082,1.177012936,-0.72731354,0.726343194,1.905069266,-1.901904494
0.3618,-1.079444932,1.080065311,-0.707939118,0.707024003,1.788815573,-1.78565779
0.36185,-0.996134696,0.996673957,-0.688645555,0.687784451,1.686194734,-1.683043925
0.3619,-0.924807879,0.925272499,-0.671221396,0.670413267,1.597429445,-1.594285595
0.36195,-0.863776434,0.864172059,-0.65746597,0.656710002,1.522630686,-1.519493779
0.362,-0.811436476,0.811767963,-0.648960522,0.648256163,1.461775552,-1.458645573
0.36205,-0.766450395,0.766721863,-0.646892876,0.646239877,1.414714039,-1.411590973
0.3621,-0.727862789,0.728077671,-0.651972333,0.651370789,1.381199876,-1.378083707
0.36215,-0.69512552,0.695286617,-0.664448105,0.663898497,1.360934013,-1.357824726
0.3622,-0.668030866,0.668140406,-0.684218433,0.683721672,1.353606899,-1.350504479
0.36225,-0.646575081,0.646634779,-0.710996253,0.710553719,1.358927701,-1.355832132
0.3623,-0.630790804,0.63080192,-0.744486527,0.744100108,1.376634046,-1.373545314
0.36235,-0.620591342,0.620554739,-0.784532498,0.784204625,1.406482557,-1.403400647
0.3624,-0.615662452,0.615578655,-0.831201288,0.830934965,1.448226232,-1.445151128
0.36245,-0.615421104,0.615290352,-0.884798549,0.884597379,1.501587849,-1.498519536
0.3625,-0.619041428,0.618863724,-0.94582104,0.945689246,1.566238487,-1.563176951
0.36255,-0.625531481,0.625306646,-1.014869686,1.014812127,1.641787358,-1.638732583
0.3626,-0.633834796,0.633562513,-1.092550973,1.092573163,1.727784737,-1.724736708
0.36265,-0.642929448,0.642609311,-1.179391533,1.179499652,1.82373562,-1.820694324
0.3627,-0.651903408,0.651534964,-1.275782057,1.275982959,1.929118984,-1.926084404
0.36275,-0.659995103,0.6595779,-1.381955841,1.382257066,2.043406894,-2.040379017
0.3628,-0.666598801,0.666132434,-1.497997869,1.498407649,2.166078972,-2.163057781
0.36285,-0.671242632,0.670726781,-1.623874362,1.624401622,2.296629957,-2.293615439
0.3629,-0.674669864,0.674103977,-1.696728009,1.697353282,2.37953777,-2.37652991
0.36295,-0.652199354,0.651586003,-1.726819873,1.727509385,2.380546254,-2.377545037
0.363,-0.625537354,0.62487873,-1.761484502,1.76223933,2.38862294,-2.385628352
0.36305,-0.570162494,0.569461198,-1.747445643,1.748266695,2.312592003,-2.309642632
0.3631,-0.490209009,0.489469812,-1.648595411,1.649479445,2.14037325,-2.137514895
0.36315,-0.41896454,0.418192646,-1.556712242,1.557655314,1.977149199,-1.974375312
0.3632,-0.355256321,0.354456398,-1.469817421,1.470815821,1.826520719,-1.823825235
0.36325,-0.299485039,0.298661275,-1.387693055,1.388743312,1.688602673,-1.685980009
0.3633,-0.251683374,0.250839516,-1.310352512,1.311451406,1.563440884,-1.560885925
0.36335,-0.21145025,0.210589642,-1.238093868,1.239238438,1.450932053,-1.448440146
0.3634,-0.177946299,0.177071919,-1.171473795,1.172661347,1.350793209,-1.348360152
0.36345,-0.149976376,0.149090868,-1.111228659,1.112456775,1.262565323,-1.260187355
0.3635,-0.126143516,0.125249226,-1.058160216,1.059426756,1.185652963,-1.183326752
0.36355,-0.105041011,0.104140016,-1.013011914,1.014315024,1.119392665,-1.1171153
0.3636,-0.085439255,0.084533398,-0.976363692,0.977701813,1.06313459,-1.060903569
0.36365,-0.066425139,0.065516064,-0.948567764,0.949939632,1.016317692,-1.014130908
0.3637,-0.047463963,0.046553154,-0.929736691,0.931141343,0.97851971,-0.976375441
0.36375,-0.028373947,0.027462764,-0.919781546,0.921218331,0.949469847,-0.947366741
0.3638,-0.00922563,0.008315348,-0.918485827,0.919954404,0.929022075,-0.926959134
0.36385,0.009837139,-0.010718011,-0.925600115,0.927100462,0.917090256,-0.915066822
0.3639,0.028606056,-0.029483625,-0.940892691,0.942425107,0.913606125,-0.911621864
0.36395,0.047153705,-0.048026713,-0.964244254,0.965809359,0.918409156,-0.916464039
0.364,0.065736968,-0.066604092,-0.99564191,0.99724065,0.931223604,-0.929317895
0.36405,0.084840835,-0.085700655,-1.035164297,1.036797939,0.951643254,-0.949777492
0.3641,0.105119487,-0.105970459,-1.082944053,1.084614188,0.979146655,-0.97732164
0.36415,0.127307005,-0.128147436,-1.139119336,1.140827872,1.013137996,-1.01135477
0.3642,0.152121754,-0.152949772,-1.203789981,1.205539144,1.052998882,-1.051258716
0.36425,0.180188065,-0.181001599,-1.276988005,1.278780335,1.098137148,-1.096441527
0.3643,0.211990205,-0.212786955,-1.358666406,1.360504752,1.148021696,-1.146372301
0.36435,0.247862693,-0.248640112,-1.448704682,1.450592198,1.202197692,-1.200596383
0.3644,0.288011364,-0.288766632,-1.546925722,1.548865862,1.260282392,-1.258731196
0.36445,0.332553383,-0.333283387,-1.653117285,1.655113797,1.321946612,-1.3204477
0.3645,0.381562661,-0.382263973,-1.767051997,1.769108919,1.386889302,-1.38544498
0.36455,0.435109152,-0.435778015,-1.88850186,1.890623509,1.454812757,-1.453425444
0.3646,0.49328491,-0.493917214,-2.017245755,2.019436724,1.525404069,-1.524076285
0.36465,0.556214703,-0.556805981,-2.153070582,2.155335728,1.598325638,-1.597059988
0.3647,0.624053168,-0.624598575,-2.295767973,2.298112412,1.673214742,-1.6720139
0.36475,0.6969729,-0.69746721,-2.445128959,2.447558053,1.749690103,-1.7485568
0.3648,0.744864921,-0.745303048,-2.509734496,2.512211659,1.773027033,-1.771963702
0.36485,0.758552252,-0.75893199,-2.471287921,2.473759613,1.714267477,-1.713272493
0.3649,0.776361299,-0.776681438,-2.43716849,2.439634722,1.66240038,-1.661471471
0.36495,0.796441426,-0.796700296,-2.357915731,2.360376517,1.556444294,-1.555604838
0.365,0.787357197,-0.787556439,-2.205970473,2.208425824,1.420170295,-1.419446834
0.36505,0.773372,-0.77351303,-2.068442935,2.070892863,1.296533972,-1.295916564
0.3651,0.7570061,-0.757090275,-1.943972375,1.946416893,1.188406601,-1.187886285
0.36515,0.739377848,-0.739406406,-1.832861053,1.835300172,1.094904106,-1.094472866
0.3652,0.722061568,-0.722035585,-1.735381809,1.737815541,1.014724738,-1.01437546
0.36525,0.706872321,-0.706792671,-1.651737722,1.654166079,0.946256191,-0.945982618
0.3653,0.695624687,-0.695492006,-1.582015793,1.584438788,0.887770601,-0.887567287
0.36535,0.689898903,-0.689713545,-1.526167478,1.528585121,0.837638943,-0.837501208
0.3654,0.690865847,-0.690627848,-1.484018721,1.486431025,0.794516085,-0.794439966
0.36545,0.699206732,-0.698915769,-1.4553035,1.457710476,0.75745464,-0.757436836
0.3655,0.715138627,-0.714793976,-1.439708611,1.442110272,0.725924231,-0.72596205
0.36555,0.738530334,-0.738130829,-1.436915545,1.439311902,0.699737492,-0.699828792
0.3656,0.76907235,-0.768616341,-1.446627945,1.44901901,0.678907565,-0.679050697
0.36565,0.806455064,-0.805940384,-1.468578981,1.470964765,0.663477276,-0.663671021
0.3657,0.850512843,-0.849936771,-1.502519776,1.504900292,0.653363471,-0.653606983
0.36575,0.901305774,-0.900665008,-1.548195566,1.550570824,0.648251429,-0.64854418
0.3658,0.959130512,-0.958421142,-1.605319016,1.607689029,0.647557331,-0.647899059
0.36585,1.024470464,-1.023687958,-1.6735496,1.675914379,0.650457451,-0.650848106
0.3659,1.097908514,-1.097047695,-1.752484757,1.754844313,0.655966582,-0.656406278
0.36595,1.180029885,-1.17908492,-1.841664106,1.844018451,0.663039391,-0.663528361
0.366,1.271339179,-1.270303567,-1.940583954,1.942933099,0.670667879,-0.671206427
0.36605,1.372206725,-1.371073288,-2.04871682,2.051060777,0.677954564,-0.678543021
0.3661,1.482848763,-1.481609641,-2.165530363,2.167869143,0.68415121,-0.684789891
0.36615,1.603336984,-1.601983624,-2.290501385,2.292835,0.68866331,-0.689352467
0.3662,1.733627466,-1.732150625,-2.423122968,2.425451429,0.691028261,-0.691768046
0.36625,1.8103001,-1.808720777,-2.507645248,2.509968567,0.692294802,-0.693085587
0.3663,1.842918677,-1.841272921,-2.509680779,2.511998966,0.668336182,-0.669175288
0.36635,1.879978886,-1.878265535,-2.518690194,2.52100326,0.640226265,-0.641111391
0.3664,1.868034997,-1.866253057,-2.443793855,2.446061016,0.583869891,-0.58479832
0.36645,1.770925756,-1.769078401,-2.273206879,2.275379428,0.503740379,-0.504707304
0.3665,1.680881162,-1.678972268,-2.111532855,2.113617291,0.432148384,-0.433148563
0.36655,1.595971499,-1.594004704,-1.962346265,1.964348608,0.367844982,-0.368873696
0.3666,1.516007756,-1.513986456,-1.825739242,1.827665036,0.311178533,-0.312231532
0.36665,1.441004427,-1.438931767,-1.701742741,1.703597062,0.262165072,-0.263238537
0.3667,1.371230537,-1.369109399,-1.590250929,1.592038395,0.220429444,-0.221519945
0.36675,1.307188688,-1.305021688,-1.49099209,1.492716875,0.185197061,-0.186301527
0.3668,1.249547929,-1.247337403,-1.403529668,1.405195508,0.155362082,-0.156477761
0.36685,1.199044851,-1.196792857,-1.327295461,1.328905665,0.129619495,-0.130743922
0.3669,1.156374786,-1.154083093,-1.261649092,1.263206557,0.106633401,-0.107764369
0.36695,1.122096852,-1.119766938,-1.205950854,1.20745807,0.085204806,-0.086340327
0.367,1.09657247,-1.094205514,-1.159630973,1.161090041,0.064402377,-0.065540653
0.36705,1.079948015,-1.077544894,-1.122238859,1.123651501,0.043629034,-0.044768417
0.3671,1.072181099,-1.069742381,-1.093460909,1.094828483,0.022613478,-0.023752434
0.36715,1.073102936,-1.070628877,-1.073100464,1.074423977,0.00134981,-0.0024521
0.3672,1.082482174,-1.079972717,-1.061042276,1.062322403,-0.020106313,0.018980838
0.36725,1.100104582,-1.097559349,-1.057183922,1.058421019,-0.041589885,0.040469125
0.3673,1.125827518,-1.123245809,-1.061369783,1.062563902,-0.063127112,0.062012529
0.36735,1.159594942,-1.156975739,-1.073353451,1.07450436,-0.084909872,0.083802996
0.3674,1.201435326,-1.198777289,-1.092772937,1.093880133,-0.107328542,0.106231004
0.36745,1.251433277,-1.248734747,-1.119157522,1.120220247,-0.130938347,0.129851909
0.3675,1.309690755,-1.306949756,-1.151956582,1.15297384,-0.156391755,0.155318335
0.36755,1.376288685,-1.373502927,-1.190581434,1.191552007,-0.184358238,0.183299933
0.3676,1.451257902,-1.448424787,-1.234448806,1.235371266,-0.215451751,0.214410865
0.36765,1.5345641,-1.531680723,-1.28301593,1.283888659,-0.250180584,0.24915965
0.3677,1.626106967,-1.62317012,-1.335800998,1.336622203,-0.288926043,0.287927842
0.36775,1.725730247,-1.722736429,-1.39238738,1.393155107,-0.331948299,0.330975889
0.3678,1.833237749,-1.830183167,-1.452414135,1.453126286,-0.379411883,0.378468612
0.36785,1.948410246,-1.945290825,-1.515558034,1.516212386,-0.43142056,0.430510092
0.3679,2.07101949,-2.067830877,-1.581513094,1.582107311,-0.488051819,0.487178144
0.36795,2.20083731,-2.197574883,-1.649972765,1.650504414,-0.549383779,0.548551234
0.368,2.337639541,-2.334298417,-1.720618056,1.721084622,-0.615510999,0.61472428
0.36805,2.481205783,-2.477780826,-1.793112722,1.793511623,-0.686549044,0.685813219
0.3681,2.540323044,-2.536851541,-1.812460186,1.812789131,-0.732908917,0.7322289
0.36815,2.496885474,-2.493421638,-1.749347505,1.749608278,-0.745975038,0.745352968
0.3682,2.457789415,-2.454333229,-1.693392772,1.693587802,-0.762908211,0.762345234
0.36825,2.426374373,-2.42292582,-1.642738265,1.642869731,-0.782152996,0.781650355
0.3683,2.349837058,-2.346396122,-1.538434263,1.538479006,-0.803329557,0.802888951
0.36835,2.200853768,-2.197420432,-1.404540507,1.404472142,-0.794888108,0.794507911
0.3684,2.066240373,-2.06281462,-1.283388728,1.283216991,-0.781385113,0.78106393
0.36845,1.944647676,-1.941229488,-1.177839725,1.177573385,-0.765363767,0.765100279
0.3685,1.83639105,-1.832980412,-1.086969843,1.086616736,-0.747995934,0.747788948
0.36855,1.74175325,-1.738350145,-1.009413308,1.00898038,-0.730930603,0.730779103
0.3686,1.660941338,-1.657545749,-0.943479523,0.942972878,-0.716065754,0.715968933
0.36865,1.594039274,-1.590651184,-0.887359879,0.88678482,-0.705294229,0.70525153
0.3687,1.540989025,-1.537608418,-0.839353525,0.8387146,-0.700259082,0.700270236
0.36875,1.501602468,-1.498229326,-0.798061568,0.797362624,-0.702171269,0.702236332
0.3688,1.475597445,-1.472231754,-0.762506675,0.761750904,-0.711726111,0.711845509
0.36885,1.462645058,-1.459286799,-0.732154197,0.731344197,-0.729129449,0.729304013
0.3689,1.462413528,-1.459062686,-0.706836356,0.705974184,-0.754217332,0.754448342
0.36895,1.47459687,-1.471253429,-0.686604916,0.685692151,-0.786632004,0.786921228
0.369,1.49892264,-1.495586583,-0.671553498,0.670591299,-0.826007347,0.82635708
0.36905,1.535140002,-1.531811312,-0.66165411,0.660643275,-0.872120418,0.87253351
0.3691,1.582994966,-1.579673628,-0.656643913,0.655584934,-0.92497993,0.925459818
0.36915,1.64220245,-1.638888447,-0.655981221,0.654874335,-0.984842305,0.985393037
0.3692,1.712424273,-1.709117589,-0.658870234,0.65771548,-1.052164949,1.0527912
0.36925,1.793259065,-1.789959684,-0.664337587,0.663134847,-1.127519612,1.128226703
0.3693,1.884245601,-1.880953507,-0.671334505,0.670083555,-1.211493568,1.21228748
0.36935,1.984876948,-1.981592125,-0.678837428,0.677537983,-1.304603141,1.305490521
0.3694,2.094620232,-2.091342663,-0.685925983,0.68457774,-1.407235498,1.408223673
0.36945,2.212936296,-2.209665966,-0.691827124,0.690429806,-1.519624176,1.520721156
0.3695,2.339294791,-2.336031684,-0.695924605,0.694478002,-1.641854694,1.643069174
0.36955,2.418321474,-2.415065574,-0.698694312,0.697197965,-1.711485097,1.712797126
0.3696,2.415910428,-2.412661719,-0.67525856,0.673715141,-1.739123224,1.740498543
0.36965,2.420642543,-2.417401009,-0.647606768,0.646018563,-1.771433622,1.772873223
0.3697,2.430746801,-2.427512426,-0.61792622,0.616295396,-1.811210701,1.812715757
0.36975,2.357031355,-2.353843432,-0.560596316,0.558925451,-1.80144145,1.803012973
0.3698,2.187785997,-2.18469141,-0.48036841,0.478662174,-1.705838761,1.707473594
0.36985,2.027729552,-2.024721881,-0.409635361,0.407898863,-1.616611576,1.618305864
0.3699,1.880485522,-1.877558827,-0.347180301,0.345418134,-1.531847897,1.533598025
0.36995,1.746141158,-1.743289974,-0.293226073,0.291442369,-1.451480047,1.453282643
0.37,1.624665465,-1.621884793,-0.247524908,0.245723378,-1.375725012,1.377576959
0.37005,1.515841932,-1.513127227,-0.209345861,0.207529827,-1.305097514,1.306995956
0.3701,1.41925869,-1.416605857,-0.177531679,0.175704109,-1.240343204,1.242285555
0.37015,1.334336406,-1.331741781,-0.150637915,0.14880146,-1.182327431,1.18431138
0.3702,1.260390268,-1.257850615,-0.127126658,0.125283677,-1.131903515,1.133927033
0.37025,1.196713486,-1.194225984,-0.105573575,0.103726173,-1.089789188,1.091850534
0.3703,1.142663323,-1.140225555,-0.084843182,0.082993242,-1.056477365,1.058575089
0.37035,1.097729199,-1.095339138,-0.064194801,0.062344018,-1.032198284,1.034331234
0.3704,1.061566531,-1.059222527,-0.043298897,0.041448817,-1.016937008,1.019104336
0.37045,1.033988825,-1.031689595,-0.022165686,0.020317748,-1.01049691,1.012698075
0.3705,1.014916543,-1.01266115,-9.97E-04,-8.20E-04,-1.01259457,1.014829348
0.37055,1.004324518,-1.002112356,0.019954568,-0.021740561,-1.022933064,1.025201544
0.3706,1.002142217,-0.999972999,0.040504415,-0.042284331,-1.041300664,1.043603259
0.37065,1.00819287,-1.006066609,0.060757643,-0.062530091,-1.067604885,1.069942328
0.3707,1.022166633,-1.020083624,0.081046905,-0.082810421,-1.101867118,1.104240465
0.37075,1.043613022,-1.041573832,0.10193452,-0.103687532,-1.144199139,1.146609767
0.3708,1.071969672,-1.069975119,0.124137292,-0.125878099,-1.194755289,1.197204893
0.37085,1.106611109,-1.104662249,0.14842642,-0.150153159,-1.253681171,1.256171766
0.3709,1.14690402,-1.145002132,0.175529877,-0.177240504,-1.321071311,1.323605222
0.37095,1.192255413,-1.190401982,0.206058869,-0.207751131,-1.396943765,1.39952363
0.371,1.242143957,-1.24034066,0.240470103,-0.242141518,-1.481233738,1.4838625
0.37105,1.296130554,-1.294379239,0.279064799,-0.280712629,-1.573803159,1.576484063
0.3711,1.353849906,-1.352152582,0.322016539,-0.32363777,-1.674460106,1.677196691
0.37115,1.414989019,-1.413347837,0.369415194,-0.371006516,-1.782981234,1.785777332
0.3712,1.479260391,-1.477677625,0.421313492,-0.422871276,-1.899131529,1.901991256
0.37125,1.546377103,-1.54485514,0.477765563,-0.479285848,-2.022677954,2.025605701
0.3713,1.616034933,-1.614576254,0.538851378,-0.540329853,-2.153395994,2.156396424
0.37135,1.687903727,-1.686510892,0.604685776,-0.606117768,-2.291070064,2.294148099
0.3714,1.761627659,-1.760303294,0.675414524,-0.676794984,-2.435489823,2.438650638
0.37145,1.782199264,-1.780945706,0.721454851,-0.722778881,-2.495479559,2.498686596
0.3715,1.720307217,-1.719122722,0.734184187,-0.735449666,-2.45294358,2.456143534
0.37155,1.665533895,-1.664416076,0.750831043,-0.752036844,-2.414756798,2.417949684
0.3716,1.556436297,-1.555408442,0.769684338,-0.77082888,-2.331136758,2.334322593
0.37165,1.416210984,-1.415299376,0.759482945,-0.760567935,-2.174123988,2.177302786
0.3717,1.288776236,-1.287970628,0.744195971,-0.745222909,-2.031497099,2.034668876
0.37175,1.177012936,-1.176304083,0.726343194,-0.72731354,-1.901904494,1.905069267
0.3718,1.080065311,-1.079444933,0.707024003,-0.707939118,-1.785657791,1.788815574
0.37185,0.996673957,-0.996134696,0.687784452,-0.688645556,-1.683043926,1.686194735
0.3719,0.925272499,-0.924807879,0.670413267,-0.671221396,-1.594285596,1.597429446
0.37195,0.864172059,-0.863776434,0.656710002,-0.65746597,-1.519493779,1.522630686
0.372,0.811767963,-0.811436476,0.648256164,-0.648960523,-1.458645573,1.461775552
0.37205,0.766721864,-0.766450395,0.646239877,-0.646892876,-1.411590973,1.41471404
0.3721,0.728077671,-0.727862789,0.651370789,-0.651972333,-1.378083707,1.381199876
0.37215,0.695286617,-0.69512552,0.663898497,-0.664448105,-1.357824726,1.360934013
0.3722,0.668140406,-0.668030866,0.683721673,-0.684218433,-1.350504479,1.353606899
0.37225,0.646634779,-0.646575082,0.71055372,-0.710996253,-1.355832133,1.358927701
0.3723,0.63080192,-0.630790804,0.744100109,-0.744486527,-1.373545314,1.376634046
0.37235,0.620554739,-0.620591342,0.784204625,-0.784532498,-1.403400647,1.406482557
0.3724,0.615578655,-0.615662452,0.830934966,-0.831201288,-1.445151129,1.448226233
0.37245,0.615290352,-0.615421105,0.88459738,-0.884798549,-1.498519536,1.501587849
0.3725,0.618863725,-0.619041428,0.945689246,-0.945821041,-1.563176952,1.566238488
0.37255,0.625306647,-0.625531481,1.014812127,-1.014869687,-1.638732584,1.641787358
0.3726,0.633562514,-0.633834796,1.092573163,-1.092550973,-1.724736709,1.727784737
0.37265,0.642609311,-0.642929448,1.179499652,-1.179391534,-1.820694324,1.823735621
0.3727,0.651534964,-0.651903408,1.275982959,-1.275782057,-1.926084404,1.929118984
0.37275,0.6595779,-0.659995103,1.382257067,-1.381955841,-2.040379017,2.043406895
0.3728,0.666132434,-0.666598801,1.498407649,-1.49799787,-2.163057781,2.166078972
0.37285,0.670726781,-0.671242632,1.624401622,-1.623874362,-2.29361544,2.296629957
0.3729,0.674103977,-0.674669864,1.697353282,-1.696728009,-2.37652991,2.37953777
0.37295,0.651586003,-0.652199354,1.727509385,-1.726819873,-2.377545038,2.380546254
0.373,0.62487873,-0.625537354,1.76223933,-1.761484502,-2.385628352,2.38862294
0.37305,0.569461198,-0.570162494,1.748266695,-1.747445643,-2.309642632,2.312592004
0.3731,0.489469812,-0.490209009,1.649479445,-1.648595412,-2.137514895,2.14037325
0.37315,0.418192646,-0.41896454,1.557655314,-1.556712243,-1.974375312,1.977149199
0.3732,0.354456398,-0.355256321,1.470815821,-1.469817422,-1.823825235,1.826520719
0.37325,0.298661275,-0.299485039,1.388743312,-1.387693055,-1.685980009,1.688602673
0.3733,0.250839516,-0.251683374,1.311451406,-1.310352513,-1.560885926,1.563440884
0.37335,0.210589642,-0.21145025,1.239238438,-1.238093868,-1.448440146,1.450932053
0.3734,0.17707192,-0.177946299,1.172661347,-1.171473795,-1.348360152,1.350793209
0.37345,0.149090868,-0.149976376,1.112456775,-1.111228659,-1.260187355,1.262565323
0.3735,0.125249226,-0.126143516,1.059426756,-1.058160217,-1.183326752,1.185652963
0.37355,0.104140016,-0.105041011,1.014315024,-1.013011914,-1.1171153,1.119392665
0.3736,0.084533398,-0.085439255,0.977701814,-0.976363692,-1.060903569,1.06313459
0.37365,0.065516064,-0.066425139,0.949939632,-0.948567765,-1.014130908,1.016317692
0.3737,0.046553154,-0.047463963,0.931141343,-0.929736691,-0.976375441,0.97851971
0.37375,0.027462764,-0.028373947,0.921218331,-0.919781546,-0.947366741,0.949469847
0.3738,0.008315348,-0.00922563,0.919954405,-0.918485827,-0.926959135,0.929022075
0.37385,-0.010718011,0.009837139,0.927100462,-0.925600115,-0.915066822,0.917090256
0.3739,-0.029483625,0.028606056,0.942425107,-0.940892691,-0.911621864,0.913606125
0.37395,-0.048026713,0.047153705,0.965809359,-0.964244254,-0.916464039,0.918409156
0.374,-0.066604092,0.065736968,0.99724065,-0.99564191,-0.929317895,0.931223604
0.37405,-0.085700655,0.084840835,1.036797939,-1.035164297,-0.949777492,0.951643254
0.3741,-0.105970459,0.105119487,1.084614188,-1.082944053,-0.97732164,0.979146655
0.37415,-0.128147436,0.127307005,1.140827872,-1.139119336,-1.01135477,1.013137996
0.3742,-0.152949772,0.152121754,1.205539144,-1.203789981,-1.051258716,1.052998882
0.37425,-0.181001599,0.180188065,1.278780335,-1.276988005,-1.096441527,1.098137148
0.3743,-0.212786955,0.211990205,1.360504752,-1.358666406,-1.146372301,1.148021696
0.37435,-0.248640112,0.247862693,1.450592198,-1.448704682,-1.200596383,1.202197692
0.3744,-0.288766632,0.288011363,1.548865862,-1.546925722,-1.258731196,1.260282392
0.37445,-0.333283387,0.332553383,1.655113797,-1.653117285,-1.3204477,1.321946612
0.3745,-0.382263973,0.38156266,1.769108919,-1.767051997,-1.38544498,1.386889302
0.37455,-0.435778015,0.435109152,1.890623509,-1.888501859,-1.453425444,1.454812757
0.3746,-0.493917214,0.493284909,2.019436723,-2.017245755,-1.524076285,1.525404069
0.37465,-0.556805981,0.556214703,2.155335728,-2.153070582,-1.597059988,1.598325638
0.3747,-0.624598575,0.624053167,2.298112411,-2.295767973,-1.6720139,1.673214742
0.37475,-0.69746721,0.6969729,2.447558053,-2.445128958,-1.7485568,1.749690102
0.3748,-0.745303048,0.744864921,2.512211659,-2.509734496,-1.771963702,1.773027033
0.37485,-0.75893199,0.758552251,2.473759613,-2.471287921,-1.713272492,1.714267477
0.3749,-0.776681438,0.776361299,2.439634722,-2.437168489,-1.66147147,1.66240038
0.37495,-0.796700295,0.796441426,2.360376517,-2.357915731,-1.555604838,1.556444294
0.375,-0.787556439,0.787357197,2.208425824,-2.205970473,-1.419446834,1.420170295
0.37505,-0.77351303,0.773372,2.070892863,-2.068442935,-1.295916564,1.296533972
0.3751,-0.757090275,0.7570061,1.946416893,-1.943972375,-1.187886284,1.1884066
0.37515,-0.739406405,0.739377847,1.835300172,-1.832861053,-1.094472866,1.094904106
0.3752,-0.722035584,0.722061567,1.737815541,-1.735381809,-1.01437546,1.014724738
0.37525,-0.706792671,0.70687232,1.654166079,-1.651737721,-0.945982618,0.946256191
0.3753,-0.695492005,0.695624687,1.584438787,-1.582015793,-0.887567287,0.887770601
0.37535,-0.689713544,0.689898903,1.528585121,-1.526167477,-0.837501208,0.837638942
0.3754,-0.690627847,0.690865847,1.486431024,-1.48401872,-0.794439965,0.794516085
0.37545,-0.698915768,0.699206731,1.457710476,-1.455303499,-0.757436835,0.75745464
0.3755,-0.714793975,0.715138626,1.442110272,-1.439708611,-0.72596205,0.725924231
0.37555,-0.738130829,0.738530334,1.439311902,-1.436915545,-0.699828792,0.699737491
0.3756,-0.768616341,0.76907235,1.449019009,-1.446627944,-0.679050697,0.678907565
0.37565,-0.805940384,0.806455064,1.470964764,-1.46857898,-0.663671021,0.663477276
0.3757,-0.84993677,0.850512842,1.504900291,-1.502519776,-0.653606983,0.653363471
0.37575,-0.900665007,0.901305774,1.550570824,-1.548195566,-0.64854418,0.648251428
0.3758,-0.958421142,0.959130511,1.607689028,-1.605319016,-0.647899059,0.647557331
0.37585,-1.023687957,1.024470463,1.675914378,-1.6735496,-0.650848106,0.650457451
0.3759,-1.097047695,1.097908514,1.754844312,-1.752484756,-0.656406278,0.655966582
0.37595,-1.17908492,1.180029885,1.84401845,-1.841664106,-0.663528361,0.663039391
0.376,-1.270303566,1.271339178,1.942933098,-1.940583953,-0.671206427,0.670667879
0.37605,-1.371073288,1.372206724,2.051060777,-2.04871682,-0.678543021,0.677954563
0.3761,-1.48160964,1.482848763,2.167869142,-2.165530362,-0.684789891,0.68415121
0.37615,-1.601983623,1.603336983,2.292835,-2.290501385,-0.689352467,0.68866331
0.3762,-1.732150625,1.733627465,2.425451428,-2.423122967,-0.691768046,0.69102826
0.37625,-1.808720776,1.8103001,2.509968566,-2.507645248,-0.693085587,0.692294802
0.3763,-1.84127292,1.842918676,2.511998966,-2.509680779,-0.669175288,0.668336182
0.37635,-1.878265535,1.879978886,2.52100326,-2.518690193,-0.641111391,0.640226265
0.3764,-1.866253056,1.868034997,2.446061015,-2.443793854,-0.58479832,0.58386989
0.37645,-1.7690784,1.770925755,2.275379427,-2.273206878,-0.504707303,0.503740379
0.3765,-1.678972268,1.680881162,2.113617291,-2.111532855,-0.433148563,0.432148384
0.37655,-1.594004704,1.595971499,1.964348608,-1.962346264,-0.368873696,0.367844982
0.3766,-1.513986455,1.516007755,1.827665035,-1.825739241,-0.312231532,0.311178533
0.37665,-1.438931766,1.441004426,1.703597061,-1.70174274,-0.263238537,0.262165072
0.3767,-1.369109398,1.371230536,1.592038395,-1.590250928,-0.221519945,0.220429443
0.37675,-1.305021687,1.307188688,1.492716874,-1.490992089,-0.186301527,0.185197061
0.3768,-1.247337403,1.249547928,1.405195507,-1.403529668,-0.156477761,0.155362082
0.37685,-1.196792856,1.19904485,1.328905664,-1.32729546,-0.130743922,0.129619495
0.3769,-1.154083093,1.156374785,1.263206556,-1.261649092,-0.107764369,0.106633401
0.37695,-1.119766938,1.122096851,1.207458069,-1.205950853,-0.086340327,0.085204806
0.377,-1.094205514,1.096572469,1.161090041,-1.159630973,-0.065540653,0.064402377
0.37705,-1.077544893,1.079948015,1.1236515,-1.122238858,-0.044768417,0.043629034
0.3771,-1.06974238,1.072181098,1.094828482,-1.093460908,-0.023752434,0.022613478
0.37715,-1.070628877,1.073102935,1.074423977,-1.073100463,-0.0024521,0.00134981
0.3772,-1.079972716,1.082482173,1.062322403,-1.061042275,0.018980838,-0.020106313
0.37725,-1.097559348,1.100104582,1.058421018,-1.057183922,0.040469125,-0.041589884
0.3773,-1.123245808,1.125827517,1.062563902,-1.061369783,0.062012529,-0.063127112
0.37735,-1.156975738,1.159594941,1.07450436,-1.073353451,0.083802996,-0.084909872
0.3774,-1.198777289,1.201435326,1.093880132,-1.092772936,0.106231004,-0.107328542
0.37745,-1.248734746,1.251433277,1.120220246,-1.119157521,0.129851909,-0.130938347
0.3775,-1.306949755,1.309690754,1.152973839,-1.151956581,0.155318334,-0.156391755
0.37755,-1.373502927,1.376288684,1.191552006,-1.190581433,0.183299933,-0.184358238
0.3776,-1.448424786,1.451257901,1.235371266,-1.234448806,0.214410865,-0.215451751
0.37765,-1.531680722,1.5345641,1.283888658,-1.283015929,0.24915965,-0.250180584
0.3777,-1.623170119,1.626106966,1.336622202,-1.335800998,0.287927842,-0.288926043
0.37775,-1.722736428,1.725730246,1.393155106,-1.39238738,0.330975889,-0.331948299
0.3778,-1.830183167,1.833237748,1.453126286,-1.452414134,0.378468612,-0.379411883
0.37785,-1.945290825,1.948410246,1.516212386,-1.515558033,0.430510091,-0.43142056
0.3779,-2.067830876,2.07101949,1.58210731,-1.581513093,0.487178143,-0.488051819
0.37795,-2.197574882,2.200837309,1.650504413,-1.649972765,0.548551234,-0.549383779
0.378,-2.334298416,2.33763954,1.721084622,-1.720618056,0.61472428,-0.615510999
0.37805,-2.477780825,2.481205782,1.793511623,-1.793112721,0.685813219,-0.686549044
0.3781,-2.53685154,2.540323044,1.81278913,-1.812460185,0.7322289,-0.732908916
0.37815,-2.493421637,2.496885473,1.749608278,-1.749347505,0.745352968,-0.745975037
0.3782,-2.454333228,2.457789414,1.693587801,-1.693392772,0.762345234,-0.762908211
0.37825,-2.42292582,2.426374372,1.64286973,-1.642738264,0.781650354,-0.782152996
0.3783,-2.346396121,2.349837057,1.538479006,-1.538434262,0.80288895,-0.803329557
0.37835,-2.197420431,2.200853767,1.404472141,-1.404540506,0.79450791,-0.794888108
0.3784,-2.062814619,2.066240372,1.283216991,-1.283388727,0.78106393,-0.781385112
0.37845,-1.941229488,1.944647675,1.177573385,-1.177839724,0.765100278,-0.765363767
0.3785,-1.832980411,1.836391049,1.086616736,-1.086969843,0.747788948,-0.747995933
0.37855,-1.738350144,1.741753249,1.00898038,-1.009413307,0.730779103,-0.730930603
0.3786,-1.657545748,1.660941338,0.942972877,-0.943479522,0.715968932,-0.716065753
0.37865,-1.590651183,1.594039274,0.886784819,-0.887359879,0.70525153,-0.705294229
0.3787,-1.537608417,1.540989024,0.8387146,-0.839353524,0.700270235,-0.700259082
0.37875,-1.498229325,1.501602467,0.797362624,-0.798061568,0.702236332,-0.702171268
0.3788,-1.472231753,1.475597445,0.761750904,-0.762506675,0.711845508,-0.71172611
0.37885,-1.459286798,1.462645057,0.731344197,-0.732154197,0.729304013,-0.729129449
0.3789,-1.459062685,1.462413527,0.705974183,-0.706836355,0.754448342,-0.754217332
0.37895,-1.471253428,1.47459687,0.685692151,-0.686604916,0.786921228,-0.786632003
0.379,-1.495586582,1.49892264,0.670591299,-0.671553497,0.826357079,-0.826007346
0.37905,-1.531811311,1.535140001,0.660643275,-0.66165411,0.872533509,-0.872120417
0.3791,-1.579673627,1.582994965,0.655584933,-0.656643913,0.925459817,-0.924979929
0.37915,-1.638888447,1.64220245,0.654874335,-0.655981221,0.985393036,-0.984842305
0.3792,-1.709117589,1.712424273,0.657715479,-0.658870234,1.052791199,-1.052164949
0.37925,-1.789959683,1.793259064,0.663134846,-0.664337587,1.128226703,-1.127519611
0.3793,-1.880953506,1.8842456,0.670083555,-0.671334504,1.212287479,-1.211493567
0.37935,-1.981592124,1.984876947,0.677537983,-0.678837427,1.305490521,-1.30460314
0.3794,-2.091342662,2.094620231,0.68457774,-0.685925983,1.408223673,-1.407235498
0.37945,-2.209665966,2.212936295,0.690429806,-0.691827124,1.520721155,-1.519624176
0.3795,-2.336031683,2.33929479,0.694478002,-0.695924605,1.643069174,-1.641854693
0.37955,-2.415065573,2.418321473,0.697197965,-0.698694311,1.712797126,-1.711485097
0.3796,-2.412661718,2.415910427,0.673715141,-0.67525856,1.740498542,-1.739123224
0.37965,-2.417401008,2.420642542,0.646018562,-0.647606768,1.772873222,-1.771433621
0.3797,-2.427512426,2.4307468,0.616295396,-0.61792622,1.812715756,-1.8112107
0.37975,-2.353843432,2.357031354,0.558925451,-0.560596316,1.803012972,-1.801441449
0.3798,-2.184691409,2.187785996,0.478662174,-0.48036841,1.707473593,-1.70583876
0.37985,-2.024721881,2.027729552,0.407898862,-0.409635361,1.618305864,-1.616611575
0.3799,-1.877558826,1.880485521,0.345418134,-0.347180301,1.533598025,-1.531847896
0.37995,-1.743289974,1.746141158,0.291442369,-0.293226072,1.453282643,-1.451480047
0.38,-1.621884792,1.624665464,0.245723378,-0.247524908,1.377576958,-1.375725012
0.38005,-1.513127227,1.515841931,0.207529827,-0.209345861,1.306995955,-1.305097514
0.3801,-1.416605856,1.41925869,0.175704109,-0.177531679,1.242285554,-1.240343203
0.38015,-1.33174178,1.334336405,0.14880146,-0.150637915,1.18431138,-1.18232743
0.3802,-1.257850614,1.260390268,0.125283677,-0.127126658,1.133927033,-1.131903514
0.38025,-1.194225983,1.196713485,0.103726173,-0.105573575,1.091850533,-1.089789187
0.3803,-1.140225554,1.142663323,0.082993242,-0.084843182,1.058575088,-1.056477364
0.38035,-1.095339137,1.097729199,0.062344018,-0.064194801,1.034331234,-1.032198283
0.3804,-1.059222527,1.06156653,0.041448817,-0.043298897,1.019104335,-1.016937007
0.38045,-1.031689594,1.033988824,0.020317748,-0.022165686,1.012698075,-1.010496909
0.3805,-1.012661149,1.014916543,-8.20E-04,-9.97E-04,1.014829347,-1.01259457
0.38055,-1.002112356,1.004324517,-0.021740561,0.019954568,1.025201543,-1.022933063
0.3806,-0.999972999,1.002142216,-0.042284331,0.040504415,1.043603258,-1.041300663
0.38065,-1.006066608,1.00819287,-0.062530091,0.060757643,1.069942328,-1.067604884
0.3807,-1.020083624,1.022166632,-0.082810421,0.081046905,1.104240464,-1.101867117
0.38075,-1.041573831,1.043613022,-0.103687532,0.10193452,1.146609766,-1.144199139
0.3808,-1.069975118,1.071969672,-0.125878099,0.124137292,1.197204893,-1.194755288
0.38085,-1.104662248,1.106611109,-0.150153159,0.14842642,1.256171765,-1.253681171
0.3809,-1.145002131,1.146904019,-0.177240503,0.175529877,1.323605221,-1.32107131
0.38095,-1.190401982,1.192255412,-0.207751131,0.206058869,1.399523629,-1.396943764
0.381,-1.240340659,1.242143957,-0.242141518,0.240470103,1.4838625,-1.481233738
0.38105,-1.294379239,1.296130554,-0.280712629,0.279064799,1.576484062,-1.573803159
0.3811,-1.352152582,1.353849905,-0.32363777,0.322016539,1.677196691,-1.674460105
0.38115,-1.413347836,1.414989019,-0.371006516,0.369415194,1.785777332,-1.782981233
0.3812,-1.477677625,1.47926039,-0.422871276,0.421313492,1.901991255,-1.899131528
0.38125,-1.54485514,1.546377102,-0.479285848,0.477765563,2.025605701,-2.022677953
0.3813,-1.614576253,1.616034932,-0.540329853,0.538851378,2.156396424,-2.153395994
0.38135,-1.686510892,1.687903727,-0.606117767,0.604685776,2.294148098,-2.291070064
0.3814,-1.760303294,1.761627658,-0.676794984,0.675414524,2.438650638,-2.435489823
0.38145,-1.780945705,1.782199264,-0.722778881,0.721454851,2.498686595,-2.495479558
0.3815,-1.719122721,1.720307217,-0.735449666,0.734184187,2.456143534,-2.45294358
0.38155,-1.664416075,1.665533895,-0.752036844,0.750831043,2.417949684,-2.414756797
0.3816,-1.555408441,1.556436297,-0.77082888,0.769684338,2.334322592,-2.331136758
0.38165,-1.415299376,1.416210984,-0.760567935,0.759482945,2.177302785,-2.174123987
0.3817,-1.287970628,1.288776236,-0.745222909,0.744195971,2.034668876,-2.031497098
0.38175,-1.176304082,1.177012936,-0.72731354,0.726343194,1.905069266,-1.901904494
0.3818,-1.079444932,1.080065311,-0.707939118,0.707024003,1.788815573,-1.78565779
0.38185,-0.996134696,0.996673957,-0.688645555,0.687784451,1.686194734,-1.683043925
0.3819,-0.924807879,0.925272499,-0.671221396,0.670413267,1.597429445,-1.594285595
0.38195,-0.863776434,0.864172059,-0.65746597,0.656710002,1.522630686,-1.519493779
0.382,-0.811436476,0.811767963,-0.648960522,0.648256163,1.461775552,-1.458645573
0.38205,-0.766450395,0.766721863,-0.646892876,0.646239877,1.414714039,-1.411590973
0.3821,-0.727862789,0.728077671,-0.651972333,0.651370789,1.381199876,-1.378083707
0.38215,-0.69512552,0.695286617,-0.664448105,0.663898497,1.360934013,-1.357824726
0.3822,-0.668030866,0.668140406,-0.684218433,0.683721672,1.353606899,-1.350504479
0.38225,-0.646575081,0.646634779,-0.710996253,0.710553719,1.358927701,-1.355832132
0.3823,-0.630790804,0.63080192,-0.744486527,0.744100108,1.376634046,-1.373545314
0.38235,-0.620591342,0.620554739,-0.784532498,0.784204625,1.406482557,-1.403400647
0.3824,-0.615662452,0.615578655,-0.831201288,0.830934965,1.448226232,-1.445151128
0.38245,-0.615421104,0.615290352,-0.884798549,0.884597379,1.501587849,-1.498519536
0.3825,-0.619041428,0.618863724,-0.94582104,0.945689246,1.566238487,-1.563176951
0.38255,-0.625531481,0.625306646,-1.014869686,1.014812127,1.641787358,-1.638732583
0.3826,-0.633834796,0.633562513,-1.092550973,1.092573163,1.727784737,-1.724736708
0.38265,-0.642929448,0.642609311,-1.179391533,1.179499652,1.82373562,-1.820694324
0.3827,-0.651903408,0.651534964,-1.275782057,1.275982959,1.929118984,-1.926084404
0.38275,-0.659995103,0.6595779,-1.381955841,1.382257066,2.043406894,-2.040379017
0.3828,-0.666598801,0.666132434,-1.497997869,1.498407649,2.166078972,-2.163057781
0.38285,-0.671242632,0.670726781,-1.623874362,1.624401622,2.296629957,-2.293615439
0.3829,-0.674669864,0.674103977,-1.696728009,1.697353282,2.37953777,-2.37652991
0.38295,-0.652199354,0.651586003,-1.726819873,1.727509385,2.380546254,-2.377545037
0.383,-0.625537354,0.62487873,-1.761484502,1.76223933,2.38862294,-2.385628352
0.38305,-0.570162494,0.569461198,-1.747445643,1.748266695,2.312592003,-2.309642632
0.3831,-0.490209009,0.489469812,-1.648595411,1.649479445,2.14037325,-2.137514895
0.38315,-0.41896454,0.418192646,-1.556712242,1.557655314,1.977149199,-1.974375312
0.3832,-0.355256321,0.354456398,-1.469817421,1.470815821,1.826520719,-1.823825235
0.38325,-0.299485039,0.298661275,-1.387693055,1.388743312,1.688602673,-1.685980009
0.3833,-0.251683374,0.250839516,-1.310352512,1.311451406,1.563440884,-1.560885925
0.38335,-0.21145025,0.210589642,-1.238093868,1.239238438,1.450932053,-1.448440146
0.3834,-0.177946299,0.177071919,-1.171473795,1.172661347,1.350793209,-1.348360152
0.38345,-0.149976376,0.149090868,-1.111228659,1.112456775,1.262565323,-1.260187355
0.3835,-0.126143516,0.125249226,-1.058160216,1.059426756,1.185652963,-1.183326752
0.38355,-0.105041011,0.104140016,-1.013011914,1.014315024,1.119392665,-1.1171153
0.3836,-0.085439255,0.084533398,-0.976363692,0.977701813,1.06313459,-1.060903569
0.38365,-0.066425139,0.065516064,-0.948567764,0.949939632,1.016317692,-1.014130908
0.3837,-0.047463963,0.046553154,-0.929736691,0.931141343,0.97851971,-0.976375441
0.38375,-0.028373947,0.027462764,-0.919781546,0.921218331,0.949469847,-0.947366741
0.3838,-0.00922563,0.008315348,-0.918485827,0.919954404,0.929022075,-0.926959134
0.38385,0.009837139,-0.010718011,-0.925600115,0.927100462,0.917090256,-0.915066822
0.3839,0.028606056,-0.029483625,-0.940892691,0.942425107,0.913606125,-0.911621864
0.38395,0.047153705,-0.048026713,-0.964244254,0.965809359,0.918409156,-0.916464039
0.384,0.065736968,-0.066604092,-0.99564191,0.99724065,0.931223604,-0.929317895
0.38405,0.084840835,-0.085700655,-1.035164297,1.036797939,0.951643254,-0.949777492
0.3841,0.105119487,-0.105970459,-1.082944053,1.084614188,0.979146655,-0.97732164
0.38415,0.127307005,-0.128147436,-1.139119336,1.140827872,1.013137996,-1.01135477
0.3842,0.152121754,-0.152949772,-1.203789981,1.205539144,1.052998882,-1.051258716
0.38425,0.180188065,-0.181001599,-1.276988005,1.278780335,1.098137148,-1.096441527
0.3843,0.211990205,-0.212786955,-1.358666406,1.360504752,1.148021696,-1.146372301
0.38435,0.247862693,-0.248640112,-1.448704682,1.450592198,1.202197692,-1.200596383
0.3844,0.288011364,-0.288766632,-1.546925722,1.548865862,1.260282392,-1.258731196
0.38445,0.332553383,-0.333283387,-1.653117285,1.655113797,1.321946612,-1.3204477
0.3845,0.381562661,-0.382263973,-1.767051997,1.769108919,1.386889302,-1.38544498
0.38455,0.435109152,-0.435778015,-1.88850186,1.890623509,1.454812757,-1.453425444
0.3846,0.49328491,-0.493917214,-2.017245755,2.019436724,1.525404069,-1.524076285
0.38465,0.556214703,-0.556805981,-2.153070582,2.155335728,1.598325638,-1.597059988
0.3847,0.624053168,-0.624598575,-2.295767973,2.298112412,1.673214742,-1.6720139
0.38475,0.6969729,-0.69746721,-2.445128959,2.447558053,1.749690103,-1.7485568
0.3848,0.744864921,-0.745303048,-2.509734496,2.512211659,1.773027033,-1.771963702
0.38485,0.758552252,-0.75893199,-2.471287921,2.473759613,1.714267477,-1.713272493
0.3849,0.776361299,-0.776681438,-2.43716849,2.439634722,1.66240038,-1.661471471
0.38495,0.796441426,-0.796700296,-2.357915731,2.360376517,1.556444294,-1.555604838
0.385,0.787357197,-0.787556439,-2.205970473,2.208425824,1.420170295,-1.419446834
0.38505,0.773372,-0.77351303,-2.068442935,2.070892863,1.296533972,-1.295916564
0.3851,0.7570061,-0.757090275,-1.943972375,1.946416893,1.188406601,-1.187886285
0.38515,0.739377848,-0.739406406,-1.832861053,1.835300172,1.094904106,-1.094472866
0.3852,0.722061568,-0.722035585,-1.735381809,1.737815541,1.014724738,-1.01437546
0.38525,0.706872321,-0.706792671,-1.651737722,1.654166079,0.946256191,-0.945982618
0.3853,0.695624687,-0.695492006,-1.582015793,1.584438788,0.887770601,-0.887567287
0.38535,0.689898903,-0.689713545,-1.526167478,1.528585121,0.837638943,-0.837501208
0.3854,0.690865847,-0.690627848,-1.484018721,1.486431025,0.794516085,-0.794439966
0.38545,0.699206732,-0.698915769,-1.4553035,1.457710476,0.75745464,-0.757436836
0.3855,0.715138627,-0.714793976,-1.439708611,1.442110272,0.725924231,-0.72596205
0.38555,0.738530334,-0.738130829,-1.436915545,1.439311902,0.699737492,-0.699828792
0.3856,0.76907235,-0.768616341,-1.446627945,1.44901901,0.678907565,-0.679050697
0.38565,0.806455064,-0.805940384,-1.468578981,1.470964765,0.663477276,-0.663671021
0.3857,0.850512843,-0.849936771,-1.502519776,1.504900292,0.653363471,-0.653606983
0.38575,0.901305774,-0.900665008,-1.548195566,1.550570824,0.648251429,-0.64854418
0.3858,0.959130512,-0.958421142,-1.605319016,1.607689029,0.647557331,-0.647899059
0.38585,1.024470464,-1.023687958,-1.6735496,1.675914379,0.650457451,-0.650848106
0.3859,1.097908514,-1.097047695,-1.752484757,1.754844313,0.655966582,-0.656406278
0.38595,1.180029885,-1.17908492,-1.841664106,1.844018451,0.663039391,-0.663528361
0.386,1.271339179,-1.270303567,-1.940583954,1.942933099,0.670667879,-0.671206427
0.38605,1.372206725,-1.371073288,-2.04871682,2.051060777,0.677954564,-0.678543021
0.3861,1.482848763,-1.481609641,-2.165530363,2.167869143,0.68415121,-0.684789891
0.38615,1.603336984,-1.601983624,-2.290501385,2.292835,0.68866331,-0.689352467
0.3862,1.733627466,-1.732150625,-2.423122968,2.425451429,0.691028261,-0.691768046
0.38625,1.8103001,-1.808720777,-2.507645248,2.509968567,0.692294802,-0.693085587
0.3863,1.842918677,-1.841272921,-2.509680779,2.511998966,0.668336182,-0.669175288
0.38635,1.879978886,-1.878265535,-2.518690194,2.52100326,0.640226265,-0.641111391
0.3864,1.868034997,-1.866253057,-2.443793855,2.446061016,0.583869891,-0.58479832
0.38645,1.770925756,-1.769078401,-2.273206879,2.275379428,0.503740379,-0.504707304
0.3865,1.680881162,-1.678972268,-2.111532855,2.113617291,0.432148384,-0.433148563
0.38655,1.595971499,-1.594004704,-1.962346265,1.964348608,0.367844982,-0.368873696
0.3866,1.516007756,-1.513986456,-1.825739242,1.827665036,0.311178533,-0.312231532
0.38665,1.441004427,-1.438931767,-1.701742741,1.703597062,0.262165072,-0.263238537
0.3867,1.371230537,-1.369109399,-1.590250929,1.592038395,0.220429444,-0.221519945
0.38675,1.307188688,-1.305021688,-1.49099209,1.492716875,0.185197061,-0.186301527
0.3868,1.249547929,-1.247337403,-1.403529668,1.405195508,0.155362082,-0.156477761
0.38685,1.199044851,-1.196792857,-1.327295461,1.328905665,0.129619495,-0.130743922
0.3869,1.156374786,-1.154083093,-1.261649092,1.263206557,0.106633401,-0.107764369
0.38695,1.122096852,-1.119766938,-1.205950854,1.20745807,0.085204806,-0.086340327
0.387,1.09657247,-1.094205514,-1.159630973,1.161090041,0.064402377,-0.065540653
0.38705,1.079948015,-1.077544894,-1.122238859,1.123651501,0.043629034,-0.044768417
0.3871,1.072181099,-1.069742381,-1.093460909,1.094828483,0.022613478,-0.023752434
0.38715,1.073102936,-1.070628877,-1.073100464,1.074423977,0.00134981,-0.0024521
0.3872,1.082482174,-1.079972717,-1.061042276,1.062322403,-0.020106313,0.018980838
0.38725,1.100104582,-1.097559349,-1.057183922,1.058421019,-0.041589885,0.040469125
0.3873,1.125827518,-1.123245809,-1.061369783,1.062563902,-0.063127112,0.062012529
0.38735,1.159594942,-1.156975739,-1.073353451,1.07450436,-0.084909872,0.083802996
0.3874,1.201435326,-1.198777289,-1.092772937,1.093880133,-0.107328542,0.106231004
0.38745,1.251433277,-1.248734747,-1.119157522,1.120220247,-0.130938347,0.129851909
0.3875,1.309690755,-1.306949756,-1.151956582,1.15297384,-0.156391755,0.155318335
0.38755,1.376288685,-1.373502927,-1.190581434,1.191552007,-0.184358238,0.183299933
0.3876,1.451257902,-1.448424787,-1.234448806,1.235371266,-0.215451751,0.214410865
0.38765,1.5345641,-1.531680723,-1.28301593,1.283888659,-0.250180584,0.24915965
0.3877,1.626106967,-1.62317012,-1.335800998,1.336622203,-0.288926043,0.287927842
0.38775,1.725730247,-1.722736429,-1.39238738,1.393155107,-0.331948299,0.330975889
0.3878,1.833237749,-1.830183167,-1.452414135,1.453126286,-0.379411883,0.378468612
0.38785,1.948410246,-1.945290825,-1.515558034,1.516212386,-0.43142056,0.430510092
0.3879,2.07101949,-2.067830877,-1.581513094,1.582107311,-0.488051819,0.487178144
0.38795,2.20083731,-2.197574883,-1.649972765,1.650504414,-0.549383779,0.548551234
0.388,2.337639541,-2.334298417,-1.720618056,1.721084622,-0.615510999,0.61472428
0.38805,2.481205783,-2.477780826,-1.793112722,1.793511623,-0.686549044,0.685813219
0.3881,2.540323044,-2.536851541,-1.812460186,1.812789131,-0.732908917,0.7322289
0.38815,2.496885474,-2.493421638,-1.749347505,1.749608278,-0.745975038,0.745352968
0.3882,2.457789415,-2.454333229,-1.693392772,1.693587802,-0.762908211,0.762345234
0.38825,2.426374373,-2.42292582,-1.642738265,1.642869731,-0.782152996,0.781650355
0.3883,2.349837058,-2.346396122,-1.538434263,1.538479006,-0.803329557,0.802888951
0.38835,2.200853768,-2.197420432,-1.404540507,1.404472142,-0.794888108,0.794507911
0.3884,2.066240373,-2.06281462,-1.283388728,1.283216991,-0.781385113,0.78106393
0.38845,1.944647676,-1.941229488,-1.177839725,1.177573385,-0.765363767,0.765100279
0.3885,1.83639105,-1.832980412,-1.086969843,1.086616736,-0.747995934,0.747788948
0.38855,1.74175325,-1.738350145,-1.009413308,1.00898038,-0.730930603,0.730779103
0.3886,1.660941338,-1.657545749,-0.943479523,0.942972878,-0.716065754,0.715968933
0.38865,1.594039274,-1.590651184,-0.887359879,0.88678482,-0.705294229,0.70525153
0.3887,1.540989025,-1.537608418,-0.839353525,0.8387146,-0.700259082,0.700270236
0.38875,1.501602468,-1.498229326,-0.798061568,0.797362624,-0.702171269,0.702236332
0.3888,1.475597445,-1.472231754,-0.762506675,0.761750904,-0.711726111,0.711845509
0.38885,1.462645058,-1.459286799,-0.732154197,0.731344197,-0.729129449,0.729304013
0.3889,1.462413528,-1.459062686,-0.706836356,0.705974184,-0.754217332,0.754448342
0.38895,1.47459687,-1.471253429,-0.686604916,0.685692151,-0.786632004,0.786921228
0.389,1.49892264,-1.495586583,-0.671553498,0.670591299,-0.826007347,0.82635708
0.38905,1.535140002,-1.531811312,-0.66165411,0.660643275,-0.872120418,0.87253351
0.3891,1.582994966,-1.579673628,-0.656643913,0.655584934,-0.92497993,0.925459818
0.38915,1.64220245,-1.638888447,-0.655981221,0.654874335,-0.984842305,0.985393037
0.3892,1.712424273,-1.709117589,-0.658870234,0.65771548,-1.052164949,1.0527912
0.38925,1.793259065,-1.789959684,-0.664337587,0.663134847,-1.127519612,1.128226703
0.3893,1.884245601,-1.880953507,-0.671334505,0.670083555,-1.211493568,1.21228748
0.38935,1.984876948,-1.981592125,-0.678837428,0.677537983,-1.304603141,1.305490521
0.3894,2.094620232,-2.091342663,-0.685925983,0.68457774,-1.407235498,1.408223673
0.38945,2.212936296,-2.209665966,-0.691827124,0.690429806,-1.519624176,1.520721156
0.3895,2.339294791,-2.336031684,-0.695924605,0.694478002,-1.641854694,1.643069174
0.38955,2.418321474,-2.415065574,-0.698694312,0.697197965,-1.711485097,1.712797126
0.3896,2.415910428,-2.412661719,-0.67525856,0.673715141,-1.739123224,1.740498543
0.38965,2.420642543,-2.417401009,-0.647606768,0.646018563,-1.771433622,1.772873223
0.3897,2.430746801,-2.427512426,-0.61792622,0.616295396,-1.811210701,1.812715757
0.38975,2.357031355,-2.353843432,-0.560596316,0.558925451,-1.80144145,1.803012973
0.3898,2.187785997,-2.18469141,-0.48036841,0.478662174,-1.705838761,1.707473594
0.38985,2.027729552,-2.024721881,-0.409635361,0.407898863,-1.616611576,1.618305864
0.3899,1.880485522,-1.877558827,-0.347180301,0.345418134,-1.531847897,1.533598025
0.38995,1.746141158,-1.743289974,-0.293226073,0.291442369,-1.451480047,1.453282643
0.39,1.624665465,-1.621884793,-0.247524908,0.245723378,-1.375725012,1.377576959
0.39005,1.515841932,-1.513127227,-0.209345861,0.207529827,-1.305097514,1.306995956
0.3901,1.41925869,-1.416605857,-0.177531679,0.175704109,-1.240343204,1.242285555
0.39015,1.334336406,-1.331741781,-0.150637915,0.14880146,-1.182327431,1.18431138
0.3902,1.260390268,-1.257850615,-0.127126658,0.125283677,-1.131903515,1.133927033
0.39025,1.196713486,-1.194225984,-0.105573575,0.103726173,-1.089789188,1.091850534
0.3903,1.142663323,-1.140225555,-0.084843182,0.082993242,-1.056477365,1.058575089
0.39035,1.097729199,-1.095339138,-0.064194801,0.062344018,-1.032198284,1.034331234
0.3904,1.061566531,-1.059222527,-0.043298897,0.041448817,-1.016937008,1.019104336
0.39045,1.033988825,-1.031689595,-0.022165686,0.020317748,-1.01049691,1.012698075
0.3905,1.014916543,-1.01266115,-9.97E-04,-8.20E-04,-1.01259457,1.014829348
0.39055,1.004324518,-1.002112356,0.019954568,-0.021740561,-1.022933064,1.025201544
0.3906,1.002142217,-0.999972999,0.040504415,-0.042284331,-1.041300664,1.043603259
0.39065,1.00819287,-1.006066609,0.060757643,-0.062530091,-1.067604885,1.069942328
0.3907,1.022166633,-1.020083624,0.081046905,-0.082810421,-1.101867118,1.104240465
0.39075,1.043613022,-1.041573832,0.10193452,-0.103687532,-1.144199139,1.146609767
0.3908,1.071969672,-1.069975119,0.124137292,-0.125878099,-1.194755289,1.197204893
0.39085,1.106611109,-1.104662249,0.14842642,-0.150153159,-1.253681171,1.256171766
0.3909,1.14690402,-1.145002132,0.175529877,-0.177240504,-1.321071311,1.323605222
0.39095,1.192255413,-1.190401982,0.206058869,-0.207751131,-1.396943765,1.39952363
0.391,1.242143957,-1.24034066,0.240470103,-0.242141518,-1.481233738,1.4838625
0.39105,1.296130554,-1.294379239,0.279064799,-0.280712629,-1.573803159,1.576484063
0.3911,1.353849906,-1.352152582,0.322016539,-0.32363777,-1.674460106,1.677196691
0.39115,1.414989019,-1.413347837,0.369415194,-0.371006516,-1.782981234,1.785777332
0.3912,1.479260391,-1.477677625,0.421313492,-0.422871276,-1.899131529,1.901991256
0.39125,1.546377103,-1.54485514,0.477765563,-0.479285848,-2.022677954,2.025605701
0.3913,1.616034933,-1.614576254,0.538851378,-0.540329853,-2.153395994,2.156396424
0.39135,1.687903727,-1.686510892,0.604685776,-0.606117768,-2.291070064,2.294148099
0.3914,1.761627659,-1.760303294,0.675414524,-0.676794984,-2.435489823,2.438650638
0.39145,1.782199264,-1.780945706,0.721454851,-0.722778881,-2.495479559,2.498686596
0.3915,1.720307217,-1.719122722,0.734184187,-0.735449666,-2.45294358,2.456143534
0.39155,1.665533895,-1.664416076,0.750831043,-0.752036844,-2.414756798,2.417949684
0.3916,1.556436297,-1.555408442,0.769684338,-0.77082888,-2.331136758,2.334322593
0.39165,1.416210984,-1.415299376,0.759482945,-0.760567935,-2.174123988,2.177302786
0.3917,1.288776236,-1.287970628,0.744195971,-0.745222909,-2.031497099,2.034668876
0.39175,1.177012936,-1.176304083,0.726343194,-0.72731354,-1.901904494,1.905069267
0.3918,1.080065311,-1.079444933,0.707024003,-0.707939118,-1.785657791,1.788815574
0.39185,0.996673957,-0.996134696,0.687784452,-0.688645556,-1.683043926,1.686194735
0.3919,0.925272499,-0.924807879,0.670413267,-0.671221396,-1.594285596,1.597429446
0.39195,0.864172059,-0.863776434,0.656710002,-0.65746597,-1.519493779,1.522630686
0.392,0.811767963,-0.811436476,0.648256164,-0.648960523,-1.458645573,1.461775552
0.39205,0.766721864,-0.766450395,0.646239877,-0.646892876,-1.411590973,1.41471404
0.3921,0.728077671,-0.727862789,0.651370789,-0.651972333,-1.378083707,1.381199876
0.39215,0.695286617,-0.69512552,0.663898497,-0.664448105,-1.357824726,1.360934013
0.3922,0.668140406,-0.668030866,0.683721673,-0.684218433,-1.350504479,1.353606899
0.39225,0.646634779,-0.646575082,0.71055372,-0.710996253,-1.355832133,1.358927701
0.3923,0.63080192,-0.630790804,0.744100109,-0.744486527,-1.373545314,1.376634046
0.39235,0.620554739,-0.620591342,0.784204625,-0.784532498,-1.403400647,1.406482557
0.3924,0.615578655,-0.615662452,0.830934966,-0.831201288,-1.445151129,1.448226233
0.39245,0.615290352,-0.615421105,0.88459738,-0.884798549,-1.498519536,1.501587849
0.3925,0.618863725,-0.619041428,0.945689246,-0.945821041,-1.563176952,1.566238488
0.39255,0.625306647,-0.625531481,1.014812127,-1.014869687,-1.638732584,1.641787358
0.3926,0.633562514,-0.633834796,1.092573163,-1.092550973,-1.724736709,1.727784737
0.39265,0.642609311,-0.642929448,1.179499652,-1.179391534,-1.820694324,1.823735621
0.3927,0.651534964,-0.651903408,1.275982959,-1.275782057,-1.926084404,1.929118984
0.39275,0.6595779,-0.659995103,1.382257067,-1.381955841,-2.040379017,2.043406895
0.3928,0.666132434,-0.666598801,1.498407649,-1.49799787,-2.163057781,2.166078972
0.39285,0.670726781,-0.671242632,1.624401622,-1.623874362,-2.29361544,2.296629957
0.3929,0.674103977,-0.674669864,1.697353282,-1.696728009,-2.37652991,2.37953777
0.39295,0.651586003,-0.652199354,1.727509385,-1.726819873,-2.377545038,2.380546254
0.393,0.62487873,-0.625537354,1.76223933,-1.761484502,-2.385628352,2.38862294
0.39305,0.569461198,-0.570162494,1.748266695,-1.747445643,-2.309642632,2.312592004
0.3931,0.489469812,-0.490209009,1.649479445,-1.648595412,-2.137514895,2.14037325
0.39315,0.418192646,-0.41896454,1.557655314,-1.556712243,-1.974375312,1.977149199
0.3932,0.354456398,-0.355256321,1.470815821,-1.469817422,-1.823825235,1.826520719
0.39325,0.298661275,-0.299485039,1.388743312,-1.387693055,-1.685980009,1.688602673
0.3933,0.250839516,-0.251683374,1.311451406,-1.310352513,-1.560885926,1.563440884
0.39335,0.210589642,-0.21145025,1.239238438,-1.238093868,-1.448440146,1.450932053
0.3934,0.17707192,-0.177946299,1.172661347,-1.171473795,-1.348360152,1.350793209
0.39345,0.149090868,-0.149976376,1.112456775,-1.111228659,-1.260187355,1.262565323
0.3935,0.125249226,-0.126143516,1.059426756,-1.058160217,-1.183326752,1.185652963
0.39355,0.104140016,-0.105041011,1.014315024,-1.013011914,-1.1171153,1.119392665
0.3936,0.084533398,-0.085439255,0.977701814,-0.976363692,-1.060903569,1.06313459
0.39365,0.065516064,-0.066425139,0.949939632,-0.948567765,-1.014130908,1.016317692
0.3937,0.046553154,-0.047463963,0.931141343,-0.929736691,-0.976375441,0.97851971
0.39375,0.027462764,-0.028373947,0.921218331,-0.919781546,-0.947366741,0.949469847
0.3938,0.008315348,-0.00922563,0.919954405,-0.918485827,-0.926959135,0.929022075
0.39385,-0.010718011,0.009837139,0.927100462,-0.925600115,-0.915066822,0.917090256
0.3939,-0.029483625,0.028606056,0.942425107,-0.940892691,-0.911621864,0.913606125
0.39395,-0.048026713,0.047153705,0.965809359,-0.964244254,-0.916464039,0.918409156
0.394,-0.066604092,0.065736968,0.99724065,-0.99564191,-0.929317895,0.931223604
0.39405,-0.085700655,0.084840835,1.036797939,-1.035164297,-0.949777492,0.951643254
0.3941,-0.105970459,0.105119487,1.084614188,-1.082944053,-0.97732164,0.979146655
0.39415,-0.128147436,0.127307005,1.140827872,-1.139119336,-1.01135477,1.013137996
0.3942,-0.152949772,0.152121754,1.205539144,-1.203789981,-1.051258716,1.052998882
0.39425,-0.181001599,0.180188065,1.278780335,-1.276988005,-1.096441527,1.098137148
0.3943,-0.212786955,0.211990205,1.360504752,-1.358666406,-1.146372301,1.148021696
0.39435,-0.248640112,0.247862693,1.450592198,-1.448704682,-1.200596383,1.202197692
0.3944,-0.288766632,0.288011363,1.548865862,-1.546925722,-1.258731196,1.260282392
0.39445,-0.333283387,0.332553383,1.655113797,-1.653117285,-1.3204477,1.321946612
0.3945,-0.382263973,0.38156266,1.769108919,-1.767051997,-1.38544498,1.386889302
0.39455,-0.435778015,0.435109152,1.890623509,-1.888501859,-1.453425444,1.454812757
0.3946,-0.493917214,0.493284909,2.019436723,-2.017245755,-1.524076285,1.525404069
0.39465,-0.556805981,0.556214703,2.155335728,-2.153070582,-1.597059988,1.598325638
0.3947,-0.624598575,0.624053167,2.298112411,-2.295767973,-1.6720139,1.673214742
0.39475,-0.69746721,0.6969729,2.447558053,-2.445128958,-1.7485568,1.749690102
0.3948,-0.745303048,0.744864921,2.512211659,-2.509734496,-1.771963702,1.773027033
0.39485,-0.75893199,0.758552251,2.473759613,-2.471287921,-1.713272492,1.714267477
0.3949,-0.776681438,0.776361299,2.439634722,-2.437168489,-1.66147147,1.66240038
0.39495,-0.796700295,0.796441426,2.360376517,-2.357915731,-1.555604838,1.556444294
0.395,-0.787556439,0.787357197,2.208425824,-2.205970473,-1.419446834,1.420170295
0.39505,-0.77351303,0.773372,2.070892863,-2.068442935,-1.295916564,1.296533972
0.3951,-0.757090275,0.7570061,1.946416893,-1.943972375,-1.187886284,1.1884066
0.39515,-0.739406405,0.739377847,1.835300172,-1.832861053,-1.094472866,1.094904106
0.3952,-0.722035584,0.722061567,1.737815541,-1.735381809,-1.01437546,1.014724738
0.39525,-0.706792671,0.70687232,1.654166079,-1.651737721,-0.945982618,0.946256191
0.3953,-0.695492005,0.695624687,1.584438787,-1.582015793,-0.887567287,0.887770601
0.39535,-0.689713544,0.689898903,1.528585121,-1.526167477,-0.837501208,0.837638942
0.3954,-0.690627847,0.690865847,1.486431024,-1.48401872,-0.794439965,0.794516085
0.39545,-0.698915768,0.699206731,1.457710476,-1.455303499,-0.757436835,0.75745464
0.3955,-0.714793975,0.715138626,1.442110272,-1.439708611,-0.72596205,0.725924231
0.39555,-0.738130829,0.738530334,1.439311902,-1.436915545,-0.699828792,0.699737491
0.3956,-0.768616341,0.76907235,1.449019009,-1.446627944,-0.679050697,0.678907565
0.39565,-0.805940384,0.806455064,1.470964764,-1.46857898,-0.663671021,0.663477276
0.3957,-0.84993677,0.850512842,1.504900291,-1.502519776,-0.653606983,0.653363471
0.39575,-0.900665007,0.901305774,1.550570824,-1.548195566,-0.64854418,0.648251428
0.3958,-0.958421142,0.959130511,1.607689028,-1.605319016,-0.647899059,0.647557331
0.39585,-1.023687957,1.024470463,1.675914378,-1.6735496,-0.650848106,0.650457451
0.3959,-1.097047695,1.097908514,1.754844312,-1.752484756,-0.656406278,0.655966582
0.39595,-1.17908492,1.180029885,1.84401845,-1.841664106,-0.663528361,0.663039391
0.396,-1.270303566,1.271339178,1.942933098,-1.940583953,-0.671206427,0.670667879
0.39605,-1.371073288,1.372206724,2.051060777,-2.04871682,-0.678543021,0.677954563
0.3961,-1.48160964,1.482848763,2.167869142,-2.165530362,-0.684789891,0.68415121
0.39615,-1.601983623,1.603336983,2.292835,-2.290501385,-0.689352467,0.68866331
0.3962,-1.732150625,1.733627465,2.425451428,-2.423122967,-0.691768046,0.69102826
0.39625,-1.808720776,1.8103001,2.509968566,-2.507645248,-0.693085587,0.692294802
0.3963,-1.84127292,1.842918676,2.511998966,-2.509680779,-0.669175288,0.668336182
0.39635,-1.878265535,1.879978886,2.52100326,-2.518690193,-0.641111391,0.640226265
0.3964,-1.866253056,1.868034997,2.446061015,-2.443793854,-0.58479832,0.58386989
0.39645,-1.7690784,1.770925755,2.275379427,-2.273206878,-0.504707303,0.503740379
0.3965,-1.678972268,1.680881162,2.113617291,-2.111532855,-0.433148563,0.432148384
0.39655,-1.594004704,1.595971499,1.964348608,-1.962346264,-0.368873696,0.367844982
0.3966,-1.513986455,1.516007755,1.827665035,-1.825739241,-0.312231532,0.311178533
0.39665,-1.438931766,1.441004426,1.703597061,-1.70174274,-0.263238537,0.262165072
0.3967,-1.369109398,1.371230536,1.592038395,-1.590250928,-0.221519945,0.220429443
0.39675,-1.305021687,1.307188688,1.492716874,-1.490992089,-0.186301527,0.185197061
0.3968,-1.247337403,1.249547928,1.405195507,-1.403529668,-0.156477761,0.155362082
0.39685,-1.196792856,1.19904485,1.328905664,-1.32729546,-0.130743922,0.129619495
0.3969,-1.154083093,1.156374785,1.263206556,-1.261649092,-0.107764369,0.106633401
0.39695,-1.119766938,1.122096851,1.207458069,-1.205950853,-0.086340327,0.085204806
0.397,-1.094205514,1.096572469,1.161090041,-1.159630973,-0.065540653,0.064402377
0.39705,-1.077544893,1.079948015,1.1236515,-1.122238858,-0.044768417,0.043629034
0.3971,-1.06974238,1.072181098,1.094828482,-1.093460908,-0.023752434,0.022613478
0.39715,-1.070628877,1.073102935,1.074423977,-1.073100463,-0.0024521,0.00134981
0.3972,-1.079972716,1.082482173,1.062322403,-1.061042275,0.018980838,-0.020106313
0.39725,-1.097559348,1.100104582,1.058421018,-1.057183922,0.040469125,-0.041589884
0.3973,-1.123245808,1.125827517,1.062563902,-1.061369783,0.062012529,-0.063127112
0.39735,-1.156975738,1.159594941,1.07450436,-1.073353451,0.083802996,-0.084909872
0.3974,-1.198777289,1.201435326,1.093880132,-1.092772936,0.106231004,-0.107328542
0.39745,-1.248734746,1.251433277,1.120220246,-1.119157521,0.129851909,-0.130938347
0.3975,-1.306949755,1.309690754,1.152973839,-1.151956581,0.155318334,-0.156391755
0.39755,-1.373502927,1.376288684,1.191552006,-1.190581433,0.183299933,-0.184358238
0.3976,-1.448424786,1.451257901,1.235371266,-1.234448806,0.214410865,-0.215451751
0.39765,-1.531680722,1.5345641,1.283888658,-1.283015929,0.24915965,-0.250180584
0.3977,-1.623170119,1.626106966,1.336622202,-1.335800998,0.287927842,-0.288926043
0.39775,-1.722736428,1.725730246,1.393155106,-1.39238738,0.330975889,-0.331948299
0.3978,-1.830183167,1.833237748,1.453126286,-1.452414134,0.378468612,-0.379411883
0.39785,-1.945290825,1.948410246,1.516212386,-1.515558033,0.430510091,-0.43142056
0.3979,-2.067830876,2.07101949,1.58210731,-1.581513093,0.487178143,-0.488051819
0.39795,-2.197574882,2.200837309,1.650504413,-1.649972765,0.548551234,-0.549383779
0.398,-2.334298416,2.33763954,1.721084622,-1.720618056,0.61472428,-0.615510999
0.39805,-2.477780825,2.481205782,1.793511623,-1.793112721,0.685813219,-0.686549044
0.3981,-2.53685154,2.540323044,1.81278913,-1.812460185,0.7322289,-0.732908916
0.39815,-2.493421637,2.496885473,1.749608278,-1.749347505,0.745352968,-0.745975037
0.3982,-2.454333228,2.457789414,1.693587801,-1.693392772,0.762345234,-0.762908211
0.39825,-2.42292582,2.426374372,1.64286973,-1.642738264,0.781650354,-0.782152996
0.3983,-2.346396121,2.349837057,1.538479006,-1.538434262,0.80288895,-0.803329557
0.39835,-2.197420431,2.200853767,1.404472141,-1.404540506,0.79450791,-0.794888108
0.3984,-2.062814619,2.066240372,1.283216991,-1.283388727,0.78106393,-0.781385112
0.39845,-1.941229488,1.944647675,1.177573385,-1.177839724,0.765100278,-0.765363767
0.3985,-1.832980411,1.836391049,1.086616736,-1.086969843,0.747788948,-0.747995933
0.39855,-1.738350144,1.741753249,1.00898038,-1.009413307,0.730779103,-0.730930603
0.3986,-1.657545748,1.660941338,0.942972877,-0.943479522,0.715968932,-0.716065753
0.39865,-1.590651183,1.594039274,0.886784819,-0.887359879,0.70525153,-0.705294229
0.3987,-1.537608417,1.540989024,0.8387146,-0.839353524,0.700270235,-0.700259082
0.39875,-1.498229325,1.501602467,0.797362624,-0.798061568,0.702236332,-0.702171268
0.3988,-1.472231753,1.475597445,0.761750904,-0.762506675,0.711845508,-0.71172611
0.39885,-1.459286798,1.462645057,0.731344197,-0.732154197,0.729304013,-0.729129449
0.3989,-1.459062685,1.462413527,0.705974183,-0.706836355,0.754448342,-0.754217332
0.39895,-1.471253428,1.47459687,0.685692151,-0.686604916,0.786921228,-0.786632003
0.399,-1.495586582,1.49892264,0.670591299,-0.671553497,0.826357079,-0.826007346
0.39905,-1.531811311,1.535140001,0.660643275,-0.66165411,0.872533509,-0.872120417
0.3991,-1.579673627,1.582994965,0.655584933,-0.656643913,0.925459817,-0.924979929
0.39915,-1.638888447,1.64220245,0.654874335,-0.655981221,0.985393036,-0.984842305
0.3992,-1.709117589,1.712424273,0.657715479,-0.658870234,1.052791199,-1.052164949
0.39925,-1.789959683,1.793259064,0.663134846,-0.664337587,1.128226703,-1.127519611
0.3993,-1.880953506,1.8842456,0.670083555,-0.671334504,1.212287479,-1.211493567
0.39935,-1.981592124,1.984876947,0.677537983,-0.678837427,1.305490521,-1.30460314
0.3994,-2.091342662,2.094620231,0.68457774,-0.685925983,1.408223673,-1.407235498
0.39945,-2.209665966,2.212936295,0.690429806,-0.691827124,1.520721155,-1.519624176
0.3995,-2.336031683,2.33929479,0.694478002,-0.695924605,1.643069174,-1.641854693
0.39955,-2.415065573,2.418321473,0.697197965,-0.698694311,1.712797126,-1.711485097
0.3996,-2.412661718,2.415910427,0.673715141,-0.67525856,1.740498542,-1.739123224
0.39965,-2.417401008,2.420642542,0.646018562,-0.647606768,1.772873222,-1.771433621
0.3997,-2.427512426,2.4307468,0.616295396,-0.61792622,1.812715756,-1.8112107
0.39975,-2.353843432,2.357031354,0.558925451,-0.560596316,1.803012972,-1.801441449
0.3998,-2.184691409,2.187785996,0.478662174,-0.48036841,1.707473593,-1.70583876
0.39985,-2.024721881,2.027729552,0.407898862,-0.409635361,1.618305864,-1.616611575
0.3999,-1.877558826,1.880485521,0.345418134,-0.347180301,1.533598025,-1.531847896
0.39995,-1.743289974,1.746141158,0.291442369,-0.293226072,1.453282643,-1.451480047
0.4,-1.621884792,1.624665464,0.245723378,-0.247524908,1.377576958,-1.375725012
0.40005,-1.513127227,1.515841931,0.207529827,-0.209345861,1.306995955,-1.305097514
0.4001,-1.416605856,1.41925869,0.175704109,-0.177531679,1.242285554,-1.240343203
0.40015,-1.33174178,1.334336405,0.14880146,-0.150637915,1.18431138,-1.18232743
0.4002,-1.257850614,1.260390268,0.125283677,-0.127126658,1.133927033,-1.131903514
0.40025,-1.194225983,1.196713485,0.103726173,-0.105573575,1.091850533,-1.089789187
0.4003,-1.140225554,1.142663323,0.082993242,-0.084843182,1.058575088,-1.056477364
0.40035,-1.095339137,1.097729199,0.062344018,-0.064194801,1.034331234,-1.032198283
0.4004,-1.059222527,1.06156653,0.041448817,-0.043298897,1.019104335,-1.016937007
0.40045,-1.031689594,1.033988824,0.020317748,-0.022165686,1.012698075,-1.010496909
0.4005,-1.012661149,1.014916543,-8.20E-04,-9.97E-04,1.014829347,-1.01259457
0.40055,-1.002112356,1.004324517,-0.021740561,0.019954568,1.025201543,-1.022933063
0.4006,-0.999972999,1.002142216,-0.042284331,0.040504415,1.043603258,-1.041300663
0.40065,-1.006066608,1.00819287,-0.062530091,0.060757643,1.069942328,-1.067604884
0.4007,-1.020083624,1.022166632,-0.082810421,0.081046905,1.104240464,-1.101867117
0.40075,-1.041573831,1.043613022,-0.103687532,0.10193452,1.146609766,-1.144199139
0.4008,-1.069975118,1.071969672,-0.125878099,0.124137292,1.197204893,-1.194755288
0.40085,-1.104662248,1.106611109,-0.150153159,0.14842642,1.256171765,-1.253681171
0.4009,-1.145002131,1.146904019,-0.177240503,0.175529877,1.323605221,-1.32107131
0.40095,-1.190401982,1.192255412,-0.207751131,0.206058869,1.399523629,-1.396943764
0.401,-1.240340659,1.242143957,-0.242141518,0.240470103,1.4838625,-1.481233738
0.40105,-1.294379239,1.296130554,-0.280712629,0.279064799,1.576484062,-1.573803159
0.4011,-1.352152582,1.353849905,-0.32363777,0.322016539,1.677196691,-1.674460105
0.40115,-1.413347836,1.414989019,-0.371006516,0.369415194,1.785777332,-1.782981233
0.4012,-1.477677625,1.47926039,-0.422871276,0.421313492,1.901991255,-1.899131528
0.40125,-1.54485514,1.546377102,-0.479285848,0.477765563,2.025605701,-2.022677953
0.4013,-1.614576253,1.616034932,-0.540329853,0.538851378,2.156396424,-2.153395994
0.40135,-1.686510892,1.687903727,-0.606117767,0.604685776,2.294148098,-2.291070064
0.4014,-1.760303294,1.761627658,-0.676794984,0.675414524,2.438650638,-2.435489823
0.40145,-1.780945705,1.782199264,-0.722778881,0.721454851,2.498686595,-2.495479558
0.4015,-1.719122721,1.720307217,-0.735449666,0.734184187,2.456143534,-2.45294358
0.40155,-1.664416075,1.665533895,-0.752036844,0.750831043,2.417949684,-2.414756797
0.4016,-1.555408441,1.556436297,-0.77082888,0.769684338,2.334322592,-2.331136758
0.40165,-1.415299376,1.416210984,-0.760567935,0.759482945,2.177302785,-2.174123987
0.4017,-1.287970628,1.288776236,-0.745222909,0.744195971,2.034668876,-2.031497098
0.40175,-1.176304082,1.177012936,-0.72731354,0.726343194,1.905069266,-1.901904494
0.4018,-1.079444932,1.080065311,-0.707939118,0.707024003,1.788815573,-1.78565779
0.40185,-0.996134696,0.996673957,-0.688645555,0.687784451,1.686194734,-1.683043925
0.4019,-0.924807879,0.925272499,-0.671221396,0.670413267,1.597429445,-1.594285595
0.40195,-0.863776434,0.864172059,-0.65746597,0.656710002,1.522630686,-1.519493779
0.402,-0.811436476,0.811767963,-0.648960522,0.648256163,1.461775552,-1.458645573
0.40205,-0.766450395,0.766721863,-0.646892876,0.646239877,1.414714039,-1.411590973
0.4021,-0.727862789,0.728077671,-0.651972333,0.651370789,1.381199876,-1.378083707
0.40215,-0.69512552,0.695286617,-0.664448105,0.663898497,1.360934013,-1.357824726
0.4022,-0.668030866,0.668140406,-0.684218433,0.683721672,1.353606899,-1.350504479
0.40225,-0.646575081,0.646634779,-0.710996253,0.710553719,1.358927701,-1.355832132
0.4023,-0.630790804,0.63080192,-0.744486527,0.744100108,1.376634046,-1.373545314
0.40235,-0.620591342,0.620554739,-0.784532498,0.784204625,1.406482557,-1.403400647
0.4024,-0.615662452,0.615578655,-0.831201288,0.830934965,1.448226232,-1.445151128
0.40245,-0.615421104,0.615290352,-0.884798549,0.884597379,1.501587849,-1.498519536
0.4025,-0.619041428,0.618863724,-0.94582104,0.945689246,1.566238487,-1.563176951
0.40255,-0.625531481,0.625306646,-1.014869686,1.014812127,1.641787358,-1.638732583
0.4026,-0.633834796,0.633562513,-1.092550973,1.092573163,1.727784737,-1.724736708
0.40265,-0.642929448,0.642609311,-1.179391533,1.179499652,1.82373562,-1.820694324
0.4027,-0.651903408,0.651534964,-1.275782057,1.275982959,1.929118984,-1.926084404
0.40275,-0.659995103,0.6595779,-1.381955841,1.382257066,2.043406894,-2.040379017
0.4028,-0.666598801,0.666132434,-1.497997869,1.498407649,2.166078972,-2.163057781
0.40285,-0.671242632,0.670726781,-1.623874362,1.624401622,2.296629957,-2.293615439
0.4029,-0.674669864,0.674103977,-1.696728009,1.697353282,2.37953777,-2.37652991
0.40295,-0.652199354,0.651586003,-1.726819873,1.727509385,2.380546254,-2.377545037
0.403,-0.625537354,0.62487873,-1.761484502,1.76223933,2.38862294,-2.385628352
0.40305,-0.570162494,0.569461198,-1.747445643,1.748266695,2.312592003,-2.309642632
0.4031,-0.490209009,0.489469812,-1.648595411,1.649479445,2.14037325,-2.137514895
0.40315,-0.41896454,0.418192646,-1.556712242,1.557655314,1.977149199,-1.974375312
0.4032,-0.355256321,0.354456398,-1.469817421,1.470815821,1.826520719,-1.823825235
0.40325,-0.299485039,0.298661275,-1.387693055,1.388743312,1.688602673,-1.685980009
0.4033,-0.251683374,0.250839516,-1.310352512,1.311451406,1.563440884,-1.560885925
0.40335,-0.21145025,0.210589642,-1.238093868,1.239238438,1.450932053,-1.448440146
0.4034,-0.177946299,0.177071919,-1.171473795,1.172661347,1.350793209,-1.348360152
0.40345,-0.149976376,0.149090868,-1.111228659,1.112456775,1.262565323,-1.260187355
0.4035,-0.126143516,0.125249226,-1.058160216,1.059426756,1.185652963,-1.183326752
0.40355,-0.105041011,0.104140016,-1.013011914,1.014315024,1.119392665,-1.1171153
0.4036,-0.085439255,0.084533398,-0.976363692,0.977701813,1.06313459,-1.060903569
0.40365,-0.066425139,0.065516064,-0.948567764,0.949939632,1.016317692,-1.014130908
0.4037,-0.047463963,0.046553154,-0.929736691,0.931141343,0.97851971,-0.976375441
0.40375,-0.028373947,0.027462764,-0.919781546,0.921218331,0.949469847,-0.947366741
0.4038,-0.00922563,0.008315348,-0.918485827,0.919954404,0.929022075,-0.926959134
0.40385,0.009837139,-0.010718011,-0.925600115,0.927100462,0.917090256,-0.915066822
0.4039,0.028606056,-0.029483625,-0.940892691,0.942425107,0.913606125,-0.911621864
0.40395,0.047153705,-0.048026713,-0.964244254,0.965809359,0.918409156,-0.916464039
0.404,0.065736968,-0.066604092,-0.99564191,0.99724065,0.931223604,-0.929317895
0.40405,0.084840835,-0.085700655,-1.035164297,1.036797939,0.951643254,-0.949777492
0.4041,0.105119487,-0.105970459,-1.082944053,1.084614188,0.979146655,-0.97732164
0.40415,0.127307005,-0.128147436,-1.139119336,1.140827872,1.013137996,-1.01135477
0.4042,0.152121754,-0.152949772,-1.203789981,1.205539144,1.052998882,-1.051258716
0.40425,0.180188065,-0.181001599,-1.276988005,1.278780335,1.098137148,-1.096441527
0.4043,0.211990205,-0.212786955,-1.358666406,1.360504752,1.148021696,-1.146372301
0.40435,0.247862693,-0.248640112,-1.448704682,1.450592198,1.202197692,-1.200596383
0.4044,0.288011364,-0.288766632,-1.546925722,1.548865862,1.260282392,-1.258731196
0.40445,0.332553383,-0.333283387,-1.653117285,1.655113797,1.321946612,-1.3204477
0.4045,0.381562661,-0.382263973,-1.767051997,1.769108919,1.386889302,-1.38544498
0.40455,0.435109152,-0.435778015,-1.88850186,1.890623509,1.454812757,-1.453425444
0.4046,0.49328491,-0.493917214,-2.017245755,2.019436724,1.525404069,-1.524076285
0.40465,0.556214703,-0.556805981,-2.153070582,2.155335728,1.598325638,-1.597059988
0.4047,0.624053168,-0.624598575,-2.295767973,2.298112412,1.673214742,-1.6720139
0.40475,0.6969729,-0.69746721,-2.445128959,2.447558053,1.749690103,-1.7485568
0.4048,0.744864921,-0.745303048,-2.509734496,2.512211659,1.773027033,-1.771963702
0.40485,0.758552252,-0.75893199,-2.471287921,2.473759613,1.714267477,-1.713272493
0.4049,0.776361299,-0.776681438,-2.43716849,2.439634722,1.66240038,-1.661471471
0.40495,0.796441426,-0.796700296,-2.357915731,2.360376517,1.556444294,-1.555604838
0.405,0.787357197,-0.787556439,-2.205970473,2.208425824,1.420170295,-1.419446834
0.40505,0.773372,-0.77351303,-2.068442935,2.070892863,1.296533972,-1.295916564
0.4051,0.7570061,-0.757090275,-1.943972375,1.946416893,1.188406601,-1.187886285
0.40515,0.739377848,-0.739406406,-1.832861053,1.835300172,1.094904106,-1.094472866
0.4052,0.722061568,-0.722035585,-1.735381809,1.737815541,1.014724738,-1.01437546
0.40525,0.706872321,-0.706792671,-1.651737722,1.654166079,0.946256191,-0.945982618
0.4053,0.695624687,-0.695492006,-1.582015793,1.584438788,0.887770601,-0.887567287
0.40535,0.689898903,-0.689713545,-1.526167478,1.528585121,0.837638943,-0.837501208
0.4054,0.690865847,-0.690627848,-1.484018721,1.486431025,0.794516085,-0.794439966
0.40545,0.699206732,-0.698915769,-1.4553035,1.457710476,0.75745464,-0.757436836
0.4055,0.715138627,-0.714793976,-1.439708611,1.442110272,0.725924231,-0.72596205
0.40555,0.738530334,-0.738130829,-1.436915545,1.439311902,0.699737492,-0.699828792
0.4056,0.76907235,-0.768616341,-1.446627945,1.44901901,0.678907565,-0.679050697
0.40565,0.806455064,-0.805940384,-1.468578981,1.470964765,0.663477276,-0.663671021
0.4057,0.850512843,-0.849936771,-1.502519776,1.504900292,0.653363471,-0.653606983
0.40575,0.901305774,-0.900665008,-1.548195566,1.550570824,0.648251429,-0.64854418
0.4058,0.959130512,-0.958421142,-1.605319016,1.607689029,0.647557331,-0.647899059
0.40585,1.024470464,-1.023687958,-1.6735496,1.675914379,0.650457451,-0.650848106
0.4059,1.097908514,-1.097047695,-1.752484757,1.754844313,0.655966582,-0.656406278
0.40595,1.180029885,-1.17908492,-1.841664106,1.844018451,0.663039391,-0.663528361
0.406,1.271339179,-1.270303567,-1.940583954,1.942933099,0.670667879,-0.671206427
0.40605,1.372206725,-1.371073288,-2.04871682,2.051060777,0.677954564,-0.678543021
0.4061,1.482848763,-1.481609641,-2.165530363,2.167869143,0.68415121,-0.684789891
0.40615,1.603336984,-1.601983624,-2.290501385,2.292835,0.68866331,-0.689352467
0.4062,1.733627466,-1.732150625,-2.423122968,2.425451429,0.691028261,-0.691768046
0.40625,1.8103001,-1.808720777,-2.507645248,2.509968567,0.692294802,-0.693085587
0.4063,1.842918677,-1.841272921,-2.509680779,2.511998966,0.668336182,-0.669175288
0.40635,1.879978886,-1.878265535,-2.518690194,2.52100326,0.640226265,-0.641111391
0.4064,1.868034997,-1.866253057,-2.443793855,2.446061016,0.583869891,-0.58479832
0.40645,1.770925756,-1.769078401,-2.273206879,2.275379428,0.503740379,-0.504707304
0.4065,1.680881162,-1.678972268,-2.111532855,2.113617291,0.432148384,-0.433148563
0.40655,1.595971499,-1.594004704,-1.962346265,1.964348608,0.367844982,-0.368873696
0.4066,1.516007756,-1.513986456,-1.825739242,1.827665036,0.311178533,-0.312231532
0.40665,1.441004427,-1.438931767,-1.701742741,1.703597062,0.262165072,-0.263238537
0.4067,1.371230537,-1.369109399,-1.590250929,1.592038395,0.220429444,-0.221519945
0.40675,1.307188688,-1.305021688,-1.49099209,1.492716875,0.185197061,-0.186301527
0.4068,1.249547929,-1.247337403,-1.403529668,1.405195508,0.155362082,-0.156477761
0.40685,1.199044851,-1.196792857,-1.327295461,1.328905665,0.129619495,-0.130743922
0.4069,1.156374786,-1.154083093,-1.261649092,1.263206557,0.106633401,-0.107764369
0.40695,1.122096852,-1.119766938,-1.205950854,1.20745807,0.085204806,-0.086340327
0.407,1.09657247,-1.094205514,-1.159630973,1.161090041,0.064402377,-0.065540653
0.40705,1.079948015,-1.077544894,-1.122238859,1.123651501,0.043629034,-0.044768417
0.4071,1.072181099,-1.069742381,-1.093460909,1.094828483,0.022613478,-0.023752434
0.40715,1.073102936,-1.070628877,-1.073100464,1.074423977,0.00134981,-0.0024521
0.4072,1.082482174,-1.079972717,-1.061042276,1.062322403,-0.020106313,0.018980838
0.40725,1.100104582,-1.097559349,-1.057183922,1.058421019,-0.041589885,0.040469125
0.4073,1.125827518,-1.123245809,-1.061369783,1.062563902,-0.063127112,0.062012529
0.40735,1.159594942,-1.156975739,-1.073353451,1.07450436,-0.084909872,0.083802996
0.4074,1.201435326,-1.198777289,-1.092772937,1.093880133,-0.107328542,0.106231004
0.40745,1.251433277,-1.248734747,-1.119157522,1.120220247,-0.130938347,0.129851909
0.4075,1.309690755,-1.306949756,-1.151956582,1.15297384,-0.156391755,0.155318335
0.40755,1.376288685,-1.373502927,-1.190581434,1.191552007,-0.184358238,0.183299933
0.4076,1.451257902,-1.448424787,-1.234448806,1.235371266,-0.215451751,0.214410865
0.40765,1.5345641,-1.531680723,-1.28301593,1.283888659,-0.250180584,0.24915965
0.4077,1.626106967,-1.62317012,-1.335800998,1.336622203,-0.288926043,0.287927842
0.40775,1.725730247,-1.722736429,-1.39238738,1.393155107,-0.331948299,0.330975889
0.4078,1.833237749,-1.830183167,-1.452414135,1.453126286,-0.379411883,0.378468612
0.40785,1.948410246,-1.945290825,-1.515558034,1.516212386,-0.43142056,0.430510092
0.4079,2.07101949,-2.067830877,-1.581513094,1.582107311,-0.488051819,0.487178144
0.40795,2.20083731,-2.197574883,-1.649972765,1.650504414,-0.549383779,0.548551234
0.408,2.337639541,-2.334298417,-1.720618056,1.721084622,-0.615510999,0.61472428
0.40805,2.481205783,-2.477780826,-1.793112722,1.793511623,-0.686549044,0.685813219
0.4081,2.540323044,-2.536851541,-1.812460186,1.812789131,-0.732908917,0.7322289
0.40815,2.496885474,-2.493421638,-1.749347505,1.749608278,-0.745975038,0.745352968
0.4082,2.457789415,-2.454333229,-1.693392772,1.693587802,-0.762908211,0.762345234
0.40825,2.426374373,-2.42292582,-1.642738265,1.642869731,-0.782152996,0.781650355
0.4083,2.349837058,-2.346396122,-1.538434263,1.538479006,-0.803329557,0.802888951
0.40835,2.200853768,-2.197420432,-1.404540507,1.404472142,-0.794888108,0.794507911
0.4084,2.066240373,-2.06281462,-1.283388728,1.283216991,-0.781385113,0.78106393
0.40845,1.944647676,-1.941229488,-1.177839725,1.177573385,-0.765363767,0.765100279
0.4085,1.83639105,-1.832980412,-1.086969843,1.086616736,-0.747995934,0.747788948
0.40855,1.74175325,-1.738350145,-1.009413308,1.00898038,-0.730930603,0.730779103
0.4086,1.660941338,-1.657545749,-0.943479523,0.942972878,-0.716065754,0.715968933
0.40865,1.594039274,-1.590651184,-0.887359879,0.88678482,-0.705294229,0.70525153
0.4087,1.540989025,-1.537608418,-0.839353525,0.8387146,-0.700259082,0.700270236
0.40875,1.501602468,-1.498229326,-0.798061568,0.797362624,-0.702171269,0.702236332
0.4088,1.475597445,-1.472231754,-0.762506675,0.761750904,-0.711726111,0.711845509
0.40885,1.462645058,-1.459286799,-0.732154197,0.731344197,-0.729129449,0.729304013
0.4089,1.462413528,-1.459062686,-0.706836356,0.705974184,-0.754217332,0.754448342
0.40895,1.47459687,-1.471253429,-0.686604916,0.685692151,-0.786632004,0.786921228
0.409,1.49892264,-1.495586583,-0.671553498,0.670591299,-0.826007347,0.82635708
0.40905,1.535140002,-1.531811312,-0.66165411,0.660643275,-0.872120418,0.87253351
0.4091,1.582994966,-1.579673628,-0.656643913,0.655584934,-0.92497993,0.925459818
0.40915,1.64220245,-1.638888447,-0.655981221,0.654874335,-0.984842305,0.985393037
0.4092,1.712424273,-1.709117589,-0.658870234,0.65771548,-1.052164949,1.0527912
0.40925,1.793259065,-1.789959684,-0.664337587,0.663134847,-1.127519612,1.128226703
0.4093,1.884245601,-1.880953507,-0.671334505,0.670083555,-1.211493568,1.21228748
0.40935,1.984876948,-1.981592125,-0.678837428,0.677537983,-1.304603141,1.305490521
0.4094,2.094620232,-2.091342663,-0.685925983,0.68457774,-1.407235498,1.408223673
0.40945,2.212936296,-2.209665966,-0.691827124,0.690429806,-1.519624176,1.520721156
0.4095,2.339294791,-2.336031684,-0.695924605,0.694478002,-1.641854694,1.643069174
0.40955,2.418321474,-2.415065574,-0.698694312,0.697197965,-1.711485097,1.712797126
0.4096,2.415910428,-2.412661719,-0.67525856,0.673715141,-1.739123224,1.740498543
0.40965,2.420642543,-2.417401009,-0.647606768,0.646018563,-1.771433622,1.772873223
0.4097,2.430746801,-2.427512426,-0.61792622,0.616295396,-1.811210701,1.812715757
0.40975,2.357031355,-2.353843432,-0.560596316,0.558925451,-1.80144145,1.803012973
0.4098,2.187785997,-2.18469141,-0.48036841,0.478662174,-1.705838761,1.707473594
0.40985,2.027729552,-2.024721881,-0.409635361,0.407898863,-1.616611576,1.618305864
0.4099,1.880485522,-1.877558827,-0.347180301,0.345418134,-1.531847897,1.533598025
0.40995,1.746141158,-1.743289974,-0.293226073,0.291442369,-1.451480047,1.453282643
0.41,1.624665465,-1.621884793,-0.247524908,0.245723378,-1.375725012,1.377576959
0.41005,1.515841932,-1.513127227,-0.209345861,0.207529827,-1.305097514,1.306995956
0.4101,1.41925869,-1.416605857,-0.177531679,0.175704109,-1.240343204,1.242285555
0.41015,1.334336406,-1.331741781,-0.150637915,0.14880146,-1.182327431,1.18431138
0.4102,1.260390268,-1.257850615,-0.127126658,0.125283677,-1.131903515,1.133927033
0.41025,1.196713486,-1.194225984,-0.105573575,0.103726173,-1.089789188,1.091850534
0.4103,1.142663323,-1.140225555,-0.084843182,0.082993242,-1.056477365,1.058575089
0.41035,1.097729199,-1.095339138,-0.064194801,0.062344018,-1.032198284,1.034331234
0.4104,1.061566531,-1.059222527,-0.043298897,0.041448817,-1.016937008,1.019104336
0.41045,1.033988825,-1.031689595,-0.022165686,0.020317748,-1.01049691,1.012698075
0.4105,1.014916543,-1.01266115,-9.97E-04,-8.20E-04,-1.01259457,1.014829348
0.41055,1.004324518,-1.002112356,0.019954568,-0.021740561,-1.022933064,1.025201544
0.4106,1.002142217,-0.999972999,0.040504415,-0.042284331,-1.041300664,1.043603259
0.41065,1.00819287,-1.006066609,0.060757643,-0.062530091,-1.067604885,1.069942328
0.4107,1.022166633,-1.020083624,0.081046905,-0.082810421,-1.101867118,1.104240465
0.41075,1.043613022,-1.041573832,0.10193452,-0.103687532,-1.144199139,1.146609767
0.4108,1.071969672,-1.069975119,0.124137292,-0.125878099,-1.194755289,1.197204893
0.41085,1.106611109,-1.104662249,0.14842642,-0.150153159,-1.253681171,1.256171766
0.4109,1.14690402,-1.145002132,0.175529877,-0.177240504,-1.321071311,1.323605222
0.41095,1.192255413,-1.190401982,0.206058869,-0.207751131,-1.396943765,1.39952363
0.411,1.242143957,-1.24034066,0.240470103,-0.242141518,-1.481233738,1.4838625
0.41105,1.296130554,-1.294379239,0.279064799,-0.280712629,-1.573803159,1.576484063
0.4111,1.353849906,-1.352152582,0.322016539,-0.32363777,-1.674460106,1.677196691
0.41115,1.414989019,-1.413347837,0.369415194,-0.371006516,-1.782981234,1.785777332
0.4112,1.479260391,-1.477677625,0.421313492,-0.422871276,-1.899131529,1.901991256
0.41125,1.546377103,-1.54485514,0.477765563,-0.479285848,-2.022677954,2.025605701
0.4113,1.616034933,-1.614576254,0.538851378,-0.540329853,-2.153395994,2.156396424
0.41135,1.687903727,-1.686510892,0.604685776,-0.606117768,-2.291070064,2.294148099
0.4114,1.761627659,-1.760303294,0.675414524,-0.676794984,-2.435489823,2.438650638
0.41145,1.782199264,-1.780945706,0.721454851,-0.722778881,-2.495479559,2.498686596
0.4115,1.720307217,-1.719122722,0.734184187,-0.735449666,-2.45294358,2.456143534
0.41155,1.665533895,-1.664416076,0.750831043,-0.752036844,-2.414756798,2.417949684
0.4116,1.556436297,-1.555408442,0.769684338,-0.77082888,-2.331136758,2.334322593
0.41165,1.416210984,-1.415299376,0.759482945,-0.760567935,-2.174123988,2.177302786
0.4117,1.288776236,-1.287970628,0.744195971,-0.745222909,-2.031497099,2.034668876
0.41175,1.177012936,-1.176304083,0.726343194,-0.72731354,-1.901904494,1.905069267
0.4118,1.080065311,-1.079444933,0.707024003,-0.707939118,-1.785657791,1.788815574
0.41185,0.996673957,-0.996134696,0.687784452,-0.688645556,-1.683043926,1.686194735
0.4119,0.925272499,-0.924807879,0.670413267,-0.671221396,-1.594285596,1.597429446
0.41195,0.864172059,-0.863776434,0.656710002,-0.65746597,-1.519493779,1.522630686
0.412,0.811767963,-0.811436476,0.648256164,-0.648960523,-1.458645573,1.461775552
0.41205,0.766721864,-0.766450395,0.646239877,-0.646892876,-1.411590973,1.41471404
0.4121,0.728077671,-0.727862789,0.651370789,-0.651972333,-1.378083707,1.381199876
0.41215,0.695286617,-0.69512552,0.663898497,-0.664448105,-1.357824726,1.360934013
0.4122,0.668140406,-0.668030866,0.683721673,-0.684218433,-1.350504479,1.353606899
0.41225,0.646634779,-0.646575082,0.71055372,-0.710996253,-1.355832133,1.358927701
0.4123,0.63080192,-0.630790804,0.744100109,-0.744486527,-1.373545314,1.376634046
0.41235,0.620554739,-0.620591342,0.784204625,-0.784532498,-1.403400647,1.406482557
0.4124,0.615578655,-0.615662452,0.830934966,-0.831201288,-1.445151129,1.448226233
0.41245,0.615290352,-0.615421105,0.88459738,-0.884798549,-1.498519536,1.501587849
0.4125,0.618863725,-0.619041428,0.945689246,-0.945821041,-1.563176952,1.566238488
0.41255,0.625306647,-0.625531481,1.014812127,-1.014869687,-1.638732584,1.641787358
0.4126,0.633562514,-0.633834796,1.092573163,-1.092550973,-1.724736709,1.727784737
0.41265,0.642609311,-0.642929448,1.179499652,-1.179391534,-1.820694324,1.823735621
0.4127,0.651534964,-0.651903408,1.275982959,-1.275782057,-1.926084404,1.929118984
0.41275,0.6595779,-0.659995103,1.382257067,-1.381955841,-2.040379017,2.043406895
0.4128,0.666132434,-0.666598801,1.498407649,-1.49799787,-2.163057781,2.166078972
0.41285,0.670726781,-0.671242632,1.624401622,-1.623874362,-2.29361544,2.296629957
0.4129,0.674103977,-0.674669864,1.697353282,-1.696728009,-2.37652991,2.37953777
0.41295,0.651586003,-0.652199354,1.727509385,-1.726819873,-2.377545038,2.380546254
0.413,0.62487873,-0.625537354,1.76223933,-1.761484502,-2.385628352,2.38862294
0.41305,0.569461198,-0.570162494,1.748266695,-1.747445643,-2.309642632,2.312592004
0.4131,0.489469812,-0.490209009,1.649479445,-1.648595412,-2.137514895,2.14037325
0.41315,0.418192646,-0.41896454,1.557655314,-1.556712243,-1.974375312,1.977149199
0.4132,0.354456398,-0.355256321,1.470815821,-1.469817422,-1.823825235,1.826520719
0.41325,0.298661275,-0.299485039,1.388743312,-1.387693055,-1.685980009,1.688602673
0.4133,0.250839516,-0.251683374,1.311451406,-1.310352513,-1.560885926,1.563440884
0.41335,0.210589642,-0.21145025,1.239238438,-1.238093868,-1.448440146,1.450932053
0.4134,0.17707192,-0.177946299,1.172661347,-1.171473795,-1.348360152,1.350793209
0.41345,0.149090868,-0.149976376,1.112456775,-1.111228659,-1.260187355,1.262565323
0.4135,0.125249226,-0.126143516,1.059426756,-1.058160217,-1.183326752,1.185652963
0.41355,0.104140016,-0.105041011,1.014315024,-1.013011914,-1.1171153,1.119392665
0.4136,0.084533398,-0.085439255,0.977701814,-0.976363692,-1.060903569,1.06313459
0.41365,0.065516064,-0.066425139,0.949939632,-0.948567765,-1.014130908,1.016317692
0.4137,0.046553154,-0.047463963,0.931141343,-0.929736691,-0.976375441,0.97851971
0.41375,0.027462764,-0.028373947,0.921218331,-0.919781546,-0.947366741,0.949469847
0.4138,0.008315348,-0.00922563,0.919954405,-0.918485827,-0.926959135,0.929022075
0.41385,-0.010718011,0.009837139,0.927100462,-0.925600115,-0.915066822,0.917090256
0.4139,-0.029483625,0.028606056,0.942425107,-0.940892691,-0.911621864,0.913606125
0.41395,-0.048026713,0.047153705,0.965809359,-0.964244254,-0.916464039,0.918409156
0.414,-0.066604092,0.065736968,0.99724065,-0.99564191,-0.929317895,0.931223604
0.41405,-0.085700655,0.084840835,1.036797939,-1.035164297,-0.949777492,0.951643254
0.4141,-0.105970459,0.105119487,1.084614188,-1.082944053,-0.97732164,0.979146655
0.41415,-0.128147436,0.127307005,1.140827872,-1.139119336,-1.01135477,1.013137996
0.4142,-0.152949772,0.152121754,1.205539144,-1.203789981,-1.051258716,1.052998882
0.41425,-0.181001599,0.180188065,1.278780335,-1.276988005,-1.096441527,1.098137148
0.4143,-0.212786955,0.211990205,1.360504752,-1.358666406,-1.146372301,1.148021696
0.41435,-0.248640112,0.247862693,1.450592198,-1.448704682,-1.200596383,1.202197692
0.4144,-0.288766632,0.288011363,1.548865862,-1.546925722,-1.258731196,1.260282392
0.41445,-0.333283387,0.332553383,1.655113797,-1.653117285,-1.3204477,1.321946612
0.4145,-0.382263973,0.38156266,1.769108919,-1.767051997,-1.38544498,1.386889302
0.41455,-0.435778015,0.435109152,1.890623509,-1.888501859,-1.453425444,1.454812757
0.4146,-0.493917214,0.493284909,2.019436723,-2.017245755,-1.524076285,1.525404069
0.41465,-0.556805981,0.556214703,2.155335728,-2.153070582,-1.597059988,1.598325638
0.4147,-0.624598575,0.624053167,2.298112411,-2.295767973,-1.6720139,1.673214742
0.41475,-0.69746721,0.6969729,2.447558053,-2.445128958,-1.7485568,1.749690102
0.4148,-0.745303048,0.744864921,2.512211659,-2.509734496,-1.771963702,1.773027033
0.41485,-0.75893199,0.758552251,2.473759613,-2.471287921,-1.713272492,1.714267477
0.4149,-0.776681438,0.776361299,2.439634722,-2.437168489,-1.66147147,1.66240038
0.41495,-0.796700295,0.796441426,2.360376517,-2.357915731,-1.555604838,1.556444294
0.415,-0.787556439,0.787357197,2.208425824,-2.205970473,-1.419446834,1.420170295
0.41505,-0.77351303,0.773372,2.070892863,-2.068442935,-1.295916564,1.296533972
0.4151,-0.757090275,0.7570061,1.946416893,-1.943972375,-1.187886284,1.1884066
0.41515,-0.739406405,0.739377847,1.835300172,-1.832861053,-1.094472866,1.094904106
0.4152,-0.722035584,0.722061567,1.737815541,-1.735381809,-1.01437546,1.014724738
0.41525,-0.706792671,0.70687232,1.654166079,-1.651737721,-0.945982618,0.946256191
0.4153,-0.695492005,0.695624687,1.584438787,-1.582015793,-0.887567287,0.887770601
0.41535,-0.689713544,0.689898903,1.528585121,-1.526167477,-0.837501208,0.837638942
0.4154,-0.690627847,0.690865847,1.486431024,-1.48401872,-0.794439965,0.794516085
0.41545,-0.698915768,0.699206731,1.457710476,-1.455303499,-0.757436835,0.75745464
0.4155,-0.714793975,0.715138626,1.442110272,-1.439708611,-0.72596205,0.725924231
0.41555,-0.738130829,0.738530334,1.439311902,-1.436915545,-0.699828792,0.699737491
0.4156,-0.768616341,0.76907235,1.449019009,-1.446627944,-0.679050697,0.678907565
0.41565,-0.805940384,0.806455064,1.470964764,-1.46857898,-0.663671021,0.663477276
0.4157,-0.84993677,0.850512842,1.504900291,-1.502519776,-0.653606983,0.653363471
0.41575,-0.900665007,0.901305774,1.550570824,-1.548195566,-0.64854418,0.648251428
0.4158,-0.958421142,0.959130511,1.607689028,-1.605319016,-0.647899059,0.647557331
0.41585,-1.023687957,1.024470463,1.675914378,-1.6735496,-0.650848106,0.650457451
0.4159,-1.097047695,1.097908514,1.754844312,-1.752484756,-0.656406278,0.655966582
0.41595,-1.17908492,1.180029885,1.84401845,-1.841664106,-0.663528361,0.663039391
0.416,-1.270303566,1.271339178,1.942933098,-1.940583953,-0.671206427,0.670667879
0.41605,-1.371073288,1.372206724,2.051060777,-2.04871682,-0.678543021,0.677954563
0.4161,-1.48160964,1.482848763,2.167869142,-2.165530362,-0.684789891,0.68415121
0.41615,-1.601983623,1.603336983,2.292835,-2.290501385,-0.689352467,0.68866331
0.4162,-1.732150625,1.733627465,2.425451428,-2.423122967,-0.691768046,0.69102826
0.41625,-1.808720776,1.8103001,2.509968566,-2.507645248,-0.693085587,0.692294802
0.4163,-1.84127292,1.842918676,2.511998966,-2.509680779,-0.669175288,0.668336182
0.41635,-1.878265535,1.879978886,2.52100326,-2.518690193,-0.641111391,0.640226265
0.4164,-1.866253056,1.868034997,2.446061015,-2.443793854,-0.58479832,0.58386989
0.41645,-1.7690784,1.770925755,2.275379427,-2.273206878,-0.504707303,0.503740379
0.4165,-1.678972268,1.680881162,2.113617291,-2.111532855,-0.433148563,0.432148384
0.41655,-1.594004704,1.595971499,1.964348608,-1.962346264,-0.368873696,0.367844982
0.4166,-1.513986455,1.516007755,1.827665035,-1.825739241,-0.312231532,0.311178533
0.41665,-1.438931766,1.441004426,1.703597061,-1.70174274,-0.263238537,0.262165072
0.4167,-1.369109398,1.371230536,1.592038395,-1.590250928,-0.221519945,0.220429443
0.41675,-1.305021687,1.307188688,1.492716874,-1.490992089,-0.186301527,0.185197061
0.4168,-1.247337403,1.249547928,1.405195507,-1.403529668,-0.156477761,0.155362082
0.41685,-1.196792856,1.19904485,1.328905664,-1.32729546,-0.130743922,0.129619495
0.4169,-1.154083093,1.156374785,1.263206556,-1.261649092,-0.107764369,0.106633401
0.41695,-1.119766938,1.122096851,1.207458069,-1.205950853,-0.086340327,0.085204806
0.417,-1.094205514,1.096572469,1.161090041,-1.159630973,-0.065540653,0.064402377
0.41705,-1.077544893,1.079948015,1.1236515,-1.122238858,-0.044768417,0.043629034
0.4171,-1.06974238,1.072181098,1.094828482,-1.093460908,-0.023752434,0.022613478
0.41715,-1.070628877,1.073102935,1.074423977,-1.073100463,-0.0024521,0.00134981
0.4172,-1.079972716,1.082482173,1.062322403,-1.061042275,0.018980838,-0.020106313
0.41725,-1.097559348,1.100104582,1.058421018,-1.057183922,0.040469125,-0.041589884
0.4173,-1.123245808,1.125827517,1.062563902,-1.061369783,0.062012529,-0.063127112
0.41735,-1.156975738,1.159594941,1.07450436,-1.073353451,0.083802996,-0.084909872
0.4174,-1.198777289,1.201435326,1.093880132,-1.092772936,0.106231004,-0.107328542
0.41745,-1.248734746,1.251433277,1.120220246,-1.119157521,0.129851909,-0.130938347
0.4175,-1.306949755,1.309690754,1.152973839,-1.151956581,0.155318334,-0.156391755
0.41755,-1.373502927,1.376288684,1.191552006,-1.190581433,0.183299933,-0.184358238
0.4176,-1.448424786,1.451257901,1.235371266,-1.234448806,0.214410865,-0.215451751
0.41765,-1.531680722,1.5345641,1.283888658,-1.283015929,0.24915965,-0.250180584
0.4177,-1.623170119,1.626106966,1.336622202,-1.335800998,0.287927842,-0.288926043
0.41775,-1.722736428,1.725730246,1.393155106,-1.39238738,0.330975889,-0.331948299
0.4178,-1.830183167,1.833237748,1.453126286,-1.452414134,0.378468612,-0.379411883
0.41785,-1.945290825,1.948410246,1.516212386,-1.515558033,0.430510091,-0.43142056
0.4179,-2.067830876,2.07101949,1.58210731,-1.581513093,0.487178143,-0.488051819
0.41795,-2.197574882,2.200837309,1.650504413,-1.649972765,0.548551234,-0.549383779
0.418,-2.334298416,2.33763954,1.721084622,-1.720618056,0.61472428,-0.615510999
0.41805,-2.477780825,2.481205782,1.793511623,-1.793112721,0.685813219,-0.686549044
0.4181,-2.53685154,2.540323044,1.81278913,-1.812460185,0.7322289,-0.732908916
0.41815,-2.493421637,2.496885473,1.749608278,-1.749347505,0.745352968,-0.745975037
0.4182,-2.454333228,2.457789414,1.693587801,-1.693392772,0.762345234,-0.762908211
0.41825,-2.42292582,2.426374372,1.64286973,-1.642738264,0.781650354,-0.782152996
0.4183,-2.346396121,2.349837057,1.538479006,-1.538434262,0.80288895,-0.803329557
0.41835,-2.197420431,2.200853767,1.404472141,-1.404540506,0.79450791,-0.794888108
0.4184,-2.062814619,2.066240372,1.283216991,-1.283388727,0.78106393,-0.781385112
0.41845,-1.941229488,1.944647675,1.177573385,-1.177839724,0.765100278,-0.765363767
0.4185,-1.832980411,1.836391049,1.086616736,-1.086969843,0.747788948,-0.747995933
0.41855,-1.738350144,1.741753249,1.00898038,-1.009413307,0.730779103,-0.730930603
0.4186,-1.657545748,1.660941338,0.942972877,-0.943479522,0.715968932,-0.716065753
0.41865,-1.590651183,1.594039274,0.886784819,-0.887359879,0.70525153,-0.705294229
0.4187,-1.537608417,1.540989024,0.8387146,-0.839353524,0.700270235,-0.700259082
0.41875,-1.498229325,1.501602467,0.797362624,-0.798061568,0.702236332,-0.702171268
0.4188,-1.472231753,1.475597445,0.761750904,-0.762506675,0.711845508,-0.71172611
0.41885,-1.459286798,1.462645057,0.731344197,-0.732154197,0.729304013,-0.729129449
0.4189,-1.459062685,1.462413527,0.705974183,-0.706836355,0.754448342,-0.754217332
0.41895,-1.471253428,1.47459687,0.685692151,-0.686604916,0.786921228,-0.786632003
0.419,-1.495586582,1.49892264,0.670591299,-0.671553497,0.826357079,-0.826007346
0.41905,-1.531811311,1.535140001,0.660643275,-0.66165411,0.872533509,-0.872120417
0.4191,-1.579673627,1.582994965,0.655584933,-0.656643913,0.925459817,-0.924979929
0.41915,-1.638888447,1.64220245,0.654874335,-0.655981221,0.985393036,-0.984842305
0.4192,-1.709117589,1.712424273,0.657715479,-0.658870234,1.052791199,-1.052164949
0.41925,-1.789959683,1.793259064,0.663134846,-0.664337587,1.128226703,-1.127519611
0.4193,-1.880953506,1.8842456,0.670083555,-0.671334504,1.212287479,-1.211493567
0.41935,-1.981592124,1.984876947,0.677537983,-0.678837427,1.305490521,-1.30460314
0.4194,-2.091342662,2.094620231,0.68457774,-0.685925983,1.408223673,-1.407235498
0.41945,-2.209665966,2.212936295,0.690429806,-0.691827124,1.520721155,-1.519624176
0.4195,-2.336031683,2.33929479,0.694478002,-0.695924605,1.643069174,-1.641854693
0.41955,-2.415065573,2.418321473,0.697197965,-0.698694311,1.712797126,-1.711485097
0.4196,-2.412661718,2.415910427,0.673715141,-0.67525856,1.740498542,-1.739123224
0.41965,-2.417401008,2.420642542,0.646018562,-0.647606768,1.772873222,-1.771433621
0.4197,-2.427512426,2.4307468,0.616295396,-0.61792622,1.812715756,-1.8112107
0.41975,-2.353843432,2.357031354,0.558925451,-0.560596316,1.803012972,-1.801441449
0.4198,-2.184691409,2.187785996,0.478662174,-0.48036841,1.707473593,-1.70583876
0.41985,-2.024721881,2.027729552,0.407898862,-0.409635361,1.618305864,-1.616611575
0.4199,-1.877558826,1.880485521,0.345418134,-0.347180301,1.533598025,-1.531847896
0.41995,-1.743289974,1.746141158,0.291442369,-0.293226072,1.453282643,-1.451480047
0.42,-1.621884792,1.624665464,0.245723378,-0.247524908,1.377576958,-1.375725012
0.42005,-1.513127227,1.515841931,0.207529827,-0.209345861,1.306995955,-1.305097514
0.4201,-1.416605856,1.41925869,0.175704109,-0.177531679,1.242285554,-1.240343203
0.42015,-1.33174178,1.334336405,0.14880146,-0.150637915,1.18431138,-1.18232743
0.4202,-1.257850614,1.260390268,0.125283677,-0.127126658,1.133927033,-1.131903514
0.42025,-1.194225983,1.196713485,0.103726173,-0.105573575,1.091850533,-1.089789187
0.4203,-1.140225554,1.142663323,0.082993242,-0.084843182,1.058575088,-1.056477364
0.42035,-1.095339137,1.097729199,0.062344018,-0.064194801,1.034331234,-1.032198283
0.4204,-1.059222527,1.06156653,0.041448817,-0.043298897,1.019104335,-1.016937007
0.42045,-1.031689594,1.033988824,0.020317748,-0.022165686,1.012698075,-1.010496909
0.4205,-1.012661149,1.014916543,-8.20E-04,-9.97E-04,1.014829347,-1.01259457
0.42055,-1.002112356,1.004324517,-0.021740561,0.019954568,1.025201543,-1.022933063
0.4206,-0.999972999,1.002142216,-0.042284331,0.040504415,1.043603258,-1.041300663
0.42065,-1.006066608,1.00819287,-0.062530091,0.060757643,1.069942328,-1.067604884
0.4207,-1.020083624,1.022166632,-0.082810421,0.081046905,1.104240464,-1.101867117
0.42075,-1.041573831,1.043613022,-0.103687532,0.10193452,1.146609766,-1.144199139
0.4208,-1.069975118,1.071969672,-0.125878099,0.124137292,1.197204893,-1.194755288
0.42085,-1.104662248,1.106611109,-0.150153159,0.14842642,1.256171765,-1.253681171
0.4209,-1.145002131,1.146904019,-0.177240503,0.175529877,1.323605221,-1.32107131
0.42095,-1.190401982,1.192255412,-0.207751131,0.206058869,1.399523629,-1.396943764
0.421,-1.240340659,1.242143957,-0.242141518,0.240470103,1.4838625,-1.481233738
0.42105,-1.294379239,1.296130554,-0.280712629,0.279064799,1.576484062,-1.573803159
0.4211,-1.352152582,1.353849905,-0.32363777,0.322016539,1.677196691,-1.674460105
0.42115,-1.413347836,1.414989019,-0.371006516,0.369415194,1.785777332,-1.782981233
0.4212,-1.477677625,1.47926039,-0.422871276,0.421313492,1.901991255,-1.899131528
0.42125,-1.54485514,1.546377102,-0.479285848,0.477765563,2.025605701,-2.022677953
0.4213,-1.614576253,1.616034932,-0.540329853,0.538851378,2.156396424,-2.153395994
0.42135,-1.686510892,1.687903727,-0.606117767,0.604685776,2.294148098,-2.291070064
0.4214,-1.760303294,1.761627658,-0.676794984,0.675414524,2.438650638,-2.435489823
0.42145,-1.780945705,1.782199264,-0.722778881,0.721454851,2.498686595,-2.495479558
0.4215,-1.719122721,1.720307217,-0.735449666,0.734184187,2.456143534,-2.45294358
0.42155,-1.664416075,1.665533895,-0.752036844,0.750831043,2.417949684,-2.414756797
0.4216,-1.555408441,1.556436297,-0.77082888,0.769684338,2.334322592,-2.331136758
0.42165,-1.415299376,1.416210984,-0.760567935,0.759482945,2.177302785,-2.174123987
0.4217,-1.287970628,1.288776236,-0.745222909,0.744195971,2.034668876,-2.031497098
0.42175,-1.176304082,1.177012936,-0.72731354,0.726343194,1.905069266,-1.901904494
0.4218,-1.079444932,1.080065311,-0.707939118,0.707024003,1.788815573,-1.78565779
0.42185,-0.996134696,0.996673957,-0.688645555,0.687784451,1.686194734,-1.683043925
0.4219,-0.924807879,0.925272499,-0.671221396,0.670413267,1.597429445,-1.594285595
0.42195,-0.863776434,0.864172059,-0.65746597,0.656710002,1.522630686,-1.519493779
0.422,-0.811436476,0.811767963,-0.648960522,0.648256163,1.461775552,-1.458645573
0.42205,-0.766450395,0.766721863,-0.646892876,0.646239877,1.414714039,-1.411590973
0.4221,-0.727862789,0.728077671,-0.651972333,0.651370789,1.381199876,-1.378083707
0.42215,-0.69512552,0.695286617,-0.664448105,0.663898497,1.360934013,-1.357824726
0.4222,-0.668030866,0.668140406,-0.684218433,0.683721672,1.353606899,-1.350504479
0.42225,-0.646575081,0.646634779,-0.710996253,0.710553719,1.358927701,-1.355832132
0.4223,-0.630790804,0.63080192,-0.744486527,0.744100108,1.376634046,-1.373545314
0.42235,-0.620591342,0.620554739,-0.784532498,0.784204625,1.406482557,-1.403400647
0.4224,-0.615662452,0.615578655,-0.831201288,0.830934965,1.448226232,-1.445151128
0.42245,-0.615421104,0.615290352,-0.884798549,0.884597379,1.501587849,-1.498519536
0.4225,-0.619041428,0.618863724,-0.94582104,0.945689246,1.566238487,-1.563176951
0.42255,-0.625531481,0.625306646,-1.014869686,1.014812127,1.641787358,-1.638732583
0.4226,-0.633834796,0.633562513,-1.092550973,1.092573163,1.727784737,-1.724736708
0.42265,-0.642929448,0.642609311,-1.179391533,1.179499652,1.82373562,-1.820694324
0.4227,-0.651903408,0.651534964,-1.275782057,1.275982959,1.929118984,-1.926084404
0.42275,-0.659995103,0.6595779,-1.381955841,1.382257066,2.043406894,-2.040379017
0.4228,-0.666598801,0.666132434,-1.497997869,1.498407649,2.166078972,-2.163057781
0.42285,-0.671242632,0.670726781,-1.623874362,1.624401622,2.296629957,-2.293615439
0.4229,-0.674669864,0.674103977,-1.696728009,1.697353282,2.37953777,-2.37652991
0.42295,-0.652199354,0.651586003,-1.726819873,1.727509385,2.380546254,-2.377545037
0.423,-0.625537354,0.62487873,-1.761484502,1.76223933,2.38862294,-2.385628352
0.42305,-0.570162494,0.569461198,-1.747445643,1.748266695,2.312592003,-2.309642632
0.4231,-0.490209009,0.489469812,-1.648595411,1.649479445,2.14037325,-2.137514895
0.42315,-0.41896454,0.418192646,-1.556712242,1.557655314,1.977149199,-1.974375312
0.4232,-0.355256321,0.354456398,-1.469817421,1.470815821,1.826520719,-1.823825235
0.42325,-0.299485039,0.298661275,-1.387693055,1.388743312,1.688602673,-1.685980009
0.4233,-0.251683374,0.250839516,-1.310352512,1.311451406,1.563440884,-1.560885925
0.42335,-0.21145025,0.210589642,-1.238093868,1.239238438,1.450932053,-1.448440146
0.4234,-0.177946299,0.177071919,-1.171473795,1.172661347,1.350793209,-1.348360152
0.42345,-0.149976376,0.149090868,-1.111228659,1.112456775,1.262565323,-1.260187355
0.4235,-0.126143516,0.125249226,-1.058160216,1.059426756,1.185652963,-1.183326752
0.42355,-0.105041011,0.104140016,-1.013011914,1.014315024,1.119392665,-1.1171153
0.4236,-0.085439255,0.084533398,-0.976363692,0.977701813,1.06313459,-1.060903569
0.42365,-0.066425139,0.065516064,-0.948567764,0.949939632,1.016317692,-1.014130908
0.4237,-0.047463963,0.046553154,-0.929736691,0.931141343,0.97851971,-0.976375441
0.42375,-0.028373947,0.027462764,-0.919781546,0.921218331,0.949469847,-0.947366741
0.4238,-0.00922563,0.008315348,-0.918485827,0.919954404,0.929022075,-0.926959134
0.42385,0.009837139,-0.010718011,-0.925600115,0.927100462,0.917090256,-0.915066822
0.4239,0.028606056,-0.029483625,-0.940892691,0.942425107,0.913606125,-0.911621864
0.42395,0.047153705,-0.048026713,-0.964244254,0.965809359,0.918409156,-0.916464039
0.424,0.065736968,-0.066604092,-0.99564191,0.99724065,0.931223604,-0.929317895
0.42405,0.084840835,-0.085700655,-1.035164297,1.036797939,0.951643254,-0.949777492
0.4241,0.105119487,-0.105970459,-1.082944053,1.084614188,0.979146655,-0.97732164
0.42415,0.127307005,-0.128147436,-1.139119336,1.140827872,1.013137996,-1.01135477
0.4242,0.152121754,-0.152949772,-1.203789981,1.205539144,1.052998882,-1.051258716
0.42425,0.180188065,-0.181001599,-1.276988005,1.278780335,1.098137148,-1.096441527
0.4243,0.211990205,-0.212786955,-1.358666406,1.360504752,1.148021696,-1.146372301
0.42435,0.247862693,-0.248640112,-1.448704682,1.450592198,1.202197692,-1.200596383
0.4244,0.288011364,-0.288766632,-1.546925722,1.548865862,1.260282392,-1.258731196
0.42445,0.332553383,-0.333283387,-1.653117285,1.655113797,1.321946612,-1.3204477
0.4245,0.381562661,-0.382263973,-1.767051997,1.769108919,1.386889302,-1.38544498
0.42455,0.435109152,-0.435778015,-1.88850186,1.890623509,1.454812757,-1.453425444
0.4246,0.49328491,-0.493917214,-2.017245755,2.019436724,1.525404069,-1.524076285
0.42465,0.556214703,-0.556805981,-2.153070582,2.155335728,1.598325638,-1.597059988
0.4247,0.624053168,-0.624598575,-2.295767973,2.298112412,1.673214742,-1.6720139
0.42475,0.6969729,-0.69746721,-2.445128959,2.447558053,1.749690103,-1.7485568
0.4248,0.744864921,-0.745303048,-2.509734496,2.512211659,1.773027033,-1.771963702
0.42485,0.758552252,-0.75893199,-2.471287921,2.473759613,1.714267477,-1.713272493
0.4249,0.776361299,-0.776681438,-2.43716849,2.439634722,1.66240038,-1.661471471
0.42495,0.796441426,-0.796700296,-2.357915731,2.360376517,1.556444294,-1.555604838
0.425,0.787357197,-0.787556439,-2.205970473,2.208425824,1.420170295,-1.419446834
0.42505,0.773372,-0.77351303,-2.068442935,2.070892863,1.296533972,-1.295916564
0.4251,0.7570061,-0.757090275,-1.943972375,1.946416893,1.188406601,-1.187886285
0.42515,0.739377848,-0.739406406,-1.832861053,1.835300172,1.094904106,-1.094472866
0.4252,0.722061568,-0.722035585,-1.735381809,1.737815541,1.014724738,-1.01437546
0.42525,0.706872321,-0.706792671,-1.651737722,1.654166079,0.946256191,-0.945982618
0.4253,0.695624687,-0.695492006,-1.582015793,1.584438788,0.887770601,-0.887567287
0.42535,0.689898903,-0.689713545,-1.526167478,1.528585121,0.837638943,-0.837501208
0.4254,0.690865847,-0.690627848,-1.484018721,1.486431025,0.794516085,-0.794439966
0.42545,0.699206732,-0.698915769,-1.4553035,1.457710476,0.75745464,-0.757436836
0.4255,0.715138627,-0.714793976,-1.439708611,1.442110272,0.725924231,-0.72596205
0.42555,0.738530334,-0.738130829,-1.436915545,1.439311902,0.699737492,-0.699828792
0.4256,0.76907235,-0.768616341,-1.446627945,1.44901901,0.678907565,-0.679050697
0.42565,0.806455064,-0.805940384,-1.468578981,1.470964765,0.663477276,-0.663671021
0.4257,0.850512843,-0.849936771,-1.502519776,1.504900292,0.653363471,-0.653606983
0.42575,0.901305774,-0.900665008,-1.548195566,1.550570824,0.648251429,-0.64854418
0.4258,0.959130512,-0.958421142,-1.605319016,1.607689029,0.647557331,-0.647899059
0.42585,1.024470464,-1.023687958,-1.6735496,1.675914379,0.650457451,-0.650848106
0.4259,1.097908514,-1.097047695,-1.752484757,1.754844313,0.655966582,-0.656406278
0.42595,1.180029885,-1.17908492,-1.841664106,1.844018451,0.663039391,-0.663528361
0.426,1.271339179,-1.270303567,-1.940583954,1.942933099,0.670667879,-0.671206427
0.42605,1.372206725,-1.371073288,-2.04871682,2.051060777,0.677954564,-0.678543021
0.4261,1.482848763,-1.481609641,-2.165530363,2.167869143,0.68415121,-0.684789891
0.42615,1.603336984,-1.601983624,-2.290501385,2.292835,0.68866331,-0.689352467
0.4262,1.733627466,-1.732150625,-2.423122968,2.425451429,0.691028261,-0.691768046
0.42625,1.8103001,-1.808720777,-2.507645248,2.509968567,0.692294802,-0.693085587
0.4263,1.842918677,-1.841272921,-2.509680779,2.511998966,0.668336182,-0.669175288
0.42635,1.879978886,-1.878265535,-2.518690194,2.52100326,0.640226265,-0.641111391
0.4264,1.868034997,-1.866253057,-2.443793855,2.446061016,0.583869891,-0.58479832
0.42645,1.770925756,-1.769078401,-2.273206879,2.275379428,0.503740379,-0.504707304
0.4265,1.680881162,-1.678972268,-2.111532855,2.113617291,0.432148384,-0.433148563
0.42655,1.595971499,-1.594004704,-1.962346265,1.964348608,0.367844982,-0.368873696
0.4266,1.516007756,-1.513986456,-1.825739242,1.827665036,0.311178533,-0.312231532
0.42665,1.441004427,-1.438931767,-1.701742741,1.703597062,0.262165072,-0.263238537
0.4267,1.371230537,-1.369109399,-1.590250929,1.592038395,0.220429444,-0.221519945
0.42675,1.307188688,-1.305021688,-1.49099209,1.492716875,0.185197061,-0.186301527
0.4268,1.249547929,-1.247337403,-1.403529668,1.405195508,0.155362082,-0.156477761
0.42685,1.199044851,-1.196792857,-1.327295461,1.328905665,0.129619495,-0.130743922
0.4269,1.156374786,-1.154083093,-1.261649092,1.263206557,0.106633401,-0.107764369
0.42695,1.122096852,-1.119766938,-1.205950854,1.20745807,0.085204806,-0.086340327
0.427,1.09657247,-1.094205514,-1.159630973,1.161090041,0.064402377,-0.065540653
0.42705,1.079948015,-1.077544894,-1.122238859,1.123651501,0.043629034,-0.044768417
0.4271,1.072181099,-1.069742381,-1.093460909,1.094828483,0.022613478,-0.023752434
0.42715,1.073102936,-1.070628877,-1.073100464,1.074423977,0.00134981,-0.0024521
0.4272,1.082482174,-1.079972717,-1.061042276,1.062322403,-0.020106313,0.018980838
0.42725,1.100104582,-1.097559349,-1.057183922,1.058421019,-0.041589885,0.040469125
0.4273,1.125827518,-1.123245809,-1.061369783,1.062563902,-0.063127112,0.062012529
0.42735,1.159594942,-1.156975739,-1.073353451,1.07450436,-0.084909872,0.083802996
0.4274,1.201435326,-1.198777289,-1.092772937,1.093880133,-0.107328542,0.106231004
0.42745,1.251433277,-1.248734747,-1.119157522,1.120220247,-0.130938347,0.129851909
0.4275,1.309690755,-1.306949756,-1.151956582,1.15297384,-0.156391755,0.155318335
0.42755,1.376288685,-1.373502927,-1.190581434,1.191552007,-0.184358238,0.183299933
0.4276,1.451257902,-1.448424787,-1.234448806,1.235371266,-0.215451751,0.214410865
0.42765,1.5345641,-1.531680723,-1.28301593,1.283888659,-0.250180584,0.24915965
0.4277,1.626106967,-1.62317012,-1.335800998,1.336622203,-0.288926043,0.287927842
0.42775,1.725730247,-1.722736429,-1.39238738,1.393155107,-0.331948299,0.330975889
0.4278,1.833237749,-1.830183167,-1.452414135,1.453126286,-0.379411883,0.378468612
0.42785,1.948410246,-1.945290825,-1.515558034,1.516212386,-0.43142056,0.430510092
0.4279,2.07101949,-2.067830877,-1.581513094,1.582107311,-0.488051819,0.487178144
0.42795,2.20083731,-2.197574883,-1.649972765,1.650504414,-0.549383779,0.548551234
0.428,2.337639541,-2.334298417,-1.720618056,1.721084622,-0.615510999,0.61472428
0.42805,2.481205783,-2.477780826,-1.793112722,1.793511623,-0.686549044,0.685813219
0.4281,2.540323044,-2.536851541,-1.812460186,1.812789131,-0.732908917,0.7322289
0.42815,2.496885474,-2.493421638,-1.749347505,1.749608278,-0.745975038,0.745352968
0.4282,2.457789415,-2.454333229,-1.693392772,1.693587802,-0.762908211,0.762345234
0.42825,2.426374373,-2.42292582,-1.642738265,1.642869731,-0.782152996,0.781650355
0.4283,2.349837058,-2.346396122,-1.538434263,1.538479006,-0.803329557,0.802888951
0.42835,2.200853768,-2.197420432,-1.404540507,1.404472142,-0.794888108,0.794507911
0.4284,2.066240373,-2.06281462,-1.283388728,1.283216991,-0.781385113,0.78106393
0.42845,1.944647676,-1.941229488,-1.177839725,1.177573385,-0.765363767,0.765100279
0.4285,1.83639105,-1.832980412,-1.086969843,1.086616736,-0.747995934,0.747788948
0.42855,1.74175325,-1.738350145,-1.009413308,1.00898038,-0.730930603,0.730779103
0.4286,1.660941338,-1.657545749,-0.943479523,0.942972878,-0.716065754,0.715968933
0.42865,1.594039274,-1.590651184,-0.887359879,0.88678482,-0.705294229,0.70525153
0.4287,1.540989025,-1.537608418,-0.839353525,0.8387146,-0.700259082,0.700270236
0.42875,1.501602468,-1.498229326,-0.798061568,0.797362624,-0.702171269,0.702236332
0.4288,1.475597445,-1.472231754,-0.762506675,0.761750904,-0.711726111,0.711845509
0.42885,1.462645058,-1.459286799,-0.732154197,0.731344197,-0.729129449,0.729304013
0.4289,1.462413528,-1.459062686,-0.706836356,0.705974184,-0.754217332,0.754448342
0.42895,1.47459687,-1.471253429,-0.686604916,0.685692151,-0.786632004,0.786921228
0.429,1.49892264,-1.495586583,-0.671553498,0.670591299,-0.826007347,0.82635708
0.42905,1.535140002,-1.531811312,-0.66165411,0.660643275,-0.872120418,0.87253351
0.4291,1.582994966,-1.579673628,-0.656643913,0.655584934,-0.92497993,0.925459818
0.42915,1.64220245,-1.638888447,-0.655981221,0.654874335,-0.984842305,0.985393037
0.4292,1.712424273,-1.709117589,-0.658870234,0.65771548,-1.052164949,1.0527912
0.42925,1.793259065,-1.789959684,-0.664337587,0.663134847,-1.127519612,1.128226703
0.4293,1.884245601,-1.880953507,-0.671334505,0.670083555,-1.211493568,1.21228748
0.42935,1.984876948,-1.981592125,-0.678837428,0.677537983,-1.304603141,1.305490521
0.4294,2.094620232,-2.091342663,-0.685925983,0.68457774,-1.407235498,1.408223673
0.42945,2.212936296,-2.209665966,-0.691827124,0.690429806,-1.519624176,1.520721156
0.4295,2.339294791,-2.336031684,-0.695924605,0.694478002,-1.641854694,1.643069174
0.42955,2.418321474,-2.415065574,-0.698694312,0.697197965,-1.711485097,1.712797126
0.4296,2.415910428,-2.412661719,-0.67525856,0.673715141,-1.739123224,1.740498543
0.42965,2.420642543,-2.417401009,-0.647606768,0.646018563,-1.771433622,1.772873223
0.4297,2.430746801,-2.427512426,-0.61792622,0.616295396,-1.811210701,1.812715757
0.42975,2.357031355,-2.353843432,-0.560596316,0.558925451,-1.80144145,1.803012973
0.4298,2.187785997,-2.18469141,-0.48036841,0.478662174,-1.705838761,1.707473594
0.42985,2.027729552,-2.024721881,-0.409635361,0.407898863,-1.616611576,1.618305864
0.4299,1.880485522,-1.877558827,-0.347180301,0.345418134,-1.531847897,1.533598025
0.42995,1.746141158,-1.743289974,-0.293226073,0.291442369,-1.451480047,1.453282643
0.43,1.624665465,-1.621884793,-0.247524908,0.245723378,-1.375725012,1.377576959
0.43005,1.515841932,-1.513127227,-0.209345861,0.207529827,-1.305097514,1.306995956
0.4301,1.41925869,-1.416605857,-0.177531679,0.175704109,-1.240343204,1.242285555
0.43015,1.334336406,-1.331741781,-0.150637915,0.14880146,-1.182327431,1.18431138
0.4302,1.260390268,-1.257850615,-0.127126658,0.125283677,-1.131903515,1.133927033
0.43025,1.196713486,-1.194225984,-0.105573575,0.103726173,-1.089789188,1.091850534
0.4303,1.142663323,-1.140225555,-0.084843182,0.082993242,-1.056477365,1.058575089
0.43035,1.097729199,-1.095339138,-0.064194801,0.062344018,-1.032198284,1.034331234
0.4304,1.061566531,-1.059222527,-0.043298897,0.041448817,-1.016937008,1.019104336
0.43045,1.033988825,-1.031689595,-0.022165686,0.020317748,-1.01049691,1.012698075
0.4305,1.014916543,-1.01266115,-9.97E-04,-8.20E-04,-1.01259457,1.014829348
0.43055,1.004324518,-1.002112356,0.019954568,-0.021740561,-1.022933064,1.025201544
0.4306,1.002142217,-0.999972999,0.040504415,-0.042284331,-1.041300664,1.043603259
0.43065,1.00819287,-1.006066609,0.060757643,-0.062530091,-1.067604885,1.069942328
0.4307,1.022166633,-1.020083624,0.081046905,-0.082810421,-1.101867118,1.104240465
0.43075,1.043613022,-1.041573832,0.10193452,-0.103687532,-1.144199139,1.146609767
0.4308,1.071969672,-1.069975119,0.124137292,-0.125878099,-1.194755289,1.197204893
0.43085,1.106611109,-1.104662249,0.14842642,-0.150153159,-1.253681171,1.256171766
0.4309,1.14690402,-1.145002132,0.175529877,-0.177240504,-1.321071311,1.323605222
0.43095,1.192255413,-1.190401982,0.206058869,-0.207751131,-1.396943765,1.39952363
0.431,1.242143957,-1.24034066,0.240470103,-0.242141518,-1.481233738,1.4838625
0.43105,1.296130554,-1.294379239,0.279064799,-0.280712629,-1.573803159,1.576484063
0.4311,1.353849906,-1.352152582,0.322016539,-0.32363777,-1.674460106,1.677196691
0.43115,1.414989019,-1.413347837,0.369415194,-0.371006516,-1.782981234,1.785777332
0.4312,1.479260391,-1.477677625,0.421313492,-0.422871276,-1.899131529,1.901991256
0.43125,1.546377103,-1.54485514,0.477765563,-0.479285848,-2.022677954,2.025605701
0.4313,1.616034933,-1.614576254,0.538851378,-0.540329853,-2.153395994,2.156396424
0.43135,1.687903727,-1.686510892,0.604685776,-0.606117768,-2.291070064,2.294148099
0.4314,1.761627659,-1.760303294,0.675414524,-0.676794984,-2.435489823,2.438650638
0.43145,1.782199264,-1.780945706,0.721454851,-0.722778881,-2.495479559,2.498686596
0.4315,1.720307217,-1.719122722,0.734184187,-0.735449666,-2.45294358,2.456143534
0.43155,1.665533895,-1.664416076,0.750831043,-0.752036844,-2.414756798,2.417949684
0.4316,1.556436297,-1.555408442,0.769684338,-0.77082888,-2.331136758,2.334322593
0.43165,1.416210984,-1.415299376,0.759482945,-0.760567935,-2.174123988,2.177302786
0.4317,1.288776236,-1.287970628,0.744195971,-0.745222909,-2.031497099,2.034668876
0.43175,1.177012936,-1.176304083,0.726343194,-0.72731354,-1.901904494,1.905069267
0.4318,1.080065311,-1.079444933,0.707024003,-0.707939118,-1.785657791,1.788815574
0.43185,0.996673957,-0.996134696,0.687784452,-0.688645556,-1.683043926,1.686194735
0.4319,0.925272499,-0.924807879,0.670413267,-0.671221396,-1.594285596,1.597429446
0.43195,0.864172059,-0.863776434,0.656710002,-0.65746597,-1.519493779,1.522630686
0.432,0.811767963,-0.811436476,0.648256164,-0.648960523,-1.458645573,1.461775552
0.43205,0.766721864,-0.766450395,0.646239877,-0.646892876,-1.411590973,1.41471404
0.4321,0.728077671,-0.727862789,0.651370789,-0.651972333,-1.378083707,1.381199876
0.43215,0.695286617,-0.69512552,0.663898497,-0.664448105,-1.357824726,1.360934013
0.4322,0.668140406,-0.668030866,0.683721673,-0.684218433,-1.350504479,1.353606899
0.43225,0.646634779,-0.646575082,0.71055372,-0.710996253,-1.355832133,1.358927701
0.4323,0.63080192,-0.630790804,0.744100109,-0.744486527,-1.373545314,1.376634046
0.43235,0.620554739,-0.620591342,0.784204625,-0.784532498,-1.403400647,1.406482557
0.4324,0.615578655,-0.615662452,0.830934966,-0.831201288,-1.445151129,1.448226233
0.43245,0.615290352,-0.615421105,0.88459738,-0.884798549,-1.498519536,1.501587849
0.4325,0.618863725,-0.619041428,0.945689246,-0.945821041,-1.563176952,1.566238488
0.43255,0.625306647,-0.625531481,1.014812127,-1.014869687,-1.638732584,1.641787358
0.4326,0.633562514,-0.633834796,1.092573163,-1.092550973,-1.724736709,1.727784737
0.43265,0.642609311,-0.642929448,1.179499652,-1.179391534,-1.820694324,1.823735621
0.4327,0.651534964,-0.651903408,1.275982959,-1.275782057,-1.926084404,1.929118984
0.43275,0.6595779,-0.659995103,1.382257067,-1.381955841,-2.040379017,2.043406895
0.4328,0.666132434,-0.666598801,1.498407649,-1.49799787,-2.163057781,2.166078972
0.43285,0.670726781,-0.671242632,1.624401622,-1.623874362,-2.29361544,2.296629957
0.4329,0.674103977,-0.674669864,1.697353282,-1.696728009,-2.37652991,2.37953777
0.43295,0.651586003,-0.652199354,1.727509385,-1.726819873,-2.377545038,2.380546254
0.433,0.62487873,-0.625537354,1.76223933,-1.761484502,-2.385628352,2.38862294
0.43305,0.569461198,-0.570162494,1.748266695,-1.747445643,-2.309642632,2.312592004
0.4331,0.489469812,-0.490209009,1.649479445,-1.648595412,-2.137514895,2.14037325
0.43315,0.418192646,-0.41896454,1.557655314,-1.556712243,-1.974375312,1.977149199
0.4332,0.354456398,-0.355256321,1.470815821,-1.469817422,-1.823825235,1.826520719
0.43325,0.298661275,-0.299485039,1.388743312,-1.387693055,-1.685980009,1.688602673
0.4333,0.250839516,-0.251683374,1.311451406,-1.310352513,-1.560885926,1.563440884
0.43335,0.210589642,-0.21145025,1.239238438,-1.238093868,-1.448440146,1.450932053
0.4334,0.17707192,-0.177946299,1.172661347,-1.171473795,-1.348360152,1.350793209
0.43345,0.149090868,-0.149976376,1.112456775,-1.111228659,-1.260187355,1.262565323
0.4335,0.125249226,-0.126143516,1.059426756,-1.058160217,-1.183326752,1.185652963
0.43355,0.104140016,-0.105041011,1.014315024,-1.013011914,-1.1171153,1.119392665
0.4336,0.084533398,-0.085439255,0.977701814,-0.976363692,-1.060903569,1.06313459
0.43365,0.065516064,-0.066425139,0.949939632,-0.948567765,-1.014130908,1.016317692
0.4337,0.046553154,-0.047463963,0.931141343,-0.929736691,-0.976375441,0.97851971
0.43375,0.027462764,-0.028373947,0.921218331,-0.919781546,-0.947366741,0.949469847
0.4338,0.008315348,-0.00922563,0.919954405,-0.918485827,-0.926959135,0.929022075
0.43385,-0.010718011,0.009837139,0.927100462,-0.925600115,-0.915066822,0.917090256
0.4339,-0.029483625,0.028606056,0.942425107,-0.940892691,-0.911621864,0.913606125
0.43395,-0.048026713,0.047153705,0.965809359,-0.964244254,-0.916464039,0.918409156
0.434,-0.066604092,0.065736968,0.99724065,-0.99564191,-0.929317895,0.931223604
0.43405,-0.085700655,0.084840835,1.036797939,-1.035164297,-0.949777492,0.951643254
0.4341,-0.105970459,0.105119487,1.084614188,-1.082944053,-0.97732164,0.979146655
0.43415,-0.128147436,0.127307005,1.140827872,-1.139119336,-1.01135477,1.013137996
0.4342,-0.152949772,0.152121754,1.205539144,-1.203789981,-1.051258716,1.052998882
0.43425,-0.181001599,0.180188065,1.278780335,-1.276988005,-1.096441527,1.098137148
0.4343,-0.212786955,0.211990205,1.360504752,-1.358666406,-1.146372301,1.148021696
0.43435,-0.248640112,0.247862693,1.450592198,-1.448704682,-1.200596383,1.202197692
0.4344,-0.288766632,0.288011363,1.548865862,-1.546925722,-1.258731196,1.260282392
0.43445,-0.333283387,0.332553383,1.655113797,-1.653117285,-1.3204477,1.321946612
0.4345,-0.382263973,0.38156266,1.769108919,-1.767051997,-1.38544498,1.386889302
0.43455,-0.435778015,0.435109152,1.890623509,-1.888501859,-1.453425444,1.454812757
0.4346,-0.493917214,0.493284909,2.019436723,-2.017245755,-1.524076285,1.525404069
0.43465,-0.556805981,0.556214703,2.155335728,-2.153070582,-1.597059988,1.598325638
0.4347,-0.624598575,0.624053167,2.298112411,-2.295767973,-1.6720139,1.673214742
0.43475,-0.69746721,0.6969729,2.447558053,-2.445128958,-1.7485568,1.749690102
0.4348,-0.745303048,0.744864921,2.512211659,-2.509734496,-1.771963702,1.773027033
0.43485,-0.75893199,0.758552251,2.473759613,-2.471287921,-1.713272492,1.714267477
0.4349,-0.776681438,0.776361299,2.439634722,-2.437168489,-1.66147147,1.66240038
0.43495,-0.796700295,0.796441426,2.360376517,-2.357915731,-1.555604838,1.556444294
0.435,-0.787556439,0.787357197,2.208425824,-2.205970473,-1.419446834,1.420170295
0.43505,-0.77351303,0.773372,2.070892863,-2.068442935,-1.295916564,1.296533972
0.4351,-0.757090275,0.7570061,1.946416893,-1.943972375,-1.187886284,1.1884066
0.43515,-0.739406405,0.739377847,1.835300172,-1.832861053,-1.094472866,1.094904106
0.4352,-0.722035584,0.722061567,1.737815541,-1.735381809,-1.01437546,1.014724738
0.43525,-0.706792671,0.70687232,1.654166079,-1.651737721,-0.945982618,0.946256191
0.4353,-0.695492005,0.695624687,1.584438787,-1.582015793,-0.887567287,0.887770601
0.43535,-0.689713544,0.689898903,1.528585121,-1.526167477,-0.837501208,0.837638942
0.4354,-0.690627847,0.690865847,1.486431024,-1.48401872,-0.794439965,0.794516085
0.43545,-0.698915768,0.699206731,1.457710476,-1.455303499,-0.757436835,0.75745464
0.4355,-0.714793975,0.715138626,1.442110272,-1.439708611,-0.72596205,0.725924231
0.43555,-0.738130829,0.738530334,1.439311902,-1.436915545,-0.699828792,0.699737491
0.4356,-0.768616341,0.76907235,1.449019009,-1.446627944,-0.679050697,0.678907565
0.43565,-0.805940384,0.806455064,1.470964764,-1.46857898,-0.663671021,0.663477276
0.4357,-0.84993677,0.850512842,1.504900291,-1.502519776,-0.653606983,0.653363471
0.43575,-0.900665007,0.901305774,1.550570824,-1.548195566,-0.64854418,0.648251428
0.4358,-0.958421142,0.959130511,1.607689028,-1.605319016,-0.647899059,0.647557331
0.43585,-1.023687957,1.024470463,1.675914378,-1.6735496,-0.650848106,0.650457451
0.4359,-1.097047695,1.097908514,1.754844312,-1.752484756,-0.656406278,0.655966582
0.43595,-1.17908492,1.180029885,1.84401845,-1.841664106,-0.663528361,0.663039391
0.436,-1.270303566,1.271339178,1.942933098,-1.940583953,-0.671206427,0.670667879
0.43605,-1.371073288,1.372206724,2.051060777,-2.04871682,-0.678543021,0.677954563
0.4361,-1.48160964,1.482848763,2.167869142,-2.165530362,-0.684789891,0.68415121
0.43615,-1.601983623,1.603336983,2.292835,-2.290501385,-0.689352467,0.68866331
0.4362,-1.732150625,1.733627465,2.425451428,-2.423122967,-0.691768046,0.69102826
0.43625,-1.808720776,1.8103001,2.509968566,-2.507645248,-0.693085587,0.692294802
0.4363,-1.84127292,1.842918676,2.511998966,-2.509680779,-0.669175288,0.668336182
0.43635,-1.878265535,1.879978886,2.52100326,-2.518690193,-0.641111391,0.640226265
0.4364,-1.866253056,1.868034997,2.446061015,-2.443793854,-0.58479832,0.58386989
0.43645,-1.7690784,1.770925755,2.275379427,-2.273206878,-0.504707303,0.503740379
0.4365,-1.678972268,1.680881162,2.113617291,-2.111532855,-0.433148563,0.432148384
0.43655,-1.594004704,1.595971499,1.964348608,-1.962346264,-0.368873696,0.367844982
0.4366,-1.513986455,1.516007755,1.827665035,-1.825739241,-0.312231532,0.311178533
0.43665,-1.438931766,1.441004426,1.703597061,-1.70174274,-0.263238537,0.262165072
0.4367,-1.369109398,1.371230536,1.592038395,-1.590250928,-0.221519945,0.220429443
0.43675,-1.305021687,1.307188688,1.492716874,-1.490992089,-0.186301527,0.185197061
0.4368,-1.247337403,1.249547928,1.405195507,-1.403529668,-0.156477761,0.155362082
0.43685,-1.196792856,1.19904485,1.328905664,-1.32729546,-0.130743922,0.129619495
0.4369,-1.154083093,1.156374785,1.263206556,-1.261649092,-0.107764369,0.106633401
0.43695,-1.119766938,1.122096851,1.207458069,-1.205950853,-0.086340327,0.085204806
0.437,-1.094205514,1.096572469,1.161090041,-1.159630973,-0.065540653,0.064402377
0.43705,-1.077544893,1.079948015,1.1236515,-1.122238858,-0.044768417,0.043629034
0.4371,-1.06974238,1.072181098,1.094828482,-1.093460908,-0.023752434,0.022613478
0.43715,-1.070628877,1.073102935,1.074423977,-1.073100463,-0.0024521,0.00134981
0.4372,-1.079972716,1.082482173,1.062322403,-1.061042275,0.018980838,-0.020106313
0.43725,-1.097559348,1.100104582,1.058421018,-1.057183922,0.040469125,-0.041589884
0.4373,-1.123245808,1.125827517,1.062563902,-1.061369783,0.062012529,-0.063127112
0.43735,-1.156975738,1.159594941,1.07450436,-1.073353451,0.083802996,-0.084909872
0.4374,-1.198777289,1.201435326,1.093880132,-1.092772936,0.106231004,-0.107328542
0.43745,-1.248734746,1.251433277,1.120220246,-1.119157521,0.129851909,-0.130938347
0.4375,-1.306949755,1.309690754,1.152973839,-1.151956581,0.155318334,-0.156391755
0.43755,-1.373502927,1.376288684,1.191552006,-1.190581433,0.183299933,-0.184358238
0.4376,-1.448424786,1.451257901,1.235371266,-1.234448806,0.214410865,-0.215451751
0.43765,-1.531680722,1.5345641,1.283888658,-1.283015929,0.24915965,-0.250180584
0.4377,-1.623170119,1.626106966,1.336622202,-1.335800998,0.287927842,-0.288926043
0.43775,-1.722736428,1.725730246,1.393155106,-1.39238738,0.330975889,-0.331948299
0.4378,-1.830183167,1.833237748,1.453126286,-1.452414134,0.378468612,-0.379411883
0.43785,-1.945290825,1.948410246,1.516212386,-1.515558033,0.430510091,-0.43142056
0.4379,-2.067830876,2.07101949,1.58210731,-1.581513093,0.487178143,-0.488051819
0.43795,-2.197574882,2.200837309,1.650504413,-1.649972765,0.548551234,-0.549383779
0.438,-2.334298416,2.33763954,1.721084622,-1.720618056,0.61472428,-0.615510999
0.43805,-2.477780825,2.481205782,1.793511623,-1.793112721,0.685813219,-0.686549044
0.4381,-2.53685154,2.540323044,1.81278913,-1.812460185,0.7322289,-0.732908916
0.43815,-2.493421637,2.496885473,1.749608278,-1.749347505,0.745352968,-0.745975037
0.4382,-2.454333228,2.457789414,1.693587801,-1.693392772,0.762345234,-0.762908211
0.43825,-2.42292582,2.426374372,1.64286973,-1.642738264,0.781650354,-0.782152996
0.4383,-2.346396121,2.349837057,1.538479006,-1.538434262,0.80288895,-0.803329557
0.43835,-2.197420431,2.200853767,1.404472141,-1.404540506,0.79450791,-0.794888108
0.4384,-2.062814619,2.066240372,1.283216991,-1.283388727,0.78106393,-0.781385112
0.43845,-1.941229488,1.944647675,1.177573385,-1.177839724,0.765100278,-0.765363767
0.4385,-1.832980411,1.836391049,1.086616736,-1.086969843,0.747788948,-0.747995933
0.43855,-1.738350144,1.741753249,1.00898038,-1.009413307,0.730779103,-0.730930603
0.4386,-1.657545748,1.660941338,0.942972877,-0.943479522,0.715968932,-0.716065753
0.43865,-1.590651183,1.594039274,0.886784819,-0.887359879,0.70525153,-0.705294229
0.4387,-1.537608417,1.540989024,0.8387146,-0.839353524,0.700270235,-0.700259082
0.43875,-1.498229325,1.501602467,0.797362624,-0.798061568,0.702236332,-0.702171268
0.4388,-1.472231753,1.475597445,0.761750904,-0.762506675,0.711845508,-0.71172611
0.43885,-1.459286798,1.462645057,0.731344197,-0.732154197,0.729304013,-0.729129449
0.4389,-1.459062685,1.462413527,0.705974183,-0.706836355,0.754448342,-0.754217332
0.43895,-1.471253428,1.47459687,0.685692151,-0.686604916,0.786921228,-0.786632003
0.439,-1.495586582,1.49892264,0.670591299,-0.671553497,0.826357079,-0.826007346
0.43905,-1.531811311,1.535140001,0.660643275,-0.66165411,0.872533509,-0.872120417
0.4391,-1.579673627,1.582994965,0.655584933,-0.656643913,0.925459817,-0.924979929
0.43915,-1.638888447,1.64220245,0.654874335,-0.655981221,0.985393036,-0.984842305
0.4392,-1.709117589,1.712424273,0.657715479,-0.658870234,1.052791199,-1.052164949
0.43925,-1.789959683,1.793259064,0.663134846,-0.664337587,1.128226703,-1.127519611
0.4393,-1.880953506,1.8842456,0.670083555,-0.671334504,1.212287479,-1.211493567
0.43935,-1.981592124,1.984876947,0.677537983,-0.678837427,1.305490521,-1.30460314
0.4394,-2.091342662,2.094620231,0.68457774,-0.685925983,1.408223673,-1.407235498
0.43945,-2.209665966,2.212936295,0.690429806,-0.691827124,1.520721155,-1.519624176
0.4395,-2.336031683,2.33929479,0.694478002,-0.695924605,1.643069174,-1.641854693
0.43955,-2.415065573,2.418321473,0.697197965,-0.698694311,1.712797126,-1.711485097
0.4396,-2.412661718,2.415910427,0.673715141,-0.67525856,1.740498542,-1.739123224
0.43965,-2.417401008,2.420642542,0.646018562,-0.647606768,1.772873222,-1.771433621
0.4397,-2.427512426,2.4307468,0.616295396,-0.61792622,1.812715756,-1.8112107
0.43975,-2.353843432,2.357031354,0.558925451,-0.560596316,1.803012972,-1.801441449
0.4398,-2.184691409,2.187785996,0.478662174,-0.48036841,1.707473593,-1.70583876
0.43985,-2.024721881,2.027729552,0.407898862,-0.409635361,1.618305864,-1.616611575
0.4399,-1.877558826,1.880485521,0.345418134,-0.347180301,1.533598025,-1.531847896
0.43995,-1.743289974,1.746141158,0.291442369,-0.293226072,1.453282643,-1.451480047
0.44,-1.621884792,1.624665464,0.245723378,-0.247524908,1.377576958,-1.375725012
0.44005,-1.513127227,1.515841931,0.207529827,-0.209345861,1.306995955,-1.305097514
0.4401,-1.416605856,1.41925869,0.175704109,-0.177531679,1.242285554,-1.240343203
0.44015,-1.33174178,1.334336405,0.14880146,-0.150637915,1.18431138,-1.18232743
0.4402,-1.257850614,1.260390268,0.125283677,-0.127126658,1.133927033,-1.131903514
0.44025,-1.194225983,1.196713485,0.103726173,-0.105573575,1.091850533,-1.089789187
0.4403,-1.140225554,1.142663323,0.082993242,-0.084843182,1.058575088,-1.056477364
0.44035,-1.095339137,1.097729199,0.062344018,-0.064194801,1.034331234,-1.032198283
0.4404,-1.059222527,1.06156653,0.041448817,-0.043298897,1.019104335,-1.016937007
0.44045,-1.031689594,1.033988824,0.020317748,-0.022165686,1.012698075,-1.010496909
0.4405,-1.012661149,1.014916543,-8.20E-04,-9.97E-04,1.014829347,-1.01259457
0.44055,-1.002112356,1.004324517,-0.021740561,0.019954568,1.025201543,-1.022933063
0.4406,-0.999972999,1.002142216,-0.042284331,0.040504415,1.043603258,-1.041300663
0.44065,-1.006066608,1.00819287,-0.062530091,0.060757643,1.069942328,-1.067604884
0.4407,-1.020083624,1.022166632,-0.082810421,0.081046905,1.104240464,-1.101867117
0.44075,-1.041573831,1.043613022,-0.103687532,0.10193452,1.146609766,-1.144199139
0.4408,-1.069975118,1.071969672,-0.125878099,0.124137292,1.197204893,-1.194755288
0.44085,-1.104662248,1.106611109,-0.150153159,0.14842642,1.256171765,-1.253681171
0.4409,-1.145002131,1.146904019,-0.177240503,0.175529877,1.323605221,-1.32107131
0.44095,-1.190401982,1.192255412,-0.207751131,0.206058869,1.399523629,-1.396943764
0.441,-1.240340659,1.242143957,-0.242141518,0.240470103,1.4838625,-1.481233738
0.44105,-1.294379239,1.296130554,-0.280712629,0.279064799,1.576484062,-1.573803159
0.4411,-1.352152582,1.353849905,-0.32363777,0.322016539,1.677196691,-1.674460105
0.44115,-1.413347836,1.414989019,-0.371006516,0.369415194,1.785777332,-1.782981233
0.4412,-1.477677625,1.47926039,-0.422871276,0.421313492,1.901991255,-1.899131528
0.44125,-1.54485514,1.546377102,-0.479285848,0.477765563,2.025605701,-2.022677953
0.4413,-1.614576253,1.616034932,-0.540329853,0.538851378,2.156396424,-2.153395994
0.44135,-1.686510892,1.687903727,-0.606117767,0.604685776,2.294148098,-2.291070064
0.4414,-1.760303294,1.761627658,-0.676794984,0.675414524,2.438650638,-2.435489823
0.44145,-1.780945705,1.782199264,-0.722778881,0.721454851,2.498686595,-2.495479558
0.4415,-1.719122721,1.720307217,-0.735449666,0.734184187,2.456143534,-2.45294358
0.44155,-1.664416075,1.665533895,-0.752036844,0.750831043,2.417949684,-2.414756797
0.4416,-1.555408441,1.556436297,-0.77082888,0.769684338,2.334322592,-2.331136758
0.44165,-1.415299376,1.416210984,-0.760567935,0.759482945,2.177302785,-2.174123987
0.4417,-1.287970628,1.288776236,-0.745222909,0.744195971,2.034668876,-2.031497098
0.44175,-1.176304082,1.177012936,-0.72731354,0.726343194,1.905069266,-1.901904494
0.4418,-1.079444932,1.080065311,-0.707939118,0.707024003,1.788815573,-1.78565779
0.44185,-0.996134696,0.996673957,-0.688645555,0.687784451,1.686194734,-1.683043925
0.4419,-0.924807879,0.925272499,-0.671221396,0.670413267,1.597429445,-1.594285595
0.44195,-0.863776434,0.864172059,-0.65746597,0.656710002,1.522630686,-1.519493779
0.442,-0.811436476,0.811767963,-0.648960522,0.648256163,1.461775552,-1.458645573
0.44205,-0.766450395,0.766721863,-0.646892876,0.646239877,1.414714039,-1.411590973
0.4421,-0.727862789,0.728077671,-0.651972333,0.651370789,1.381199876,-1.378083707
0.44215,-0.69512552,0.695286617,-0.664448105,0.663898497,1.360934013,-1.357824726
0.4422,-0.668030866,0.668140406,-0.684218433,0.683721672,1.353606899,-1.350504479
0.44225,-0.646575081,0.646634779,-0.710996253,0.710553719,1.358927701,-1.355832132
0.4423,-0.630790804,0.63080192,-0.744486527,0.744100108,1.376634046,-1.373545314
0.44235,-0.620591342,0.620554739,-0.784532498,0.784204625,1.406482557,-1.403400647
0.4424,-0.615662452,0.615578655,-0.831201288,0.830934965,1.448226232,-1.445151128
0.44245,-0.615421104,0.615290352,-0.884798549,0.884597379,1.501587849,-1.498519536
0.4425,-0.619041428,0.618863724,-0.94582104,0.945689246,1.566238487,-1.563176951
0.44255,-0.625531481,0.625306646,-1.014869686,1.014812127,1.641787358,-1.638732583
0.4426,-0.633834796,0.633562513,-1.092550973,1.092573163,1.727784737,-1.724736708
0.44265,-0.642929448,0.642609311,-1.179391533,1.179499652,1.82373562,-1.820694324
0.4427,-0.651903408,0.651534964,-1.275782057,1.275982959,1.929118984,-1.926084404
0.44275,-0.659995103,0.6595779,-1.381955841,1.382257066,2.043406894,-2.040379017
0.4428,-0.666598801,0.666132434,-1.497997869,1.498407649,2.166078972,-2.163057781
0.44285,-0.671242632,0.670726781,-1.623874362,1.624401622,2.296629957,-2.293615439
0.4429,-0.674669864,0.674103977,-1.696728009,1.697353282,2.37953777,-2.37652991
0.44295,-0.652199354,0.651586003,-1.726819873,1.727509385,2.380546254,-2.377545037
0.443,-0.625537354,0.62487873,-1.761484502,1.76223933,2.38862294,-2.385628352
0.44305,-0.570162494,0.569461198,-1.747445643,1.748266695,2.312592003,-2.309642632
0.4431,-0.490209009,0.489469812,-1.648595411,1.649479445,2.14037325,-2.137514895
0.44315,-0.41896454,0.418192646,-1.556712242,1.557655314,1.977149199,-1.974375312
0.4432,-0.355256321,0.354456398,-1.469817421,1.470815821,1.826520719,-1.823825235
0.44325,-0.299485039,0.298661275,-1.387693055,1.388743312,1.688602673,-1.685980009
0.4433,-0.251683374,0.250839516,-1.310352512,1.311451406,1.563440884,-1.560885925
0.44335,-0.21145025,0.210589642,-1.238093868,1.239238438,1.450932053,-1.448440146
0.4434,-0.177946299,0.177071919,-1.171473795,1.172661347,1.350793209,-1.348360152
0.44345,-0.149976376,0.149090868,-1.111228659,1.112456775,1.262565323,-1.260187355
0.4435,-0.126143516,0.125249226,-1.058160216,1.059426756,1.185652963,-1.183326752
0.44355,-0.105041011,0.104140016,-1.013011914,1.014315024,1.119392665,-1.1171153
0.4436,-0.085439255,0.084533398,-0.976363692,0.977701813,1.06313459,-1.060903569
0.44365,-0.066425139,0.065516064,-0.948567764,0.949939632,1.016317692,-1.014130908
0.4437,-0.047463963,0.046553154,-0.929736691,0.931141343,0.97851971,-0.976375441
0.44375,-0.028373947,0.027462764,-0.919781546,0.921218331,0.949469847,-0.947366741
0.4438,-0.00922563,0.008315348,-0.918485827,0.919954404,0.929022075,-0.926959134
0.44385,0.009837139,-0.010718011,-0.925600115,0.927100462,0.917090256,-0.915066822
0.4439,0.028606056,-0.029483625,-0.940892691,0.942425107,0.913606125,-0.911621864
0.44395,0.047153705,-0.048026713,-0.964244254,0.965809359,0.918409156,-0.916464039
0.444,0.065736968,-0.066604092,-0.99564191,0.99724065,0.931223604,-0.929317895
0.44405,0.084840835,-0.085700655,-1.035164297,1.036797939,0.951643254,-0.949777492
0.4441,0.105119487,-0.105970459,-1.082944053,1.084614188,0.979146655,-0.97732164
0.44415,0.127307005,-0.128147436,-1.139119336,1.140827872,1.013137996,-1.01135477
0.4442,0.152121754,-0.152949772,-1.203789981,1.205539144,1.052998882,-1.051258716
0.44425,0.180188065,-0.181001599,-1.276988005,1.278780335,1.098137148,-1.096441527
0.4443,0.211990205,-0.212786955,-1.358666406,1.360504752,1.148021696,-1.146372301
0.44435,0.247862693,-0.248640112,-1.448704682,1.450592198,1.202197692,-1.200596383
0.4444,0.288011364,-0.288766632,-1.546925722,1.548865862,1.260282392,-1.258731196
0.44445,0.332553383,-0.333283387,-1.653117285,1.655113797,1.321946612,-1.3204477
0.4445,0.381562661,-0.382263973,-1.767051997,1.769108919,1.386889302,-1.38544498
0.44455,0.435109152,-0.435778015,-1.88850186,1.890623509,1.454812757,-1.453425444
0.4446,0.49328491,-0.493917214,-2.017245755,2.019436724,1.525404069,-1.524076285
0.44465,0.556214703,-0.556805981,-2.153070582,2.155335728,1.598325638,-1.597059988
0.4447,0.624053168,-0.624598575,-2.295767973,2.298112412,1.673214742,-1.6720139
0.44475,0.6969729,-0.69746721,-2.445128959,2.447558053,1.749690103,-1.7485568
0.4448,0.744864921,-0.745303048,-2.509734496,2.512211659,1.773027033,-1.771963702
0.44485,0.758552252,-0.75893199,-2.471287921,2.473759613,1.714267477,-1.713272493
0.4449,0.776361299,-0.776681438,-2.43716849,2.439634722,1.66240038,-1.661471471
0.44495,0.796441426,-0.796700296,-2.357915731,2.360376517,1.556444294,-1.555604838
0.445,0.787357197,-0.787556439,-2.205970473,2.208425824,1.420170295,-1.419446834
0.44505,0.773372,-0.77351303,-2.068442935,2.070892863,1.296533972,-1.295916564
0.4451,0.7570061,-0.757090275,-1.943972375,1.946416893,1.188406601,-1.187886285
0.44515,0.739377848,-0.739406406,-1.832861053,1.835300172,1.094904106,-1.094472866
0.4452,0.722061568,-0.722035585,-1.735381809,1.737815541,1.014724738,-1.01437546
0.44525,0.706872321,-0.706792671,-1.651737722,1.654166079,0.946256191,-0.945982618
0.4453,0.695624687,-0.695492006,-1.582015793,1.584438788,0.887770601,-0.887567287
0.44535,0.689898903,-0.689713545,-1.526167478,1.528585121,0.837638943,-0.837501208
0.4454,0.690865847,-0.690627848,-1.484018721,1.486431025,0.794516085,-0.794439966
0.44545,0.699206732,-0.698915769,-1.4553035,1.457710476,0.75745464,-0.757436836
0.4455,0.715138627,-0.714793976,-1.439708611,1.442110272,0.725924231,-0.72596205
0.44555,0.738530334,-0.738130829,-1.436915545,1.439311902,0.699737492,-0.699828792
0.4456,0.76907235,-0.768616341,-1.446627945,1.44901901,0.678907565,-0.679050697
0.44565,0.806455064,-0.805940384,-1.468578981,1.470964765,0.663477276,-0.663671021
0.4457,0.850512843,-0.849936771,-1.502519776,1.504900292,0.653363471,-0.653606983
0.44575,0.901305774,-0.900665008,-1.548195566,1.550570824,0.648251429,-0.64854418
0.4458,0.959130512,-0.958421142,-1.605319016,1.607689029,0.647557331,-0.647899059
0.44585,1.024470464,-1.023687958,-1.6735496,1.675914379,0.650457451,-0.650848106
0.4459,1.097908514,-1.097047695,-1.752484757,1.754844313,0.655966582,-0.656406278
0.44595,1.180029885,-1.17908492,-1.841664106,1.844018451,0.663039391,-0.663528361
0.446,1.271339179,-1.270303567,-1.940583954,1.942933099,0.670667879,-0.671206427
0.44605,1.372206725,-1.371073288,-2.04871682,2.051060777,0.677954564,-0.678543021
0.4461,1.482848763,-1.481609641,-2.165530363,2.167869143,0.68415121,-0.684789891
0.44615,1.603336984,-1.601983624,-2.290501385,2.292835,0.68866331,-0.689352467
0.4462,1.733627466,-1.732150625,-2.423122968,2.425451429,0.691028261,-0.691768046
0.44625,1.8103001,-1.808720777,-2.507645248,2.509968567,0.692294802,-0.693085587
0.4463,1.842918677,-1.841272921,-2.509680779,2.511998966,0.668336182,-0.669175288
0.44635,1.879978886,-1.878265535,-2.518690194,2.52100326,0.640226265,-0.641111391
0.4464,1.868034997,-1.866253057,-2.443793855,2.446061016,0.583869891,-0.58479832
0.44645,1.770925756,-1.769078401,-2.273206879,2.275379428,0.503740379,-0.504707304
0.4465,1.680881162,-1.678972268,-2.111532855,2.113617291,0.432148384,-0.433148563
0.44655,1.595971499,-1.594004704,-1.962346265,1.964348608,0.367844982,-0.368873696
0.4466,1.516007756,-1.513986456,-1.825739242,1.827665036,0.311178533,-0.312231532
0.44665,1.441004427,-1.438931767,-1.701742741,1.703597062,0.262165072,-0.263238537
0.4467,1.371230537,-1.369109399,-1.590250929,1.592038395,0.220429444,-0.221519945
0.44675,1.307188688,-1.305021688,-1.49099209,1.492716875,0.185197061,-0.186301527
0.4468,1.249547929,-1.247337403,-1.403529668,1.405195508,0.155362082,-0.156477761
0.44685,1.199044851,-1.196792857,-1.327295461,1.328905665,0.129619495,-0.130743922
0.4469,1.156374786,-1.154083093,-1.261649092,1.263206557,0.106633401,-0.107764369
0.44695,1.122096852,-1.119766938,-1.205950854,1.20745807,0.085204806,-0.086340327
0.447,1.09657247,-1.094205514,-1.159630973,1.161090041,0.064402377,-0.065540653
0.44705,1.079948015,-1.077544894,-1.122238859,1.123651501,0.043629034,-0.044768417
0.4471,1.072181099,-1.069742381,-1.093460909,1.094828483,0.022613478,-0.023752434
0.44715,1.073102936,-1.070628877,-1.073100464,1.074423977,0.00134981,-0.0024521
0.4472,1.082482174,-1.079972717,-1.061042276,1.062322403,-0.020106313,0.018980838
0.44725,1.100104582,-1.097559349,-1.057183922,1.058421019,-0.041589885,0.040469125
0.4473,1.125827518,-1.123245809,-1.061369783,1.062563902,-0.063127112,0.062012529
0.44735,1.159594942,-1.156975739,-1.073353451,1.07450436,-0.084909872,0.083802996
0.4474,1.201435326,-1.198777289,-1.092772937,1.093880133,-0.107328542,0.106231004
0.44745,1.251433277,-1.248734747,-1.119157522,1.120220247,-0.130938347,0.129851909
0.4475,1.309690755,-1.306949756,-1.151956582,1.15297384,-0.156391755,0.155318335
0.44755,1.376288685,-1.373502927,-1.190581434,1.191552007,-0.184358238,0.183299933
0.4476,1.451257902,-1.448424787,-1.234448806,1.235371266,-0.215451751,0.214410865
0.44765,1.5345641,-1.531680723,-1.28301593,1.283888659,-0.250180584,0.24915965
0.4477,1.626106967,-1.62317012,-1.335800998,1.336622203,-0.288926043,0.287927842
0.44775,1.725730247,-1.722736429,-1.39238738,1.393155107,-0.331948299,0.330975889
0.4478,1.833237749,-1.830183167,-1.452414135,1.453126286,-0.379411883,0.378468612
0.44785,1.948410246,-1.945290825,-1.515558034,1.516212386,-0.43142056,0.430510092
0.4479,2.07101949,-2.067830877,-1.581513094,1.582107311,-0.488051819,0.487178144
0.44795,2.20083731,-2.197574883,-1.649972765,1.650504414,-0.549383779,0.548551234
0.448,2.337639541,-2.334298417,-1.720618056,1.721084622,-0.615510999,0.61472428
0.44805,2.481205783,-2.477780826,-1.793112722,1.793511623,-0.686549044,0.685813219
0.4481,2.540323044,-2.536851541,-1.812460186,1.812789131,-0.732908917,0.7322289
0.44815,2.496885474,-2.493421638,-1.749347505,1.749608278,-0.745975038,0.745352968
0.4482,2.457789415,-2.454333229,-1.693392772,1.693587802,-0.762908211,0.762345234
0.44825,2.426374373,-2.42292582,-1.642738265,1.642869731,-0.782152996,0.781650355
0.4483,2.349837058,-2.346396122,-1.538434263,1.538479006,-0.803329557,0.802888951
0.44835,2.200853768,-2.197420432,-1.404540507,1.404472142,-0.794888108,0.794507911
0.4484,2.066240373,-2.06281462,-1.283388728,1.283216991,-0.781385113,0.78106393
0.44845,1.944647676,-1.941229488,-1.177839725,1.177573385,-0.765363767,0.765100279
0.4485,1.83639105,-1.832980412,-1.086969843,1.086616736,-0.747995934,0.747788948
0.44855,1.74175325,-1.738350145,-1.009413308,1.00898038,-0.730930603,0.730779103
0.4486,1.660941338,-1.657545749,-0.943479523,0.942972878,-0.716065754,0.715968933
0.44865,1.594039274,-1.590651184,-0.887359879,0.88678482,-0.705294229,0.70525153
0.4487,1.540989025,-1.537608418,-0.839353525,0.8387146,-0.700259082,0.700270236
0.44875,1.501602468,-1.498229326,-0.798061568,0.797362624,-0.702171269,0.702236332
0.4488,1.475597445,-1.472231754,-0.762506675,0.761750904,-0.711726111,0.711845509
0.44885,1.462645058,-1.459286799,-0.732154197,0.731344197,-0.729129449,0.729304013
0.4489,1.462413528,-1.459062686,-0.706836356,0.705974184,-0.754217332,0.754448342
0.44895,1.47459687,-1.471253429,-0.686604916,0.685692151,-0.786632004,0.786921228
0.449,1.49892264,-1.495586583,-0.671553498,0.670591299,-0.826007347,0.82635708
0.44905,1.535140002,-1.531811312,-0.66165411,0.660643275,-0.872120418,0.87253351
0.4491,1.582994966,-1.579673628,-0.656643913,0.655584934,-0.92497993,0.925459818
0.44915,1.64220245,-1.638888447,-0.655981221,0.654874335,-0.984842305,0.985393037
0.4492,1.712424273,-1.709117589,-0.658870234,0.65771548,-1.052164949,1.0527912
0.44925,1.793259065,-1.789959684,-0.664337587,0.663134847,-1.127519612,1.128226703
0.4493,1.884245601,-1.880953507,-0.671334505,0.670083555,-1.211493568,1.21228748
0.44935,1.984876948,-1.981592125,-0.678837428,0.677537983,-1.304603141,1.305490521
0.4494,2.094620232,-2.091342663,-0.685925983,0.68457774,-1.407235498,1.408223673
0.44945,2.212936296,-2.209665966,-0.691827124,0.690429806,-1.519624176,1.520721156
0.4495,2.339294791,-2.336031684,-0.695924605,0.694478002,-1.641854694,1.643069174
0.44955,2.418321474,-2.415065574,-0.698694312,0.697197965,-1.711485097,1.712797126
0.4496,2.415910428,-2.412661719,-0.67525856,0.673715141,-1.739123224,1.740498543
0.44965,2.420642543,-2.417401009,-0.647606768,0.646018563,-1.771433622,1.772873223
0.4497,2.430746801,-2.427512426,-0.61792622,0.616295396,-1.811210701,1.812715757
0.44975,2.357031355,-2.353843432,-0.560596316,0.558925451,-1.80144145,1.803012973
0.4498,2.187785997,-2.18469141,-0.48036841,0.478662174,-1.705838761,1.707473594
0.44985,2.027729552,-2.024721881,-0.409635361,0.407898863,-1.616611576,1.618305864
0.4499,1.880485522,-1.877558827,-0.347180301,0.345418134,-1.531847897,1.533598025
0.44995,1.746141158,-1.743289974,-0.293226073,0.291442369,-1.451480047,1.453282643
0.45,1.624665465,-1.621884793,-0.247524908,0.245723378,-1.375725012,1.377576959
0.45005,1.515841932,-1.513127227,-0.209345861,0.207529827,-1.305097514,1.306995956
0.4501,1.41925869,-1.416605857,-0.177531679,0.175704109,-1.240343204,1.242285555
0.45015,1.334336406,-1.331741781,-0.150637915,0.14880146,-1.182327431,1.18431138
0.4502,1.260390268,-1.257850615,-0.127126658,0.125283677,-1.131903515,1.133927033
0.45025,1.196713486,-1.194225984,-0.105573575,0.103726173,-1.089789188,1.091850534
0.4503,1.142663323,-1.140225555,-0.084843182,0.082993242,-1.056477365,1.058575089
0.45035,1.097729199,-1.095339138,-0.064194801,0.062344018,-1.032198284,1.034331234
0.4504,1.061566531,-1.059222527,-0.043298897,0.041448817,-1.016937008,1.019104336
0.45045,1.033988825,-1.031689595,-0.022165686,0.020317748,-1.01049691,1.012698075
0.4505,1.014916543,-1.01266115,-9.97E-04,-8.20E-04,-1.01259457,1.014829348
0.45055,1.004324518,-1.002112356,0.019954568,-0.021740561,-1.022933064,1.025201544
0.4506,1.002142217,-0.999972999,0.040504415,-0.042284331,-1.041300664,1.043603259
0.45065,1.00819287,-1.006066609,0.060757643,-0.062530091,-1.067604885,1.069942328
0.4507,1.022166633,-1.020083624,0.081046905,-0.082810421,-1.101867118,1.104240465
0.45075,1.043613022,-1.041573832,0.10193452,-0.103687532,-1.144199139,1.146609767
0.4508,1.071969672,-1.069975119,0.124137292,-0.125878099,-1.194755289,1.197204893
0.45085,1.106611109,-1.104662249,0.14842642,-0.150153159,-1.253681171,1.256171766
0.4509,1.14690402,-1.145002132,0.175529877,-0.177240504,-1.321071311,1.323605222
0.45095,1.192255413,-1.190401982,0.206058869,-0.207751131,-1.396943765,1.39952363
0.451,1.242143957,-1.24034066,0.240470103,-0.242141518,-1.481233738,1.4838625
0.45105,1.296130554,-1.294379239,0.279064799,-0.280712629,-1.573803159,1.576484063
0.4511,1.353849906,-1.352152582,0.322016539,-0.32363777,-1.674460106,1.677196691
0.45115,1.414989019,-1.413347837,0.369415194,-0.371006516,-1.782981234,1.785777332
0.4512,1.479260391,-1.477677625,0.421313492,-0.422871276,-1.899131529,1.901991256
0.45125,1.546377103,-1.54485514,0.477765563,-0.479285848,-2.022677954,2.025605701
0.4513,1.616034933,-1.614576254,0.538851378,-0.540329853,-2.153395994,2.156396424
0.45135,1.687903727,-1.686510892,0.604685776,-0.606117768,-2.291070064,2.294148099
0.4514,1.761627659,-1.760303294,0.675414524,-0.676794984,-2.435489823,2.438650638
0.45145,1.782199264,-1.780945706,0.721454851,-0.722778881,-2.495479559,2.498686596
0.4515,1.720307217,-1.719122722,0.734184187,-0.735449666,-2.45294358,2.456143534
0.45155,1.665533895,-1.664416076,0.750831043,-0.752036844,-2.414756798,2.417949684
0.4516,1.556436297,-1.555408442,0.769684338,-0.77082888,-2.331136758,2.334322593
0.45165,1.416210984,-1.415299376,0.759482945,-0.760567935,-2.174123988,2.177302786
0.4517,1.288776236,-1.287970628,0.744195971,-0.745222909,-2.031497099,2.034668876
0.45175,1.177012936,-1.176304083,0.726343194,-0.72731354,-1.901904494,1.905069267
0.4518,1.080065311,-1.079444933,0.707024003,-0.707939118,-1.785657791,1.788815574
0.45185,0.996673957,-0.996134696,0.687784452,-0.688645556,-1.683043926,1.686194735
0.4519,0.925272499,-0.924807879,0.670413267,-0.671221396,-1.594285596,1.597429446
0.45195,0.864172059,-0.863776434,0.656710002,-0.65746597,-1.519493779,1.522630686
0.452,0.811767963,-0.811436476,0.648256164,-0.648960523,-1.458645573,1.461775552
0.45205,0.766721864,-0.766450395,0.646239877,-0.646892876,-1.411590973,1.41471404
0.4521,0.728077671,-0.727862789,0.651370789,-0.651972333,-1.378083707,1.381199876
0.45215,0.695286617,-0.69512552,0.663898497,-0.664448105,-1.357824726,1.360934013
0.4522,0.668140406,-0.668030866,0.683721673,-0.684218433,-1.350504479,1.353606899
0.45225,0.646634779,-0.646575082,0.71055372,-0.710996253,-1.355832133,1.358927701
0.4523,0.63080192,-0.630790804,0.744100109,-0.744486527,-1.373545314,1.376634046
0.45235,0.620554739,-0.620591342,0.784204625,-0.784532498,-1.403400647,1.406482557
0.4524,0.615578655,-0.615662452,0.830934966,-0.831201288,-1.445151129,1.448226233
0.45245,0.615290352,-0.615421105,0.88459738,-0.884798549,-1.498519536,1.501587849
0.4525,0.618863725,-0.619041428,0.945689246,-0.945821041,-1.563176952,1.566238488
0.45255,0.625306647,-0.625531481,1.014812127,-1.014869687,-1.638732584,1.641787358
0.4526,0.633562514,-0.633834796,1.092573163,-1.092550973,-1.724736709,1.727784737
0.45265,0.642609311,-0.642929448,1.179499652,-1.179391534,-1.820694324,1.823735621
0.4527,0.651534964,-0.651903408,1.275982959,-1.275782057,-1.926084404,1.929118984
0.45275,0.6595779,-0.659995103,1.382257067,-1.381955841,-2.040379017,2.043406895
0.4528,0.666132434,-0.666598801,1.498407649,-1.49799787,-2.163057781,2.166078972
0.45285,0.670726781,-0.671242632,1.624401622,-1.623874362,-2.29361544,2.296629957
0.4529,0.674103977,-0.674669864,1.697353282,-1.696728009,-2.37652991,2.37953777
0.45295,0.651586003,-0.652199354,1.727509385,-1.726819873,-2.377545038,2.380546254
0.453,0.62487873,-0.625537354,1.76223933,-1.761484502,-2.385628352,2.38862294
0.45305,0.569461198,-0.570162494,1.748266695,-1.747445643,-2.309642632,2.312592004
0.4531,0.489469812,-0.490209009,1.649479445,-1.648595412,-2.137514895,2.14037325
0.45315,0.418192646,-0.41896454,1.557655314,-1.556712243,-1.974375312,1.977149199
0.4532,0.354456398,-0.355256321,1.470815821,-1.469817422,-1.823825235,1.826520719
0.45325,0.298661275,-0.299485039,1.388743312,-1.387693055,-1.685980009,1.688602673
0.4533,0.250839516,-0.251683374,1.311451406,-1.310352513,-1.560885926,1.563440884
0.45335,0.210589642,-0.21145025,1.239238438,-1.238093868,-1.448440146,1.450932053
0.4534,0.17707192,-0.177946299,1.172661347,-1.171473795,-1.348360152,1.350793209
0.45345,0.149090868,-0.149976376,1.112456775,-1.111228659,-1.260187355,1.262565323
0.4535,0.125249226,-0.126143516,1.059426756,-1.058160217,-1.183326752,1.185652963
0.45355,0.104140016,-0.105041011,1.014315024,-1.013011914,-1.1171153,1.119392665
0.4536,0.084533398,-0.085439255,0.977701814,-0.976363692,-1.060903569,1.06313459
0.45365,0.065516064,-0.066425139,0.949939632,-0.948567765,-1.014130908,1.016317692
0.4537,0.046553154,-0.047463963,0.931141343,-0.929736691,-0.976375441,0.97851971
0.45375,0.027462764,-0.028373947,0.921218331,-0.919781546,-0.947366741,0.949469847
0.4538,0.008315348,-0.00922563,0.919954405,-0.918485827,-0.926959135,0.929022075
0.45385,-0.010718011,0.009837139,0.927100462,-0.925600115,-0.915066822,0.917090256
0.4539,-0.029483625,0.028606056,0.942425107,-0.940892691,-0.911621864,0.913606125
0.45395,-0.048026713,0.047153705,0.965809359,-0.964244254,-0.916464039,0.918409156
0.454,-0.066604092,0.065736968,0.99724065,-0.99564191,-0.929317895,0.931223604
0.45405,-0.085700655,0.084840835,1.036797939,-1.035164297,-0.949777492,0.951643254
0.4541,-0.105970459,0.105119487,1.084614188,-1.082944053,-0.97732164,0.979146655
0.45415,-0.128147436,0.127307005,1.140827872,-1.139119336,-1.01135477,1.013137996
0.4542,-0.152949772,0.152121754,1.205539144,-1.203789981,-1.051258716,1.052998882
0.45425,-0.181001599,0.180188065,1.278780335,-1.276988005,-1.096441527,1.098137148
0.4543,-0.212786955,0.211990205,1.360504752,-1.358666406,-1.146372301,1.148021696
0.45435,-0.248640112,0.247862693,1.450592198,-1.448704682,-1.200596383,1.202197692
0.4544,-0.288766632,0.288011363,1.548865862,-1.546925722,-1.258731196,1.260282392
0.45445,-0.333283387,0.332553383,1.655113797,-1.653117285,-1.3204477,1.321946612
0.4545,-0.382263973,0.38156266,1.769108919,-1.767051997,-1.38544498,1.386889302
0.45455,-0.435778015,0.435109152,1.890623509,-1.888501859,-1.453425444,1.454812757
0.4546,-0.493917214,0.493284909,2.019436723,-2.017245755,-1.524076285,1.525404069
0.45465,-0.556805981,0.556214703,2.155335728,-2.153070582,-1.597059988,1.598325638
0.4547,-0.624598575,0.624053167,2.298112411,-2.295767973,-1.6720139,1.673214742
0.45475,-0.69746721,0.6969729,2.447558053,-2.445128958,-1.7485568,1.749690102
0.4548,-0.745303048,0.744864921,2.512211659,-2.509734496,-1.771963702,1.773027033
0.45485,-0.75893199,0.758552251,2.473759613,-2.471287921,-1.713272492,1.714267477
0.4549,-0.776681438,0.776361299,2.439634722,-2.437168489,-1.66147147,1.66240038
0.45495,-0.796700295,0.796441426,2.360376517,-2.357915731,-1.555604838,1.556444294
0.455,-0.787556439,0.787357197,2.208425824,-2.205970473,-1.419446834,1.420170295
0.45505,-0.77351303,0.773372,2.070892863,-2.068442935,-1.295916564,1.296533972
0.4551,-0.757090275,0.7570061,1.946416893,-1.943972375,-1.187886284,1.1884066
0.45515,-0.739406405,0.739377847,1.835300172,-1.832861053,-1.094472866,1.094904106
0.4552,-0.722035584,0.722061567,1.737815541,-1.735381809,-1.01437546,1.014724738
0.45525,-0.706792671,0.70687232,1.654166079,-1.651737721,-0.945982618,0.946256191
0.4553,-0.695492005,0.695624687,1.584438787,-1.582015793,-0.887567287,0.887770601
0.45535,-0.689713544,0.689898903,1.528585121,-1.526167477,-0.837501208,0.837638942
0.4554,-0.690627847,0.690865847,1.486431024,-1.48401872,-0.794439965,0.794516085
0.45545,-0.698915768,0.699206731,1.457710476,-1.455303499,-0.757436835,0.75745464
0.4555,-0.714793975,0.715138626,1.442110272,-1.439708611,-0.72596205,0.725924231
0.45555,-0.738130829,0.738530334,1.439311902,-1.436915545,-0.699828792,0.699737491
0.4556,-0.768616341,0.76907235,1.449019009,-1.446627944,-0.679050697,0.678907565
0.45565,-0.805940384,0.806455064,1.470964764,-1.46857898,-0.663671021,0.663477276
0.4557,-0.84993677,0.850512842,1.504900291,-1.502519776,-0.653606983,0.653363471
0.45575,-0.900665007,0.901305774,1.550570824,-1.548195566,-0.64854418,0.648251428
0.4558,-0.958421142,0.959130511,1.607689028,-1.605319016,-0.647899059,0.647557331
0.45585,-1.023687957,1.024470463,1.675914378,-1.6735496,-0.650848106,0.650457451
0.4559,-1.097047695,1.097908514,1.754844312,-1.752484756,-0.656406278,0.655966582
0.45595,-1.17908492,1.180029885,1.84401845,-1.841664106,-0.663528361,0.663039391
0.456,-1.270303566,1.271339178,1.942933098,-1.940583953,-0.671206427,0.670667879
0.45605,-1.371073288,1.372206724,2.051060777,-2.04871682,-0.678543021,0.677954563
0.4561,-1.48160964,1.482848763,2.167869142,-2.165530362,-0.684789891,0.68415121
0.45615,-1.601983623,1.603336983,2.292835,-2.290501385,-0.689352467,0.68866331
0.4562,-1.732150625,1.733627465,2.425451428,-2.423122967,-0.691768046,0.69102826
0.45625,-1.808720776,1.8103001,2.509968566,-2.507645248,-0.693085587,0.692294802
0.4563,-1.84127292,1.842918676,2.511998966,-2.509680779,-0.669175288,0.668336182
0.45635,-1.878265535,1.879978886,2.52100326,-2.518690193,-0.641111391,0.640226265
0.4564,-1.866253056,1.868034997,2.446061015,-2.443793854,-0.58479832,0.58386989
0.45645,-1.7690784,1.770925755,2.275379427,-2.273206878,-0.504707303,0.503740379
0.4565,-1.678972268,1.680881162,2.113617291,-2.111532855,-0.433148563,0.432148384
0.45655,-1.594004704,1.595971499,1.964348608,-1.962346264,-0.368873696,0.367844982
0.4566,-1.513986455,1.516007755,1.827665035,-1.825739241,-0.312231532,0.311178533
0.45665,-1.438931766,1.441004426,1.703597061,-1.70174274,-0.263238537,0.262165072
0.4567,-1.369109398,1.371230536,1.592038395,-1.590250928,-0.221519945,0.220429443
0.45675,-1.305021687,1.307188688,1.492716874,-1.490992089,-0.186301527,0.185197061
0.4568,-1.247337403,1.249547928,1.405195507,-1.403529668,-0.156477761,0.155362082
0.45685,-1.196792856,1.19904485,1.328905664,-1.32729546,-0.130743922,0.129619495
0.4569,-1.154083093,1.156374785,1.263206556,-1.261649092,-0.107764369,0.106633401
0.45695,-1.119766938,1.122096851,1.207458069,-1.205950853,-0.086340327,0.085204806
0.457,-1.094205514,1.096572469,1.161090041,-1.159630973,-0.065540653,0.064402377
0.45705,-1.077544893,1.079948015,1.1236515,-1.122238858,-0.044768417,0.043629034
0.4571,-1.06974238,1.072181098,1.094828482,-1.093460908,-0.023752434,0.022613478
0.45715,-1.070628877,1.073102935,1.074423977,-1.073100463,-0.0024521,0.00134981
0.4572,-1.079972716,1.082482173,1.062322403,-1.061042275,0.018980838,-0.020106313
0.45725,-1.097559348,1.100104582,1.058421018,-1.057183922,0.040469125,-0.041589884
0.4573,-1.123245808,1.125827517,1.062563902,-1.061369783,0.062012529,-0.063127112
0.45735,-1.156975738,1.159594941,1.07450436,-1.073353451,0.083802996,-0.084909872
0.4574,-1.198777289,1.201435326,1.093880132,-1.092772936,0.106231004,-0.107328542
0.45745,-1.248734746,1.251433277,1.120220246,-1.119157521,0.129851909,-0.130938347
0.4575,-1.306949755,1.309690754,1.152973839,-1.151956581,0.155318334,-0.156391755
0.45755,-1.373502927,1.376288684,1.191552006,-1.190581433,0.183299933,-0.184358238
0.4576,-1.448424786,1.451257901,1.235371266,-1.234448806,0.214410865,-0.215451751
0.45765,-1.531680722,1.5345641,1.283888658,-1.283015929,0.24915965,-0.250180584
0.4577,-1.623170119,1.626106966,1.336622202,-1.335800998,0.287927842,-0.288926043
0.45775,-1.722736428,1.725730246,1.393155106,-1.39238738,0.330975889,-0.331948299
0.4578,-1.830183167,1.833237748,1.453126286,-1.452414134,0.378468612,-0.379411883
0.45785,-1.945290825,1.948410246,1.516212386,-1.515558033,0.430510091,-0.43142056
0.4579,-2.067830876,2.07101949,1.58210731,-1.581513093,0.487178143,-0.488051819
0.45795,-2.197574882,2.200837309,1.650504413,-1.649972765,0.548551234,-0.549383779
0.458,-2.334298416,2.33763954,1.721084622,-1.720618056,0.61472428,-0.615510999
0.45805,-2.477780825,2.481205782,1.793511623,-1.793112721,0.685813219,-0.686549044
0.4581,-2.53685154,2.540323044,1.81278913,-1.812460185,0.7322289,-0.732908916
0.45815,-2.493421637,2.496885473,1.749608278,-1.749347505,0.745352968,-0.745975037
0.4582,-2.454333228,2.457789414,1.693587801,-1.693392772,0.762345234,-0.762908211
0.45825,-2.42292582,2.426374372,1.64286973,-1.642738264,0.781650354,-0.782152996
0.4583,-2.346396121,2.349837057,1.538479006,-1.538434262,0.80288895,-0.803329557
0.45835,-2.197420431,2.200853767,1.404472141,-1.404540506,0.79450791,-0.794888108
0.4584,-2.062814619,2.066240372,1.283216991,-1.283388727,0.78106393,-0.781385112
0.45845,-1.941229488,1.944647675,1.177573385,-1.177839724,0.765100278,-0.765363767
0.4585,-1.832980411,1.836391049,1.086616736,-1.086969843,0.747788948,-0.747995933
0.45855,-1.738350144,1.741753249,1.00898038,-1.009413307,0.730779103,-0.730930603
0.4586,-1.657545748,1.660941338,0.942972877,-0.943479522,0.715968932,-0.716065753
0.45865,-1.590651183,1.594039274,0.886784819,-0.887359879,0.70525153,-0.705294229
0.4587,-1.537608417,1.540989024,0.8387146,-0.839353524,0.700270235,-0.700259082
0.45875,-1.498229325,1.501602467,0.797362624,-0.798061568,0.702236332,-0.702171268
0.4588,-1.472231753,1.475597445,0.761750904,-0.762506675,0.711845508,-0.71172611
0.45885,-1.459286798,1.462645057,0.731344197,-0.732154197,0.729304013,-0.729129449
0.4589,-1.459062685,1.462413527,0.705974183,-0.706836355,0.754448342,-0.754217332
0.45895,-1.471253428,1.47459687,0.685692151,-0.686604916,0.786921228,-0.786632003
0.459,-1.495586582,1.49892264,0.670591299,-0.671553497,0.826357079,-0.826007346
0.45905,-1.531811311,1.535140001,0.660643275,-0.66165411,0.872533509,-0.872120417
0.4591,-1.579673627,1.582994965,0.655584933,-0.656643913,0.925459817,-0.924979929
0.45915,-1.638888447,1.64220245,0.654874335,-0.655981221,0.985393036,-0.984842305
0.4592,-1.709117589,1.712424273,0.657715479,-0.658870234,1.052791199,-1.052164949
0.45925,-1.789959683,1.793259064,0.663134846,-0.664337587,1.128226703,-1.127519611
0.4593,-1.880953506,1.8842456,0.670083555,-0.671334504,1.212287479,-1.211493567
0.45935,-1.981592124,1.984876947,0.677537983,-0.678837427,1.305490521,-1.30460314
0.4594,-2.091342662,2.094620231,0.68457774,-0.685925983,1.408223673,-1.407235498
0.45945,-2.209665966,2.212936295,0.690429806,-0.691827124,1.520721155,-1.519624176
0.4595,-2.336031683,2.33929479,0.694478002,-0.695924605,1.643069174,-1.641854693
0.45955,-2.415065573,2.418321473,0.697197965,-0.698694311,1.712797126,-1.711485097
0.4596,-2.412661718,2.415910427,0.673715141,-0.67525856,1.740498542,-1.739123224
0.45965,-2.417401008,2.420642542,0.646018562,-0.647606768,1.772873222,-1.771433621
0.4597,-2.427512426,2.4307468,0.616295396,-0.61792622,1.812715756,-1.8112107
0.45975,-2.353843432,2.357031354,0.558925451,-0.560596316,1.803012972,-1.801441449
0.4598,-2.184691409,2.187785996,0.478662174,-0.48036841,1.707473593,-1.70583876
0.45985,-2.024721881,2.027729552,0.407898862,-0.409635361,1.618305864,-1.616611575
0.4599,-1.877558826,1.880485521,0.345418134,-0.347180301,1.533598025,-1.531847896
0.45995,-1.743289974,1.746141158,0.291442369,-0.293226072,1.453282643,-1.451480047
0.46,-1.621884792,1.624665464,0.245723378,-0.247524908,1.377576958,-1.375725012
0.46005,-1.513127227,1.515841931,0.207529827,-0.209345861,1.306995955,-1.305097514
0.4601,-1.416605856,1.41925869,0.175704109,-0.177531679,1.242285554,-1.240343203
0.46015,-1.33174178,1.334336405,0.14880146,-0.150637915,1.18431138,-1.18232743
0.4602,-1.257850614,1.260390268,0.125283677,-0.127126658,1.133927033,-1.131903514
0.46025,-1.194225983,1.196713485,0.103726173,-0.105573575,1.091850533,-1.089789187
0.4603,-1.140225554,1.142663323,0.082993242,-0.084843182,1.058575088,-1.056477364
0.46035,-1.095339137,1.097729199,0.062344018,-0.064194801,1.034331234,-1.032198283
0.4604,-1.059222527,1.06156653,0.041448817,-0.043298897,1.019104335,-1.016937007
0.46045,-1.031689594,1.033988824,0.020317748,-0.022165686,1.012698075,-1.010496909
0.4605,-1.012661149,1.014916543,-8.20E-04,-9.97E-04,1.014829347,-1.01259457
0.46055,-1.002112356,1.004324517,-0.021740561,0.019954568,1.025201543,-1.022933063
0.4606,-0.999972999,1.002142216,-0.042284331,0.040504415,1.043603258,-1.041300663
0.46065,-1.006066608,1.00819287,-0.062530091,0.060757643,1.069942328,-1.067604884
0.4607,-1.020083624,1.022166632,-0.082810421,0.081046905,1.104240464,-1.101867117
0.46075,-1.041573831,1.043613022,-0.103687532,0.10193452,1.146609766,-1.144199139
0.4608,-1.069975118,1.071969672,-0.125878099,0.124137292,1.197204893,-1.194755288
0.46085,-1.104662248,1.106611109,-0.150153159,0.14842642,1.256171765,-1.253681171
0.4609,-1.145002131,1.146904019,-0.177240503,0.175529877,1.323605221,-1.32107131
0.46095,-1.190401982,1.192255412,-0.207751131,0.206058869,1.399523629,-1.396943764
0.461,-1.240340659,1.242143957,-0.242141518,0.240470103,1.4838625,-1.481233738
0.46105,-1.294379239,1.296130554,-0.280712629,0.279064799,1.576484062,-1.573803159
0.4611,-1.352152582,1.353849905,-0.32363777,0.322016539,1.677196691,-1.674460105
0.46115,-1.413347836,1.414989019,-0.371006516,0.369415194,1.785777332,-1.782981233
0.4612,-1.477677625,1.47926039,-0.422871276,0.421313492,1.901991255,-1.899131528
0.46125,-1.54485514,1.546377102,-0.479285848,0.477765563,2.025605701,-2.022677953
0.4613,-1.614576253,1.616034932,-0.540329853,0.538851378,2.156396424,-2.153395994
0.46135,-1.686510892,1.687903727,-0.606117767,0.604685776,2.294148098,-2.291070064
0.4614,-1.760303294,1.761627658,-0.676794984,0.675414524,2.438650638,-2.435489823
0.46145,-1.780945705,1.782199264,-0.722778881,0.721454851,2.498686595,-2.495479558
0.4615,-1.719122721,1.720307217,-0.735449666,0.734184187,2.456143534,-2.45294358
0.46155,-1.664416075,1.665533895,-0.752036844,0.750831043,2.417949684,-2.414756797
0.4616,-1.555408441,1.556436297,-0.77082888,0.769684338,2.334322592,-2.331136758
0.46165,-1.415299376,1.416210984,-0.760567935,0.759482945,2.177302785,-2.174123987
0.4617,-1.287970628,1.288776236,-0.745222909,0.744195971,2.034668876,-2.031497098
0.46175,-1.176304082,1.177012936,-0.72731354,0.726343194,1.905069266,-1.901904494
0.4618,-1.079444932,1.080065311,-0.707939118,0.707024003,1.788815573,-1.78565779
0.46185,-0.996134696,0.996673957,-0.688645555,0.687784451,1.686194734,-1.683043925
0.4619,-0.924807879,0.925272499,-0.671221396,0.670413267,1.597429445,-1.594285595
0.46195,-0.863776434,0.864172059,-0.65746597,0.656710002,1.522630686,-1.519493779
0.462,-0.811436476,0.811767963,-0.648960522,0.648256163,1.461775552,-1.458645573
0.46205,-0.766450395,0.766721863,-0.646892876,0.646239877,1.414714039,-1.411590973
0.4621,-0.727862789,0.728077671,-0.651972333,0.651370789,1.381199876,-1.378083707
0.46215,-0.69512552,0.695286617,-0.664448105,0.663898497,1.360934013,-1.357824726
0.4622,-0.668030866,0.668140406,-0.684218433,0.683721672,1.353606899,-1.350504479
0.46225,-0.646575081,0.646634779,-0.710996253,0.710553719,1.358927701,-1.355832132
0.4623,-0.630790804,0.63080192,-0.744486527,0.744100108,1.376634046,-1.373545314
0.46235,-0.620591342,0.620554739,-0.784532498,0.784204625,1.406482557,-1.403400647
0.4624,-0.615662452,0.615578655,-0.831201288,0.830934965,1.448226232,-1.445151128
0.46245,-0.615421104,0.615290352,-0.884798549,0.884597379,1.501587849,-1.498519536
0.4625,-0.619041428,0.618863724,-0.94582104,0.945689246,1.566238487,-1.563176951
0.46255,-0.625531481,0.625306646,-1.014869686,1.014812127,1.641787358,-1.638732583
0.4626,-0.633834796,0.633562513,-1.092550973,1.092573163,1.727784737,-1.724736708
0.46265,-0.642929448,0.642609311,-1.179391533,1.179499652,1.82373562,-1.820694324
0.4627,-0.651903408,0.651534964,-1.275782057,1.275982959,1.929118984,-1.926084404
0.46275,-0.659995103,0.6595779,-1.381955841,1.382257066,2.043406894,-2.040379017
0.4628,-0.666598801,0.666132434,-1.497997869,1.498407649,2.166078972,-2.163057781
0.46285,-0.671242632,0.670726781,-1.623874362,1.624401622,2.296629957,-2.293615439
0.4629,-0.674669864,0.674103977,-1.696728009,1.697353282,2.37953777,-2.37652991
0.46295,-0.652199354,0.651586003,-1.726819873,1.727509385,2.380546254,-2.377545037
0.463,-0.625537354,0.62487873,-1.761484502,1.76223933,2.38862294,-2.385628352
0.46305,-0.570162494,0.569461198,-1.747445643,1.748266695,2.312592003,-2.309642632
0.4631,-0.490209009,0.489469812,-1.648595411,1.649479445,2.14037325,-2.137514895
0.46315,-0.41896454,0.418192646,-1.556712242,1.557655314,1.977149199,-1.974375312
0.4632,-0.355256321,0.354456398,-1.469817421,1.470815821,1.826520719,-1.823825235
0.46325,-0.299485039,0.298661275,-1.387693055,1.388743312,1.688602673,-1.685980009
0.4633,-0.251683374,0.250839516,-1.310352512,1.311451406,1.563440884,-1.560885925
0.46335,-0.21145025,0.210589642,-1.238093868,1.239238438,1.450932053,-1.448440146
0.4634,-0.177946299,0.177071919,-1.171473795,1.172661347,1.350793209,-1.348360152
0.46345,-0.149976376,0.149090868,-1.111228659,1.112456775,1.262565323,-1.260187355
0.4635,-0.126143516,0.125249226,-1.058160216,1.059426756,1.185652963,-1.183326752
0.46355,-0.105041011,0.104140016,-1.013011914,1.014315024,1.119392665,-1.1171153
0.4636,-0.085439255,0.084533398,-0.976363692,0.977701813,1.06313459,-1.060903569
0.46365,-0.066425139,0.065516064,-0.948567764,0.949939632,1.016317692,-1.014130908
0.4637,-0.047463963,0.046553154,-0.929736691,0.931141343,0.97851971,-0.976375441
0.46375,-0.028373947,0.027462764,-0.919781546,0.921218331,0.949469847,-0.947366741
0.4638,-0.00922563,0.008315348,-0.918485827,0.919954404,0.929022075,-0.926959134
0.46385,0.009837139,-0.010718011,-0.925600115,0.927100462,0.917090256,-0.915066822
0.4639,0.028606056,-0.029483625,-0.940892691,0.942425107,0.913606125,-0.911621864
0.46395,0.047153705,-0.048026713,-0.964244254,0.965809359,0.918409156,-0.916464039
0.464,0.065736968,-0.066604092,-0.99564191,0.99724065,0.931223604,-0.929317895
0.46405,0.084840835,-0.085700655,-1.035164297,1.036797939,0.951643254,-0.949777492
0.4641,0.105119487,-0.105970459,-1.082944053,1.084614188,0.979146655,-0.97732164
0.46415,0.127307005,-0.128147436,-1.139119336,1.140827872,1.013137996,-1.01135477
0.4642,0.152121754,-0.152949772,-1.203789981,1.205539144,1.052998882,-1.051258716
0.46425,0.180188065,-0.181001599,-1.276988005,1.278780335,1.098137148,-1.096441527
0.4643,0.211990205,-0.212786955,-1.358666406,1.360504752,1.148021696,-1.146372301
0.46435,0.247862693,-0.248640112,-1.448704682,1.450592198,1.202197692,-1.200596383
0.4644,0.288011364,-0.288766632,-1.546925722,1.548865862,1.260282392,-1.258731196
0.46445,0.332553383,-0.333283387,-1.653117285,1.655113797,1.321946612,-1.3204477
0.4645,0.381562661,-0.382263973,-1.767051997,1.769108919,1.386889302,-1.38544498
0.46455,0.435109152,-0.435778015,-1.88850186,1.890623509,1.454812757,-1.453425444
0.4646,0.49328491,-0.493917214,-2.017245755,2.019436724,1.525404069,-1.524076285
0.46465,0.556214703,-0.556805981,-2.153070582,2.155335728,1.598325638,-1.597059988
0.4647,0.624053168,-0.624598575,-2.295767973,2.298112412,1.673214742,-1.6720139
0.46475,0.6969729,-0.69746721,-2.445128959,2.447558053,1.749690103,-1.7485568
0.4648,0.744864921,-0.745303048,-2.509734496,2.512211659,1.773027033,-1.771963702
0.46485,0.758552252,-0.75893199,-2.471287921,2.473759613,1.714267477,-1.713272493
0.4649,0.776361299,-0.776681438,-2.43716849,2.439634722,1.66240038,-1.661471471
0.46495,0.796441426,-0.796700296,-2.357915731,2.360376517,1.556444294,-1.555604838
0.465,0.787357197,-0.787556439,-2.205970473,2.208425824,1.420170295,-1.419446834
0.46505,0.773372,-0.77351303,-2.068442935,2.070892863,1.296533972,-1.295916564
0.4651,0.7570061,-0.757090275,-1.943972375,1.946416893,1.188406601,-1.187886285
0.46515,0.739377848,-0.739406406,-1.832861053,1.835300172,1.094904106,-1.094472866
0.4652,0.722061568,-0.722035585,-1.735381809,1.737815541,1.014724738,-1.01437546
0.46525,0.706872321,-0.706792671,-1.651737722,1.654166079,0.946256191,-0.945982618
0.4653,0.695624687,-0.695492006,-1.582015793,1.584438788,0.887770601,-0.887567287
0.46535,0.689898903,-0.689713545,-1.526167478,1.528585121,0.837638943,-0.837501208
0.4654,0.690865847,-0.690627848,-1.484018721,1.486431025,0.794516085,-0.794439966
0.46545,0.699206732,-0.698915769,-1.4553035,1.457710476,0.75745464,-0.757436836
0.4655,0.715138627,-0.714793976,-1.439708611,1.442110272,0.725924231,-0.72596205
0.46555,0.738530334,-0.738130829,-1.436915545,1.439311902,0.699737492,-0.699828792
0.4656,0.76907235,-0.768616341,-1.446627945,1.44901901,0.678907565,-0.679050697
0.46565,0.806455064,-0.805940384,-1.468578981,1.470964765,0.663477276,-0.663671021
0.4657,0.850512843,-0.849936771,-1.502519776,1.504900292,0.653363471,-0.653606983
0.46575,0.901305774,-0.900665008,-1.548195566,1.550570824,0.648251429,-0.64854418
0.4658,0.959130512,-0.958421142,-1.605319016,1.607689029,0.647557331,-0.647899059
0.46585,1.024470464,-1.023687958,-1.6735496,1.675914379,0.650457451,-0.650848106
0.4659,1.097908514,-1.097047695,-1.752484757,1.754844313,0.655966582,-0.656406278
0.46595,1.180029885,-1.17908492,-1.841664106,1.844018451,0.663039391,-0.663528361
0.466,1.271339179,-1.270303567,-1.940583954,1.942933099,0.670667879,-0.671206427
0.46605,1.372206725,-1.371073288,-2.04871682,2.051060777,0.677954564,-0.678543021
0.4661,1.482848763,-1.481609641,-2.165530363,2.167869143,0.68415121,-0.684789891
0.46615,1.603336984,-1.601983624,-2.290501385,2.292835,0.68866331,-0.689352467
0.4662,1.733627466,-1.732150625,-2.423122968,2.425451429,0.691028261,-0.691768046
0.46625,1.8103001,-1.808720777,-2.507645248,2.509968567,0.692294802,-0.693085587
0.4663,1.842918677,-1.841272921,-2.509680779,2.511998966,0.668336182,-0.669175288
0.46635,1.879978886,-1.878265535,-2.518690194,2.52100326,0.640226265,-0.641111391
0.4664,1.868034997,-1.866253057,-2.443793855,2.446061016,0.583869891,-0.58479832
0.46645,1.770925756,-1.769078401,-2.273206879,2.275379428,0.503740379,-0.504707304
0.4665,1.680881162,-1.678972268,-2.111532855,2.113617291,0.432148384,-0.433148563
0.46655,1.595971499,-1.594004704,-1.962346265,1.964348608,0.367844982,-0.368873696
0.4666,1.516007756,-1.513986456,-1.825739242,1.827665036,0.311178533,-0.312231532
0.46665,1.441004427,-1.438931767,-1.701742741,1.703597062,0.262165072,-0.263238537
0.4667,1.371230537,-1.369109399,-1.590250929,1.592038395,0.220429444,-0.221519945
0.46675,1.307188688,-1.305021688,-1.49099209,1.492716875,0.185197061,-0.186301527
0.4668,1.249547929,-1.247337403,-1.403529668,1.405195508,0.155362082,-0.156477761
0.46685,1.199044851,-1.196792857,-1.327295461,1.328905665,0.129619495,-0.130743922
0.4669,1.156374786,-1.154083093,-1.261649092,1.263206557,0.106633401,-0.107764369
0.46695,1.122096852,-1.119766938,-1.205950854,1.20745807,0.085204806,-0.086340327
0.467,1.09657247,-1.094205514,-1.159630973,1.161090041,0.064402377,-0.065540653
0.46705,1.079948015,-1.077544894,-1.122238859,1.123651501,0.043629034,-0.044768417
0.4671,1.072181099,-1.069742381,-1.093460909,1.094828483,0.022613478,-0.023752434
0.46715,1.073102936,-1.070628877,-1.073100464,1.074423977,0.00134981,-0.0024521
0.4672,1.082482174,-1.079972717,-1.061042276,1.062322403,-0.020106313,0.018980838
0.46725,1.100104582,-1.097559349,-1.057183922,1.058421019,-0.041589885,0.040469125
0.4673,1.125827518,-1.123245809,-1.061369783,1.062563902,-0.063127112,0.062012529
0.46735,1.159594942,-1.156975739,-1.073353451,1.07450436,-0.084909872,0.083802996
0.4674,1.201435326,-1.198777289,-1.092772937,1.093880133,-0.107328542,0.106231004
0.46745,1.251433277,-1.248734747,-1.119157522,1.120220247,-0.130938347,0.129851909
0.4675,1.309690755,-1.306949756,-1.151956582,1.15297384,-0.156391755,0.155318335
0.46755,1.376288685,-1.373502927,-1.190581434,1.191552007,-0.184358238,0.183299933
0.4676,1.451257902,-1.448424787,-1.234448806,1.235371266,-0.215451751,0.214410865
0.46765,1.5345641,-1.531680723,-1.28301593,1.283888659,-0.250180584,0.24915965
0.4677,1.626106967,-1.62317012,-1.335800998,1.336622203,-0.288926043,0.287927842
0.46775,1.725730247,-1.722736429,-1.39238738,1.393155107,-0.331948299,0.330975889
0.4678,1.833237749,-1.830183167,-1.452414135,1.453126286,-0.379411883,0.378468612
0.46785,1.948410246,-1.945290825,-1.515558034,1.516212386,-0.43142056,0.430510092
0.4679,2.07101949,-2.067830877,-1.581513094,1.582107311,-0.488051819,0.487178144
0.46795,2.20083731,-2.197574883,-1.649972765,1.650504414,-0.549383779,0.548551234
0.468,2.337639541,-2.334298417,-1.720618056,1.721084622,-0.615510999,0.61472428
0.46805,2.481205783,-2.477780826,-1.793112722,1.793511623,-0.686549044,0.685813219
0.4681,2.540323044,-2.536851541,-1.812460186,1.812789131,-0.732908917,0.7322289
0.46815,2.496885474,-2.493421638,-1.749347505,1.749608278,-0.745975038,0.745352968
0.4682,2.457789415,-2.454333229,-1.693392772,1.693587802,-0.762908211,0.762345234
0.46825,2.426374373,-2.42292582,-1.642738265,1.642869731,-0.782152996,0.781650355
0.4683,2.349837058,-2.346396122,-1.538434263,1.538479006,-0.803329557,0.802888951
0.46835,2.200853768,-2.197420432,-1.404540507,1.404472142,-0.794888108,0.794507911
0.4684,2.066240373,-2.06281462,-1.283388728,1.283216991,-0.781385113,0.78106393
0.46845,1.944647676,-1.941229488,-1.177839725,1.177573385,-0.765363767,0.765100279
0.4685,1.83639105,-1.832980412,-1.086969843,1.086616736,-0.747995934,0.747788948
0.46855,1.74175325,-1.738350145,-1.009413308,1.00898038,-0.730930603,0.730779103
0.4686,1.660941338,-1.657545749,-0.943479523,0.942972878,-0.716065754,0.715968933
0.46865,1.594039274,-1.590651184,-0.887359879,0.88678482,-0.705294229,0.70525153
0.4687,1.540989025,-1.537608418,-0.839353525,0.8387146,-0.700259082,0.700270236
0.46875,1.501602468,-1.498229326,-0.798061568,0.797362624,-0.702171269,0.702236332
0.4688,1.475597445,-1.472231754,-0.762506675,0.761750904,-0.711726111,0.711845509
0.46885,1.462645058,-1.459286799,-0.732154197,0.731344197,-0.729129449,0.729304013
0.4689,1.462413528,-1.459062686,-0.706836356,0.705974184,-0.754217332,0.754448342
0.46895,1.47459687,-1.471253429,-0.686604916,0.685692151,-0.786632004,0.786921228
0.469,1.49892264,-1.495586583,-0.671553498,0.670591299,-0.826007347,0.82635708
0.46905,1.535140002,-1.531811312,-0.66165411,0.660643275,-0.872120418,0.87253351
0.4691,1.582994966,-1.579673628,-0.656643913,0.655584934,-0.92497993,0.925459818
0.46915,1.64220245,-1.638888447,-0.655981221,0.654874335,-0.984842305,0.985393037
0.4692,1.712424273,-1.709117589,-0.658870234,0.65771548,-1.052164949,1.0527912
0.46925,1.793259065,-1.789959684,-0.664337587,0.663134847,-1.127519612,1.128226703
0.4693,1.884245601,-1.880953507,-0.671334505,0.670083555,-1.211493568,1.21228748
0.46935,1.984876948,-1.981592125,-0.678837428,0.677537983,-1.304603141,1.305490521
0.4694,2.094620232,-2.091342663,-0.685925983,0.68457774,-1.407235498,1.408223673
0.46945,2.212936296,-2.209665966,-0.691827124,0.690429806,-1.519624176,1.520721156
0.4695,2.339294791,-2.336031684,-0.695924605,0.694478002,-1.641854694,1.643069174
0.46955,2.418321474,-2.415065574,-0.698694312,0.697197965,-1.711485097,1.712797126
0.4696,2.415910428,-2.412661719,-0.67525856,0.673715141,-1.739123224,1.740498543
0.46965,2.420642543,-2.417401009,-0.647606768,0.646018563,-1.771433622,1.772873223
0.4697,2.430746801,-2.427512426,-0.61792622,0.616295396,-1.811210701,1.812715757
0.46975,2.357031355,-2.353843432,-0.560596316,0.558925451,-1.80144145,1.803012973
0.4698,2.187785997,-2.18469141,-0.48036841,0.478662174,-1.705838761,1.707473594
0.46985,2.027729552,-2.024721881,-0.409635361,0.407898863,-1.616611576,1.618305864
0.4699,1.880485522,-1.877558827,-0.347180301,0.345418134,-1.531847897,1.533598025
0.46995,1.746141158,-1.743289974,-0.293226073,0.291442369,-1.451480047,1.453282643
0.47,1.624665465,-1.621884793,-0.247524908,0.245723378,-1.375725012,1.377576959
0.47005,1.515841932,-1.513127227,-0.209345861,0.207529827,-1.305097514,1.306995956
0.4701,1.41925869,-1.416605857,-0.177531679,0.175704109,-1.240343204,1.242285555
0.47015,1.334336406,-1.331741781,-0.150637915,0.14880146,-1.182327431,1.18431138
0.4702,1.260390268,-1.257850615,-0.127126658,0.125283677,-1.131903515,1.133927033
0.47025,1.196713486,-1.194225984,-0.105573575,0.103726173,-1.089789188,1.091850534
0.4703,1.142663323,-1.140225555,-0.084843182,0.082993242,-1.056477365,1.058575089
0.47035,1.097729199,-1.095339138,-0.064194801,0.062344018,-1.032198284,1.034331234
0.4704,1.061566531,-1.059222527,-0.043298897,0.041448817,-1.016937008,1.019104336
0.47045,1.033988825,-1.031689595,-0.022165686,0.020317748,-1.01049691,1.012698075
0.4705,1.014916543,-1.01266115,-9.97E-04,-8.20E-04,-1.01259457,1.014829348
0.47055,1.004324518,-1.002112356,0.019954568,-0.021740561,-1.022933064,1.025201544
0.4706,1.002142217,-0.999972999,0.040504415,-0.042284331,-1.041300664,1.043603259
0.47065,1.00819287,-1.006066609,0.060757643,-0.062530091,-1.067604885,1.069942328
0.4707,1.022166633,-1.020083624,0.081046905,-0.082810421,-1.101867118,1.104240465
0.47075,1.043613022,-1.041573832,0.10193452,-0.103687532,-1.144199139,1.146609767
0.4708,1.071969672,-1.069975119,0.124137292,-0.125878099,-1.194755289,1.197204893
0.47085,1.106611109,-1.104662249,0.14842642,-0.150153159,-1.253681171,1.256171766
0.4709,1.14690402,-1.145002132,0.175529877,-0.177240504,-1.321071311,1.323605222
0.47095,1.192255413,-1.190401982,0.206058869,-0.207751131,-1.396943765,1.39952363
0.471,1.242143957,-1.24034066,0.240470103,-0.242141518,-1.481233738,1.4838625
0.47105,1.296130554,-1.294379239,0.279064799,-0.280712629,-1.573803159,1.576484063
0.4711,1.353849906,-1.352152582,0.322016539,-0.32363777,-1.674460106,1.677196691
0.47115,1.414989019,-1.413347837,0.369415194,-0.371006516,-1.782981234,1.785777332
0.4712,1.479260391,-1.477677625,0.421313492,-0.422871276,-1.899131529,1.901991256
0.47125,1.546377103,-1.54485514,0.477765563,-0.479285848,-2.022677954,2.025605701
0.4713,1.616034933,-1.614576254,0.538851378,-0.540329853,-2.153395994,2.156396424
0.47135,1.687903727,-1.686510892,0.604685776,-0.606117768,-2.291070064,2.294148099
0.4714,1.761627659,-1.760303294,0.675414524,-0.676794984,-2.435489823,2.438650638
0.47145,1.782199264,-1.780945706,0.721454851,-0.722778881,-2.495479559,2.498686596
0.4715,1.720307217,-1.719122722,0.734184187,-0.735449666,-2.45294358,2.456143534
0.47155,1.665533895,-1.664416076,0.750831043,-0.752036844,-2.414756798,2.417949684
0.4716,1.556436297,-1.555408442,0.769684338,-0.77082888,-2.331136758,2.334322593
0.47165,1.416210984,-1.415299376,0.759482945,-0.760567935,-2.174123988,2.177302786
0.4717,1.288776236,-1.287970628,0.744195971,-0.745222909,-2.031497099,2.034668876
0.47175,1.177012936,-1.176304083,0.726343194,-0.72731354,-1.901904494,1.905069267
0.4718,1.080065311,-1.079444933,0.707024003,-0.707939118,-1.785657791,1.788815574
0.47185,0.996673957,-0.996134696,0.687784452,-0.688645556,-1.683043926,1.686194735
0.4719,0.925272499,-0.924807879,0.670413267,-0.671221396,-1.594285596,1.597429446
0.47195,0.864172059,-0.863776434,0.656710002,-0.65746597,-1.519493779,1.522630686
0.472,0.811767963,-0.811436476,0.648256164,-0.648960523,-1.458645573,1.461775552
0.47205,0.766721864,-0.766450395,0.646239877,-0.646892876,-1.411590973,1.41471404
0.4721,0.728077671,-0.727862789,0.651370789,-0.651972333,-1.378083707,1.381199876
0.47215,0.695286617,-0.69512552,0.663898497,-0.664448105,-1.357824726,1.360934013
0.4722,0.668140406,-0.668030866,0.683721673,-0.684218433,-1.350504479,1.353606899
0.47225,0.646634779,-0.646575082,0.71055372,-0.710996253,-1.355832133,1.358927701
0.4723,0.63080192,-0.630790804,0.744100109,-0.744486527,-1.373545314,1.376634046
0.47235,0.620554739,-0.620591342,0.784204625,-0.784532498,-1.403400647,1.406482557
0.4724,0.615578655,-0.615662452,0.830934966,-0.831201288,-1.445151129,1.448226233
0.47245,0.615290352,-0.615421105,0.88459738,-0.884798549,-1.498519536,1.501587849
0.4725,0.618863725,-0.619041428,0.945689246,-0.945821041,-1.563176952,1.566238488
0.47255,0.625306647,-0.625531481,1.014812127,-1.014869687,-1.638732584,1.641787358
0.4726,0.633562514,-0.633834796,1.092573163,-1.092550973,-1.724736709,1.727784737
0.47265,0.642609311,-0.642929448,1.179499652,-1.179391534,-1.820694324,1.823735621
0.4727,0.651534964,-0.651903408,1.275982959,-1.275782057,-1.926084404,1.929118984
0.47275,0.6595779,-0.659995103,1.382257067,-1.381955841,-2.040379017,2.043406895
0.4728,0.666132434,-0.666598801,1.498407649,-1.49799787,-2.163057781,2.166078972
0.47285,0.670726781,-0.671242632,1.624401622,-1.623874362,-2.29361544,2.296629957
0.4729,0.674103977,-0.674669864,1.697353282,-1.696728009,-2.37652991,2.37953777
0.47295,0.651586003,-0.652199354,1.727509385,-1.726819873,-2.377545038,2.380546254
0.473,0.62487873,-0.625537354,1.76223933,-1.761484502,-2.385628352,2.38862294
0.47305,0.569461198,-0.570162494,1.748266695,-1.747445643,-2.309642632,2.312592004
0.4731,0.489469812,-0.490209009,1.649479445,-1.648595412,-2.137514895,2.14037325
0.47315,0.418192646,-0.41896454,1.557655314,-1.556712243,-1.974375312,1.977149199
0.4732,0.354456398,-0.355256321,1.470815821,-1.469817422,-1.823825235,1.826520719
0.47325,0.298661275,-0.299485039,1.388743312,-1.387693055,-1.685980009,1.688602673
0.4733,0.250839516,-0.251683374,1.311451406,-1.310352513,-1.560885926,1.563440884
0.47335,0.210589642,-0.21145025,1.239238438,-1.238093868,-1.448440146,1.450932053
0.4734,0.17707192,-0.177946299,1.172661347,-1.171473795,-1.348360152,1.350793209
0.47345,0.149090868,-0.149976376,1.112456775,-1.111228659,-1.260187355,1.262565323
0.4735,0.125249226,-0.126143516,1.059426756,-1.058160217,-1.183326752,1.185652963
0.47355,0.104140016,-0.105041011,1.014315024,-1.013011914,-1.1171153,1.119392665
0.4736,0.084533398,-0.085439255,0.977701814,-0.976363692,-1.060903569,1.06313459
0.47365,0.065516064,-0.066425139,0.949939632,-0.948567765,-1.014130908,1.016317692
0.4737,0.046553154,-0.047463963,0.931141343,-0.929736691,-0.976375441,0.97851971
0.47375,0.027462764,-0.028373947,0.921218331,-0.919781546,-0.947366741,0.949469847
0.4738,0.008315348,-0.00922563,0.919954405,-0.918485827,-0.926959135,0.929022075
0.47385,-0.010718011,0.009837139,0.927100462,-0.925600115,-0.915066822,0.917090256
0.4739,-0.029483625,0.028606056,0.942425107,-0.940892691,-0.911621864,0.913606125
0.47395,-0.048026713,0.047153705,0.965809359,-0.964244254,-0.916464039,0.918409156
0.474,-0.066604092,0.065736968,0.99724065,-0.99564191,-0.929317895,0.931223604
0.47405,-0.085700655,0.084840835,1.036797939,-1.035164297,-0.949777492,0.951643254
0.4741,-0.105970459,0.105119487,1.084614188,-1.082944053,-0.97732164,0.979146655
0.47415,-0.128147436,0.127307005,1.140827872,-1.139119336,-1.01135477,1.013137996
0.4742,-0.152949772,0.152121754,1.205539144,-1.203789981,-1.051258716,1.052998882
0.47425,-0.181001599,0.180188065,1.278780335,-1.276988005,-1.096441527,1.098137148
0.4743,-0.212786955,0.211990205,1.360504752,-1.358666406,-1.146372301,1.148021696
0.47435,-0.248640112,0.247862693,1.450592198,-1.448704682,-1.200596383,1.202197692
0.4744,-0.288766632,0.288011363,1.548865862,-1.546925722,-1.258731196,1.260282392
0.47445,-0.333283387,0.332553383,1.655113797,-1.653117285,-1.3204477,1.321946612
0.4745,-0.382263973,0.38156266,1.769108919,-1.767051997,-1.38544498,1.386889302
0.47455,-0.435778015,0.435109152,1.890623509,-1.888501859,-1.453425444,1.454812757
0.4746,-0.493917214,0.493284909,2.019436723,-2.017245755,-1.524076285,1.525404069
0.47465,-0.556805981,0.556214703,2.155335728,-2.153070582,-1.597059988,1.598325638
0.4747,-0.624598575,0.624053167,2.298112411,-2.295767973,-1.6720139,1.673214742
0.47475,-0.69746721,0.6969729,2.447558053,-2.445128958,-1.7485568,1.749690102
0.4748,-0.745303048,0.744864921,2.512211659,-2.509734496,-1.771963702,1.773027033
0.47485,-0.75893199,0.758552251,2.473759613,-2.471287921,-1.713272492,1.714267477
0.4749,-0.776681438,0.776361299,2.439634722,-2.437168489,-1.66147147,1.66240038
0.47495,-0.796700295,0.796441426,2.360376517,-2.357915731,-1.555604838,1.556444294
0.475,-0.787556439,0.787357197,2.208425824,-2.205970473,-1.419446834,1.420170295
0.47505,-0.77351303,0.773372,2.070892863,-2.068442935,-1.295916564,1.296533972
0.4751,-0.757090275,0.7570061,1.946416893,-1.943972375,-1.187886284,1.1884066
0.47515,-0.739406405,0.739377847,1.835300172,-1.832861053,-1.094472866,1.094904106
0.4752,-0.722035584,0.722061567,1.737815541,-1.735381809,-1.01437546,1.014724738
0.47525,-0.706792671,0.70687232,1.654166079,-1.651737721,-0.945982618,0.946256191
0.4753,-0.695492005,0.695624687,1.584438787,-1.582015793,-0.887567287,0.887770601
0.47535,-0.689713544,0.689898903,1.528585121,-1.526167477,-0.837501208,0.837638942
0.4754,-0.690627847,0.690865847,1.486431024,-1.48401872,-0.794439965,0.794516085
0.47545,-0.698915768,0.699206731,1.457710476,-1.455303499,-0.757436835,0.75745464
0.4755,-0.714793975,0.715138626,1.442110272,-1.439708611,-0.72596205,0.725924231
0.47555,-0.738130829,0.738530334,1.439311902,-1.436915545,-0.699828792,0.699737491
0.4756,-0.768616341,0.76907235,1.449019009,-1.446627944,-0.679050697,0.678907565
0.47565,-0.805940384,0.806455064,1.470964764,-1.46857898,-0.663671021,0.663477276
0.4757,-0.84993677,0.850512842,1.504900291,-1.502519776,-0.653606983,0.653363471
0.47575,-0.900665007,0.901305774,1.550570824,-1.548195566,-0.64854418,0.648251428
0.4758,-0.958421142,0.959130511,1.607689028,-1.605319016,-0.647899059,0.647557331
0.47585,-1.023687957,1.024470463,1.675914378,-1.6735496,-0.650848106,0.650457451
0.4759,-1.097047695,1.097908514,1.754844312,-1.752484756,-0.656406278,0.655966582
0.47595,-1.17908492,1.180029885,1.84401845,-1.841664106,-0.663528361,0.663039391
0.476,-1.270303566,1.271339178,1.942933098,-1.940583953,-0.671206427,0.670667879
0.47605,-1.371073288,1.372206724,2.051060777,-2.04871682,-0.678543021,0.677954563
0.4761,-1.48160964,1.482848763,2.167869142,-2.165530362,-0.684789891,0.68415121
0.47615,-1.601983623,1.603336983,2.292835,-2.290501385,-0.689352467,0.68866331
0.4762,-1.732150625,1.733627465,2.425451428,-2.423122967,-0.691768046,0.69102826
0.47625,-1.808720776,1.8103001,2.509968566,-2.507645248,-0.693085587,0.692294802
0.4763,-1.84127292,1.842918676,2.511998966,-2.509680779,-0.669175288,0.668336182
0.47635,-1.878265535,1.879978886,2.52100326,-2.518690193,-0.641111391,0.640226265
0.4764,-1.866253056,1.868034997,2.446061015,-2.443793854,-0.58479832,0.58386989
0.47645,-1.7690784,1.770925755,2.275379427,-2.273206878,-0.504707303,0.503740379
0.4765,-1.678972268,1.680881162,2.113617291,-2.111532855,-0.433148563,0.432148384
0.47655,-1.594004704,1.595971499,1.964348608,-1.962346264,-0.368873696,0.367844982
0.4766,-1.513986455,1.516007755,1.827665035,-1.825739241,-0.312231532,0.311178533
0.47665,-1.438931766,1.441004426,1.703597061,-1.70174274,-0.263238537,0.262165072
0.4767,-1.369109398,1.371230536,1.592038395,-1.590250928,-0.221519945,0.220429443
0.47675,-1.305021687,1.307188688,1.492716874,-1.490992089,-0.186301527,0.185197061
0.4768,-1.247337403,1.249547928,1.405195507,-1.403529668,-0.156477761,0.155362082
0.47685,-1.196792856,1.19904485,1.328905664,-1.32729546,-0.130743922,0.129619495
0.4769,-1.154083093,1.156374785,1.263206556,-1.261649092,-0.107764369,0.106633401
0.47695,-1.119766938,1.122096851,1.207458069,-1.205950853,-0.086340327,0.085204806
0.477,-1.094205514,1.096572469,1.161090041,-1.159630973,-0.065540653,0.064402377
0.47705,-1.077544893,1.079948015,1.1236515,-1.122238858,-0.044768417,0.043629034
0.4771,-1.06974238,1.072181098,1.094828482,-1.093460908,-0.023752434,0.022613478
0.47715,-1.070628877,1.073102935,1.074423977,-1.073100463,-0.0024521,0.00134981
0.4772,-1.079972716,1.082482173,1.062322403,-1.061042275,0.018980838,-0.020106313
0.47725,-1.097559348,1.100104582,1.058421018,-1.057183922,0.040469125,-0.041589884
0.4773,-1.123245808,1.125827517,1.062563902,-1.061369783,0.062012529,-0.063127112
0.47735,-1.156975738,1.159594941,1.07450436,-1.073353451,0.083802996,-0.084909872
0.4774,-1.198777289,1.201435326,1.093880132,-1.092772936,0.106231004,-0.107328542
0.47745,-1.248734746,1.251433277,1.120220246,-1.119157521,0.129851909,-0.130938347
0.4775,-1.306949755,1.309690754,1.152973839,-1.151956581,0.155318334,-0.156391755
0.47755,-1.373502927,1.376288684,1.191552006,-1.190581433,0.183299933,-0.184358238
0.4776,-1.448424786,1.451257901,1.235371266,-1.234448806,0.214410865,-0.215451751
0.47765,-1.531680722,1.5345641,1.283888658,-1.283015929,0.24915965,-0.250180584
0.4777,-1.623170119,1.626106966,1.336622202,-1.335800998,0.287927842,-0.288926043
0.47775,-1.722736428,1.725730246,1.393155106,-1.39238738,0.330975889,-0.331948299
0.4778,-1.830183167,1.833237748,1.453126286,-1.452414134,0.378468612,-0.379411883
0.47785,-1.945290825,1.948410246,1.516212386,-1.515558033,0.430510091,-0.43142056
0.4779,-2.067830876,2.07101949,1.58210731,-1.581513093,0.487178143,-0.488051819
0.47795,-2.197574882,2.200837309,1.650504413,-1.649972765,0.548551234,-0.549383779
0.478,-2.334298416,2.33763954,1.721084622,-1.720618056,0.61472428,-0.615510999
0.47805,-2.477780825,2.481205782,1.793511623,-1.793112721,0.685813219,-0.686549044
0.4781,-2.53685154,2.540323044,1.81278913,-1.812460185,0.7322289,-0.732908916
0.47815,-2.493421637,2.496885473,1.749608278,-1.749347505,0.745352968,-0.745975037
0.4782,-2.454333228,2.457789414,1.693587801,-1.693392772,0.762345234,-0.762908211
0.47825,-2.42292582,2.426374372,1.64286973,-1.642738264,0.781650354,-0.782152996
0.4783,-2.346396121,2.349837057,1.538479006,-1.538434262,0.80288895,-0.803329557
0.47835,-2.197420431,2.200853767,1.404472141,-1.404540506,0.79450791,-0.794888108
0.4784,-2.062814619,2.066240372,1.283216991,-1.283388727,0.78106393,-0.781385112
0.47845,-1.941229488,1.944647675,1.177573385,-1.177839724,0.765100278,-0.765363767
0.4785,-1.832980411,1.836391049,1.086616736,-1.086969843,0.747788948,-0.747995933
0.47855,-1.738350144,1.741753249,1.00898038,-1.009413307,0.730779103,-0.730930603
0.4786,-1.657545748,1.660941338,0.942972877,-0.943479522,0.715968932,-0.716065753
0.47865,-1.590651183,1.594039274,0.886784819,-0.887359879,0.70525153,-0.705294229
0.4787,-1.537608417,1.540989024,0.8387146,-0.839353524,0.700270235,-0.700259082
0.47875,-1.498229325,1.501602467,0.797362624,-0.798061568,0.702236332,-0.702171268
0.4788,-1.472231753,1.475597445,0.761750904,-0.762506675,0.711845508,-0.71172611
0.47885,-1.459286798,1.462645057,0.731344197,-0.732154197,0.729304013,-0.729129449
0.4789,-1.459062685,1.462413527,0.705974183,-0.706836355,0.754448342,-0.754217332
0.47895,-1.471253428,1.47459687,0.685692151,-0.686604916,0.786921228,-0.786632003
0.479,-1.495586582,1.49892264,0.670591299,-0.671553497,0.826357079,-0.826007346
0.47905,-1.531811311,1.535140001,0.660643275,-0.66165411,0.872533509,-0.872120417
0.4791,-1.579673627,1.582994965,0.655584933,-0.656643913,0.925459817,-0.924979929
0.47915,-1.638888447,1.64220245,0.654874335,-0.655981221,0.985393036,-0.984842305
0.4792,-1.709117589,1.712424273,0.657715479,-0.658870234,1.052791199,-1.052164949
0.47925,-1.789959683,1.793259064,0.663134846,-0.664337587,1.128226703,-1.127519611
0.4793,-1.880953506,1.8842456,0.670083555,-0.671334504,1.212287479,-1.211493567
0.47935,-1.981592124,1.984876947,0.677537983,-0.678837427,1.305490521,-1.30460314
0.4794,-2.091342662,2.094620231,0.68457774,-0.685925983,1.408223673,-1.407235498
0.47945,-2.209665966,2.212936295,0.690429806,-0.691827124,1.520721155,-1.519624176
0.4795,-2.336031683,2.33929479,0.694478002,-0.695924605,1.643069174,-1.641854693
0.47955,-2.415065573,2.418321473,0.697197965,-0.698694311,1.712797126,-1.711485097
0.4796,-2.412661718,2.415910427,0.673715141,-0.67525856,1.740498542,-1.739123224
0.47965,-2.417401008,2.420642542,0.646018562,-0.647606768,1.772873222,-1.771433621
0.4797,-2.427512426,2.4307468,0.616295396,-0.61792622,1.812715756,-1.8112107
0.47975,-2.353843432,2.357031354,0.558925451,-0.560596316,1.803012972,-1.801441449
0.4798,-2.184691409,2.187785996,0.478662174,-0.48036841,1.707473593,-1.70583876
0.47985,-2.024721881,2.027729552,0.407898862,-0.409635361,1.618305864,-1.616611575
0.4799,-1.877558826,1.880485521,0.345418134,-0.347180301,1.533598025,-1.531847896
0.47995,-1.743289974,1.746141158,0.291442369,-0.293226072,1.453282643,-1.451480047
0.48,-1.621884792,1.624665464,0.245723378,-0.247524908,1.377576958,-1.375725012
0.48005,-1.513127227,1.515841931,0.207529827,-0.209345861,1.306995955,-1.305097514
0.4801,-1.416605856,1.41925869,0.175704109,-0.177531679,1.242285554,-1.240343203
0.48015,-1.33174178,1.334336405,0.14880146,-0.150637915,1.18431138,-1.18232743
0.4802,-1.257850614,1.260390268,0.125283677,-0.127126658,1.133927033,-1.131903514
0.48025,-1.194225983,1.196713485,0.103726173,-0.105573575,1.091850533,-1.089789187
0.4803,-1.140225554,1.142663323,0.082993242,-0.084843182,1.058575088,-1.056477364
0.48035,-1.095339137,1.097729199,0.062344018,-0.064194801,1.034331234,-1.032198283
0.4804,-1.059222527,1.06156653,0.041448817,-0.043298897,1.019104335,-1.016937007
0.48045,-1.031689594,1.033988824,0.020317748,-0.022165686,1.012698075,-1.010496909
0.4805,-1.012661149,1.014916543,-8.20E-04,-9.97E-04,1.014829347,-1.01259457
0.48055,-1.002112356,1.004324517,-0.021740561,0.019954568,1.025201543,-1.022933063
0.4806,-0.999972999,1.002142216,-0.042284331,0.040504415,1.043603258,-1.041300663
0.48065,-1.006066608,1.00819287,-0.062530091,0.060757643,1.069942328,-1.067604884
0.4807,-1.020083624,1.022166632,-0.082810421,0.081046905,1.104240464,-1.101867117
0.48075,-1.041573831,1.043613022,-0.103687532,0.10193452,1.146609766,-1.144199139
0.4808,-1.069975118,1.071969672,-0.125878099,0.124137292,1.197204893,-1.194755288
0.48085,-1.104662248,1.106611109,-0.150153159,0.14842642,1.256171765,-1.253681171
0.4809,-1.145002131,1.146904019,-0.177240503,0.175529877,1.323605221,-1.32107131
0.48095,-1.190401982,1.192255412,-0.207751131,0.206058869,1.399523629,-1.396943764
0.481,-1.240340659,1.242143957,-0.242141518,0.240470103,1.4838625,-1.481233738
0.48105,-1.294379239,1.296130554,-0.280712629,0.279064799,1.576484062,-1.573803159
0.4811,-1.352152582,1.353849905,-0.32363777,0.322016539,1.677196691,-1.674460105
0.48115,-1.413347836,1.414989019,-0.371006516,0.369415194,1.785777332,-1.782981233
0.4812,-1.477677625,1.47926039,-0.422871276,0.421313492,1.901991255,-1.899131528
0.48125,-1.54485514,1.546377102,-0.479285848,0.477765563,2.025605701,-2.022677953
0.4813,-1.614576253,1.616034932,-0.540329853,0.538851378,2.156396424,-2.153395994
0.48135,-1.686510892,1.687903727,-0.606117767,0.604685776,2.294148098,-2.291070064
0.4814,-1.760303294,1.761627658,-0.676794984,0.675414524,2.438650638,-2.435489823
0.48145,-1.780945705,1.782199264,-0.722778881,0.721454851,2.498686595,-2.495479558
0.4815,-1.719122721,1.720307217,-0.735449666,0.734184187,2.456143534,-2.45294358
0.48155,-1.664416075,1.665533895,-0.752036844,0.750831043,2.417949684,-2.414756797
0.4816,-1.555408441,1.556436297,-0.77082888,0.769684338,2.334322592,-2.331136758
0.48165,-1.415299376,1.416210984,-0.760567935,0.759482945,2.177302785,-2.174123987
0.4817,-1.287970628,1.288776236,-0.745222909,0.744195971,2.034668876,-2.031497098
0.48175,-1.176304082,1.177012936,-0.72731354,0.726343194,1.905069266,-1.901904494
0.4818,-1.079444932,1.080065311,-0.707939118,0.707024003,1.788815573,-1.78565779
0.48185,-0.996134696,0.996673957,-0.688645555,0.687784451,1.686194734,-1.683043925
0.4819,-0.924807879,0.925272499,-0.671221396,0.670413267,1.597429445,-1.594285595
0.48195,-0.863776434,0.864172059,-0.65746597,0.656710002,1.522630686,-1.519493779
0.482,-0.811436476,0.811767963,-0.648960522,0.648256163,1.461775552,-1.458645573
0.48205,-0.766450395,0.766721863,-0.646892876,0.646239877,1.414714039,-1.411590973
0.4821,-0.727862789,0.728077671,-0.651972333,0.651370789,1.381199876,-1.378083707
0.48215,-0.69512552,0.695286617,-0.664448105,0.663898497,1.360934013,-1.357824726
0.4822,-0.668030866,0.668140406,-0.684218433,0.683721672,1.353606899,-1.350504479
0.48225,-0.646575081,0.646634779,-0.710996253,0.710553719,1.358927701,-1.355832132
0.4823,-0.630790804,0.63080192,-0.744486527,0.744100108,1.376634046,-1.373545314
0.48235,-0.620591342,0.620554739,-0.784532498,0.784204625,1.406482557,-1.403400647
0.4824,-0.615662452,0.615578655,-0.831201288,0.830934965,1.448226232,-1.445151128
0.48245,-0.615421104,0.615290352,-0.884798549,0.884597379,1.501587849,-1.498519536
0.4825,-0.619041428,0.618863724,-0.94582104,0.945689246,1.566238487,-1.563176951
0.48255,-0.625531481,0.625306646,-1.014869686,1.014812127,1.641787358,-1.638732583
0.4826,-0.633834796,0.633562513,-1.092550973,1.092573163,1.727784737,-1.724736708
0.48265,-0.642929448,0.642609311,-1.179391533,1.179499652,1.82373562,-1.820694324
0.4827,-0.651903408,0.651534964,-1.275782057,1.275982959,1.929118984,-1.926084404
0.48275,-0.659995103,0.6595779,-1.381955841,1.382257066,2.043406894,-2.040379017
0.4828,-0.666598801,0.666132434,-1.497997869,1.498407649,2.166078972,-2.163057781
0.48285,-0.671242632,0.670726781,-1.623874362,1.624401622,2.296629957,-2.293615439
0.4829,-0.674669864,0.674103977,-1.696728009,1.697353282,2.37953777,-2.37652991
0.48295,-0.652199354,0.651586003,-1.726819873,1.727509385,2.380546254,-2.377545037
0.483,-0.625537354,0.62487873,-1.761484502,1.76223933,2.38862294,-2.385628352
0.48305,-0.570162494,0.569461198,-1.747445643,1.748266695,2.312592003,-2.309642632
0.4831,-0.490209009,0.489469812,-1.648595411,1.649479445,2.14037325,-2.137514895
0.48315,-0.41896454,0.418192646,-1.556712242,1.557655314,1.977149199,-1.974375312
0.4832,-0.355256321,0.354456398,-1.469817421,1.470815821,1.826520719,-1.823825235
0.48325,-0.299485039,0.298661275,-1.387693055,1.388743312,1.688602673,-1.685980009
0.4833,-0.251683374,0.250839516,-1.310352512,1.311451406,1.563440884,-1.560885925
0.48335,-0.21145025,0.210589642,-1.238093868,1.239238438,1.450932053,-1.448440146
0.4834,-0.177946299,0.177071919,-1.171473795,1.172661347,1.350793209,-1.348360152
0.48345,-0.149976376,0.149090868,-1.111228659,1.112456775,1.262565323,-1.260187355
0.4835,-0.126143516,0.125249226,-1.058160216,1.059426756,1.185652963,-1.183326752
0.48355,-0.105041011,0.104140016,-1.013011914,1.014315024,1.119392665,-1.1171153
0.4836,-0.085439255,0.084533398,-0.976363692,0.977701813,1.06313459,-1.060903569
0.48365,-0.066425139,0.065516064,-0.948567764,0.949939632,1.016317692,-1.014130908
0.4837,-0.047463963,0.046553154,-0.929736691,0.931141343,0.97851971,-0.976375441
0.48375,-0.028373947,0.027462764,-0.919781546,0.921218331,0.949469847,-0.947366741
0.4838,-0.00922563,0.008315348,-0.918485827,0.919954404,0.929022075,-0.926959134
0.48385,0.009837139,-0.010718011,-0.925600115,0.927100462,0.917090256,-0.915066822
0.4839,0.028606056,-0.029483625,-0.940892691,0.942425107,0.913606125,-0.911621864
0.48395,0.047153705,-0.048026713,-0.964244254,0.965809359,0.918409156,-0.916464039
0.484,0.065736968,-0.066604092,-0.99564191,0.99724065,0.931223604,-0.929317895
0.48405,0.084840835,-0.085700655,-1.035164297,1.036797939,0.951643254,-0.949777492
0.4841,0.105119487,-0.105970459,-1.082944053,1.084614188,0.979146655,-0.97732164
0.48415,0.127307005,-0.128147436,-1.139119336,1.140827872,1.013137996,-1.01135477
0.4842,0.152121754,-0.152949772,-1.203789981,1.205539144,1.052998882,-1.051258716
0.48425,0.180188065,-0.181001599,-1.276988005,1.278780335,1.098137148,-1.096441527
0.4843,0.211990205,-0.212786955,-1.358666406,1.360504752,1.148021696,-1.146372301
0.48435,0.247862693,-0.248640112,-1.448704682,1.450592198,1.202197692,-1.200596383
0.4844,0.288011364,-0.288766632,-1.546925722,1.548865862,1.260282392,-1.258731196
0.48445,0.332553383,-0.333283387,-1.653117285,1.655113797,1.321946612,-1.3204477
0.4845,0.381562661,-0.382263973,-1.767051997,1.769108919,1.386889302,-1.38544498
0.48455,0.435109152,-0.435778015,-1.88850186,1.890623509,1.454812757,-1.453425444
0.4846,0.49328491,-0.493917214,-2.017245755,2.019436724,1.525404069,-1.524076285
0.48465,0.556214703,-0.556805981,-2.153070582,2.155335728,1.598325638,-1.597059988
0.4847,0.624053168,-0.624598575,-2.295767973,2.298112412,1.673214742,-1.6720139
0.48475,0.6969729,-0.69746721,-2.445128959,2.447558053,1.749690103,-1.7485568
0.4848,0.744864921,-0.745303048,-2.509734496,2.512211659,1.773027033,-1.771963702
0.48485,0.758552252,-0.75893199,-2.471287921,2.473759613,1.714267477,-1.713272493
0.4849,0.776361299,-0.776681438,-2.43716849,2.439634722,1.66240038,-1.661471471
0.48495,0.796441426,-0.796700296,-2.357915731,2.360376517,1.556444294,-1.555604838
0.485,0.787357197,-0.787556439,-2.205970473,2.208425824,1.420170295,-1.419446834
0.48505,0.773372,-0.77351303,-2.068442935,2.070892863,1.296533972,-1.295916564
0.4851,0.7570061,-0.757090275,-1.943972375,1.946416893,1.188406601,-1.187886285
0.48515,0.739377848,-0.739406406,-1.832861053,1.835300172,1.094904106,-1.094472866
0.4852,0.722061568,-0.722035585,-1.735381809,1.737815541,1.014724738,-1.01437546
0.48525,0.706872321,-0.706792671,-1.651737722,1.654166079,0.946256191,-0.945982618
0.4853,0.695624687,-0.695492006,-1.582015793,1.584438788,0.887770601,-0.887567287
0.48535,0.689898903,-0.689713545,-1.526167478,1.528585121,0.837638943,-0.837501208
0.4854,0.690865847,-0.690627848,-1.484018721,1.486431025,0.794516085,-0.794439966
0.48545,0.699206732,-0.698915769,-1.4553035,1.457710476,0.75745464,-0.757436836
0.4855,0.715138627,-0.714793976,-1.439708611,1.442110272,0.725924231,-0.72596205
0.48555,0.738530334,-0.738130829,-1.436915545,1.439311902,0.699737492,-0.699828792
0.4856,0.76907235,-0.768616341,-1.446627945,1.44901901,0.678907565,-0.679050697
0.48565,0.806455064,-0.805940384,-1.468578981,1.470964765,0.663477276,-0.663671021
0.4857,0.850512843,-0.849936771,-1.502519776,1.504900292,0.653363471,-0.653606983
0.48575,0.901305774,-0.900665008,-1.548195566,1.550570824,0.648251429,-0.64854418
0.4858,0.959130512,-0.958421142,-1.605319016,1.607689029,0.647557331,-0.647899059
0.48585,1.024470464,-1.023687958,-1.6735496,1.675914379,0.650457451,-0.650848106
0.4859,1.097908514,-1.097047695,-1.752484757,1.754844313,0.655966582,-0.656406278
0.48595,1.180029885,-1.17908492,-1.841664106,1.844018451,0.663039391,-0.663528361
0.486,1.271339179,-1.270303567,-1.940583954,1.942933099,0.670667879,-0.671206427
0.48605,1.372206725,-1.371073288,-2.04871682,2.051060777,0.677954564,-0.678543021
0.4861,1.482848763,-1.481609641,-2.165530363,2.167869143,0.68415121,-0.684789891
0.48615,1.603336984,-1.601983624,-2.290501385,2.292835,0.68866331,-0.689352467
0.4862,1.733627466,-1.732150625,-2.423122968,2.425451429,0.691028261,-0.691768046
0.48625,1.8103001,-1.808720777,-2.507645248,2.509968567,0.692294802,-0.693085587
0.4863,1.842918677,-1.841272921,-2.509680779,2.511998966,0.668336182,-0.669175288
0.48635,1.879978886,-1.878265535,-2.518690194,2.52100326,0.640226265,-0.641111391
0.4864,1.868034997,-1.866253057,-2.443793855,2.446061016,0.583869891,-0.58479832
0.48645,1.770925756,-1.769078401,-2.273206879,2.275379428,0.503740379,-0.504707304
0.4865,1.680881162,-1.678972268,-2.111532855,2.113617291,0.432148384,-0.433148563
0.48655,1.595971499,-1.594004704,-1.962346265,1.964348608,0.367844982,-0.368873696
0.4866,1.516007756,-1.513986456,-1.825739242,1.827665036,0.311178533,-0.312231532
0.48665,1.441004427,-1.438931767,-1.701742741,1.703597062,0.262165072,-0.263238537
0.4867,1.371230537,-1.369109399,-1.590250929,1.592038395,0.220429444,-0.221519945
0.48675,1.307188688,-1.305021688,-1.49099209,1.492716875,0.185197061,-0.186301527
0.4868,1.249547929,-1.247337403,-1.403529668,1.405195508,0.155362082,-0.156477761
0.48685,1.199044851,-1.196792857,-1.327295461,1.328905665,0.129619495,-0.130743922
0.4869,1.156374786,-1.154083093,-1.261649092,1.263206557,0.106633401,-0.107764369
0.48695,1.122096852,-1.119766938,-1.205950854,1.20745807,0.085204806,-0.086340327
0.487,1.09657247,-1.094205514,-1.159630973,1.161090041,0.064402377,-0.065540653
0.48705,1.079948015,-1.077544894,-1.122238859,1.123651501,0.043629034,-0.044768417
0.4871,1.072181099,-1.069742381,-1.093460909,1.094828483,0.022613478,-0.023752434
0.48715,1.073102936,-1.070628877,-1.073100464,1.074423977,0.00134981,-0.0024521
0.4872,1.082482174,-1.079972717,-1.061042276,1.062322403,-0.020106313,0.018980838
0.48725,1.100104582,-1.097559349,-1.057183922,1.058421019,-0.041589885,0.040469125
0.4873,1.125827518,-1.123245809,-1.061369783,1.062563902,-0.063127112,0.062012529
0.48735,1.159594942,-1.156975739,-1.073353451,1.07450436,-0.084909872,0.083802996
0.4874,1.201435326,-1.198777289,-1.092772937,1.093880133,-0.107328542,0.106231004
0.48745,1.251433277,-1.248734747,-1.119157522,1.120220247,-0.130938347,0.129851909
0.4875,1.309690755,-1.306949756,-1.151956582,1.15297384,-0.156391755,0.155318335
0.48755,1.376288685,-1.373502927,-1.190581434,1.191552007,-0.184358238,0.183299933
0.4876,1.451257902,-1.448424787,-1.234448806,1.235371266,-0.215451751,0.214410865
0.48765,1.5345641,-1.531680723,-1.28301593,1.283888659,-0.250180584,0.24915965
0.4877,1.626106967,-1.62317012,-1.335800998,1.336622203,-0.288926043,0.287927842
0.48775,1.725730247,-1.722736429,-1.39238738,1.393155107,-0.331948299,0.330975889
0.4878,1.833237749,-1.830183167,-1.452414135,1.453126286,-0.379411883,0.378468612
0.48785,1.948410246,-1.945290825,-1.515558034,1.516212386,-0.43142056,0.430510092
0.4879,2.07101949,-2.067830877,-1.581513094,1.582107311,-0.488051819,0.487178144
0.48795,2.20083731,-2.197574883,-1.649972765,1.650504414,-0.549383779,0.548551234
0.488,2.337639541,-2.334298417,-1.720618056,1.721084622,-0.615510999,0.61472428
0.48805,2.481205783,-2.477780826,-1.793112722,1.793511623,-0.686549044,0.685813219
0.4881,2.540323044,-2.536851541,-1.812460186,1.812789131,-0.732908917,0.7322289
0.48815,2.496885474,-2.493421638,-1.749347505,1.749608278,-0.745975038,0.745352968
0.4882,2.457789415,-2.454333229,-1.693392772,1.693587802,-0.762908211,0.762345234
0.48825,2.426374373,-2.42292582,-1.642738265,1.642869731,-0.782152996,0.781650355
0.4883,2.349837058,-2.346396122,-1.538434263,1.538479006,-0.803329557,0.802888951
0.48835,2.200853768,-2.197420432,-1.404540507,1.404472142,-0.794888108,0.794507911
0.4884,2.066240373,-2.06281462,-1.283388728,1.283216991,-0.781385113,0.78106393
0.48845,1.944647676,-1.941229488,-1.177839725,1.177573385,-0.765363767,0.765100279
0.4885,1.83639105,-1.832980412,-1.086969843,1.086616736,-0.747995934,0.747788948
0.48855,1.74175325,-1.738350145,-1.009413308,1.00898038,-0.730930603,0.730779103
0.4886,1.660941338,-1.657545749,-0.943479523,0.942972878,-0.716065754,0.715968933
0.48865,1.594039274,-1.590651184,-0.887359879,0.88678482,-0.705294229,0.70525153
0.4887,1.540989025,-1.537608418,-0.839353525,0.8387146,-0.700259082,0.700270236
0.48875,1.501602468,-1.498229326,-0.798061568,0.797362624,-0.702171269,0.702236332
0.4888,1.475597445,-1.472231754,-0.762506675,0.761750904,-0.711726111,0.711845509
0.48885,1.462645058,-1.459286799,-0.732154197,0.731344197,-0.729129449,0.729304013
0.4889,1.462413528,-1.459062686,-0.706836356,0.705974184,-0.754217332,0.754448342
0.48895,1.47459687,-1.471253429,-0.686604916,0.685692151,-0.786632004,0.786921228
0.489,1.49892264,-1.495586583,-0.671553498,0.670591299,-0.826007347,0.82635708
0.48905,1.535140002,-1.531811312,-0.66165411,0.660643275,-0.872120418,0.87253351
0.4891,1.582994966,-1.579673628,-0.656643913,0.655584934,-0.92497993,0.925459818
0.48915,1.64220245,-1.638888447,-0.655981221,0.654874335,-0.984842305,0.985393037
0.4892,1.712424273,-1.709117589,-0.658870234,0.65771548,-1.052164949,1.0527912
0.48925,1.793259065,-1.789959684,-0.664337587,0.663134847,-1.127519612,1.128226703
0.4893,1.884245601,-1.880953507,-0.671334505,0.670083555,-1.211493568,1.21228748
0.48935,1.984876948,-1.981592125,-0.678837428,0.677537983,-1.304603141,1.305490521
0.4894,2.094620232,-2.091342663,-0.685925983,0.68457774,-1.407235498,1.408223673
0.48945,2.212936296,-2.209665966,-0.691827124,0.690429806,-1.519624176,1.520721156
0.4895,2.339294791,-2.336031684,-0.695924605,0.694478002,-1.641854694,1.643069174
0.48955,2.418321474,-2.415065574,-0.698694312,0.697197965,-1.711485097,1.712797126
0.4896,2.415910428,-2.412661719,-0.67525856,0.673715141,-1.739123224,1.740498543
0.48965,2.420642543,-2.417401009,-0.647606768,0.646018563,-1.771433622,1.772873223
0.4897,2.430746801,-2.427512426,-0.61792622,0.616295396,-1.811210701,1.812715757
0.48975,2.357031355,-2.353843432,-0.560596316,0.558925451,-1.80144145,1.803012973
0.4898,2.187785997,-2.18469141,-0.48036841,0.478662174,-1.705838761,1.707473594
0.48985,2.027729552,-2.024721881,-0.409635361,0.407898863,-1.616611576,1.618305864
0.4899,1.880485522,-1.877558827,-0.347180301,0.345418134,-1.531847897,1.533598025
0.48995,1.746141158,-1.743289974,-0.293226073,0.291442369,-1.451480047,1.453282643
0.49,1.624665465,-1.621884793,-0.247524908,0.245723378,-1.375725012,1.377576959
0.49005,1.515841932,-1.513127227,-0.209345861,0.207529827,-1.305097514,1.306995956
0.4901,1.41925869,-1.416605857,-0.177531679,0.175704109,-1.240343204,1.242285555
0.49015,1.334336406,-1.331741781,-0.150637915,0.14880146,-1.182327431,1.18431138
0.4902,1.260390268,-1.257850615,-0.127126658,0.125283677,-1.131903515,1.133927033
0.49025,1.196713486,-1.194225984,-0.105573575,0.103726173,-1.089789188,1.091850534
0.4903,1.142663323,-1.140225555,-0.084843182,0.082993242,-1.056477365,1.058575089
0.49035,1.097729199,-1.095339138,-0.064194801,0.062344018,-1.032198284,1.034331234
0.4904,1.061566531,-1.059222527,-0.043298897,0.041448817,-1.016937008,1.019104336
0.49045,1.033988825,-1.031689595,-0.022165686,0.020317748,-1.01049691,1.012698075
0.4905,1.014916543,-1.01266115,-9.97E-04,-8.20E-04,-1.01259457,1.014829348
0.49055,1.004324518,-1.002112356,0.019954568,-0.021740561,-1.022933064,1.025201544
0.4906,1.002142217,-0.999972999,0.040504415,-0.042284331,-1.041300664,1.043603259
0.49065,1.00819287,-1.006066609,0.060757643,-0.062530091,-1.067604885,1.069942328
0.4907,1.022166633,-1.020083624,0.081046905,-0.082810421,-1.101867118,1.104240465
0.49075,1.043613022,-1.041573832,0.10193452,-0.103687532,-1.144199139,1.146609767
0.4908,1.071969672,-1.069975119,0.124137292,-0.125878099,-1.194755289,1.197204893
0.49085,1.106611109,-1.104662249,0.14842642,-0.150153159,-1.253681171,1.256171766
0.4909,1.14690402,-1.145002132,0.175529877,-0.177240504,-1.321071311,1.323605222
0.49095,1.192255413,-1.190401982,0.206058869,-0.207751131,-1.396943765,1.39952363
0.491,1.242143957,-1.24034066,0.240470103,-0.242141518,-1.481233738,1.4838625
0.49105,1.296130554,-1.294379239,0.279064799,-0.280712629,-1.573803159,1.576484063
0.4911,1.353849906,-1.352152582,0.322016539,-0.32363777,-1.674460106,1.677196691
0.49115,1.414989019,-1.413347837,0.369415194,-0.371006516,-1.782981234,1.785777332
0.4912,1.479260391,-1.477677625,0.421313492,-0.422871276,-1.899131529,1.901991256
0.49125,1.546377103,-1.54485514,0.477765563,-0.479285848,-2.022677954,2.025605701
0.4913,1.616034933,-1.614576254,0.538851378,-0.540329853,-2.153395994,2.156396424
0.49135,1.687903727,-1.686510892,0.604685776,-0.606117768,-2.291070064,2.294148099
0.4914,1.761627659,-1.760303294,0.675414524,-0.676794984,-2.435489823,2.438650638
0.49145,1.782199264,-1.780945706,0.721454851,-0.722778881,-2.495479559,2.498686596
0.4915,1.720307217,-1.719122722,0.734184187,-0.735449666,-2.45294358,2.456143534
0.49155,1.665533895,-1.664416076,0.750831043,-0.752036844,-2.414756798,2.417949684
0.4916,1.556436297,-1.555408442,0.769684338,-0.77082888,-2.331136758,2.334322593
0.49165,1.416210984,-1.415299376,0.759482945,-0.760567935,-2.174123988,2.177302786
0.4917,1.288776236,-1.287970628,0.744195971,-0.745222909,-2.031497099,2.034668876
0.49175,1.177012936,-1.176304083,0.726343194,-0.72731354,-1.901904494,1.905069267
0.4918,1.080065311,-1.079444933,0.707024003,-0.707939118,-1.785657791,1.788815574
0.49185,0.996673957,-0.996134696,0.687784452,-0.688645556,-1.683043926,1.686194735
0.4919,0.925272499,-0.924807879,0.670413267,-0.671221396,-1.594285596,1.597429446
0.49195,0.864172059,-0.863776434,0.656710002,-0.65746597,-1.519493779,1.522630686
0.492,0.811767963,-0.811436476,0.648256164,-0.648960523,-1.458645573,1.461775552
0.49205,0.766721864,-0.766450395,0.646239877,-0.646892876,-1.411590973,1.41471404
0.4921,0.728077671,-0.727862789,0.651370789,-0.651972333,-1.378083707,1.381199876
0.49215,0.695286617,-0.69512552,0.663898497,-0.664448105,-1.357824726,1.360934013
0.4922,0.668140406,-0.668030866,0.683721673,-0.684218433,-1.350504479,1.353606899
0.49225,0.646634779,-0.646575082,0.71055372,-0.710996253,-1.355832133,1.358927701
0.4923,0.63080192,-0.630790804,0.744100109,-0.744486527,-1.373545314,1.376634046
0.49235,0.620554739,-0.620591342,0.784204625,-0.784532498,-1.403400647,1.406482557
0.4924,0.615578655,-0.615662452,0.830934966,-0.831201288,-1.445151129,1.448226233
0.49245,0.615290352,-0.615421105,0.88459738,-0.884798549,-1.498519536,1.501587849
0.4925,0.618863725,-0.619041428,0.945689246,-0.945821041,-1.563176952,1.566238488
0.49255,0.625306647,-0.625531481,1.014812127,-1.014869687,-1.638732584,1.641787358
0.4926,0.633562514,-0.633834796,1.092573163,-1.092550973,-1.724736709,1.727784737
0.49265,0.642609311,-0.642929448,1.179499652,-1.179391534,-1.820694324,1.823735621
0.4927,0.651534964,-0.651903408,1.275982959,-1.275782057,-1.926084404,1.929118984
0.49275,0.6595779,-0.659995103,1.382257067,-1.381955841,-2.040379017,2.043406895
0.4928,0.666132434,-0.666598801,1.498407649,-1.49799787,-2.163057781,2.166078972
0.49285,0.670726781,-0.671242632,1.624401622,-1.623874362,-2.29361544,2.296629957
0.4929,0.674103977,-0.674669864,1.697353282,-1.696728009,-2.37652991,2.37953777
0.49295,0.651586003,-0.652199354,1.727509385,-1.726819873,-2.377545038,2.380546254
0.493,0.62487873,-0.625537354,1.76223933,-1.761484502,-2.385628352,2.38862294
0.49305,0.569461198,-0.570162494,1.748266695,-1.747445643,-2.309642632,2.312592004
0.4931,0.489469812,-0.490209009,1.649479445,-1.648595412,-2.137514895,2.14037325
0.49315,0.418192646,-0.41896454,1.557655314,-1.556712243,-1.974375312,1.977149199
0.4932,0.354456398,-0.355256321,1.470815821,-1.469817422,-1.823825235,1.826520719
0.49325,0.298661275,-0.299485039,1.388743312,-1.387693055,-1.685980009,1.688602673
0.4933,0.250839516,-0.251683374,1.311451406,-1.310352513,-1.560885926,1.563440884
0.49335,0.210589642,-0.21145025,1.239238438,-1.238093868,-1.448440146,1.450932053
0.4934,0.17707192,-0.177946299,1.172661347,-1.171473795,-1.348360152,1.350793209
0.49345,0.149090868,-0.149976376,1.112456775,-1.111228659,-1.260187355,1.262565323
0.4935,0.125249226,-0.126143516,1.059426756,-1.058160217,-1.183326752,1.185652963
0.49355,0.104140016,-0.105041011,1.014315024,-1.013011914,-1.1171153,1.119392665
0.4936,0.084533398,-0.085439255,0.977701814,-0.976363692,-1.060903569,1.06313459
0.49365,0.065516064,-0.066425139,0.949939632,-0.948567765,-1.014130908,1.016317692
0.4937,0.046553154,-0.047463963,0.931141343,-0.929736691,-0.976375441,0.97851971
0.49375,0.027462764,-0.028373947,0.921218331,-0.919781546,-0.947366741,0.949469847
0.4938,0.008315348,-0.00922563,0.919954405,-0.918485827,-0.926959135,0.929022075
0.49385,-0.010718011,0.009837139,0.927100462,-0.925600115,-0.915066822,0.917090256
0.4939,-0.029483625,0.028606056,0.942425107,-0.940892691,-0.911621864,0.913606125
0.49395,-0.048026713,0.047153705,0.965809359,-0.964244254,-0.916464039,0.918409156
0.494,-0.066604092,0.065736968,0.99724065,-0.99564191,-0.929317895,0.931223604
0.49405,-0.085700655,0.084840835,1.036797939,-1.035164297,-0.949777492,0.951643254
0.4941,-0.105970459,0.105119487,1.084614188,-1.082944053,-0.97732164,0.979146655
0.49415,-0.128147436,0.127307005,1.140827872,-1.139119336,-1.01135477,1.013137996
0.4942,-0.152949772,0.152121754,1.205539144,-1.203789981,-1.051258716,1.052998882
0.49425,-0.181001599,0.180188065,1.278780335,-1.276988005,-1.096441527,1.098137148
0.4943,-0.212786955,0.211990205,1.360504752,-1.358666406,-1.146372301,1.148021696
0.49435,-0.248640112,0.247862693,1.450592198,-1.448704682,-1.200596383,1.202197692
0.4944,-0.288766632,0.288011363,1.548865862,-1.546925722,-1.258731196,1.260282392
0.49445,-0.333283387,0.332553383,1.655113797,-1.653117285,-1.3204477,1.321946612
0.4945,-0.382263973,0.38156266,1.769108919,-1.767051997,-1.38544498,1.386889302
0.49455,-0.435778015,0.435109152,1.890623509,-1.888501859,-1.453425444,1.454812757
0.4946,-0.493917214,0.493284909,2.019436723,-2.017245755,-1.524076285,1.525404069
0.49465,-0.556805981,0.556214703,2.155335728,-2.153070582,-1.597059988,1.598325638
0.4947,-0.624598575,0.624053167,2.298112411,-2.295767973,-1.6720139,1.673214742
0.49475,-0.69746721,0.6969729,2.447558053,-2.445128958,-1.7485568,1.749690102
0.4948,-0.745303048,0.744864921,2.512211659,-2.509734496,-1.771963702,1.773027033
0.49485,-0.75893199,0.758552251,2.473759613,-2.471287921,-1.713272492,1.714267477
0.4949,-0.776681438,0.776361299,2.439634722,-2.437168489,-1.66147147,1.66240038
0.49495,-0.796700295,0.796441426,2.360376517,-2.357915731,-1.555604838,1.556444294
0.495,-0.787556439,0.787357197,2.208425824,-2.205970473,-1.419446834,1.420170295
0.49505,-0.77351303,0.773372,2.070892863,-2.068442935,-1.295916564,1.296533972
0.4951,-0.757090275,0.7570061,1.946416893,-1.943972375,-1.187886284,1.1884066
0.49515,-0.739406405,0.739377847,1.835300172,-1.832861053,-1.094472866,1.094904106
0.4952,-0.722035584,0.722061567,1.737815541,-1.735381809,-1.01437546,1.014724738
0.49525,-0.706792671,0.70687232,1.654166079,-1.651737721,-0.945982618,0.946256191
0.4953,-0.695492005,0.695624687,1.584438787,-1.582015793,-0.887567287,0.887770601
0.49535,-0.689713544,0.689898903,1.528585121,-1.526167477,-0.837501208,0.837638942
0.4954,-0.690627847,0.690865847,1.486431024,-1.48401872,-0.794439965,0.794516085
0.49545,-0.698915768,0.699206731,1.457710476,-1.455303499,-0.757436835,0.75745464
0.4955,-0.714793975,0.715138626,1.442110272,-1.439708611,-0.72596205,0.725924231
0.49555,-0.738130829,0.738530334,1.439311902,-1.436915545,-0.699828792,0.699737491
0.4956,-0.768616341,0.76907235,1.449019009,-1.446627944,-0.679050697,0.678907565
0.49565,-0.805940384,0.806455064,1.470964764,-1.46857898,-0.663671021,0.663477276
0.4957,-0.84993677,0.850512842,1.504900291,-1.502519776,-0.653606983,0.653363471
0.49575,-0.900665007,0.901305774,1.550570824,-1.548195566,-0.64854418,0.648251428
0.4958,-0.958421142,0.959130511,1.607689028,-1.605319016,-0.647899059,0.647557331
0.49585,-1.023687957,1.024470463,1.675914378,-1.6735496,-0.650848106,0.650457451
0.4959,-1.097047695,1.097908514,1.754844312,-1.752484756,-0.656406278,0.655966582
0.49595,-1.17908492,1.180029885,1.84401845,-1.841664106,-0.663528361,0.663039391
0.496,-1.270303566,1.271339178,1.942933098,-1.940583953,-0.671206427,0.670667879
0.49605,-1.371073288,1.372206724,2.051060777,-2.04871682,-0.678543021,0.677954563
0.4961,-1.48160964,1.482848763,2.167869142,-2.165530362,-0.684789891,0.68415121
0.49615,-1.601983623,1.603336983,2.292835,-2.290501385,-0.689352467,0.68866331
0.4962,-1.732150625,1.733627465,2.425451428,-2.423122967,-0.691768046,0.69102826
0.49625,-1.808720776,1.8103001,2.509968566,-2.507645248,-0.693085587,0.692294802
0.4963,-1.84127292,1.842918676,2.511998966,-2.509680779,-0.669175288,0.668336182
0.49635,-1.878265535,1.879978886,2.52100326,-2.518690193,-0.641111391,0.640226265
0.4964,-1.866253056,1.868034997,2.446061015,-2.443793854,-0.58479832,0.58386989
0.49645,-1.7690784,1.770925755,2.275379427,-2.273206878,-0.504707303,0.503740379
0.4965,-1.678972268,1.680881162,2.113617291,-2.111532855,-0.433148563,0.432148384
0.49655,-1.594004704,1.595971499,1.964348608,-1.962346264,-0.368873696,0.367844982
0.4966,-1.513986455,1.516007755,1.827665035,-1.825739241,-0.312231532,0.311178533
0.49665,-1.438931766,1.441004426,1.703597061,-1.70174274,-0.263238537,0.262165072
0.4967,-1.369109398,1.371230536,1.592038395,-1.590250928,-0.221519945,0.220429443
0.49675,-1.305021687,1.307188688,1.492716874,-1.490992089,-0.186301527,0.185197061
0.4968,-1.247337403,1.249547928,1.405195507,-1.403529668,-0.156477761,0.155362082
0.49685,-1.196792856,1.19904485,1.328905664,-1.32729546,-0.130743922,0.129619495
0.4969,-1.154083093,1.156374785,1.263206556,-1.261649092,-0.107764369,0.106633401
0.49695,-1.119766938,1.122096851,1.207458069,-1.205950853,-0.086340327,0.085204806
0.497,-1.094205514,1.096572469,1.161090041,-1.159630973,-0.065540653,0.064402377
0.49705,-1.077544893,1.079948015,1.1236515,-1.122238858,-0.044768417,0.043629034
0.4971,-1.06974238,1.072181098,1.094828482,-1.093460908,-0.023752434,0.022613478
0.49715,-1.070628877,1.073102935,1.074423977,-1.073100463,-0.0024521,0.00134981
0.4972,-1.079972716,1.082482173,1.062322403,-1.061042275,0.018980838,-0.020106313
0.49725,-1.097559348,1.100104582,1.058421018,-1.057183922,0.040469125,-0.041589884
0.4973,-1.123245808,1.125827517,1.062563902,-1.061369783,0.062012529,-0.063127112
0.49735,-1.156975738,1.159594941,1.07450436,-1.073353451,0.083802996,-0.084909872
0.4974,-1.198777289,1.201435326,1.093880132,-1.092772936,0.106231004,-0.107328542
0.49745,-1.248734746,1.251433277,1.120220246,-1.119157521,0.129851909,-0.130938347
0.4975,-1.306949755,1.309690754,1.152973839,-1.151956581,0.155318334,-0.156391755
0.49755,-1.373502927,1.376288684,1.191552006,-1.190581433,0.183299933,-0.184358238
0.4976,-1.448424786,1.451257901,1.235371266,-1.234448806,0.214410865,-0.215451751
0.49765,-1.531680722,1.5345641,1.283888658,-1.283015929,0.24915965,-0.250180584
0.4977,-1.623170119,1.626106966,1.336622202,-1.335800998,0.287927842,-0.288926043
0.49775,-1.722736428,1.725730246,1.393155106,-1.39238738,0.330975889,-0.331948299
0.4978,-1.830183167,1.833237748,1.453126286,-1.452414134,0.378468612,-0.379411883
0.49785,-1.945290825,1.948410246,1.516212386,-1.515558033,0.430510091,-0.43142056
0.4979,-2.067830876,2.07101949,1.58210731,-1.581513093,0.487178143,-0.488051819
0.49795,-2.197574882,2.200837309,1.650504413,-1.649972765,0.548551234,-0.549383779
0.498,-2.334298416,2.33763954,1.721084622,-1.720618056,0.61472428,-0.615510999
0.49805,-2.477780825,2.481205782,1.793511623,-1.793112721,0.685813219,-0.686549044
0.4981,-2.53685154,2.540323044,1.81278913,-1.812460185,0.7322289,-0.732908916
0.49815,-2.493421637,2.496885473,1.749608278,-1.749347505,0.745352968,-0.745975037
0.4982,-2.454333228,2.457789414,1.693587801,-1.693392772,0.762345234,-0.762908211
0.49825,-2.42292582,2.426374372,1.64286973,-1.642738264,0.781650354,-0.782152996
0.4983,-2.346396121,2.349837057,1.538479006,-1.538434262,0.80288895,-0.803329557
0.49835,-2.197420431,2.200853767,1.404472141,-1.404540506,0.79450791,-0.794888108
0.4984,-2.062814619,2.066240372,1.283216991,-1.283388727,0.78106393,-0.781385112
0.49845,-1.941229488,1.944647675,1.177573385,-1.177839724,0.765100278,-0.765363767
0.4985,-1.832980411,1.836391049,1.086616736,-1.086969843,0.747788948,-0.747995933
0.49855,-1.738350144,1.741753249,1.00898038,-1.009413307,0.730779103,-0.730930603
0.4986,-1.657545748,1.660941338,0.942972877,-0.943479522,0.715968932,-0.716065753
0.49865,-1.590651183,1.594039274,0.886784819,-0.887359879,0.70525153,-0.705294229
0.4987,-1.537608417,1.540989024,0.8387146,-0.839353524,0.700270235,-0.700259082
0.49875,-1.498229325,1.501602467,0.797362624,-0.798061568,0.702236332,-0.702171268
0.4988,-1.472231753,1.475597445,0.761750904,-0.762506675,0.711845508,-0.71172611
0.49885,-1.459286798,1.462645057,0.731344197,-0.732154197,0.729304013,-0.729129449
0.4989,-1.459062685,1.462413527,0.705974183,-0.706836355,0.754448342,-0.754217332
0.49895,-1.471253428,1.47459687,0.685692151,-0.686604916,0.786921228,-0.786632003
0.499,-1.495586582,1.49892264,0.670591299,-0.671553497,0.826357079,-0.826007346
0.49905,-1.531811311,1.535140001,0.660643275,-0.66165411,0.872533509,-0.872120417
0.4991,-1.579673627,1.582994965,0.655584933,-0.656643913,0.925459817,-0.924979929
0.49915,-1.638888447,1.64220245,0.654874335,-0.655981221,0.985393036,-0.984842305
0.4992,-1.709117589,1.712424273,0.657715479,-0.658870234,1.052791199,-1.052164949
0.49925,-1.789959683,1.793259064,0.663134846,-0.664337587,1.128226703,-1.127519611
0.4993,-1.880953506,1.8842456,0.670083555,-0.671334504,1.212287479,-1.211493567
0.49935,-1.981592124,1.984876947,0.677537983,-0.678837427,1.305490521,-1.30460314
0.4994,-2.091342662,2.094620231,0.68457774,-0.685925983,1.408223673,-1.407235498
0.49945,-2.209665966,2.212936295,0.690429806,-0.691827124,1.520721155,-1.519624176
0.4995,-2.336031683,2.33929479,0.694478002,-0.695924605,1.643069174,-1.641854693
0.49955,-2.415065573,2.418321473,0.697197965,-0.698694311,1.712797126,-1.711485097
0.4996,-2.412661718,2.415910427,0.673715141,-0.67525856,1.740498542,-1.739123224
0.49965,-2.417401008,2.420642542,0.646018562,-0.647606768,1.772873222,-1.771433621
0.4997,-2.427512426,2.4307468,0.616295396,-0.61792622,1.812715756,-1.8112107
0.49975,-2.353843432,2.357031354,0.558925451,-0.560596316,1.803012972,-1.801441449
0.4998,-2.184691409,2.187785996,0.478662174,-0.48036841,1.707473593,-1.70583876
0.49985,-2.024721881,2.027729552,0.407898862,-0.409635361,1.618305864,-1.616611575
0.4999,-1.877558826,1.880485521,0.345418134,-0.347180301,1.533598025,-1.531847896
0.49995,-1.743289974,1.746141158,0.291442369,-0.293226072,1.453282643,-1.451480047
