0,1.764973614,-1.765790778,1.444090916,-1.444595191,-3.203826563,3.215623936
5.00E-05,1.705040877,-1.70598805,1.438696682,-1.439090431,-3.138522365,3.150293675
1.00E-04,1.650049311,-1.65112184,1.435757605,-1.4360414,-3.080612426,3.09235773
1.50E-04,1.599778992,-1.600972603,1.435385664,-1.435559883,-3.029988893,3.041708248
2.00E-04,1.554004266,-1.555315045,1.437696412,-1.437761232,-2.986541746,2.99823521
2.50E-04,1.512501662,-1.513926034,1.442800589,-1.442755982,-2.950158318,2.961825948
3.00E-04,1.475052091,-1.476586808,1.450801967,-1.450647687,-2.920723351,2.932365203
3.50E-04,1.441438914,-1.443081033,1.461799463,-1.461535041,-2.898119159,2.909735292
4.00E-04,1.411447132,-1.413194001,1.475888001,-1.47551274,-2.882225702,2.893816172
4.50E-04,1.384864022,-1.38671326,1.493157941,-1.492670905,-2.872920632,2.884485495
5.00E-04,1.361479614,-1.363429099,1.51369467,-1.513094682,-2.870079376,2.881618689
5.50E-04,1.341086724,-1.343134572,1.537578671,-1.536864307,-2.873575227,2.885089047
6.00E-04,1.323480951,-1.325625502,1.564885608,-1.564055188,-2.883279434,2.894767816
6.50E-04,1.308460823,-1.310700626,1.595686277,-1.594737864,-2.899061294,2.910524296
7.00E-04,1.295827957,-1.298161752,1.63004655,-1.628977944,-2.920788264,2.93222594
7.50E-04,1.285387179,-1.287813884,1.668027366,-1.666836097,-2.948326059,2.959738467
8.00E-04,1.276946628,-1.279465321,1.709684732,-1.708368062,-2.981538774,2.992925968
8.50E-04,1.270317866,-1.272927774,1.755069733,-1.753624648,-3.020288993,3.031651029
9.00E-04,1.265315994,-1.268016476,1.80422854,-1.802651747,-3.064437912,3.075774846
9.50E-04,1.261759754,-1.264550286,1.857202424,-1.855490351,-3.113845463,3.125157351
0.001,1.259471625,-1.262351789,1.91402779,-1.91217658,-3.168370443,3.17965734
0.00105,1.258277923,-1.261247392,1.974736206,-1.972741721,-3.22787064,3.239132601
0.0011,1.258008887,-1.26106741,2.039354451,-2.037212262,-3.292202966,3.303440045
0.00115,1.258498763,-1.261646156,2.107904559,-2.105609952,-3.361223588,3.372435842
0.0012,1.259585884,-1.262822012,2.180403876,-2.177951849,-3.43478807,3.445975552
0.00125,1.261112737,-1.264437508,2.256865128,-2.254250389,-3.512751498,3.523914264
0.0013,1.262926037,-1.266339385,2.337296483,-2.334513451,-3.594968626,3.606106729
0.00135,1.264876777,-1.268378654,2.421701635,-2.418744439,-3.681294005,3.6924075
0.0014,1.266820292,-1.270410654,2.510079879,-2.506942361,-3.771582122,3.782671064
0.00145,1.268616297,-1.272295096,2.602426204,-2.599101919,-3.865687536,3.876751979
0.0015,1.270128932,-1.273896102,2.698731386,-2.6952136,-3.963465011,3.974505009
0.00155,1.271226795,-1.275082246,2.798982081,-2.795263778,-4.064769647,4.075785253
0.0016,1.271782971,-1.275726575,2.903160936,-2.899234815,-4.169457014,4.180448283
0.00165,1.271675047,-1.275706633,3.011246692,-3.007105172,-4.277383279,4.288350264
0.0017,1.270785135,-1.274904475,3.123214296,-3.118849517,-4.388405335,4.399348089
0.00175,1.268999874,-1.273206679,3.23903502,-3.234438845,-4.50238092,4.513299497
0.0018,1.26621043,-1.270504339,3.358676575,-3.353840596,-4.619168743,4.630063197
0.00185,1.262312498,-1.266693072,3.482103237,-3.477018774,-4.738628599,4.749498982
0.0019,1.223761707,-1.228228381,3.570756851,-3.565474302,-4.795293713,4.806140078
0.00195,1.208174146,-1.212724343,3.575928716,-3.570522587,-4.778252034,4.789074436
0.002,1.181119668,-1.185750563,3.588169913,-3.582639858,-4.763496444,4.774294934
0.00205,1.145699644,-1.150408592,3.609656643,-3.604002265,-4.749551834,4.760326465
0.0021,1.111362413,-1.116146838,3.633505724,-3.627726528,-4.739050911,4.749801736
0.00215,1.080578416,-1.085435776,3.657941385,-3.652036768,-4.73268821,4.743415281
0.0022,1.05119917,-1.056126979,3.684427046,-3.678396308,-4.729778639,4.740482009
0.00225,1.012578138,-1.017573648,3.646273538,-3.640116298,-4.646418861,4.657021358
0.0023,0.930954787,-0.936012915,3.533578053,-3.527298098,-4.458786189,4.469192133
0.00235,0.859922593,-0.865037896,3.423208126,-3.416810092,-4.277380826,4.287597652
0.0024,0.797074968,-0.80224228,3.314037043,-3.307525379,-4.105422414,4.115457247
0.00245,0.737800569,-0.743015022,3.209125937,-3.202504924,-3.941293401,3.95115305
0.0025,0.680736731,-0.685993762,3.109275339,-3.102549096,-3.784431984,3.794122944
0.00255,0.62675627,-0.632051589,3.013817697,-3.006990177,-3.635043636,3.644572097
0.0026,0.576307049,-0.581636623,2.922381972,-2.915456957,-3.493205374,3.502577227
0.00265,0.529056092,-0.534416129,2.835103858,-2.828084958,-3.358720096,3.367940942
0.0027,0.484619876,-0.490006822,2.752145489,-2.745036147,-3.231366592,3.240441742
0.00275,0.44284289,-0.448253409,2.673522051,-2.666325537,-3.111004701,3.119939187
0.0028,0.403635409,-0.409066375,2.599208001,-2.591927417,-2.997519312,3.00631789
0.00285,0.366853812,-0.372302292,2.529211303,-2.521849578,-2.890774914,2.899442071
0.0029,0.33232617,-0.337789417,2.463556341,-2.456116234,-2.7906241,2.799164062
0.00295,0.299893909,-0.305369346,2.40225836,-2.394742459,-2.69692367,2.705340404
0.003,0.269411697,-0.274896907,2.345323892,-2.337734614,-2.609534944,2.617832166
0.00305,0.240734727,-0.246227442,2.292758449,-2.285098038,-2.528318738,2.536499919
0.0031,0.213716684,-0.219214771,2.244567627,-2.236838158,-2.453134434,2.461202806
0.00315,0.188213365,-0.193714817,2.200754953,-2.192958329,-2.383841451,2.391800012
0.0032,0.164083916,-0.16958684,2.161321194,-2.153459149,-2.32029979,2.32815131
0.00325,0.141189964,-0.146692571,2.126264883,-2.118338981,-2.262369686,2.270116713
0.0033,0.119395175,-0.124895768,2.095582571,-2.087594205,-2.209911427,2.217556293
0.00335,0.098565525,-0.10406249,2.069268683,-2.061219078,-2.162785474,2.170330302
0.0034,0.078569522,-0.084061317,2.047315414,-2.039205626,-2.120852586,2.128299292
0.00345,0.05927821,-0.064763354,2.029712747,-2.021543665,-2.083973836,2.09132414
0.0035,0.040565158,-0.046042224,2.016448479,-2.008220824,-2.05201063,2.059266055
0.00355,0.022306513,-0.027774114,2.007508215,-1.999222544,-2.02482475,2.031986636
0.0036,0.004381058,-0.009837842,2.002875365,-1.994532068,-2.002278416,2.009347917
0.00365,-0.013343666,0.007878085,2.002534959,-1.994134263,-1.984230419,1.991208516
0.0037,-0.030952669,0.025500594,2.006454749,-1.997996718,-1.970555373,1.977442876
0.00375,-0.048576806,0.043139544,2.01462169,-2.006106227,-1.961107007,1.96790456
0.0038,-0.06632836,0.060907221,2.027009281,-2.018436126,-1.955750869,1.962458956
0.00385,-0.084311617,0.07890792,2.043588576,-2.034957313,-1.9543537,1.960972652
0.0039,-0.102630512,0.097245597,2.064329756,-2.055639809,-1.956781728,1.963311727
0.00395,-0.121387648,0.116022879,2.089201641,-2.08045228,-1.962901154,1.96934224
0.004,-0.140682087,0.135338863,2.118170694,-2.109361033,-1.972579352,1.978931425
0.00405,-0.160609437,0.155289198,2.151201118,-2.142330119,-1.985684886,1.991947715
0.0041,-0.18126249,0.175966725,2.188255195,-2.179321668,-2.00208721,2.008260438
0.00415,-0.202731232,0.197461483,2.229293336,-2.220295941,-2.021656708,2.027739853
0.0042,-0.225102622,0.219860496,2.274274022,-2.265211275,-2.044264857,2.050257322
0.00425,-0.248460563,0.243247731,2.32315385,-2.314024117,-2.069784298,2.075685374
0.0043,-0.272885943,0.267704154,2.375887593,-2.366689099,-2.098088861,2.103897734
0.00435,-0.298456644,0.293307724,2.432428259,-2.423159088,-2.129053614,2.134769365
0.0044,-0.325247518,0.320133381,2.492727133,-2.483385228,-2.162554923,2.168176539
0.00445,-0.353330384,0.348253035,2.556733825,-2.547316993,-2.198470513,2.203996887
0.0045,-0.382774032,0.37773557,2.624396331,-2.614902243,-2.236679515,2.242109457
0.00455,-0.413644229,0.408646856,2.695661082,-2.686087279,-2.277062521,2.282394755
0.0046,-0.446003727,0.441049751,2.770473012,-2.760816901,-2.319501631,2.324734803
0.00465,-0.479912273,0.47500411,2.848775607,-2.839034469,-2.363880503,2.369013189
0.0047,-0.51542662,0.510566803,2.930510972,-2.920681964,-2.410084404,2.41511511
0.00475,-0.552600545,0.547791724,3.015619894,-3.005700048,-2.458000251,2.462927421
0.0048,-0.591484871,0.586729818,3.1040419,-3.094028129,-2.507516663,2.512338678
0.00485,-0.632127482,0.627429095,3.195715328,-3.185604426,-2.558523994,2.563239183
0.0049,-0.674573355,0.669934661,3.290577387,-3.280366034,-2.610914383,2.615521022
0.00495,-0.718864582,0.714288739,3.388564226,-3.378248989,-2.664581787,2.669078107
0.005,-0.765040401,0.760530702,3.489611,-3.479188337,-2.719422023,2.72380621
0.00505,-0.813137231,0.808697106,3.593651937,-3.583118197,-2.775332797,2.779603001
0.0051,-0.863188701,0.858821721,3.700620405,-3.689971835,-2.832213741,2.836368076
0.00515,-0.915225694,0.91093557,3.810448979,-3.799681724,-2.889966445,2.894002994
0.0052,-0.96927638,0.965066968,3.923069512,-3.912179617,-2.94849448,2.9524113
0.00525,-1.025366263,1.021241563,4.038413199,-4.027396614,-3.007703431,3.011498555
0.0053,-1.083518219,1.079482379,4.156410643,-4.145263226,-3.067500915,3.071172355
0.00535,-1.143752545,1.139809861,4.276991929,-4.265709444,-3.127796607,3.13134236
0.0054,-1.206087004,1.202241922,4.40008668,-4.388664809,-3.188502256,3.191920306
0.00545,-1.270536878,1.266793992,4.525624133,-4.51405847,-3.249531705,3.252820027
0.0055,-1.337115012,1.33347907,4.653533199,-4.641819256,-3.310800905,3.313957467
0.00555,-1.405831872,1.402307773,4.783742527,-4.771875739,-3.372227927,3.375250694
0.0056,-1.476695597,1.47328839,4.91618057,-4.904156296,-3.433732971,3.436619908
0.00565,-1.549712049,1.546426937,5.050775644,-5.03858917,-3.495238377,3.497987451
0.0057,-1.603864098,1.600706012,5.098011069,-5.085742327,-3.494893132,3.497502704
0.00575,-1.606346095,1.603316379,5.034652013,-5.022410378,-3.422452116,3.424924478
0.0058,-1.614313022,1.611412131,4.973138872,-4.960924283,-3.353055568,3.35539381
0.00585,-1.625747683,1.622976102,4.916728349,-4.904540746,-3.285224712,3.287431752
0.0059,-1.637890032,1.635248301,4.864724323,-4.852563647,-3.221091087,3.223169695
0.00595,-1.65003143,1.64752016,4.816920899,-4.80478709,-3.161157367,3.163110177
0.006,-1.662851422,1.660471287,4.773387056,-4.761280056,-3.104813021,3.106642526
0.00605,-1.638214492,1.635966155,4.675620022,-4.66353977,-3.025109357,3.026768385
0.0061,-1.633937553,1.631819211,4.51195431,-4.499900747,-2.872400457,2.873832304
0.00615,-1.616646965,1.614656426,4.356187439,-4.344160507,-2.733914414,2.735129909
0.0062,-1.590051636,1.588186871,4.207186757,-4.195186397,-2.611562584,2.612572054
0.00625,-1.565091731,1.563350777,4.066694698,-4.054720851,-2.496079933,2.496893107
0.0063,-1.544432305,1.542813246,3.934951998,-3.923004604,-2.385042525,2.385668525
0.00635,-1.525586089,1.524087098,3.811465178,-3.79954418,-2.280444389,2.280891781
0.0064,-1.507363721,1.505983088,3.69598,-3.684085339,-2.183220854,2.183497676
0.00645,-1.490413515,1.489149656,3.588484083,-3.5766157,-2.092711417,2.092825195
0.0065,-1.475381765,1.47423322,3.488945107,-3.477102946,-2.008237652,2.008195416
0.00655,-1.462357517,1.461322967,3.397260915,-3.385444917,-1.929608524,1.929416824
0.0066,-1.451316959,1.450395234,3.313319707,-3.301529814,-1.8567362,1.856401127
0.00665,-1.442378131,1.441568223,3.237023013,-3.225259167,-1.789404311,1.788931515
0.0067,-1.435714088,1.435015158,3.168273794,-3.156535937,-1.727342887,1.726737599
0.00675,-1.431460251,1.43087164,3.10696896,-3.095257035,-1.670313529,1.669580575
0.0068,-1.429724502,1.429245736,3.053001364,-3.041315314,-1.61810131,1.617245129
0.00685,-1.43061666,1.430247463,3.006261877,-2.994601646,-1.570487368,1.569512033
0.0069,-1.434250059,1.433990359,2.966639176,-2.955004705,-1.527247114,1.526156348
0.00695,-1.440732835,1.440582773,2.934019297,-2.92241053,-1.488158513,1.486955705
0.007,-1.450166066,1.450126001,2.908285727,-2.896702607,-1.45300402,1.451692247
0.00705,-1.462646027,1.462716547,2.889319565,-2.877762035,-1.421568494,1.420150532
0.0071,-1.478264995,1.478446919,2.876999582,-2.865467586,-1.393638454,1.3921168
0.00715,-1.497110616,1.497405003,2.87120228,-2.859695761,-1.369002767,1.367379655
0.0072,-1.519265521,1.519673677,2.871801979,-2.860320881,-1.347453124,1.345730538
0.00725,-1.544807419,1.5453309,2.878670911,-2.867215178,-1.328784037,1.326963731
0.0073,-1.573809182,1.574449801,2.89167931,-2.880248886,-1.31279285,1.310876364
0.00735,-1.606338794,1.607098625,2.910695515,-2.899290343,-1.299279883,1.297268555
0.0074,-1.642459302,1.643340684,2.935586069,-2.924206095,-1.288048595,1.285943581
0.00745,-1.68222881,1.683234352,2.966215839,-2.954861006,-1.278905698,1.276707984
0.0075,-1.725700488,1.726833073,3.002448123,-2.991118377,-1.271661261,1.269371679
0.00755,-1.772922583,1.774185369,3.044144775,-3.032840059,-1.266128818,1.263748063
0.0076,-1.823938432,1.825334859,3.091166319,-3.079886578,-1.262125484,1.259654122
0.00765,-1.878786485,1.880320272,3.143372083,-3.132117263,-1.259472049,1.256910539
0.0077,-1.937500336,1.939175486,3.200620322,-3.189390367,-1.257993082,1.255341785
0.00775,-2.000108761,2.001929566,3.262768352,-3.251563208,-1.257517021,1.254776213
0.0078,-2.066635768,2.068606804,3.32967268,-3.31849229,-1.257876256,1.255046142
0.00785,-2.137100647,2.13922678,3.401189137,-3.390033449,-1.258907214,1.255987944
0.0079,-2.211518032,2.213804417,3.47717302,-3.466041979,-1.260450437,1.257442113
0.00795,-2.289897966,2.292350046,3.55747922,-3.546372771,-1.262350644,1.259253335
0.008,-2.372245977,2.374869484,3.641962363,-3.630880451,-1.2644568,1.261270552
0.00805,-2.458563156,2.461364112,3.730476944,-3.719419515,-1.26662217,1.263347021
0.0081,-2.548846242,2.551830956,3.822877463,-3.811844464,-1.268704371,1.265340358
0.00815,-2.643087714,2.646262784,3.919018563,-3.90800994,-1.270565416,1.267112588
0.0082,-2.741275889,2.744648197,4.018755157,-4.007770856,-1.272071749,1.268530177
0.00825,-2.843395021,2.846971733,4.121942567,-4.110982534,-1.273094281,1.269464065
0.0083,-2.949425407,2.953213972,4.228436648,-4.21750083,-1.273508407,1.269789691
0.00835,-3.059343499,3.063351645,4.33809392,-4.327182263,-1.273194032,1.269387008
0.0084,-3.173122016,3.17735775,4.450771692,-4.439884143,-1.272035575,1.268140494
0.00845,-3.290730066,3.295201667,4.566328183,-4.555464689,-1.269921978,1.265939161
0.0085,-3.41213326,3.416849281,4.684622642,-4.673783151,-1.266746706,1.262676547
0.00855,-3.537293843,3.542263104,4.805515467,-4.794699926,-1.262407734,1.258250712
0.0086,-3.627185526,3.632356751,4.863322049,-4.852530404,-1.223670454,1.219427173
0.00865,-3.633413245,3.63871066,4.84723934,-4.836471539,-1.207968624,1.203641672
0.0087,-3.646570689,3.651994671,4.833400285,-4.822656274,-1.180893807,1.176486015
0.00875,-3.668884532,3.674435512,4.820320858,-4.809600586,-1.145488112,1.141002135
0.0088,-3.693607108,3.699285613,4.81062995,-4.799933364,-1.111060509,1.106498937
0.00885,-3.718953404,3.724760071,4.805038456,-4.794365504,-1.080106976,1.075472363
0.0089,-3.678872995,3.684808145,4.719220383,-4.708649273,-1.040997371,1.03629255
0.00895,-3.564455961,3.570515755,4.528934892,-4.518562583,-0.958580566,0.953810725
0.009,-3.45270384,3.458883586,4.344753626,-4.334572581,-0.886284163,0.881454848
0.00905,-3.342206874,3.34850207,4.170025674,-4.160028665,-0.822114463,0.817230939
0.0091,-3.235870978,3.242277289,4.003224971,-3.993405089,-0.761707283,0.75677451
0.00915,-3.134549564,3.141062815,3.843769229,-3.834119882,-0.703627049,0.698649683
0.0092,-3.037637536,3.044253721,3.691828055,-3.682342957,-0.648648668,0.643631086
0.00925,-2.94476152,2.951476803,3.547476793,-3.538149958,-0.597221055,0.592167372
0.0093,-2.85603728,2.862847994,3.410529586,-3.401355322,-0.549042774,0.543956859
0.00935,-2.77162394,2.778526589,3.280767818,-3.271740723,-0.503736264,0.498621747
0.0094,-2.691542799,2.698534056,3.158047813,-3.149162768,-0.461136719,0.455997006
0.00945,-2.61577089,2.622847599,3.042252604,-3.033504765,-0.421150298,0.415988582
0.0095,-2.544315215,2.551474391,2.933247179,-2.924631975,-0.383635137,0.378454411
0.00955,-2.477199681,2.48443851,2.830884518,-2.82239764,-0.348420448,0.343223519
0.0096,-2.414440263,2.421756102,2.735021011,-2.726658413,-0.31534678,0.31013628
0.00965,-2.356044286,2.363434664,2.645517478,-2.637275363,-0.284267747,0.279046143
0.0097,-2.302017701,2.309480316,2.562234474,-2.554109295,-0.255038071,0.24980768
0.00975,-2.252366482,2.259899205,2.485031195,-2.477019645,-0.227511078,0.222274076
0.0098,-2.207094643,2.214695516,2.413766798,-2.405865805,-0.201542005,0.196300439
0.00985,-2.166203486,2.17387072,2.348300985,-2.340507708,-0.176989344,0.171745143
0.0099,-2.129692057,2.137424034,2.288493712,-2.280805533,-0.153714084,0.148469071
0.00995,-2.097557408,2.105352679,2.23420499,-2.226619509,-0.131579255,0.126335156
0.01,-2.069794482,2.077651768,2.185294998,-2.177810027,-0.110450159,0.105208616
0.01005,-2.046395998,2.054314189,2.141624199,-2.134237756,-0.090194595,0.084957173
0.0101,-2.027352464,2.035330617,2.103053364,-2.095763669,-0.070682877,0.065451076
0.01015,-2.012652203,2.020689542,2.069443591,-2.062249058,-0.051787818,0.046563085
0.0102,-2.002281349,2.010377264,2.040656347,-2.033555579,-0.033384789,0.028168523
0.01025,-1.996223837,2.004377885,2.016553523,-2.009545308,-0.015351772,0.010145336
0.0103,-1.994464211,2.002676111,1.996994655,-1.990077958,0.002426162,-0.007623934
0.01035,-1.996973428,2.005243065,1.981851178,-1.975025135,0.020077385,-0.025262674
0.0104,-2.003737895,2.012065315,1.970977565,-1.964241481,0.03770634,-0.042877827
0.01045,-2.014729082,2.023114491,1.964241716,-1.957595056,0.055425213,-0.060581588
0.0105,-2.029920767,2.038364531,1.961507668,-1.954950054,0.073343815,-0.078483761
0.01055,-2.049283973,2.057786615,1.962640849,-1.956172052,0.091567752,-0.096689935
0.0106,-2.072787392,2.081349593,1.967507748,-1.961127684,0.110199245,-0.115302308
0.01065,-2.100397827,2.109020424,1.975975508,-1.969684232,0.129337979,-0.134420533
0.0107,-2.132080135,2.140764117,1.987912067,-1.98170977,0.149080899,-0.154141516
0.01075,-2.167797132,2.176543639,2.003186366,-1.997073367,0.169521916,-0.174559122
0.0108,-2.207509642,2.216319966,2.02166839,-2.015645131,0.190751909,-0.195764178
0.01085,-2.251176582,2.26005216,2.043229178,-2.03729622,0.212858799,-0.217844545
0.0109,-2.298754996,2.307697415,2.067740878,-2.061898895,0.235927534,-0.240885103
0.01095,-2.350200094,2.359211082,2.095076822,-2.089326596,0.260040045,-0.264967713
0.011,-2.405465295,2.414546724,2.125111575,-2.119453992,0.285275244,-0.290171208
0.01105,-2.464502281,2.473656162,2.157720992,-2.152157036,0.31170902,-0.316571393
0.0111,-2.52726105,2.536489531,2.192782272,-2.187313019,0.339414242,-0.344241048
0.01115,-2.593689966,2.602995334,2.230174004,-2.224800621,0.368460754,-0.373249921
0.0112,-2.663735819,2.673120491,2.269776229,-2.264499966,0.398915378,-0.403664737
0.01125,-2.737343879,2.746810403,2.311470487,-2.306292671,0.430841924,-0.4355492
0.0113,-2.814457955,2.82400901,2.355139862,-2.350061897,0.464301198,-0.468964007
0.01135,-2.895020458,2.904658847,2.40066904,-2.395692397,0.499351012,-0.503966857
0.0114,-2.978972461,2.988701113,2.447944344,-2.443070562,0.536046201,-0.540612468
0.01145,-3.066253765,3.076075728,2.49685379,-2.492084467,0.57443864,-0.578952596
0.0115,-3.156802958,3.166721399,2.547287122,-2.542623914,0.614577268,-0.619036052
0.01155,-3.250557485,3.260575686,2.599135858,-2.594580473,0.656508107,-0.660908733
0.0116,-3.34745371,3.357575069,2.652293328,-2.647847521,0.70027429,-0.70461364
0.01165,-3.447426987,3.457655011,2.706654713,-2.702320284,0.745916089,-0.750190911
0.0117,-3.550411723,3.560750027,2.762117078,-2.757895866,0.79347095,-0.797677856
0.01175,-3.656341447,3.666793751,2.818579407,-2.814473287,0.84297352,-0.847108984
0.0118,-3.765148877,3.775719004,2.875942634,-2.871953514,0.894455689,-0.898516043
0.01185,-3.876765988,3.88745786,2.934109673,-2.93023949,0.947946627,-0.951928058
0.0119,-3.991124081,4.001941717,2.992985446,-2.989236158,1.00347282,-1.007371374
0.01195,-4.108153847,4.11910136,3.052476901,-3.04885049,1.061058121,-1.064869695
0.012,-4.227785437,4.238867031,3.112493044,-3.108991509,1.120723786,-1.12444413
0.01205,-4.349948528,4.361168495,3.172944951,-3.169570304,1.182488526,-1.186113241
0.0121,-4.474572386,4.485935105,3.233745791,-3.230500056,1.246368553,-1.24989309
0.01215,-4.601585939,4.613095868,3.294810839,-3.291696045,1.312377632,-1.31579729
0.0122,-4.730917832,4.742579513,3.356057489,-3.353075672,1.380527128,-1.383837056
0.01225,-4.862496499,4.874314548,3.417405267,-3.41455846,1.450826063,-1.454021258
0.0123,-4.996250221,5.008229329,3.478775834,-3.476066073,1.523281168,-1.526356474
0.01235,-5.042854776,5.054915693,3.478161915,-3.475590841,1.577139866,-1.580090396
0.0124,-4.979041761,4.991076031,3.405397503,-3.402962818,1.57945486,-1.582279288
0.01245,-4.917100581,4.929108263,3.33566529,-3.333363897,1.587296575,-1.589994458
0.0125,-4.860283079,4.872264231,3.267496927,-3.265325903,1.598632383,-1.60120325
0.01255,-4.807876134,4.819830816,3.203058969,-3.201015537,1.610650132,-1.613093457
0.0126,-4.759672412,4.771600682,3.142853683,-3.140935208,1.62264008,-1.624955268
0.01265,-4.715746223,4.727648139,3.086256898,-3.084460881,1.635300669,-1.63748706
0.0127,-4.617423884,4.629299503,3.006052394,-3.004425667,1.610543487,-1.612600436
0.01275,-4.453120917,4.464970299,2.852659396,-2.851258193,1.606189387,-1.608118709
0.0128,-4.296683548,4.308506751,2.713567094,-2.712380558,1.588719255,-1.590523161
0.01285,-4.146993386,4.158790467,2.590648732,-2.589666507,1.561894038,-1.563574569
0.0129,-4.005829692,4.01760071,2.474593907,-2.473806239,1.536735559,-1.538294697
0.01295,-3.873432854,3.885177866,2.363015918,-2.362413663,1.515870728,-1.517310411
0.013,-3.749297795,3.761016858,2.257943111,-2.257517683,1.49676589,-1.498087968
0.01305,-3.63317007,3.644863242,2.160297942,-2.160041286,1.478243939,-1.479450144
0.0131,-3.525042159,3.536709497,2.069400081,-2.069304655,1.460977488,-1.462069433
0.01315,-3.424883429,3.436524991,1.984571714,-1.984630476,1.44561353,-1.4465927
0.0132,-3.332591315,3.344207157,1.905629474,-1.905835866,1.432232693,-1.433100439
0.01325,-3.248054323,3.259644502,1.832486044,-1.832833967,1.420810646,-1.421568167
0.0133,-3.171175025,3.182739598,1.764921361,-1.765405158,1.411469884,-1.41211822
0.01335,-3.101857292,3.113396315,1.702663765,-1.703278206,1.404385806,-1.40492583
0.0134,-3.039998681,3.051512211,1.645475116,-1.646215375,1.399693997,-1.400126405
0.01345,-2.985492676,2.99698077,1.593140307,-1.594001947,1.397502946,-1.397828246
0.0135,-2.938230824,2.949693537,1.545439488,-1.546418442,1.397923962,-1.398142468
0.01355,-2.898102458,2.909539847,1.502147098,-1.50323965,1.401071868,-1.401183689
0.0136,-2.864994236,2.876406356,1.463040397,-1.464243167,1.407055996,-1.407061032
0.01365,-2.838790234,2.850177142,1.427901163,-1.429211088,1.415978597,-1.415876528
0.0137,-2.819372116,2.830733867,1.396513461,-1.397927777,1.427937231,-1.427727513
0.01375,-2.80661919,2.81795584,1.368662978,-1.370179207,1.443025496,-1.442707349
0.0138,-2.800408469,2.811720073,1.344137771,-1.345753697,1.461332333,-1.46090474
0.01385,-2.800614752,2.811901365,1.322728717,-1.324442376,1.482941662,-1.482403361
0.0139,-2.807110718,2.818372396,1.304229495,-1.306039157,1.507932492,-1.50728197
0.01395,-2.819767019,2.831003817,1.2884366,-1.290340751,1.536378998,-1.535614487
0.014,-2.838452376,2.849664349,1.275149497,-1.277146824,1.568350467,-1.567469936
0.01405,-2.863033687,2.874220889,1.264170781,-1.266260158,1.60391124,-1.602912395
0.0141,-2.893376135,2.904538621,1.255306292,-1.257486764,1.643120712,-1.642000987
0.01415,-2.929343305,2.94048113,1.248365221,-1.250635987,1.686033334,-1.684789893
0.0142,-2.9707973,2.981910518,1.243160218,-1.24552062,1.732698626,-1.731328354
0.01425,-3.017598863,3.02868753,1.239507507,-1.241957011,1.783161186,-1.781660689
0.0143,-3.069607506,3.080671675,1.237226987,-1.239765175,1.837460708,-1.835826311
0.01435,-3.126681634,3.137721358,1.236142333,-1.238768882,1.895632018,-1.89385976
0.0144,-3.188678676,3.19969401,1.236081084,-1.238795758,1.957705104,-1.95579074
0.01445,-3.255455222,3.26644622,1.236874736,-1.239677372,2.023705169,-2.021644165
0.0145,-3.326867154,3.337833869,1.238358823,-1.241249315,2.093652675,-2.091440208
0.01455,-3.402769781,3.413712268,1.240372993,-1.243351284,2.167563407,-2.165194365
0.0146,-3.48301798,3.493936291,1.242761077,-1.245827143,2.245448533,-2.242917516
0.01465,-3.567466326,3.578360515,1.245371158,-1.248524999,2.327314684,-2.324616
0.0147,-3.655969235,3.666839355,1.248055623,-1.251297251,2.413164023,-2.410291692
0.01475,-3.748381097,3.759227201,1.250671222,-1.254000648,2.502994338,-2.49994209
0.0148,-3.844556413,3.855378554,1.253079106,-1.256496331,2.596799125,-2.593560403
0.01485,-3.944349927,3.955148158,1.25514487,-1.258649875,2.69456769,-2.691135649
0.0149,-4.047616761,4.058391135,1.256738583,-1.260331319,2.796285241,-2.792652754
0.01495,-4.154212548,4.164963117,1.257734815,-1.261415191,2.901933003,-2.898092656
0.015,-4.263993554,4.274720371,1.258012655,-1.261780531,3.011488318,-3.00743242
0.01505,-4.376816811,4.387519928,1.257455723,-1.261310902,3.124924768,-3.120645347
0.0151,-4.492540239,4.503219708,1.255952178,-1.259894394,3.242212283,-3.237701092
0.01515,-4.611022761,4.621678635,1.253394714,-1.257423626,3.363317268,-3.358565788
0.0152,-4.732124429,4.742756759,1.249680555,-1.253795742,3.488202724,-3.483202166
0.01525,-4.790241189,4.800850028,1.211412951,-1.215613862,3.578025542,-3.572826313
0.0153,-4.774549676,4.785135075,1.196196118,-1.200480201,3.584177522,-3.578854232
0.01535,-4.761076114,4.771638125,1.169443208,-1.173807667,3.59739986,-3.591952129
0.0154,-4.748357329,4.758896003,1.134285461,-1.138727676,3.619850823,-3.614278218
0.01545,-4.739062814,4.749578203,1.100220898,-1.104738313,3.644634334,-3.638936326
0.0155,-4.733885928,4.744378084,1.069695125,-1.074285219,3.669998285,-3.664174236
0.01555,-4.732127461,4.742596434,1.040529004,-1.045189308,3.697422631,-3.691471807
0.0156,-4.65005038,4.660418947,1.002360774,-1.007088557,3.660099706,-3.654021692
0.01565,-4.463761705,4.473934079,0.921295906,-0.926086132,3.548190362,-3.541988916
0.0157,-4.28370646,4.293690022,0.850847838,-0.85569511,3.438587016,-3.432266749
0.01575,-4.113096778,4.122898602,0.788589295,-0.793488491,3.330176135,-3.323741467
0.0158,-3.950284034,3.959910878,0.729846932,-0.734793227,3.226049783,-3.219504968
0.01585,-3.794703001,3.804161311,0.67325806,-0.678246928,3.127005097,-3.120354226
0.0159,-3.646568966,3.655864883,0.619718329,-0.624745516,3.032361504,-3.025608501
0.01595,-3.505961381,3.515100749,0.569679343,-0.574740847,2.941746662,-2.934895278
0.016,-3.372679823,3.381668194,0.522800919,-0.52789298,2.855300151,-2.848353968
0.01605,-3.246501388,3.25534403,0.478697446,-0.483816534,2.773184504,-2.766146935
0.0161,-3.127286488,3.135988389,0.437216038,-0.442358842,2.695412855,-2.688287142
0.01615,-3.014920396,3.02348627,0.398268608,-0.403432022,2.621958412,-2.614747624
0.0162,-2.909267187,2.917701478,0.361711401,-0.366892512,2.552828857,-2.545535894
0.01625,-2.810178988,2.818485881,0.327372429,-0.332568504,2.488048173,-2.480675762
0.0163,-2.717512407,2.72569583,0.295093687,-0.300302161,2.427630845,-2.420181544
0.01635,-2.631128644,2.639192276,0.264730506,-0.269948973,2.371582623,-2.364058817
0.0164,-2.550888325,2.558835599,0.236138573,-0.241364772,2.319908338,-2.312312241
0.01645,-2.476650625,2.484484738,0.209172029,-0.214403831,2.272612923,-2.264946579
0.0165,-2.408274791,2.415998705,0.183687202,-0.188922603,2.229699205,-2.221964485
0.01655,-2.345620676,2.353237129,0.159543809,-0.164780916,2.191167237,-2.183365843
0.0166,-2.288548381,2.296059888,0.136604051,-0.141841072,2.15701484,-2.149148305
0.01665,-2.236918066,2.244326928,0.11473218,-0.119967413,2.127237858,-2.119307543
0.0167,-2.190590083,2.197898393,0.093794772,-0.099026595,2.101830005,-2.093837104
0.01675,-2.149425101,2.156634747,0.073660958,-0.07888782,2.080782766,-2.072728303
0.0168,-2.113284117,2.12039679,0.054202423,-0.05942283,2.06408541,-2.055970244
0.01685,-2.082028479,2.089045679,0.035293386,-0.040505897,2.051725027,-2.043549848
0.0169,-2.055519932,2.062442971,0.016810662,-0.022013875,2.043686517,-2.035451849
0.01695,-2.033620672,2.040450683,-0.00134402,-0.003821096,2.039952587,-2.031658791
0.017,-2.016193627,2.022931567,-0.019356954,0.014170835,2.040503441,-2.032150712
0.01705,-2.003101757,2.009748413,-0.037273246,0.032100494,2.045317763,-2.036906135
0.0171,-1.994208251,2.000764248,-0.055229823,0.050071769,2.054372374,-2.045901718
0.01715,-1.989378769,1.995844573,-0.073334566,0.068192546,2.067640212,-2.059110241
0.0172,-1.988478235,1.994854158,-0.091694735,0.086570098,2.08509348,-2.076503747
0.01725,-1.991372319,1.997658528,-0.110414734,0.105308847,2.106702263,-2.098052164
0.0173,-1.997927869,2.004124386,-0.12959538,0.124509639,2.13243425,-2.123723024
0.01735,-2.008012639,2.014119352,-0.149334513,0.144270351,2.162255062,-2.153481794
0.0174,-2.021495207,2.027511871,-0.169727229,0.16468612,2.196128401,-2.187292025
0.01745,-2.038245112,2.044171357,-0.190865693,0.18584916,2.234016011,-2.225115311
0.0175,-2.05813297,2.063968305,-0.212839027,0.207848652,2.275877673,-2.266911281
0.01755,-2.081030502,2.086774319,-0.235733344,0.23077077,2.321671266,-2.312637669
0.0176,-2.106810574,2.112462156,-0.259631756,0.254698697,2.371352823,-2.362250362
0.01765,-2.135347259,2.140905784,-0.284614368,0.279712612,2.424876574,-2.415703449
0.0177,-2.166515898,2.171980441,-0.310758248,0.305889665,2.482194992,-2.472949259
0.01775,-2.200193149,2.205562692,-0.338137436,0.333303982,2.543258841,-2.533938419
0.0178,-2.236257047,2.241530479,-0.366822943,0.362026667,2.608017231,-2.598619904
0.01785,-2.274587046,2.279763172,-0.396882751,0.392125798,2.676417677,-2.666941091
0.0179,-2.315064082,2.320141625,-0.42838182,0.423666439,2.748406148,-2.738847819
0.01795,-2.357570614,2.36254822,-0.461382099,0.456710644,2.823927132,-2.814284446
0.018,-2.401990677,2.406866921,-0.495942532,0.491317468,2.902923691,-2.893193908
0.01805,-2.448209929,2.452983318,-0.532119075,0.527542983,2.985337526,-2.97551778
0.0181,-2.496115696,2.500784674,-0.569964715,0.565440294,3.071109038,-3.061196341
0.01815,-2.545597015,2.550159968,-0.609529486,0.605059558,3.160177391,-3.150168635
0.0182,-2.596544678,2.600999937,-0.650860494,0.646448008,3.252480579,-3.242372539
0.01825,-2.648851272,2.653197119,-0.694001944,0.689649977,3.347955487,-3.337744825
0.0183,-2.702411215,2.706645885,-0.738995164,0.734706925,3.446537963,-3.436221227
0.01835,-2.757120797,2.761242484,-0.785878638,0.781657473,3.548162881,-3.537736511
0.0184,-2.812878208,2.81688507,-0.834688039,0.830537429,3.652764208,-3.642224538
0.01845,-2.869583578,2.873473735,-0.885456263,0.881379831,3.760275073,-3.749618333
0.0185,-2.927138998,2.930910543,-0.938213469,0.934214978,3.870627834,-3.859850153
0.01855,-2.985448555,2.989099554,-0.992987116,0.989070475,3.983754145,-3.972851555
0.0186,-3.044418355,3.047946852,-1.049802009,1.045971271,4.099585025,-4.088553462
0.01865,-3.103956547,3.107360565,-1.108680338,1.104939703,4.218050923,-4.20688623
0.0187,-3.16397334,3.167250889,-1.169641728,1.165995544,4.339081785,-4.327779716
0.01875,-3.224381028,3.227530104,-1.232703285,1.22915605,4.462607122,-4.451163345
0.0188,-3.285094002,3.288112593,-1.297879645,1.294436007,4.588556074,-4.576966174
0.01885,-3.346028766,3.348914853,-1.365183027,1.361847784,4.716857476,-4.705116955
0.0189,-3.407103947,3.409855511,-1.434623283,1.431401386,4.847439922,-4.835544205
0.01895,-3.468240306,3.470855327,-1.506207953,1.503104504,4.980231826,-4.968176264
0.019,-3.529360746,3.531837208,-1.57994232,1.576962572,5.115161488,-5.102941359
0.01905,-3.528778611,3.531114889,-1.634534773,1.631683706,5.162601569,-5.150297862
0.0191,-3.456167467,3.458365861,-1.637325807,1.634604785,5.099381883,-5.087105359
0.01915,-3.386627432,3.388691039,-1.645552265,1.642961758,5.037985259,-5.025735859
0.0192,-3.318666549,3.320598293,-1.657215646,1.654756154,4.981673913,-4.969451576
0.01925,-3.254376647,3.256179307,-1.669613557,1.667285635,4.929769667,-4.917574334
0.0193,-3.194261699,3.195937915,-1.682037146,1.679841422,4.882067713,-4.869899324
0.01935,-3.110644946,3.11214626,-1.656826805,1.654763893,4.779812406,-4.767670901
0.0194,-2.953832984,2.955101126,-1.652046695,1.650114773,4.611537895,-4.599423215
0.01945,-2.811073138,2.812119278,-1.63446584,1.632662689,4.451204545,-4.43911663
0.0195,-2.684463379,2.685298175,-1.607572579,1.60589614,4.297645745,-4.285584536
0.01955,-2.564961519,2.56559502,-1.582099348,1.580547619,4.152619034,-4.140584472
0.0196,-2.450089061,2.450530702,-1.560792742,1.559363763,4.016392121,-4.004384148
0.01965,-2.341745362,2.342004007,-1.541263773,1.539955669,3.888475127,-3.876493684
0.0197,-2.240872884,2.240956864,-1.522308029,1.521119033,3.768605892,-3.756650919
0.01975,-2.146847559,2.14676468,-1.504535744,1.50346421,3.656770377,-3.644841816
0.0198,-2.058993743,2.058751305,-1.488594311,1.487638714,3.55294014,-3.541037932
0.01985,-1.977107031,1.976711845,-1.474588959,1.473747905,3.457015826,-3.445139914
0.0199,-1.901095676,1.900554082,-1.462500599,1.461772842,3.368886436,-3.357036762
0.01995,-1.830746569,1.830064459,-1.452444847,1.451829295,3.288454333,-3.276630838
0.02,-1.765790778,1.764973614,-1.44459519,1.444090916,3.215623936,-3.203826562
0.02005,-1.70598805,1.705040877,-1.439090431,1.438696682,3.150293675,-3.138522365
0.0201,-1.65112184,1.650049311,-1.4360414,1.435757605,3.09235773,-3.080612426
0.02015,-1.600972603,1.599778992,-1.435559882,1.435385664,3.041708248,-3.029988893
0.0202,-1.555315045,1.554004266,-1.437761232,1.437696412,2.998235209,-2.986541746
0.02025,-1.513926034,1.512501662,-1.442755981,1.442800589,2.961825948,-2.950158318
0.0203,-1.476586808,1.475052091,-1.450647687,1.450801967,2.932365203,-2.92072335
0.02035,-1.443081033,1.441438914,-1.46153504,1.461799462,2.909735291,-2.898119159
0.0204,-1.413194,1.411447132,-1.475512739,1.475888001,2.893816171,-2.882225702
0.02045,-1.386713259,1.384864021,-1.492670905,1.493157941,2.884485495,-2.872920632
0.0205,-1.363429099,1.361479614,-1.513094682,1.513694669,2.881618689,-2.870079376
0.02055,-1.343134572,1.341086724,-1.536864307,1.537578671,2.885089046,-2.873575227
0.0206,-1.325625502,1.323480951,-1.564055188,1.564885608,2.894767815,-2.883279433
0.02065,-1.310700626,1.308460823,-1.594737864,1.595686276,2.910524295,-2.899061294
0.0207,-1.298161752,1.295827957,-1.628977944,1.63004655,2.93222594,-2.920788263
0.02075,-1.287813883,1.285387179,-1.666836097,1.668027366,2.959738466,-2.948326059
0.0208,-1.279465321,1.276946627,-1.708368062,1.709684732,2.992925968,-2.981538774
0.02085,-1.272927774,1.270317866,-1.753624648,1.755069733,3.031651029,-3.020288992
0.0209,-1.268016476,1.265315994,-1.802651747,1.80422854,3.075774846,-3.064437911
0.02095,-1.264550286,1.261759753,-1.85549035,1.857202424,3.125157351,-3.113845463
0.021,-1.262351789,1.259471624,-1.91217658,1.914027789,3.17965734,-3.168370443
0.02105,-1.261247392,1.258277923,-1.97274172,1.974736206,3.239132601,-3.22787064
0.0211,-1.26106741,1.258008887,-2.037212262,2.039354451,3.303440045,-3.292202965
0.02115,-1.261646156,1.258498763,-2.105609952,2.107904558,3.372435842,-3.361223588
0.0212,-1.262822012,1.259585884,-2.177951849,2.180403876,3.445975552,-3.434788069
0.02125,-1.264437508,1.261112737,-2.254250388,2.256865127,3.523914264,-3.512751498
0.0213,-1.266339385,1.262926036,-2.33451345,2.337296483,3.606106729,-3.594968626
0.02135,-1.268378654,1.264876777,-2.418744439,2.421701634,3.6924075,-3.681294004
0.0214,-1.270410654,1.266820292,-2.506942361,2.510079879,3.782671064,-3.771582122
0.02145,-1.272295096,1.268616297,-2.599101919,2.602426204,3.876751979,-3.865687536
0.0215,-1.273896102,1.270128932,-2.6952136,2.698731385,3.974505008,-3.963465011
0.02155,-1.275082246,1.271226795,-2.795263777,2.798982081,4.075785253,-4.064769647
0.0216,-1.275726575,1.271782971,-2.899234815,2.903160936,4.180448282,-4.169457014
0.02165,-1.275706632,1.271675047,-3.007105171,3.011246692,4.288350264,-4.277383279
0.0217,-1.274904475,1.270785135,-3.118849517,3.123214296,4.399348089,-4.388405335
0.02175,-1.273206679,1.268999873,-3.234438845,3.23903502,4.513299497,-4.50238092
0.0218,-1.270504339,1.26621043,-3.353840595,3.358676574,4.630063197,-4.619168743
0.02185,-1.266693072,1.262312498,-3.477018774,3.482103236,4.749498982,-4.738628598
0.0219,-1.228228381,1.223761707,-3.565474302,3.570756851,4.806140078,-4.795293712
0.02195,-1.212724343,1.208174146,-3.570522587,3.575928716,4.789074435,-4.778252034
0.022,-1.185750563,1.181119668,-3.582639858,3.588169913,4.774294934,-4.763496444
0.02205,-1.150408592,1.145699644,-3.604002265,3.609656643,4.760326464,-4.749551833
0.0221,-1.116146837,1.111362413,-3.627726527,3.633505723,4.749801736,-4.739050911
0.02215,-1.085435776,1.080578416,-3.652036768,3.657941385,4.743415281,-4.732688209
0.0222,-1.056126979,1.05119917,-3.678396308,3.684427046,4.740482009,-4.729778639
0.02225,-1.017573648,1.012578138,-3.640116298,3.646273538,4.657021358,-4.646418861
0.0223,-0.936012915,0.930954787,-3.527298098,3.533578053,4.469192133,-4.458786189
0.02235,-0.865037896,0.859922593,-3.416810092,3.423208126,4.287597652,-4.277380826
0.0224,-0.80224228,0.797074968,-3.307525378,3.314037043,4.115457247,-4.105422414
0.02245,-0.743015022,0.737800568,-3.202504924,3.209125937,3.95115305,-3.941293401
0.0225,-0.685993762,0.680736731,-3.102549096,3.109275339,3.794122944,-3.784431984
0.02255,-0.632051589,0.626756269,-3.006990177,3.013817697,3.644572097,-3.635043636
0.0226,-0.581636623,0.576307049,-2.915456956,2.922381972,3.502577227,-3.493205373
0.02265,-0.534416129,0.529056092,-2.828084958,2.835103858,3.367940942,-3.358720096
0.0227,-0.490006822,0.484619876,-2.745036147,2.752145489,3.240441742,-3.231366592
0.02275,-0.448253409,0.44284289,-2.666325537,2.673522051,3.119939187,-3.111004701
0.0228,-0.409066375,0.403635409,-2.591927417,2.599208001,3.00631789,-2.997519312
0.02285,-0.372302292,0.366853812,-2.521849578,2.529211303,2.899442071,-2.890774914
0.0229,-0.337789417,0.33232617,-2.456116234,2.46355634,2.799164062,-2.7906241
0.02295,-0.305369346,0.299893909,-2.394742459,2.40225836,2.705340404,-2.69692367
0.023,-0.274896907,0.269411697,-2.337734613,2.345323892,2.617832166,-2.609534944
0.02305,-0.246227442,0.240734727,-2.285098038,2.292758449,2.536499919,-2.528318738
0.0231,-0.219214771,0.213716684,-2.236838158,2.244567627,2.461202806,-2.453134434
0.02315,-0.193714817,0.188213365,-2.192958329,2.200754952,2.391800012,-2.383841451
0.0232,-0.16958684,0.164083916,-2.153459149,2.161321194,2.328151309,-2.32029979
0.02325,-0.146692571,0.141189964,-2.118338981,2.126264883,2.270116713,-2.262369686
0.0233,-0.124895768,0.119395175,-2.087594205,2.095582571,2.217556293,-2.209911426
0.02335,-0.10406249,0.098565525,-2.061219077,2.069268683,2.170330301,-2.162785474
0.0234,-0.084061317,0.078569522,-2.039205626,2.047315414,2.128299292,-2.120852586
0.02345,-0.064763354,0.05927821,-2.021543665,2.029712747,2.091324139,-2.083973836
0.0235,-0.046042224,0.040565158,-2.008220824,2.016448479,2.059266055,-2.05201063
0.02355,-0.027774114,0.022306513,-1.999222544,2.007508215,2.031986636,-2.02482475
0.0236,-0.009837842,0.004381058,-1.994532068,2.002875365,2.009347917,-2.002278416
0.02365,0.007878085,-0.013343666,-1.994134263,2.002534959,1.991208516,-1.984230419
0.0237,0.025500594,-0.030952669,-1.997996718,2.006454749,1.977442876,-1.970555373
0.02375,0.043139544,-0.048576806,-2.006106227,2.01462169,1.967904559,-1.961107007
0.0238,0.060907221,-0.06632836,-2.018436126,2.027009281,1.962458956,-1.955750869
0.02385,0.07890792,-0.084311617,-2.034957313,2.043588576,1.960972652,-1.9543537
0.0239,0.097245597,-0.102630512,-2.055639809,2.064329756,1.963311727,-1.956781728
0.02395,0.116022879,-0.121387648,-2.08045228,2.089201641,1.96934224,-1.962901154
0.024,0.135338863,-0.140682087,-2.109361034,2.118170694,1.978931425,-1.972579352
0.02405,0.155289198,-0.160609437,-2.142330119,2.151201118,1.991947715,-1.985684886
0.0241,0.175966725,-0.18126249,-2.179321668,2.188255196,2.008260438,-2.002087211
0.02415,0.197461483,-0.202731232,-2.220295942,2.229293336,2.027739853,-2.021656709
0.0242,0.219860496,-0.225102622,-2.265211275,2.274274023,2.050257322,-2.044264857
0.02425,0.243247732,-0.248460563,-2.314024117,2.32315385,2.075685374,-2.069784298
0.0243,0.267704154,-0.272885943,-2.3666891,2.375887593,2.103897734,-2.098088862
0.02435,0.293307724,-0.298456644,-2.423159088,2.432428259,2.134769365,-2.129053614
0.0244,0.320133381,-0.325247518,-2.483385228,2.492727133,2.168176539,-2.162554923
0.02445,0.348253035,-0.353330384,-2.547316994,2.556733825,2.203996888,-2.198470513
0.0245,0.37773557,-0.382774032,-2.614902243,2.624396331,2.242109457,-2.236679515
0.02455,0.408646856,-0.413644229,-2.686087279,2.695661083,2.282394755,-2.277062522
0.0246,0.441049751,-0.446003727,-2.760816901,2.770473012,2.324734803,-2.319501631
0.02465,0.47500411,-0.479912273,-2.839034469,2.848775607,2.36901319,-2.363880503
0.0247,0.510566803,-0.51542662,-2.920681964,2.930510973,2.41511511,-2.410084404
0.02475,0.547791724,-0.552600545,-3.005700048,3.015619894,2.462927421,-2.458000251
0.0248,0.586729818,-0.591484871,-3.094028129,3.104041901,2.512338678,-2.507516663
0.02485,0.627429095,-0.632127482,-3.185604426,3.195715329,2.563239183,-2.558523994
0.0249,0.669934661,-0.674573355,-3.280366034,3.290577388,2.615521022,-2.610914383
0.02495,0.714288739,-0.718864582,-3.37824899,3.388564227,2.669078107,-2.664581788
0.025,0.760530702,-0.765040401,-3.479188337,3.489611001,2.723806211,-2.719422023
0.02505,0.808697106,-0.813137231,-3.583118198,3.593651937,2.779603001,-2.775332797
0.0251,0.858821721,-0.863188701,-3.689971835,3.700620405,2.836368076,-2.832213741
0.02515,0.91093557,-0.915225694,-3.799681724,3.81044898,2.894002994,-2.889966445
0.0252,0.965066969,-0.969276381,-3.912179618,3.923069513,2.952411301,-2.94849448
0.02525,1.021241564,-1.025366263,-4.027396614,4.038413199,3.011498555,-3.007703431
0.0253,1.079482379,-1.083518219,-4.145263226,4.156410644,3.071172356,-3.067500915
0.02535,1.139809861,-1.143752545,-4.265709445,4.276991929,3.13134236,-3.127796607
0.0254,1.202241922,-1.206087004,-4.388664809,4.40008668,3.191920307,-3.188502256
0.02545,1.266793993,-1.270536878,-4.51405847,4.525624134,3.252820028,-3.249531705
0.0255,1.333479071,-1.337115012,-4.641819257,4.6535332,3.313957468,-3.310800906
0.02555,1.402307773,-1.405831873,-4.77187574,4.783742528,3.375250694,-3.372227927
0.0256,1.47328839,-1.476695597,-4.904156296,4.91618057,3.436619908,-3.433732971
0.02565,1.546426937,-1.549712049,-5.038589171,5.050775645,3.497987452,-3.495238377
0.0257,1.600706012,-1.603864098,-5.085742328,5.098011069,3.497502704,-3.494893132
0.02575,1.60331638,-1.606346096,-5.022410379,5.034652014,3.424924478,-3.422452116
0.0258,1.611412132,-1.614313022,-4.960924284,4.973138873,3.35539381,-3.353055569
0.02585,1.622976102,-1.625747683,-4.904540747,4.916728349,3.287431752,-3.285224712
0.0259,1.635248302,-1.637890032,-4.852563648,4.864724323,3.223169695,-3.221091087
0.02595,1.64752016,-1.650031431,-4.804787091,4.816920899,3.163110177,-3.161157367
0.026,1.660471288,-1.662851422,-4.761280056,4.773387057,3.106642527,-3.104813021
0.02605,1.635966155,-1.638214493,-4.663539771,4.675620023,3.026768385,-3.025109357
0.0261,1.631819212,-1.633937553,-4.499900748,4.51195431,2.873832304,-2.872400457
0.02615,1.614656426,-1.616646966,-4.344160507,4.356187439,2.735129909,-2.733914414
0.0262,1.588186871,-1.590051636,-4.195186398,4.207186758,2.612572055,-2.611562585
0.02625,1.563350778,-1.565091731,-4.054720851,4.066694699,2.496893107,-2.496079934
0.0263,1.542813246,-1.544432305,-3.923004604,3.934951998,2.385668525,-2.385042525
0.02635,1.524087098,-1.52558609,-3.79954418,3.811465179,2.280891781,-2.28044439
0.0264,1.505983088,-1.507363721,-3.68408534,3.695980001,2.183497676,-2.183220855
0.02645,1.489149656,-1.490413516,-3.576615701,3.588484083,2.092825195,-2.092711417
0.0265,1.474233221,-1.475381766,-3.477102946,3.488945108,2.008195416,-2.008237652
0.02655,1.461322967,-1.462357517,-3.385444917,3.397260916,1.929416824,-1.929608524
0.0266,1.450395235,-1.451316959,-3.301529814,3.313319708,1.856401127,-1.856736201
0.02665,1.441568223,-1.442378131,-3.225259167,3.237023014,1.788931516,-1.789404311
0.0267,1.435015158,-1.435714088,-3.156535938,3.168273795,1.726737599,-1.727342887
0.02675,1.43087164,-1.431460252,-3.095257036,3.10696896,1.669580575,-1.670313529
0.0268,1.429245736,-1.429724503,-3.041315315,3.053001364,1.617245129,-1.61810131
0.02685,1.430247463,-1.43061666,-2.994601646,3.006261878,1.569512033,-1.570487368
0.0269,1.43399036,-1.434250059,-2.955004705,2.966639176,1.526156348,-1.527247115
0.02695,1.440582774,-1.440732836,-2.92241053,2.934019297,1.486955705,-1.488158513
0.027,1.450126002,-1.450166066,-2.896702608,2.908285728,1.451692247,-1.453004021
0.02705,1.462716547,-1.462646027,-2.877762036,2.889319566,1.420150533,-1.421568495
0.0271,1.47844692,-1.478264996,-2.865467587,2.876999583,1.3921168,-1.393638454
0.02715,1.497405004,-1.497110616,-2.859695762,2.871202281,1.367379655,-1.369002767
0.0272,1.519673677,-1.519265521,-2.860320881,2.871801979,1.345730538,-1.347453124
0.02725,1.545330901,-1.54480742,-2.867215178,2.878670911,1.326963732,-1.328784037
0.0273,1.574449801,-1.573809183,-2.880248887,2.891679311,1.310876364,-1.31279285
0.02735,1.607098625,-1.606338795,-2.899290344,2.910695515,1.297268556,-1.299279883
0.0274,1.643340685,-1.642459303,-2.924206095,2.935586069,1.285943581,-1.288048596
0.02745,1.683234353,-1.68222881,-2.954861007,2.966215839,1.276707984,-1.278905699
0.0275,1.726833073,-1.725700488,-2.991118378,3.002448124,1.269371679,-1.271661261
0.02755,1.77418537,-1.772922583,-3.03284006,3.044144775,1.263748063,-1.266128819
0.0276,1.825334859,-1.823938433,-3.079886579,3.09116632,1.259654122,-1.262125484
0.02765,1.880320272,-1.878786486,-3.132117263,3.143372084,1.256910539,-1.259472049
0.0277,1.939175487,-1.937500336,-3.189390368,3.200620323,1.255341785,-1.257993083
0.02775,2.001929566,-2.000108761,-3.251563208,3.262768353,1.254776213,-1.257517021
0.0278,2.068606805,-2.066635768,-3.318492291,3.32967268,1.255046143,-1.257876256
0.02785,2.139226781,-2.137100648,-3.39003345,3.401189138,1.255987945,-1.258907215
0.0279,2.213804417,-2.211518033,-3.466041979,3.477173021,1.257442113,-1.260450437
0.02795,2.292350046,-2.289897967,-3.546372771,3.557479221,1.259253335,-1.262350644
0.028,2.374869485,-2.372245978,-3.630880452,3.641962364,1.261270552,-1.2644568
0.02805,2.461364112,-2.458563157,-3.719419516,3.730476944,1.263347021,-1.26662217
0.0281,2.551830957,-2.548846242,-3.811844465,3.822877464,1.265340359,-1.268704371
0.02815,2.646262785,-2.643087715,-3.90800994,3.919018563,1.267112588,-1.270565416
0.0282,2.744648198,-2.74127589,-4.007770857,4.018755158,1.268530177,-1.272071749
0.02825,2.846971734,-2.843395022,-4.110982535,4.121942567,1.269464065,-1.273094281
0.0283,2.953213972,-2.949425408,-4.21750083,4.228436648,1.269789691,-1.273508407
0.02835,3.063351646,-3.059343499,-4.327182264,4.338093921,1.269387008,-1.273194032
0.0284,3.17735775,-3.173122017,-4.439884144,4.450771692,1.268140495,-1.272035575
0.02845,3.295201667,-3.290730066,-4.55546469,4.566328183,1.265939162,-1.269921978
0.0285,3.416849281,-3.412133261,-4.673783152,4.684622643,1.262676548,-1.266746706
0.02855,3.542263104,-3.537293844,-4.794699926,4.805515468,1.258250712,-1.262407734
0.0286,3.632356752,-3.627185526,-4.852530405,4.86332205,1.219427174,-1.223670454
0.02865,3.638710661,-3.633413246,-4.836471539,4.847239341,1.203641672,-1.207968624
0.0287,3.651994672,-3.64657069,-4.822656275,4.833400285,1.176486015,-1.180893807
0.02875,3.674435512,-3.668884533,-4.809600587,4.820320859,1.141002136,-1.145488112
0.0288,3.699285614,-3.693607109,-4.799933364,4.81062995,1.106498937,-1.111060509
0.02885,3.724760071,-3.718953405,-4.794365504,4.805038457,1.075472364,-1.080106976
0.0289,3.684808146,-3.678872996,-4.708649274,4.719220384,1.03629255,-1.040997371
0.02895,3.570515756,-3.564455962,-4.518562584,4.528934893,0.953810725,-0.958580566
0.029,3.458883587,-3.45270384,-4.334572581,4.344753627,0.881454849,-0.886284163
0.02905,3.348502071,-3.342206874,-4.160028665,4.170025675,0.817230939,-0.822114463
0.0291,3.24227729,-3.235870979,-3.99340509,4.003224972,0.75677451,-0.761707283
0.02915,3.141062816,-3.134549565,-3.834119883,3.84376923,0.698649683,-0.703627049
0.0292,3.044253722,-3.037637537,-3.682342957,3.691828056,0.643631086,-0.648648668
0.02925,2.951476804,-2.944761521,-3.538149958,3.547476794,0.592167372,-0.597221055
0.0293,2.862847995,-2.856037281,-3.401355323,3.410529586,0.543956859,-0.549042774
0.02935,2.77852659,-2.771623941,-3.271740724,3.280767819,0.498621747,-0.503736264
0.0294,2.698534057,-2.6915428,-3.149162768,3.158047813,0.455997006,-0.461136719
0.02945,2.6228476,-2.615770891,-3.033504766,3.042252605,0.415988582,-0.421150298
0.0295,2.551474392,-2.544315216,-2.924631975,2.93324718,0.378454411,-0.383635137
0.02955,2.484438511,-2.477199682,-2.822397641,2.830884518,0.343223519,-0.348420448
0.0296,2.421756103,-2.414440263,-2.726658414,2.735021012,0.31013628,-0.31534678
0.02965,2.363434665,-2.356044287,-2.637275364,2.645517478,0.279046143,-0.284267747
0.0297,2.309480317,-2.302017701,-2.554109296,2.562234475,0.24980768,-0.255038071
0.02975,2.259899206,-2.252366482,-2.477019646,2.485031196,0.222274076,-0.227511078
0.0298,2.214695517,-2.207094644,-2.405865806,2.413766799,0.196300439,-0.201542005
0.02985,2.173870721,-2.166203487,-2.340507709,2.348300986,0.171745143,-0.176989344
0.0299,2.137424034,-2.129692057,-2.280805533,2.288493713,0.148469071,-0.153714084
0.02995,2.10535268,-2.097557409,-2.226619509,2.234204991,0.126335156,-0.131579255
0.03,2.077651769,-2.069794483,-2.177810028,2.185294999,0.105208616,-0.110450159
0.03005,2.054314189,-2.046395999,-2.134237757,2.1416242,0.084957173,-0.090194595
0.0301,2.035330617,-2.027352465,-2.09576367,2.103053365,0.065451076,-0.070682877
0.03015,2.020689543,-2.012652204,-2.062249059,2.069443592,0.046563085,-0.051787818
0.0302,2.010377265,-2.00228135,-2.03355558,2.040656347,0.028168523,-0.033384789
0.03025,2.004377886,-1.996223838,-2.009545308,2.016553524,0.010145336,-0.015351772
0.0303,2.002676112,-1.994464211,-1.990077958,1.996994656,-0.007623934,0.002426162
0.03035,2.005243066,-1.996973428,-1.975025135,1.981851178,-0.025262674,0.020077385
0.0304,2.012065316,-2.003737896,-1.964241482,1.970977565,-0.042877827,0.03770634
0.03045,2.023114491,-2.014729083,-1.957595057,1.964241717,-0.060581588,0.055425213
0.0305,2.038364531,-2.029920768,-1.954950055,1.961507669,-0.078483761,0.073343815
0.03055,2.057786616,-2.049283974,-1.956172053,1.96264085,-0.096689935,0.091567752
0.0306,2.081349594,-2.072787392,-1.961127685,1.967507749,-0.115302308,0.110199245
0.03065,2.109020425,-2.100397828,-1.969684233,1.975975508,-0.134420533,0.129337979
0.0307,2.140764118,-2.132080136,-1.981709771,1.987912067,-0.154141517,0.149080899
0.03075,2.17654364,-2.167797133,-1.997073367,2.003186366,-0.174559123,0.169521916
0.0308,2.216319966,-2.207509643,-2.015645132,2.02166839,-0.195764178,0.190751909
0.03085,2.260052161,-2.251176582,-2.03729622,2.043229178,-0.217844545,0.2128588
0.0309,2.307697415,-2.298754997,-2.061898896,2.067740879,-0.240885103,0.235927534
0.03095,2.359211083,-2.350200095,-2.089326596,2.095076822,-0.264967713,0.260040045
0.031,2.414546724,-2.405465296,-2.119453992,2.125111575,-0.290171208,0.285275244
0.03105,2.473656162,-2.464502282,-2.152157037,2.157720993,-0.316571394,0.31170902
0.0311,2.536489532,-2.527261051,-2.18731302,2.192782272,-0.344241048,0.339414242
0.03115,2.602995335,-2.593689967,-2.224800622,2.230174004,-0.373249921,0.368460754
0.0312,2.673120492,-2.66373582,-2.264499967,2.26977623,-0.403664737,0.398915378
0.03125,2.746810404,-2.73734388,-2.306292671,2.311470487,-0.4355492,0.430841925
0.0313,2.824009011,-2.814457955,-2.350061897,2.355139863,-0.468964007,0.464301198
0.03135,2.904658848,-2.895020458,-2.395692397,2.40066904,-0.503966857,0.499351012
0.0314,2.988701114,-2.978972462,-2.443070563,2.447944345,-0.540612468,0.536046201
0.03145,3.076075729,-3.066253766,-2.492084468,2.49685379,-0.578952596,0.57443864
0.0315,3.166721399,-3.156802959,-2.542623915,2.547287122,-0.619036053,0.614577269
0.03155,3.260575687,-3.250557485,-2.594580473,2.599135858,-0.660908733,0.656508107
0.0316,3.35757507,-3.347453711,-2.647847522,2.652293329,-0.70461364,0.70027429
0.03165,3.457655012,-3.447426988,-2.702320285,2.706654714,-0.750190912,0.74591609
0.0317,3.560750028,-3.550411724,-2.757895866,2.762117078,-0.797677856,0.79347095
0.03175,3.666793752,-3.656341448,-2.814473288,2.818579407,-0.847108984,0.84297352
0.0318,3.775719004,-3.765148878,-2.871953515,2.875942634,-0.898516043,0.89445569
0.03185,3.887457861,-3.876765989,-2.93023949,2.934109674,-0.951928059,0.947946627
0.0319,4.001941718,-3.991124082,-2.989236158,2.992985446,-1.007371375,1.00347282
0.03195,4.119101361,-4.108153848,-3.048850491,3.052476901,-1.064869696,1.061058121
0.032,4.238867032,-4.227785438,-3.108991509,3.112493044,-1.124444131,1.120723786
0.03205,4.361168495,-4.349948528,-3.169570305,3.172944951,-1.186113242,1.182488526
0.0321,4.485935105,-4.474572387,-3.230500056,3.233745792,-1.249893091,1.246368554
0.03215,4.613095869,-4.60158594,-3.291696046,3.29481084,-1.315797291,1.312377632
0.0322,4.742579514,-4.730917833,-3.353075672,3.35605749,-1.383837056,1.380527128
0.03225,4.874314549,-4.8624965,-3.414558461,3.417405267,-1.454021258,1.450826063
0.0323,5.00822933,-4.996250222,-3.476066074,3.478775835,-1.526356474,1.523281169
0.03235,5.054915694,-5.042854777,-3.475590842,3.478161916,-1.580090397,1.577139866
0.0324,4.991076032,-4.979041762,-3.402962818,3.405397503,-1.582279289,1.579454861
0.03245,4.929108264,-4.917100582,-3.333363898,3.33566529,-1.589994459,1.587296576
0.0325,4.872264232,-4.86028308,-3.265325903,3.267496927,-1.601203251,1.598632384
0.03255,4.819830817,-4.807876135,-3.201015538,3.203058969,-1.613093457,1.610650133
0.0326,4.771600682,-4.759672413,-3.140935208,3.142853684,-1.624955268,1.622640081
0.03265,4.72764814,-4.715746224,-3.084460881,3.086256899,-1.63748706,1.635300669
0.0327,4.629299504,-4.617423885,-3.004425667,3.006052395,-1.612600437,1.610543487
0.03275,4.4649703,-4.453120918,-2.851258193,2.852659396,-1.60811871,1.606189387
0.0328,4.308506751,-4.296683549,-2.712380558,2.713567094,-1.590523161,1.588719256
0.03285,4.158790468,-4.146993387,-2.589666507,2.590648732,-1.563574569,1.561894038
0.0329,4.017600711,-4.005829693,-2.47380624,2.474593907,-1.538294697,1.536735559
0.03295,3.885177867,-3.873432855,-2.362413663,2.363015919,-1.517310412,1.515870729
0.033,3.761016859,-3.749297795,-2.257517684,2.257943111,-1.498087968,1.496765891
0.03305,3.644863243,-3.633170071,-2.160041287,2.160297943,-1.479450145,1.47824394
0.0331,3.536709498,-3.52504216,-2.069304655,2.069400081,-1.462069433,1.460977488
0.03315,3.436524992,-3.42488343,-1.984630477,1.984571715,-1.4465927,1.44561353
0.0332,3.344207158,-3.332591316,-1.905835866,1.905629474,-1.433100439,1.432232694
0.03325,3.259644502,-3.248054323,-1.832833967,1.832486045,-1.421568167,1.420810647
0.0333,3.182739599,-3.171175026,-1.765405159,1.764921361,-1.412118221,1.411469884
0.03335,3.113396316,-3.101857293,-1.703278206,1.702663765,-1.404925831,1.404385806
0.0334,3.051512212,-3.039998682,-1.646215375,1.645475116,-1.400126405,1.399693998
0.03345,2.996980771,-2.985492677,-1.594001947,1.593140307,-1.397828247,1.397502947
0.0335,2.949693538,-2.938230825,-1.546418442,1.545439489,-1.398142468,1.397923963
0.03355,2.909539847,-2.898102458,-1.50323965,1.502147098,-1.40118369,1.401071868
0.0336,2.876406357,-2.864994237,-1.464243167,1.463040397,-1.407061033,1.407055996
0.03365,2.850177142,-2.838790235,-1.429211088,1.427901163,-1.415876529,1.415978597
0.0337,2.830733867,-2.819372116,-1.397927778,1.396513461,-1.427727513,1.427937232
0.03375,2.817955841,-2.806619191,-1.370179207,1.368662979,-1.44270735,1.443025497
0.0338,2.811720074,-2.80040847,-1.345753698,1.344137772,-1.460904741,1.461332333
0.03385,2.811901366,-2.800614753,-1.324442377,1.322728717,-1.482403362,1.482941662
0.0339,2.818372397,-2.807110719,-1.306039157,1.304229495,-1.507281971,1.507932492
0.03395,2.831003818,-2.81976702,-1.290340751,1.288436601,-1.535614487,1.536378998
0.034,2.84966435,-2.838452377,-1.277146825,1.275149498,-1.567469937,1.568350467
0.03405,2.87422089,-2.863033687,-1.266260159,1.264170781,-1.602912396,1.603911241
0.0341,2.904538622,-2.893376135,-1.257486764,1.255306293,-1.642000988,1.643120712
0.03415,2.940481131,-2.929343305,-1.250635988,1.248365221,-1.684789893,1.686033334
0.0342,2.981910519,-2.9707973,-1.24552062,1.243160218,-1.731328355,1.732698627
0.03425,3.028687531,-3.017598864,-1.241957012,1.239507507,-1.78166069,1.783161186
0.0343,3.080671675,-3.069607507,-1.239765175,1.237226987,-1.835826311,1.837460709
0.03435,3.137721359,-3.126681635,-1.238768882,1.236142333,-1.89385976,1.895632018
0.0344,3.199694011,-3.188678677,-1.238795758,1.236081084,-1.95579074,1.957705105
0.03445,3.266446221,-3.255455223,-1.239677372,1.236874736,-2.021644165,2.02370517
0.0345,3.33783387,-3.326867155,-1.241249316,1.238358824,-2.091440209,2.093652676
0.03455,3.413712268,-3.402769782,-1.243351284,1.240372993,-2.165194366,2.167563407
0.0346,3.493936291,-3.48301798,-1.245827143,1.242761077,-2.242917517,2.245448534
0.03465,3.578360515,-3.567466327,-1.248524999,1.245371158,-2.324616001,2.327314684
0.0347,3.666839356,-3.655969236,-1.251297251,1.248055624,-2.410291693,2.413164024
0.03475,3.759227202,-3.748381098,-1.254000648,1.250671222,-2.499942091,2.502994338
0.0348,3.855378555,-3.844556414,-1.256496332,1.253079106,-2.593560404,2.596799126
0.03485,3.955148158,-3.944349927,-1.258649875,1.25514487,-2.69113565,2.69456769
0.0349,4.058391136,-4.047616762,-1.260331319,1.256738583,-2.792652754,2.796285242
0.03495,4.164963118,-4.154212548,-1.261415191,1.257734815,-2.898092657,2.901933003
0.035,4.274720371,-4.263993555,-1.261780531,1.258012655,-3.007432421,3.011488319
0.03505,4.387519929,-4.376816812,-1.261310902,1.257455723,-3.120645347,3.124924768
0.0351,4.503219709,-4.492540239,-1.259894394,1.255952178,-3.237701092,3.242212283
0.03515,4.621678636,-4.611022762,-1.257423627,1.253394714,-3.358565788,3.363317268
0.0352,4.74275676,-4.732124429,-1.253795742,1.249680555,-3.483202167,3.488202725
0.03525,4.800850029,-4.79024119,-1.215613862,1.211412952,-3.572826314,3.578025542
0.0353,4.785135075,-4.774549677,-1.200480201,1.196196118,-3.578854233,3.584177522
0.03535,4.771638126,-4.761076115,-1.173807667,1.169443208,-3.591952129,3.59739986
0.0354,4.758896004,-4.748357329,-1.138727676,1.134285461,-3.614278219,3.619850823
0.03545,4.749578204,-4.739062814,-1.104738313,1.100220898,-3.638936327,3.644634335
0.0355,4.744378084,-4.733885928,-1.074285219,1.069695125,-3.664174237,3.669998286
0.03555,4.742596435,-4.732127462,-1.045189308,1.040529004,-3.691471808,3.697422632
0.0356,4.660418947,-4.65005038,-1.007088558,1.002360774,-3.654021693,3.660099707
0.03565,4.47393408,-4.463761706,-0.926086132,0.921295906,-3.541988917,3.548190362
0.0357,4.293690023,-4.283706461,-0.85569511,0.850847838,-3.432266749,3.438587016
0.03575,4.122898603,-4.113096778,-0.793488491,0.788589295,-3.323741468,3.330176136
0.0358,3.959910879,-3.950284034,-0.734793228,0.729846933,-3.219504969,3.226049784
0.03585,3.804161311,-3.794703002,-0.678246928,0.673258061,-3.120354227,3.127005098
0.0359,3.655864884,-3.646568967,-0.624745516,0.619718329,-3.025608501,3.032361505
0.03595,3.515100749,-3.505961382,-0.574740847,0.569679343,-2.934895279,2.941746663
0.036,3.381668195,-3.372679824,-0.52789298,0.522800919,-2.848353969,2.855300151
0.03605,3.255344031,-3.246501388,-0.483816534,0.478697446,-2.766146935,2.773184504
0.0361,3.13598839,-3.127286488,-0.442358842,0.437216038,-2.688287142,2.695412856
0.03615,3.02348627,-3.014920397,-0.403432022,0.398268608,-2.614747625,2.621958413
0.0362,2.917701479,-2.909267187,-0.366892512,0.361711401,-2.545535894,2.552828858
0.03625,2.818485881,-2.810178988,-0.332568504,0.327372429,-2.480675763,2.488048173
0.0363,2.725695831,-2.717512407,-0.300302161,0.295093687,-2.420181545,2.427630846
0.03635,2.639192276,-2.631128644,-0.269948973,0.264730506,-2.364058818,2.371582623
0.0364,2.5588356,-2.550888325,-0.241364772,0.236138573,-2.312312241,2.319908338
0.03645,2.484484738,-2.476650626,-0.214403831,0.209172029,-2.264946579,2.272612924
0.0365,2.415998705,-2.408274791,-0.188922603,0.183687202,-2.221964486,2.229699206
0.03655,2.353237129,-2.345620677,-0.164780916,0.159543809,-2.183365844,2.191167237
0.0366,2.296059888,-2.288548382,-0.141841072,0.136604051,-2.149148306,2.157014841
0.03665,2.244326928,-2.236918066,-0.119967413,0.11473218,-2.119307544,2.127237859
0.0367,2.197898394,-2.190590084,-0.099026595,0.093794772,-2.093837105,2.101830006
0.03675,2.156634747,-2.149425101,-0.07888782,0.073660958,-2.072728304,2.080782766
0.0368,2.120396791,-2.113284117,-0.05942283,0.054202423,-2.055970244,2.064085411
0.03685,2.08904568,-2.082028479,-0.040505897,0.035293386,-2.043549848,2.051725027
0.0369,2.062442972,-2.055519932,-0.022013875,0.016810662,-2.03545185,2.043686518
0.03695,2.040450684,-2.033620673,-0.003821096,-0.00134402,-2.031658791,2.039952588
0.037,2.022931568,-2.016193628,0.014170835,-0.019356954,-2.032150712,2.040503441
0.03705,2.009748414,-2.003101757,0.032100494,-0.037273246,-2.036906135,2.045317764
0.0371,2.000764249,-1.994208252,0.050071769,-0.055229823,-2.045901719,2.054372374
0.03715,1.995844574,-1.98937877,0.068192546,-0.073334566,-2.059110242,2.067640213
0.0372,1.994854159,-1.988478235,0.086570098,-0.091694736,-2.076503747,2.08509348
0.03725,1.997658528,-1.99137232,0.105308847,-0.110414734,-2.098052164,2.106702264
0.0373,2.004124387,-1.997927869,0.124509639,-0.12959538,-2.123723024,2.132434251
0.03735,2.014119353,-2.00801264,0.144270351,-0.149334513,-2.153481795,2.162255062
0.0374,2.027511871,-2.021495207,0.16468612,-0.169727229,-2.187292026,2.196128401
0.03745,2.044171358,-2.038245113,0.18584916,-0.190865693,-2.225115311,2.234016012
0.0375,2.063968305,-2.05813297,0.207848652,-0.212839027,-2.266911282,2.275877674
0.03755,2.08677432,-2.081030502,0.23077077,-0.235733344,-2.312637669,2.321671266
0.0376,2.112462157,-2.106810574,0.254698698,-0.259631757,-2.362250363,2.371352823
0.03765,2.140905784,-2.13534726,0.279712612,-0.284614368,-2.415703449,2.424876575
0.0377,2.171980441,-2.166515898,0.305889665,-0.310758248,-2.47294926,2.482194992
0.03775,2.205562692,-2.20019315,0.333303982,-0.338137436,-2.53393842,2.543258841
0.0378,2.241530479,-2.236257047,0.362026667,-0.366822943,-2.598619904,2.608017232
0.03785,2.279763173,-2.274587047,0.392125798,-0.396882751,-2.666941091,2.676417677
0.0379,2.320141625,-2.315064083,0.42366644,-0.428381821,-2.73884782,2.748406148
0.03795,2.36254822,-2.357570614,0.456710644,-0.4613821,-2.814284447,2.823927132
0.038,2.406866921,-2.401990678,0.491317468,-0.495942532,-2.893193908,2.902923691
0.03805,2.452983318,-2.44820993,0.527542983,-0.532119076,-2.97551778,2.985337526
0.0381,2.500784674,-2.496115696,0.565440294,-0.569964715,-3.061196341,3.071109038
0.03815,2.550159968,-2.545597015,0.605059558,-0.609529486,-3.150168636,3.160177392
0.0382,2.600999937,-2.596544679,0.646448008,-0.650860495,-3.24237254,3.252480579
0.03825,2.653197119,-2.648851272,0.689649977,-0.694001944,-3.337744825,3.347955488
0.0383,2.706645886,-2.702411216,0.734706926,-0.738995164,-3.436221228,3.446537964
0.03835,2.761242485,-2.757120797,0.781657473,-0.785878638,-3.537736512,3.548162881
0.0384,2.81688507,-2.812878209,0.830537429,-0.834688039,-3.642224538,3.652764208
0.03845,2.873473735,-2.869583578,0.881379831,-0.885456263,-3.749618333,3.760275073
0.0385,2.930910543,-2.927138998,0.934214978,-0.938213469,-3.859850154,3.870627834
0.03855,2.989099554,-2.985448555,0.989070475,-0.992987116,-3.972851556,3.983754146
0.0386,3.047946852,-3.044418356,1.045971271,-1.049802009,-4.088553462,4.099585026
0.03865,3.107360565,-3.103956547,1.104939703,-1.108680338,-4.20688623,4.218050924
0.0387,3.167250889,-3.16397334,1.165995544,-1.169641728,-4.327779717,4.339081785
0.03875,3.227530104,-3.224381029,1.22915605,-1.232703285,-4.451163346,4.462607122
0.0388,3.288112593,-3.285094003,1.294436007,-1.297879646,-4.576966174,4.588556074
0.03885,3.348914854,-3.346028766,1.361847785,-1.365183027,-4.705116956,4.716857477
0.0389,3.409855511,-3.407103947,1.431401386,-1.434623283,-4.835544206,4.847439922
0.03895,3.470855327,-3.468240307,1.503104504,-1.506207953,-4.968176265,4.980231826
0.039,3.531837208,-3.529360746,1.576962572,-1.57994232,-5.102941359,5.115161488
0.03905,3.531114889,-3.528778612,1.631683706,-1.634534773,-5.150297862,5.162601569
0.0391,3.458365861,-3.456167467,1.634604785,-1.637325807,-5.08710536,5.099381883
0.03915,3.388691039,-3.386627433,1.642961758,-1.645552265,-5.025735859,5.03798526
0.0392,3.320598293,-3.318666549,1.654756154,-1.657215647,-4.969451576,4.981673913
0.03925,3.256179307,-3.254376647,1.667285635,-1.669613557,-4.917574334,4.929769668
0.0393,3.195937915,-3.194261699,1.679841422,-1.682037146,-4.869899324,4.882067714
0.03935,3.11214626,-3.110644946,1.654763893,-1.656826805,-4.767670901,4.779812406
0.0394,2.955101126,-2.953832984,1.650114773,-1.652046695,-4.599423215,4.611537895
0.03945,2.812119278,-2.811073138,1.632662689,-1.63446584,-4.439116631,4.451204546
0.0395,2.685298175,-2.68446338,1.60589614,-1.60757258,-4.285584537,4.297645745
0.03955,2.56559502,-2.56496152,1.580547619,-1.582099348,-4.140584473,4.152619034
0.0396,2.450530702,-2.450089062,1.559363764,-1.560792742,-4.004384148,4.016392121
0.03965,2.342004007,-2.341745362,1.539955669,-1.541263773,-3.876493684,3.888475128
0.0397,2.240956864,-2.240872885,1.521119034,-1.522308029,-3.756650919,3.768605892
0.03975,2.14676468,-2.146847559,1.503464211,-1.504535744,-3.644841817,3.656770377
0.0398,2.058751305,-2.058993743,1.487638714,-1.488594311,-3.541037933,3.55294014
0.03985,1.976711845,-1.977107032,1.473747905,-1.474588959,-3.445139914,3.457015826
0.0399,1.900554082,-1.901095676,1.461772842,-1.462500599,-3.357036762,3.368886437
0.03995,1.83006446,-1.830746569,1.451829295,-1.452444847,-3.276630838,3.288454333
0.04,1.764973614,-1.765790778,1.444090916,-1.444595191,-3.203826563,3.215623936
0.04005,1.705040877,-1.70598805,1.438696682,-1.439090431,-3.138522365,3.150293675
0.0401,1.650049311,-1.65112184,1.435757605,-1.4360414,-3.080612426,3.09235773
0.04015,1.599778992,-1.600972603,1.435385664,-1.435559883,-3.029988893,3.041708248
0.0402,1.554004266,-1.555315045,1.437696412,-1.437761232,-2.986541746,2.99823521
0.04025,1.512501662,-1.513926034,1.442800589,-1.442755982,-2.950158318,2.961825948
0.0403,1.475052091,-1.476586808,1.450801967,-1.450647687,-2.920723351,2.932365203
0.04035,1.441438914,-1.443081033,1.461799463,-1.461535041,-2.898119159,2.909735292
0.0404,1.411447132,-1.413194001,1.475888001,-1.47551274,-2.882225702,2.893816172
0.04045,1.384864022,-1.38671326,1.493157941,-1.492670905,-2.872920632,2.884485495
0.0405,1.361479614,-1.363429099,1.51369467,-1.513094682,-2.870079376,2.881618689
0.04055,1.341086724,-1.343134572,1.537578671,-1.536864307,-2.873575227,2.885089047
0.0406,1.323480951,-1.325625502,1.564885608,-1.564055188,-2.883279434,2.894767816
0.04065,1.308460823,-1.310700626,1.595686277,-1.594737864,-2.899061294,2.910524296
0.0407,1.295827957,-1.298161752,1.63004655,-1.628977944,-2.920788264,2.93222594
0.04075,1.285387179,-1.287813884,1.668027366,-1.666836097,-2.948326059,2.959738467
0.0408,1.276946628,-1.279465321,1.709684732,-1.708368062,-2.981538774,2.992925968
0.04085,1.270317866,-1.272927774,1.755069733,-1.753624648,-3.020288993,3.031651029
0.0409,1.265315994,-1.268016476,1.80422854,-1.802651747,-3.064437912,3.075774846
0.04095,1.261759754,-1.264550286,1.857202424,-1.855490351,-3.113845463,3.125157351
0.041,1.259471625,-1.262351789,1.91402779,-1.91217658,-3.168370443,3.17965734
0.04105,1.258277923,-1.261247392,1.974736206,-1.972741721,-3.22787064,3.239132601
0.0411,1.258008887,-1.26106741,2.039354451,-2.037212262,-3.292202966,3.303440045
0.04115,1.258498763,-1.261646156,2.107904559,-2.105609952,-3.361223588,3.372435842
0.0412,1.259585884,-1.262822012,2.180403876,-2.177951849,-3.43478807,3.445975552
0.04125,1.261112737,-1.264437508,2.256865128,-2.254250389,-3.512751498,3.523914264
0.0413,1.262926037,-1.266339385,2.337296483,-2.334513451,-3.594968626,3.606106729
0.04135,1.264876777,-1.268378654,2.421701635,-2.418744439,-3.681294005,3.6924075
0.0414,1.266820292,-1.270410654,2.510079879,-2.506942361,-3.771582122,3.782671064
0.04145,1.268616297,-1.272295096,2.602426204,-2.599101919,-3.865687536,3.876751979
0.0415,1.270128932,-1.273896102,2.698731386,-2.6952136,-3.963465011,3.974505009
0.04155,1.271226795,-1.275082246,2.798982081,-2.795263778,-4.064769647,4.075785253
0.0416,1.271782971,-1.275726575,2.903160936,-2.899234815,-4.169457014,4.180448283
0.04165,1.271675047,-1.275706633,3.011246692,-3.007105172,-4.277383279,4.288350264
0.0417,1.270785135,-1.274904475,3.123214296,-3.118849517,-4.388405335,4.399348089
0.04175,1.268999874,-1.273206679,3.23903502,-3.234438845,-4.50238092,4.513299497
0.0418,1.26621043,-1.270504339,3.358676575,-3.353840596,-4.619168743,4.630063197
0.04185,1.262312498,-1.266693072,3.482103237,-3.477018774,-4.738628599,4.749498982
0.0419,1.223761707,-1.228228381,3.570756851,-3.565474302,-4.795293713,4.806140078
0.04195,1.208174146,-1.212724343,3.575928716,-3.570522587,-4.778252034,4.789074436
0.042,1.181119668,-1.185750563,3.588169913,-3.582639858,-4.763496444,4.774294934
0.04205,1.145699644,-1.150408592,3.609656643,-3.604002265,-4.749551834,4.760326465
0.0421,1.111362413,-1.116146838,3.633505724,-3.627726528,-4.739050911,4.749801736
0.04215,1.080578416,-1.085435776,3.657941385,-3.652036768,-4.73268821,4.743415281
0.0422,1.05119917,-1.056126979,3.684427046,-3.678396308,-4.729778639,4.740482009
0.04225,1.012578138,-1.017573648,3.646273538,-3.640116298,-4.646418861,4.657021358
0.0423,0.930954787,-0.936012915,3.533578053,-3.527298098,-4.458786189,4.469192133
0.04235,0.859922593,-0.865037896,3.423208126,-3.416810092,-4.277380826,4.287597652
0.0424,0.797074968,-0.80224228,3.314037043,-3.307525379,-4.105422414,4.115457247
0.04245,0.737800569,-0.743015022,3.209125937,-3.202504924,-3.941293401,3.95115305
0.0425,0.680736731,-0.685993762,3.109275339,-3.102549096,-3.784431984,3.794122944
0.04255,0.62675627,-0.632051589,3.013817697,-3.006990177,-3.635043636,3.644572097
0.0426,0.576307049,-0.581636623,2.922381972,-2.915456957,-3.493205374,3.502577227
0.04265,0.529056092,-0.534416129,2.835103858,-2.828084958,-3.358720096,3.367940942
0.0427,0.484619876,-0.490006822,2.752145489,-2.745036147,-3.231366592,3.240441742
0.04275,0.44284289,-0.448253409,2.673522051,-2.666325537,-3.111004701,3.119939187
0.0428,0.403635409,-0.409066375,2.599208001,-2.591927417,-2.997519312,3.00631789
0.04285,0.366853812,-0.372302292,2.529211303,-2.521849578,-2.890774914,2.899442071
0.0429,0.33232617,-0.337789417,2.463556341,-2.456116234,-2.7906241,2.799164062
0.04295,0.299893909,-0.305369346,2.40225836,-2.394742459,-2.69692367,2.705340404
0.043,0.269411697,-0.274896907,2.345323892,-2.337734614,-2.609534944,2.617832166
0.04305,0.240734727,-0.246227442,2.292758449,-2.285098038,-2.528318738,2.536499919
0.0431,0.213716684,-0.219214771,2.244567627,-2.236838158,-2.453134434,2.461202806
0.04315,0.188213365,-0.193714817,2.200754953,-2.192958329,-2.383841451,2.391800012
0.0432,0.164083916,-0.16958684,2.161321194,-2.153459149,-2.32029979,2.32815131
0.04325,0.141189964,-0.146692571,2.126264883,-2.118338981,-2.262369686,2.270116713
0.0433,0.119395175,-0.124895768,2.095582571,-2.087594205,-2.209911427,2.217556293
0.04335,0.098565525,-0.10406249,2.069268683,-2.061219078,-2.162785474,2.170330302
0.0434,0.078569522,-0.084061317,2.047315414,-2.039205626,-2.120852586,2.128299292
0.04345,0.05927821,-0.064763354,2.029712747,-2.021543665,-2.083973836,2.09132414
0.0435,0.040565158,-0.046042224,2.016448479,-2.008220824,-2.05201063,2.059266055
0.04355,0.022306513,-0.027774114,2.007508215,-1.999222544,-2.02482475,2.031986636
0.0436,0.004381058,-0.009837842,2.002875365,-1.994532068,-2.002278416,2.009347917
0.04365,-0.013343666,0.007878085,2.002534959,-1.994134263,-1.984230419,1.991208516
0.0437,-0.030952669,0.025500594,2.006454749,-1.997996718,-1.970555373,1.977442876
0.04375,-0.048576806,0.043139544,2.01462169,-2.006106227,-1.961107007,1.96790456
0.0438,-0.06632836,0.060907221,2.027009281,-2.018436126,-1.955750869,1.962458956
0.04385,-0.084311617,0.07890792,2.043588576,-2.034957313,-1.9543537,1.960972652
0.0439,-0.102630512,0.097245597,2.064329756,-2.055639809,-1.956781728,1.963311727
0.04395,-0.121387648,0.116022879,2.089201641,-2.08045228,-1.962901154,1.96934224
0.044,-0.140682087,0.135338863,2.118170694,-2.109361033,-1.972579352,1.978931425
0.04405,-0.160609437,0.155289198,2.151201118,-2.142330119,-1.985684886,1.991947715
0.0441,-0.18126249,0.175966725,2.188255195,-2.179321668,-2.00208721,2.008260438
0.04415,-0.202731232,0.197461483,2.229293336,-2.220295941,-2.021656708,2.027739853
0.0442,-0.225102622,0.219860496,2.274274022,-2.265211275,-2.044264857,2.050257322
0.04425,-0.248460563,0.243247731,2.32315385,-2.314024117,-2.069784298,2.075685374
0.0443,-0.272885943,0.267704154,2.375887593,-2.366689099,-2.098088861,2.103897734
0.04435,-0.298456644,0.293307724,2.432428259,-2.423159088,-2.129053614,2.134769365
0.0444,-0.325247518,0.320133381,2.492727133,-2.483385228,-2.162554923,2.168176539
0.04445,-0.353330384,0.348253035,2.556733825,-2.547316993,-2.198470513,2.203996887
0.0445,-0.382774032,0.37773557,2.624396331,-2.614902243,-2.236679515,2.242109457
0.04455,-0.413644229,0.408646856,2.695661082,-2.686087279,-2.277062521,2.282394755
0.0446,-0.446003727,0.441049751,2.770473012,-2.760816901,-2.319501631,2.324734803
0.04465,-0.479912273,0.47500411,2.848775607,-2.839034469,-2.363880503,2.369013189
0.0447,-0.51542662,0.510566803,2.930510972,-2.920681964,-2.410084404,2.41511511
0.04475,-0.552600545,0.547791724,3.015619894,-3.005700048,-2.458000251,2.462927421
0.0448,-0.591484871,0.586729818,3.1040419,-3.094028129,-2.507516663,2.512338678
0.04485,-0.632127482,0.627429095,3.195715328,-3.185604426,-2.558523994,2.563239183
0.0449,-0.674573355,0.669934661,3.290577387,-3.280366034,-2.610914383,2.615521022
0.04495,-0.718864582,0.714288739,3.388564226,-3.378248989,-2.664581787,2.669078107
0.045,-0.765040401,0.760530702,3.489611,-3.479188337,-2.719422023,2.72380621
0.04505,-0.813137231,0.808697106,3.593651937,-3.583118197,-2.775332797,2.779603001
0.0451,-0.863188701,0.858821721,3.700620405,-3.689971835,-2.832213741,2.836368076
0.04515,-0.915225694,0.91093557,3.810448979,-3.799681724,-2.889966445,2.894002994
0.0452,-0.96927638,0.965066968,3.923069512,-3.912179617,-2.94849448,2.9524113
0.04525,-1.025366263,1.021241563,4.038413199,-4.027396614,-3.007703431,3.011498555
0.0453,-1.083518219,1.079482379,4.156410643,-4.145263226,-3.067500915,3.071172355
0.04535,-1.143752545,1.139809861,4.276991929,-4.265709444,-3.127796607,3.13134236
0.0454,-1.206087004,1.202241922,4.40008668,-4.388664809,-3.188502256,3.191920306
0.04545,-1.270536878,1.266793992,4.525624133,-4.51405847,-3.249531705,3.252820027
0.0455,-1.337115012,1.33347907,4.653533199,-4.641819256,-3.310800905,3.313957467
0.04555,-1.405831872,1.402307773,4.783742527,-4.771875739,-3.372227927,3.375250694
0.0456,-1.476695597,1.47328839,4.91618057,-4.904156296,-3.433732971,3.436619908
0.04565,-1.549712049,1.546426937,5.050775644,-5.03858917,-3.495238377,3.497987451
0.0457,-1.603864098,1.600706012,5.098011069,-5.085742327,-3.494893132,3.497502704
0.04575,-1.606346095,1.603316379,5.034652013,-5.022410378,-3.422452116,3.424924478
0.0458,-1.614313022,1.611412131,4.973138872,-4.960924283,-3.353055568,3.35539381
0.04585,-1.625747683,1.622976102,4.916728349,-4.904540746,-3.285224712,3.287431752
0.0459,-1.637890032,1.635248301,4.864724323,-4.852563647,-3.221091087,3.223169695
0.04595,-1.65003143,1.64752016,4.816920899,-4.80478709,-3.161157367,3.163110177
0.046,-1.662851422,1.660471287,4.773387056,-4.761280056,-3.104813021,3.106642526
0.04605,-1.638214492,1.635966155,4.675620022,-4.66353977,-3.025109357,3.026768385
0.0461,-1.633937553,1.631819211,4.51195431,-4.499900747,-2.872400457,2.873832304
0.04615,-1.616646965,1.614656426,4.356187439,-4.344160507,-2.733914414,2.735129909
0.0462,-1.590051636,1.588186871,4.207186757,-4.195186397,-2.611562584,2.612572054
0.04625,-1.565091731,1.563350777,4.066694698,-4.054720851,-2.496079933,2.496893107
0.0463,-1.544432305,1.542813246,3.934951998,-3.923004604,-2.385042525,2.385668525
0.04635,-1.525586089,1.524087098,3.811465178,-3.79954418,-2.280444389,2.280891781
0.0464,-1.507363721,1.505983088,3.69598,-3.684085339,-2.183220854,2.183497676
0.04645,-1.490413515,1.489149656,3.588484083,-3.5766157,-2.092711417,2.092825195
0.0465,-1.475381765,1.47423322,3.488945107,-3.477102946,-2.008237652,2.008195416
0.04655,-1.462357517,1.461322967,3.397260915,-3.385444917,-1.929608524,1.929416824
0.0466,-1.451316959,1.450395234,3.313319707,-3.301529814,-1.8567362,1.856401127
0.04665,-1.442378131,1.441568223,3.237023013,-3.225259167,-1.789404311,1.788931515
0.0467,-1.435714088,1.435015158,3.168273794,-3.156535937,-1.727342887,1.726737599
0.04675,-1.431460251,1.43087164,3.10696896,-3.095257035,-1.670313529,1.669580575
0.0468,-1.429724502,1.429245736,3.053001364,-3.041315314,-1.61810131,1.617245129
0.04685,-1.43061666,1.430247463,3.006261877,-2.994601646,-1.570487368,1.569512033
0.0469,-1.434250059,1.433990359,2.966639176,-2.955004705,-1.527247114,1.526156348
0.04695,-1.440732835,1.440582773,2.934019297,-2.92241053,-1.488158513,1.486955705
0.047,-1.450166066,1.450126001,2.908285727,-2.896702607,-1.45300402,1.451692247
0.04705,-1.462646027,1.462716547,2.889319565,-2.877762035,-1.421568494,1.420150532
0.0471,-1.478264995,1.478446919,2.876999582,-2.865467586,-1.393638454,1.3921168
0.04715,-1.497110616,1.497405003,2.87120228,-2.859695761,-1.369002767,1.367379655
0.0472,-1.519265521,1.519673677,2.871801979,-2.860320881,-1.347453124,1.345730538
0.04725,-1.544807419,1.5453309,2.878670911,-2.867215178,-1.328784037,1.326963731
0.0473,-1.573809182,1.574449801,2.89167931,-2.880248886,-1.31279285,1.310876364
0.04735,-1.606338794,1.607098625,2.910695515,-2.899290343,-1.299279883,1.297268555
0.0474,-1.642459302,1.643340684,2.935586069,-2.924206095,-1.288048595,1.285943581
0.04745,-1.68222881,1.683234352,2.966215839,-2.954861006,-1.278905698,1.276707984
0.0475,-1.725700488,1.726833073,3.002448123,-2.991118377,-1.271661261,1.269371679
0.04755,-1.772922583,1.774185369,3.044144775,-3.032840059,-1.266128818,1.263748063
0.0476,-1.823938432,1.825334859,3.091166319,-3.079886578,-1.262125484,1.259654122
0.04765,-1.878786485,1.880320272,3.143372083,-3.132117263,-1.259472049,1.256910539
0.0477,-1.937500336,1.939175486,3.200620322,-3.189390367,-1.257993082,1.255341785
0.04775,-2.000108761,2.001929566,3.262768352,-3.251563208,-1.257517021,1.254776213
0.0478,-2.066635768,2.068606804,3.32967268,-3.31849229,-1.257876256,1.255046142
0.04785,-2.137100647,2.13922678,3.401189137,-3.390033449,-1.258907214,1.255987944
0.0479,-2.211518032,2.213804417,3.47717302,-3.466041979,-1.260450437,1.257442113
0.04795,-2.289897966,2.292350046,3.55747922,-3.546372771,-1.262350644,1.259253335
0.048,-2.372245977,2.374869484,3.641962363,-3.630880451,-1.2644568,1.261270552
0.04805,-2.458563156,2.461364112,3.730476944,-3.719419515,-1.26662217,1.263347021
0.0481,-2.548846242,2.551830956,3.822877463,-3.811844464,-1.268704371,1.265340358
0.04815,-2.643087714,2.646262784,3.919018563,-3.90800994,-1.270565416,1.267112588
0.0482,-2.741275889,2.744648197,4.018755157,-4.007770856,-1.272071749,1.268530177
0.04825,-2.843395021,2.846971733,4.121942567,-4.110982534,-1.273094281,1.269464065
0.0483,-2.949425407,2.953213972,4.228436648,-4.21750083,-1.273508407,1.269789691
0.04835,-3.059343499,3.063351645,4.33809392,-4.327182263,-1.273194032,1.269387008
0.0484,-3.173122016,3.17735775,4.450771692,-4.439884143,-1.272035575,1.268140494
0.04845,-3.290730066,3.295201667,4.566328183,-4.555464689,-1.269921978,1.265939161
0.0485,-3.41213326,3.416849281,4.684622642,-4.673783151,-1.266746706,1.262676547
0.04855,-3.537293843,3.542263104,4.805515467,-4.794699926,-1.262407734,1.258250712
0.0486,-3.627185526,3.632356751,4.863322049,-4.852530404,-1.223670454,1.219427173
0.04865,-3.633413245,3.63871066,4.84723934,-4.836471539,-1.207968624,1.203641672
0.0487,-3.646570689,3.651994671,4.833400285,-4.822656274,-1.180893807,1.176486015
0.04875,-3.668884532,3.674435512,4.820320858,-4.809600586,-1.145488112,1.141002135
0.0488,-3.693607108,3.699285613,4.81062995,-4.799933364,-1.111060509,1.106498937
0.04885,-3.718953404,3.724760071,4.805038456,-4.794365504,-1.080106976,1.075472363
0.0489,-3.678872995,3.684808145,4.719220383,-4.708649273,-1.040997371,1.03629255
0.04895,-3.564455961,3.570515755,4.528934892,-4.518562583,-0.958580566,0.953810725
0.049,-3.45270384,3.458883586,4.344753626,-4.334572581,-0.886284163,0.881454848
0.04905,-3.342206874,3.34850207,4.170025674,-4.160028665,-0.822114463,0.817230939
0.0491,-3.235870978,3.242277289,4.003224971,-3.993405089,-0.761707283,0.75677451
0.04915,-3.134549564,3.141062815,3.843769229,-3.834119882,-0.703627049,0.698649683
0.0492,-3.037637536,3.044253721,3.691828055,-3.682342957,-0.648648668,0.643631086
0.04925,-2.94476152,2.951476803,3.547476793,-3.538149958,-0.597221055,0.592167372
0.0493,-2.85603728,2.862847994,3.410529586,-3.401355322,-0.549042774,0.543956859
0.04935,-2.77162394,2.778526589,3.280767818,-3.271740723,-0.503736264,0.498621747
0.0494,-2.691542799,2.698534056,3.158047813,-3.149162768,-0.461136719,0.455997006
0.04945,-2.61577089,2.622847599,3.042252604,-3.033504765,-0.421150298,0.415988582
0.0495,-2.544315215,2.551474391,2.933247179,-2.924631975,-0.383635137,0.378454411
0.04955,-2.477199681,2.48443851,2.830884518,-2.82239764,-0.348420448,0.343223519
0.0496,-2.414440263,2.421756102,2.735021011,-2.726658413,-0.31534678,0.31013628
0.04965,-2.356044286,2.363434664,2.645517478,-2.637275363,-0.284267747,0.279046143
0.0497,-2.302017701,2.309480316,2.562234474,-2.554109295,-0.255038071,0.24980768
0.04975,-2.252366482,2.259899205,2.485031195,-2.477019645,-0.227511078,0.222274076
0.0498,-2.207094643,2.214695516,2.413766798,-2.405865805,-0.201542005,0.196300439
0.04985,-2.166203486,2.17387072,2.348300985,-2.340507708,-0.176989344,0.171745143
0.0499,-2.129692057,2.137424034,2.288493712,-2.280805533,-0.153714084,0.148469071
0.04995,-2.097557408,2.105352679,2.23420499,-2.226619509,-0.131579255,0.126335156
0.05,-2.069794482,2.077651768,2.185294998,-2.177810027,-0.110450159,0.105208616
0.05005,-2.046395998,2.054314189,2.141624199,-2.134237756,-0.090194595,0.084957173
0.0501,-2.027352464,2.035330617,2.103053364,-2.095763669,-0.070682877,0.065451076
0.05015,-2.012652203,2.020689542,2.069443591,-2.062249058,-0.051787818,0.046563085
0.0502,-2.002281349,2.010377264,2.040656347,-2.033555579,-0.033384789,0.028168523
0.05025,-1.996223837,2.004377885,2.016553523,-2.009545308,-0.015351772,0.010145336
0.0503,-1.994464211,2.002676111,1.996994655,-1.990077958,0.002426162,-0.007623934
0.05035,-1.996973428,2.005243065,1.981851178,-1.975025135,0.020077385,-0.025262674
0.0504,-2.003737895,2.012065315,1.970977565,-1.964241481,0.03770634,-0.042877827
0.05045,-2.014729082,2.023114491,1.964241716,-1.957595056,0.055425213,-0.060581588
0.0505,-2.029920767,2.038364531,1.961507668,-1.954950054,0.073343815,-0.078483761
0.05055,-2.049283973,2.057786615,1.962640849,-1.956172052,0.091567752,-0.096689935
0.0506,-2.072787392,2.081349593,1.967507748,-1.961127684,0.110199245,-0.115302308
0.05065,-2.100397827,2.109020424,1.975975508,-1.969684232,0.129337979,-0.134420533
0.0507,-2.132080135,2.140764117,1.987912067,-1.98170977,0.149080899,-0.154141516
0.05075,-2.167797132,2.176543639,2.003186366,-1.997073367,0.169521916,-0.174559122
0.0508,-2.207509642,2.216319966,2.02166839,-2.015645131,0.190751909,-0.195764178
0.05085,-2.251176582,2.26005216,2.043229178,-2.03729622,0.212858799,-0.217844545
0.0509,-2.298754996,2.307697415,2.067740878,-2.061898895,0.235927534,-0.240885103
0.05095,-2.350200094,2.359211082,2.095076822,-2.089326596,0.260040045,-0.264967713
0.051,-2.405465295,2.414546724,2.125111575,-2.119453992,0.285275244,-0.290171208
0.05105,-2.464502281,2.473656162,2.157720992,-2.152157036,0.31170902,-0.316571393
0.0511,-2.52726105,2.536489531,2.192782272,-2.187313019,0.339414242,-0.344241048
0.05115,-2.593689966,2.602995334,2.230174004,-2.224800621,0.368460754,-0.373249921
0.0512,-2.663735819,2.673120491,2.269776229,-2.264499966,0.398915378,-0.403664737
0.05125,-2.737343879,2.746810403,2.311470487,-2.306292671,0.430841924,-0.4355492
0.0513,-2.814457955,2.82400901,2.355139862,-2.350061897,0.464301198,-0.468964007
0.05135,-2.895020458,2.904658847,2.40066904,-2.395692397,0.499351012,-0.503966857
0.0514,-2.978972461,2.988701113,2.447944344,-2.443070562,0.536046201,-0.540612468
0.05145,-3.066253765,3.076075728,2.49685379,-2.492084467,0.57443864,-0.578952596
0.0515,-3.156802958,3.166721399,2.547287122,-2.542623914,0.614577268,-0.619036052
0.05155,-3.250557485,3.260575686,2.599135858,-2.594580473,0.656508107,-0.660908733
0.0516,-3.34745371,3.357575069,2.652293328,-2.647847521,0.70027429,-0.70461364
0.05165,-3.447426987,3.457655011,2.706654713,-2.702320284,0.745916089,-0.750190911
0.0517,-3.550411723,3.560750027,2.762117078,-2.757895866,0.79347095,-0.797677856
0.05175,-3.656341447,3.666793751,2.818579407,-2.814473287,0.84297352,-0.847108984
0.0518,-3.765148877,3.775719004,2.875942634,-2.871953514,0.894455689,-0.898516043
0.05185,-3.876765988,3.88745786,2.934109673,-2.93023949,0.947946627,-0.951928058
0.0519,-3.991124081,4.001941717,2.992985446,-2.989236158,1.00347282,-1.007371374
0.05195,-4.108153847,4.11910136,3.052476901,-3.04885049,1.061058121,-1.064869695
0.052,-4.227785437,4.238867031,3.112493044,-3.108991509,1.120723786,-1.12444413
0.05205,-4.349948528,4.361168495,3.172944951,-3.169570304,1.182488526,-1.186113241
0.0521,-4.474572386,4.485935105,3.233745791,-3.230500056,1.246368553,-1.24989309
0.05215,-4.601585939,4.613095868,3.294810839,-3.291696045,1.312377632,-1.31579729
0.0522,-4.730917832,4.742579513,3.356057489,-3.353075672,1.380527128,-1.383837056
0.05225,-4.862496499,4.874314548,3.417405267,-3.41455846,1.450826063,-1.454021258
0.0523,-4.996250221,5.008229329,3.478775834,-3.476066073,1.523281168,-1.526356474
0.05235,-5.042854776,5.054915693,3.478161915,-3.475590841,1.577139866,-1.580090396
0.0524,-4.979041761,4.991076031,3.405397503,-3.402962818,1.57945486,-1.582279288
0.05245,-4.917100581,4.929108263,3.33566529,-3.333363897,1.587296575,-1.589994458
0.0525,-4.860283079,4.872264231,3.267496927,-3.265325903,1.598632383,-1.60120325
0.05255,-4.807876134,4.819830816,3.203058969,-3.201015537,1.610650132,-1.613093457
0.0526,-4.759672412,4.771600682,3.142853683,-3.140935208,1.62264008,-1.624955268
0.05265,-4.715746223,4.727648139,3.086256898,-3.084460881,1.635300669,-1.63748706
0.0527,-4.617423884,4.629299503,3.006052394,-3.004425667,1.610543487,-1.612600436
0.05275,-4.453120917,4.464970299,2.852659396,-2.851258193,1.606189387,-1.608118709
0.0528,-4.296683548,4.308506751,2.713567094,-2.712380558,1.588719255,-1.590523161
0.05285,-4.146993386,4.158790467,2.590648732,-2.589666507,1.561894038,-1.563574569
0.0529,-4.005829692,4.01760071,2.474593907,-2.473806239,1.536735559,-1.538294697
0.05295,-3.873432854,3.885177866,2.363015918,-2.362413663,1.515870728,-1.517310411
0.053,-3.749297795,3.761016858,2.257943111,-2.257517683,1.49676589,-1.498087968
0.05305,-3.63317007,3.644863242,2.160297942,-2.160041286,1.478243939,-1.479450144
0.0531,-3.525042159,3.536709497,2.069400081,-2.069304655,1.460977488,-1.462069433
0.05315,-3.424883429,3.436524991,1.984571714,-1.984630476,1.44561353,-1.4465927
0.0532,-3.332591315,3.344207157,1.905629474,-1.905835866,1.432232693,-1.433100439
0.05325,-3.248054323,3.259644502,1.832486044,-1.832833967,1.420810646,-1.421568167
0.0533,-3.171175025,3.182739598,1.764921361,-1.765405158,1.411469884,-1.41211822
0.05335,-3.101857292,3.113396315,1.702663765,-1.703278206,1.404385806,-1.40492583
0.0534,-3.039998681,3.051512211,1.645475116,-1.646215375,1.399693997,-1.400126405
0.05345,-2.985492676,2.99698077,1.593140307,-1.594001947,1.397502946,-1.397828246
0.0535,-2.938230824,2.949693537,1.545439488,-1.546418442,1.397923962,-1.398142468
0.05355,-2.898102458,2.909539847,1.502147098,-1.50323965,1.401071868,-1.401183689
0.0536,-2.864994236,2.876406356,1.463040397,-1.464243167,1.407055996,-1.407061032
0.05365,-2.838790234,2.850177142,1.427901163,-1.429211088,1.415978597,-1.415876528
0.0537,-2.819372116,2.830733867,1.396513461,-1.397927777,1.427937231,-1.427727513
0.05375,-2.80661919,2.81795584,1.368662978,-1.370179207,1.443025496,-1.442707349
0.0538,-2.800408469,2.811720073,1.344137771,-1.345753697,1.461332333,-1.46090474
0.05385,-2.800614752,2.811901365,1.322728717,-1.324442376,1.482941662,-1.482403361
0.0539,-2.807110718,2.818372396,1.304229495,-1.306039157,1.507932492,-1.50728197
0.05395,-2.819767019,2.831003817,1.2884366,-1.290340751,1.536378998,-1.535614487
0.054,-2.838452376,2.849664349,1.275149497,-1.277146824,1.568350467,-1.567469936
0.05405,-2.863033687,2.874220889,1.264170781,-1.266260158,1.60391124,-1.602912395
0.0541,-2.893376135,2.904538621,1.255306292,-1.257486764,1.643120712,-1.642000987
0.05415,-2.929343305,2.94048113,1.248365221,-1.250635987,1.686033334,-1.684789893
0.0542,-2.9707973,2.981910518,1.243160218,-1.24552062,1.732698626,-1.731328354
0.05425,-3.017598863,3.02868753,1.239507507,-1.241957011,1.783161186,-1.781660689
0.0543,-3.069607506,3.080671675,1.237226987,-1.239765175,1.837460708,-1.835826311
0.05435,-3.126681634,3.137721358,1.236142333,-1.238768882,1.895632018,-1.89385976
0.0544,-3.188678676,3.19969401,1.236081084,-1.238795758,1.957705104,-1.95579074
0.05445,-3.255455222,3.26644622,1.236874736,-1.239677372,2.023705169,-2.021644165
0.0545,-3.326867154,3.337833869,1.238358823,-1.241249315,2.093652675,-2.091440208
0.05455,-3.402769781,3.413712268,1.240372993,-1.243351284,2.167563407,-2.165194365
0.0546,-3.48301798,3.493936291,1.242761077,-1.245827143,2.245448533,-2.242917516
0.05465,-3.567466326,3.578360515,1.245371158,-1.248524999,2.327314684,-2.324616
0.0547,-3.655969235,3.666839355,1.248055623,-1.251297251,2.413164023,-2.410291692
0.05475,-3.748381097,3.759227201,1.250671222,-1.254000648,2.502994338,-2.49994209
0.0548,-3.844556413,3.855378554,1.253079106,-1.256496331,2.596799125,-2.593560403
0.05485,-3.944349927,3.955148158,1.25514487,-1.258649875,2.69456769,-2.691135649
0.0549,-4.047616761,4.058391135,1.256738583,-1.260331319,2.796285241,-2.792652754
0.05495,-4.154212548,4.164963117,1.257734815,-1.261415191,2.901933003,-2.898092656
0.055,-4.263993554,4.274720371,1.258012655,-1.261780531,3.011488318,-3.00743242
0.05505,-4.376816811,4.387519928,1.257455723,-1.261310902,3.124924768,-3.120645347
0.0551,-4.492540239,4.503219708,1.255952178,-1.259894394,3.242212283,-3.237701092
0.05515,-4.611022761,4.621678635,1.253394714,-1.257423626,3.363317268,-3.358565788
0.0552,-4.732124429,4.742756759,1.249680555,-1.253795742,3.488202724,-3.483202166
0.05525,-4.790241189,4.800850028,1.211412951,-1.215613862,3.578025542,-3.572826313
0.0553,-4.774549676,4.785135075,1.196196118,-1.200480201,3.584177522,-3.578854232
0.05535,-4.761076114,4.771638125,1.169443208,-1.173807667,3.59739986,-3.591952129
0.0554,-4.748357329,4.758896003,1.134285461,-1.138727676,3.619850823,-3.614278218
0.05545,-4.739062814,4.749578203,1.100220898,-1.104738313,3.644634334,-3.638936326
0.0555,-4.733885928,4.744378084,1.069695125,-1.074285219,3.669998285,-3.664174236
0.05555,-4.732127461,4.742596434,1.040529004,-1.045189308,3.697422631,-3.691471807
0.0556,-4.65005038,4.660418947,1.002360774,-1.007088557,3.660099706,-3.654021692
0.05565,-4.463761705,4.473934079,0.921295906,-0.926086132,3.548190362,-3.541988916
0.0557,-4.28370646,4.293690022,0.850847838,-0.85569511,3.438587016,-3.432266749
0.05575,-4.113096778,4.122898602,0.788589295,-0.793488491,3.330176135,-3.323741467
0.0558,-3.950284034,3.959910878,0.729846932,-0.734793227,3.226049783,-3.219504968
0.05585,-3.794703001,3.804161311,0.67325806,-0.678246928,3.127005097,-3.120354226
0.0559,-3.646568966,3.655864883,0.619718329,-0.624745516,3.032361504,-3.025608501
0.05595,-3.505961381,3.515100749,0.569679343,-0.574740847,2.941746662,-2.934895278
0.056,-3.372679823,3.381668194,0.522800919,-0.52789298,2.855300151,-2.848353968
0.05605,-3.246501388,3.25534403,0.478697446,-0.483816534,2.773184504,-2.766146935
0.0561,-3.127286488,3.135988389,0.437216038,-0.442358842,2.695412855,-2.688287142
0.05615,-3.014920396,3.02348627,0.398268608,-0.403432022,2.621958412,-2.614747624
0.0562,-2.909267187,2.917701478,0.361711401,-0.366892512,2.552828857,-2.545535894
0.05625,-2.810178988,2.818485881,0.327372429,-0.332568504,2.488048173,-2.480675762
0.0563,-2.717512407,2.72569583,0.295093687,-0.300302161,2.427630845,-2.420181544
0.05635,-2.631128644,2.639192276,0.264730506,-0.269948973,2.371582623,-2.364058817
0.0564,-2.550888325,2.558835599,0.236138573,-0.241364772,2.319908338,-2.312312241
0.05645,-2.476650625,2.484484738,0.209172029,-0.214403831,2.272612923,-2.264946579
0.0565,-2.408274791,2.415998705,0.183687202,-0.188922603,2.229699205,-2.221964485
0.05655,-2.345620676,2.353237129,0.159543809,-0.164780916,2.191167237,-2.183365843
0.0566,-2.288548381,2.296059888,0.136604051,-0.141841072,2.15701484,-2.149148305
0.05665,-2.236918066,2.244326928,0.11473218,-0.119967413,2.127237858,-2.119307543
0.0567,-2.190590083,2.197898393,0.093794772,-0.099026595,2.101830005,-2.093837104
0.05675,-2.149425101,2.156634747,0.073660958,-0.07888782,2.080782766,-2.072728303
0.0568,-2.113284117,2.12039679,0.054202423,-0.05942283,2.06408541,-2.055970244
0.05685,-2.082028479,2.089045679,0.035293386,-0.040505897,2.051725027,-2.043549848
0.0569,-2.055519932,2.062442971,0.016810662,-0.022013875,2.043686517,-2.035451849
0.05695,-2.033620672,2.040450683,-0.00134402,-0.003821096,2.039952587,-2.031658791
0.057,-2.016193627,2.022931567,-0.019356954,0.014170835,2.040503441,-2.032150712
0.05705,-2.003101757,2.009748413,-0.037273246,0.032100494,2.045317763,-2.036906135
0.0571,-1.994208251,2.000764248,-0.055229823,0.050071769,2.054372374,-2.045901718
0.05715,-1.989378769,1.995844573,-0.073334566,0.068192546,2.067640212,-2.059110241
0.0572,-1.988478235,1.994854158,-0.091694735,0.086570098,2.08509348,-2.076503747
0.05725,-1.991372319,1.997658528,-0.110414734,0.105308847,2.106702263,-2.098052164
0.0573,-1.997927869,2.004124386,-0.12959538,0.124509639,2.13243425,-2.123723024
0.05735,-2.008012639,2.014119352,-0.149334513,0.144270351,2.162255062,-2.153481794
0.0574,-2.021495207,2.027511871,-0.169727229,0.16468612,2.196128401,-2.187292025
0.05745,-2.038245112,2.044171357,-0.190865693,0.18584916,2.234016011,-2.225115311
0.0575,-2.05813297,2.063968305,-0.212839027,0.207848652,2.275877673,-2.266911281
0.05755,-2.081030502,2.086774319,-0.235733344,0.23077077,2.321671266,-2.312637669
0.0576,-2.106810574,2.112462156,-0.259631756,0.254698697,2.371352823,-2.362250362
0.05765,-2.135347259,2.140905784,-0.284614368,0.279712612,2.424876574,-2.415703449
0.0577,-2.166515898,2.171980441,-0.310758248,0.305889665,2.482194992,-2.472949259
0.05775,-2.200193149,2.205562692,-0.338137436,0.333303982,2.543258841,-2.533938419
0.0578,-2.236257047,2.241530479,-0.366822943,0.362026667,2.608017231,-2.598619904
0.05785,-2.274587046,2.279763172,-0.396882751,0.392125798,2.676417677,-2.666941091
0.0579,-2.315064082,2.320141625,-0.42838182,0.423666439,2.748406148,-2.738847819
0.05795,-2.357570614,2.36254822,-0.461382099,0.456710644,2.823927132,-2.814284446
0.058,-2.401990677,2.406866921,-0.495942532,0.491317468,2.902923691,-2.893193908
0.05805,-2.448209929,2.452983318,-0.532119075,0.527542983,2.985337526,-2.97551778
0.0581,-2.496115696,2.500784674,-0.569964715,0.565440294,3.071109038,-3.061196341
0.05815,-2.545597015,2.550159968,-0.609529486,0.605059558,3.160177391,-3.150168635
0.0582,-2.596544678,2.600999937,-0.650860494,0.646448008,3.252480579,-3.242372539
0.05825,-2.648851272,2.653197119,-0.694001944,0.689649977,3.347955487,-3.337744825
0.0583,-2.702411215,2.706645885,-0.738995164,0.734706925,3.446537963,-3.436221227
0.05835,-2.757120797,2.761242484,-0.785878638,0.781657473,3.548162881,-3.537736511
0.0584,-2.812878208,2.81688507,-0.834688039,0.830537429,3.652764208,-3.642224538
0.05845,-2.869583578,2.873473735,-0.885456263,0.881379831,3.760275073,-3.749618333
0.0585,-2.927138998,2.930910543,-0.938213469,0.934214978,3.870627834,-3.859850153
0.05855,-2.985448555,2.989099554,-0.992987116,0.989070475,3.983754145,-3.972851555
0.0586,-3.044418355,3.047946852,-1.049802009,1.045971271,4.099585025,-4.088553462
0.05865,-3.103956547,3.107360565,-1.108680338,1.104939703,4.218050923,-4.20688623
0.0587,-3.16397334,3.167250889,-1.169641728,1.165995544,4.339081785,-4.327779716
0.05875,-3.224381028,3.227530104,-1.232703285,1.22915605,4.462607122,-4.451163345
0.0588,-3.285094002,3.288112593,-1.297879645,1.294436007,4.588556074,-4.576966174
0.05885,-3.346028766,3.348914853,-1.365183027,1.361847784,4.716857476,-4.705116955
0.0589,-3.407103947,3.409855511,-1.434623283,1.431401386,4.847439922,-4.835544205
0.05895,-3.468240306,3.470855327,-1.506207953,1.503104504,4.980231826,-4.968176264
0.059,-3.529360746,3.531837208,-1.57994232,1.576962572,5.115161488,-5.102941359
0.05905,-3.528778611,3.531114889,-1.634534773,1.631683706,5.162601569,-5.150297862
0.0591,-3.456167467,3.458365861,-1.637325807,1.634604785,5.099381883,-5.087105359
0.05915,-3.386627432,3.388691039,-1.645552265,1.642961758,5.037985259,-5.025735859
0.0592,-3.318666549,3.320598293,-1.657215646,1.654756154,4.981673913,-4.969451576
0.05925,-3.254376647,3.256179307,-1.669613557,1.667285635,4.929769667,-4.917574334
0.0593,-3.194261699,3.195937915,-1.682037146,1.679841422,4.882067713,-4.869899324
0.05935,-3.110644946,3.11214626,-1.656826805,1.654763893,4.779812406,-4.767670901
0.0594,-2.953832984,2.955101126,-1.652046695,1.650114773,4.611537895,-4.599423215
0.05945,-2.811073138,2.812119278,-1.63446584,1.632662689,4.451204545,-4.43911663
0.0595,-2.684463379,2.685298175,-1.607572579,1.60589614,4.297645745,-4.285584536
0.05955,-2.564961519,2.56559502,-1.582099348,1.580547619,4.152619034,-4.140584472
0.0596,-2.450089061,2.450530702,-1.560792742,1.559363763,4.016392121,-4.004384148
0.05965,-2.341745362,2.342004007,-1.541263773,1.539955669,3.888475127,-3.876493684
0.0597,-2.240872884,2.240956864,-1.522308029,1.521119033,3.768605892,-3.756650919
0.05975,-2.146847559,2.14676468,-1.504535744,1.50346421,3.656770377,-3.644841816
0.0598,-2.058993743,2.058751305,-1.488594311,1.487638714,3.55294014,-3.541037932
0.05985,-1.977107031,1.976711845,-1.474588959,1.473747905,3.457015826,-3.445139914
0.0599,-1.901095676,1.900554082,-1.462500599,1.461772842,3.368886436,-3.357036762
0.05995,-1.830746569,1.830064459,-1.452444847,1.451829295,3.288454333,-3.276630838
0.06,-1.765790778,1.764973614,-1.44459519,1.444090916,3.215623936,-3.203826562
0.06005,-1.70598805,1.705040877,-1.439090431,1.438696682,3.150293675,-3.138522365
0.0601,-1.65112184,1.650049311,-1.4360414,1.435757605,3.09235773,-3.080612426
0.06015,-1.600972603,1.599778992,-1.435559882,1.435385664,3.041708248,-3.029988893
0.0602,-1.555315045,1.554004266,-1.437761232,1.437696412,2.998235209,-2.986541746
0.06025,-1.513926034,1.512501662,-1.442755981,1.442800589,2.961825948,-2.950158318
0.0603,-1.476586808,1.475052091,-1.450647687,1.450801967,2.932365203,-2.92072335
0.06035,-1.443081033,1.441438914,-1.46153504,1.461799462,2.909735291,-2.898119159
0.0604,-1.413194,1.411447132,-1.475512739,1.475888001,2.893816171,-2.882225702
0.06045,-1.386713259,1.384864021,-1.492670905,1.493157941,2.884485495,-2.872920632
0.0605,-1.363429099,1.361479614,-1.513094682,1.513694669,2.881618689,-2.870079376
0.06055,-1.343134572,1.341086724,-1.536864307,1.537578671,2.885089046,-2.873575227
0.0606,-1.325625502,1.323480951,-1.564055188,1.564885608,2.894767815,-2.883279433
0.06065,-1.310700626,1.308460823,-1.594737864,1.595686276,2.910524295,-2.899061294
0.0607,-1.298161752,1.295827957,-1.628977944,1.63004655,2.93222594,-2.920788263
0.06075,-1.287813883,1.285387179,-1.666836097,1.668027366,2.959738466,-2.948326059
0.0608,-1.279465321,1.276946627,-1.708368062,1.709684732,2.992925968,-2.981538774
0.06085,-1.272927774,1.270317866,-1.753624648,1.755069733,3.031651029,-3.020288992
0.0609,-1.268016476,1.265315994,-1.802651747,1.80422854,3.075774846,-3.064437911
0.06095,-1.264550286,1.261759753,-1.85549035,1.857202424,3.125157351,-3.113845463
0.061,-1.262351789,1.259471624,-1.91217658,1.914027789,3.17965734,-3.168370443
0.06105,-1.261247392,1.258277923,-1.97274172,1.974736206,3.239132601,-3.22787064
0.0611,-1.26106741,1.258008887,-2.037212262,2.039354451,3.303440045,-3.292202965
0.06115,-1.261646156,1.258498763,-2.105609952,2.107904558,3.372435842,-3.361223588
0.0612,-1.262822012,1.259585884,-2.177951849,2.180403876,3.445975552,-3.434788069
0.06125,-1.264437508,1.261112737,-2.254250388,2.256865127,3.523914264,-3.512751498
0.0613,-1.266339385,1.262926036,-2.33451345,2.337296483,3.606106729,-3.594968626
0.06135,-1.268378654,1.264876777,-2.418744439,2.421701634,3.6924075,-3.681294004
0.0614,-1.270410654,1.266820292,-2.506942361,2.510079879,3.782671064,-3.771582122
0.06145,-1.272295096,1.268616297,-2.599101919,2.602426204,3.876751979,-3.865687536
0.0615,-1.273896102,1.270128932,-2.6952136,2.698731385,3.974505008,-3.963465011
0.06155,-1.275082246,1.271226795,-2.795263777,2.798982081,4.075785253,-4.064769647
0.0616,-1.275726575,1.271782971,-2.899234815,2.903160936,4.180448282,-4.169457014
0.06165,-1.275706632,1.271675047,-3.007105171,3.011246692,4.288350264,-4.277383279
0.0617,-1.274904475,1.270785135,-3.118849517,3.123214296,4.399348089,-4.388405335
0.06175,-1.273206679,1.268999873,-3.234438845,3.23903502,4.513299497,-4.50238092
0.0618,-1.270504339,1.26621043,-3.353840595,3.358676574,4.630063197,-4.619168743
0.06185,-1.266693072,1.262312498,-3.477018774,3.482103236,4.749498982,-4.738628598
0.0619,-1.228228381,1.223761707,-3.565474302,3.570756851,4.806140078,-4.795293712
0.06195,-1.212724343,1.208174146,-3.570522587,3.575928716,4.789074435,-4.778252034
0.062,-1.185750563,1.181119668,-3.582639858,3.588169913,4.774294934,-4.763496444
0.06205,-1.150408592,1.145699644,-3.604002265,3.609656643,4.760326464,-4.749551833
0.0621,-1.116146837,1.111362413,-3.627726527,3.633505723,4.749801736,-4.739050911
0.06215,-1.085435776,1.080578416,-3.652036768,3.657941385,4.743415281,-4.732688209
0.0622,-1.056126979,1.05119917,-3.678396308,3.684427046,4.740482009,-4.729778639
0.06225,-1.017573648,1.012578138,-3.640116298,3.646273538,4.657021358,-4.646418861
0.0623,-0.936012915,0.930954787,-3.527298098,3.533578053,4.469192133,-4.458786189
0.06235,-0.865037896,0.859922593,-3.416810092,3.423208126,4.287597652,-4.277380826
0.0624,-0.80224228,0.797074968,-3.307525378,3.314037043,4.115457247,-4.105422414
0.06245,-0.743015022,0.737800568,-3.202504924,3.209125937,3.95115305,-3.941293401
0.0625,-0.685993762,0.680736731,-3.102549096,3.109275339,3.794122944,-3.784431984
0.06255,-0.632051589,0.626756269,-3.006990177,3.013817697,3.644572097,-3.635043636
0.0626,-0.581636623,0.576307049,-2.915456956,2.922381972,3.502577227,-3.493205373
0.06265,-0.534416129,0.529056092,-2.828084958,2.835103858,3.367940942,-3.358720096
0.0627,-0.490006822,0.484619876,-2.745036147,2.752145489,3.240441742,-3.231366592
0.06275,-0.448253409,0.44284289,-2.666325537,2.673522051,3.119939187,-3.111004701
0.0628,-0.409066375,0.403635409,-2.591927417,2.599208001,3.00631789,-2.997519312
0.06285,-0.372302292,0.366853812,-2.521849578,2.529211303,2.899442071,-2.890774914
0.0629,-0.337789417,0.33232617,-2.456116234,2.46355634,2.799164062,-2.7906241
0.06295,-0.305369346,0.299893909,-2.394742459,2.40225836,2.705340404,-2.69692367
0.063,-0.274896907,0.269411697,-2.337734613,2.345323892,2.617832166,-2.609534944
0.06305,-0.246227442,0.240734727,-2.285098038,2.292758449,2.536499919,-2.528318738
0.0631,-0.219214771,0.213716684,-2.236838158,2.244567627,2.461202806,-2.453134434
0.06315,-0.193714817,0.188213365,-2.192958329,2.200754952,2.391800012,-2.383841451
0.0632,-0.16958684,0.164083916,-2.153459149,2.161321194,2.328151309,-2.32029979
0.06325,-0.146692571,0.141189964,-2.118338981,2.126264883,2.270116713,-2.262369686
0.0633,-0.124895768,0.119395175,-2.087594205,2.095582571,2.217556293,-2.209911426
0.06335,-0.10406249,0.098565525,-2.061219077,2.069268683,2.170330301,-2.162785474
0.0634,-0.084061317,0.078569522,-2.039205626,2.047315414,2.128299292,-2.120852586
0.06345,-0.064763354,0.05927821,-2.021543665,2.029712747,2.091324139,-2.083973836
0.0635,-0.046042224,0.040565158,-2.008220824,2.016448479,2.059266055,-2.05201063
0.06355,-0.027774114,0.022306513,-1.999222544,2.007508215,2.031986636,-2.02482475
0.0636,-0.009837842,0.004381058,-1.994532068,2.002875365,2.009347917,-2.002278416
0.06365,0.007878085,-0.013343666,-1.994134263,2.002534959,1.991208516,-1.984230419
0.0637,0.025500594,-0.030952669,-1.997996718,2.006454749,1.977442876,-1.970555373
0.06375,0.043139544,-0.048576806,-2.006106227,2.01462169,1.967904559,-1.961107007
0.0638,0.060907221,-0.06632836,-2.018436126,2.027009281,1.962458956,-1.955750869
0.06385,0.07890792,-0.084311617,-2.034957313,2.043588576,1.960972652,-1.9543537
0.0639,0.097245597,-0.102630512,-2.055639809,2.064329756,1.963311727,-1.956781728
0.06395,0.116022879,-0.121387648,-2.08045228,2.089201641,1.96934224,-1.962901154
0.064,0.135338863,-0.140682087,-2.109361034,2.118170694,1.978931425,-1.972579352
0.06405,0.155289198,-0.160609437,-2.142330119,2.151201118,1.991947715,-1.985684886
0.0641,0.175966725,-0.18126249,-2.179321668,2.188255196,2.008260438,-2.002087211
0.06415,0.197461483,-0.202731232,-2.220295942,2.229293336,2.027739853,-2.021656709
0.0642,0.219860496,-0.225102622,-2.265211275,2.274274023,2.050257322,-2.044264857
0.06425,0.243247732,-0.248460563,-2.314024117,2.32315385,2.075685374,-2.069784298
0.0643,0.267704154,-0.272885943,-2.3666891,2.375887593,2.103897734,-2.098088862
0.06435,0.293307724,-0.298456644,-2.423159088,2.432428259,2.134769365,-2.129053614
0.0644,0.320133381,-0.325247518,-2.483385228,2.492727133,2.168176539,-2.162554923
0.06445,0.348253035,-0.353330384,-2.547316994,2.556733825,2.203996888,-2.198470513
0.0645,0.37773557,-0.382774032,-2.614902243,2.624396331,2.242109457,-2.236679515
0.06455,0.408646856,-0.413644229,-2.686087279,2.695661083,2.282394755,-2.277062522
0.0646,0.441049751,-0.446003727,-2.760816901,2.770473012,2.324734803,-2.319501631
0.06465,0.47500411,-0.479912273,-2.839034469,2.848775607,2.36901319,-2.363880503
0.0647,0.510566803,-0.51542662,-2.920681964,2.930510973,2.41511511,-2.410084404
0.06475,0.547791724,-0.552600545,-3.005700048,3.015619894,2.462927421,-2.458000251
0.0648,0.586729818,-0.591484871,-3.094028129,3.104041901,2.512338678,-2.507516663
0.06485,0.627429095,-0.632127482,-3.185604426,3.195715329,2.563239183,-2.558523994
0.0649,0.669934661,-0.674573355,-3.280366034,3.290577388,2.615521022,-2.610914383
0.06495,0.714288739,-0.718864582,-3.37824899,3.388564227,2.669078107,-2.664581788
0.065,0.760530702,-0.765040401,-3.479188337,3.489611001,2.723806211,-2.719422023
0.06505,0.808697106,-0.813137231,-3.583118198,3.593651937,2.779603001,-2.775332797
0.0651,0.858821721,-0.863188701,-3.689971835,3.700620405,2.836368076,-2.832213741
0.06515,0.91093557,-0.915225694,-3.799681724,3.81044898,2.894002994,-2.889966445
0.0652,0.965066969,-0.969276381,-3.912179618,3.923069513,2.952411301,-2.94849448
0.06525,1.021241564,-1.025366263,-4.027396614,4.038413199,3.011498555,-3.007703431
0.0653,1.079482379,-1.083518219,-4.145263226,4.156410644,3.071172356,-3.067500915
0.06535,1.139809861,-1.143752545,-4.265709445,4.276991929,3.13134236,-3.127796607
0.0654,1.202241922,-1.206087004,-4.388664809,4.40008668,3.191920307,-3.188502256
0.06545,1.266793993,-1.270536878,-4.51405847,4.525624134,3.252820028,-3.249531705
0.0655,1.333479071,-1.337115012,-4.641819257,4.6535332,3.313957468,-3.310800906
0.06555,1.402307773,-1.405831873,-4.77187574,4.783742528,3.375250694,-3.372227927
0.0656,1.47328839,-1.476695597,-4.904156296,4.91618057,3.436619908,-3.433732971
0.06565,1.546426937,-1.549712049,-5.038589171,5.050775645,3.497987452,-3.495238377
0.0657,1.600706012,-1.603864098,-5.085742328,5.098011069,3.497502704,-3.494893132
0.06575,1.60331638,-1.606346096,-5.022410379,5.034652014,3.424924478,-3.422452116
0.0658,1.611412132,-1.614313022,-4.960924284,4.973138873,3.35539381,-3.353055569
0.06585,1.622976102,-1.625747683,-4.904540747,4.916728349,3.287431752,-3.285224712
0.0659,1.635248302,-1.637890032,-4.852563648,4.864724323,3.223169695,-3.221091087
0.06595,1.64752016,-1.650031431,-4.804787091,4.816920899,3.163110177,-3.161157367
0.066,1.660471288,-1.662851422,-4.761280056,4.773387057,3.106642527,-3.104813021
0.06605,1.635966155,-1.638214493,-4.663539771,4.675620023,3.026768385,-3.025109357
0.0661,1.631819212,-1.633937553,-4.499900748,4.51195431,2.873832304,-2.872400457
0.06615,1.614656426,-1.616646966,-4.344160507,4.356187439,2.735129909,-2.733914414
0.0662,1.588186871,-1.590051636,-4.195186398,4.207186758,2.612572055,-2.611562585
0.06625,1.563350778,-1.565091731,-4.054720851,4.066694699,2.496893107,-2.496079934
0.0663,1.542813246,-1.544432305,-3.923004604,3.934951998,2.385668525,-2.385042525
0.06635,1.524087098,-1.52558609,-3.79954418,3.811465179,2.280891781,-2.28044439
0.0664,1.505983088,-1.507363721,-3.68408534,3.695980001,2.183497676,-2.183220855
0.06645,1.489149656,-1.490413516,-3.576615701,3.588484083,2.092825195,-2.092711417
0.0665,1.474233221,-1.475381766,-3.477102946,3.488945108,2.008195416,-2.008237652
0.06655,1.461322967,-1.462357517,-3.385444917,3.397260916,1.929416824,-1.929608524
0.0666,1.450395235,-1.451316959,-3.301529814,3.313319708,1.856401127,-1.856736201
0.06665,1.441568223,-1.442378131,-3.225259167,3.237023014,1.788931516,-1.789404311
0.0667,1.435015158,-1.435714088,-3.156535938,3.168273795,1.726737599,-1.727342887
0.06675,1.43087164,-1.431460252,-3.095257036,3.10696896,1.669580575,-1.670313529
0.0668,1.429245736,-1.429724503,-3.041315315,3.053001364,1.617245129,-1.61810131
0.06685,1.430247463,-1.43061666,-2.994601646,3.006261878,1.569512033,-1.570487368
0.0669,1.43399036,-1.434250059,-2.955004705,2.966639176,1.526156348,-1.527247115
0.06695,1.440582774,-1.440732836,-2.92241053,2.934019297,1.486955705,-1.488158513
0.067,1.450126002,-1.450166066,-2.896702608,2.908285728,1.451692247,-1.453004021
0.06705,1.462716547,-1.462646027,-2.877762036,2.889319566,1.420150533,-1.421568495
0.0671,1.47844692,-1.478264996,-2.865467587,2.876999583,1.3921168,-1.393638454
0.06715,1.497405004,-1.497110616,-2.859695762,2.871202281,1.367379655,-1.369002767
0.0672,1.519673677,-1.519265521,-2.860320881,2.871801979,1.345730538,-1.347453124
0.06725,1.545330901,-1.54480742,-2.867215178,2.878670911,1.326963732,-1.328784037
0.0673,1.574449801,-1.573809183,-2.880248887,2.891679311,1.310876364,-1.31279285
0.06735,1.607098625,-1.606338795,-2.899290344,2.910695515,1.297268556,-1.299279883
0.0674,1.643340685,-1.642459303,-2.924206095,2.935586069,1.285943581,-1.288048596
0.06745,1.683234353,-1.68222881,-2.954861007,2.966215839,1.276707984,-1.278905699
0.0675,1.726833073,-1.725700488,-2.991118378,3.002448124,1.269371679,-1.271661261
0.06755,1.77418537,-1.772922583,-3.03284006,3.044144775,1.263748063,-1.266128819
0.0676,1.825334859,-1.823938433,-3.079886579,3.09116632,1.259654122,-1.262125484
0.06765,1.880320272,-1.878786486,-3.132117263,3.143372084,1.256910539,-1.259472049
0.0677,1.939175487,-1.937500336,-3.189390368,3.200620323,1.255341785,-1.257993083
0.06775,2.001929566,-2.000108761,-3.251563208,3.262768353,1.254776213,-1.257517021
0.0678,2.068606805,-2.066635768,-3.318492291,3.32967268,1.255046143,-1.257876256
0.06785,2.139226781,-2.137100648,-3.39003345,3.401189138,1.255987945,-1.258907215
0.0679,2.213804417,-2.211518033,-3.466041979,3.477173021,1.257442113,-1.260450437
0.06795,2.292350046,-2.289897967,-3.546372771,3.557479221,1.259253335,-1.262350644
0.068,2.374869485,-2.372245978,-3.630880452,3.641962364,1.261270552,-1.2644568
0.06805,2.461364112,-2.458563157,-3.719419516,3.730476944,1.263347021,-1.26662217
0.0681,2.551830957,-2.548846242,-3.811844465,3.822877464,1.265340359,-1.268704371
0.06815,2.646262785,-2.643087715,-3.90800994,3.919018563,1.267112588,-1.270565416
0.0682,2.744648198,-2.74127589,-4.007770857,4.018755158,1.268530177,-1.272071749
0.06825,2.846971734,-2.843395022,-4.110982535,4.121942567,1.269464065,-1.273094281
0.0683,2.953213972,-2.949425408,-4.21750083,4.228436648,1.269789691,-1.273508407
0.06835,3.063351646,-3.059343499,-4.327182264,4.338093921,1.269387008,-1.273194032
0.0684,3.17735775,-3.173122017,-4.439884144,4.450771692,1.268140495,-1.272035575
0.06845,3.295201667,-3.290730066,-4.55546469,4.566328183,1.265939162,-1.269921978
0.0685,3.416849281,-3.412133261,-4.673783152,4.684622643,1.262676548,-1.266746706
0.06855,3.542263104,-3.537293844,-4.794699926,4.805515468,1.258250712,-1.262407734
0.0686,3.632356752,-3.627185526,-4.852530405,4.86332205,1.219427174,-1.223670454
0.06865,3.638710661,-3.633413246,-4.836471539,4.847239341,1.203641672,-1.207968624
0.0687,3.651994672,-3.64657069,-4.822656275,4.833400285,1.176486015,-1.180893807
0.06875,3.674435512,-3.668884533,-4.809600587,4.820320859,1.141002136,-1.145488112
0.0688,3.699285614,-3.693607109,-4.799933364,4.81062995,1.106498937,-1.111060509
0.06885,3.724760071,-3.718953405,-4.794365504,4.805038457,1.075472364,-1.080106976
0.0689,3.684808146,-3.678872996,-4.708649274,4.719220384,1.03629255,-1.040997371
0.06895,3.570515756,-3.564455962,-4.518562584,4.528934893,0.953810725,-0.958580566
0.069,3.458883587,-3.45270384,-4.334572581,4.344753627,0.881454849,-0.886284163
0.06905,3.348502071,-3.342206874,-4.160028665,4.170025675,0.817230939,-0.822114463
0.0691,3.24227729,-3.235870979,-3.99340509,4.003224972,0.75677451,-0.761707283
0.06915,3.141062816,-3.134549565,-3.834119883,3.84376923,0.698649683,-0.703627049
0.0692,3.044253722,-3.037637537,-3.682342957,3.691828056,0.643631086,-0.648648668
0.06925,2.951476804,-2.944761521,-3.538149958,3.547476794,0.592167372,-0.597221055
0.0693,2.862847995,-2.856037281,-3.401355323,3.410529586,0.543956859,-0.549042774
0.06935,2.77852659,-2.771623941,-3.271740724,3.280767819,0.498621747,-0.503736264
0.0694,2.698534057,-2.6915428,-3.149162768,3.158047813,0.455997006,-0.461136719
0.06945,2.6228476,-2.615770891,-3.033504766,3.042252605,0.415988582,-0.421150298
0.0695,2.551474392,-2.544315216,-2.924631975,2.93324718,0.378454411,-0.383635137
0.06955,2.484438511,-2.477199682,-2.822397641,2.830884518,0.343223519,-0.348420448
0.0696,2.421756103,-2.414440263,-2.726658414,2.735021012,0.31013628,-0.31534678
0.06965,2.363434665,-2.356044287,-2.637275364,2.645517478,0.279046143,-0.284267747
0.0697,2.309480317,-2.302017701,-2.554109296,2.562234475,0.24980768,-0.255038071
0.06975,2.259899206,-2.252366482,-2.477019646,2.485031196,0.222274076,-0.227511078
0.0698,2.214695517,-2.207094644,-2.405865806,2.413766799,0.196300439,-0.201542005
0.06985,2.173870721,-2.166203487,-2.340507709,2.348300986,0.171745143,-0.176989344
0.0699,2.137424034,-2.129692057,-2.280805533,2.288493713,0.148469071,-0.153714084
0.06995,2.10535268,-2.097557409,-2.226619509,2.234204991,0.126335156,-0.131579255
0.07,2.077651769,-2.069794483,-2.177810028,2.185294999,0.105208616,-0.110450159
0.07005,2.054314189,-2.046395999,-2.134237757,2.1416242,0.084957173,-0.090194595
0.0701,2.035330617,-2.027352465,-2.09576367,2.103053365,0.065451076,-0.070682877
0.07015,2.020689543,-2.012652204,-2.062249059,2.069443592,0.046563085,-0.051787818
0.0702,2.010377265,-2.00228135,-2.03355558,2.040656347,0.028168523,-0.033384789
0.07025,2.004377886,-1.996223838,-2.009545308,2.016553524,0.010145336,-0.015351772
0.0703,2.002676112,-1.994464211,-1.990077958,1.996994656,-0.007623934,0.002426162
0.07035,2.005243066,-1.996973428,-1.975025135,1.981851178,-0.025262674,0.020077385
0.0704,2.012065316,-2.003737896,-1.964241482,1.970977565,-0.042877827,0.03770634
0.07045,2.023114491,-2.014729083,-1.957595057,1.964241717,-0.060581588,0.055425213
0.0705,2.038364531,-2.029920768,-1.954950055,1.961507669,-0.078483761,0.073343815
0.07055,2.057786616,-2.049283974,-1.956172053,1.96264085,-0.096689935,0.091567752
0.0706,2.081349594,-2.072787392,-1.961127685,1.967507749,-0.115302308,0.110199245
0.07065,2.109020425,-2.100397828,-1.969684233,1.975975508,-0.134420533,0.129337979
0.0707,2.140764118,-2.132080136,-1.981709771,1.987912067,-0.154141517,0.149080899
0.07075,2.17654364,-2.167797133,-1.997073367,2.003186366,-0.174559123,0.169521916
0.0708,2.216319966,-2.207509643,-2.015645132,2.02166839,-0.195764178,0.190751909
0.07085,2.260052161,-2.251176582,-2.03729622,2.043229178,-0.217844545,0.2128588
0.0709,2.307697415,-2.298754997,-2.061898896,2.067740879,-0.240885103,0.235927534
0.07095,2.359211083,-2.350200095,-2.089326596,2.095076822,-0.264967713,0.260040045
0.071,2.414546724,-2.405465296,-2.119453992,2.125111575,-0.290171208,0.285275244
0.07105,2.473656162,-2.464502282,-2.152157037,2.157720993,-0.316571394,0.31170902
0.0711,2.536489532,-2.527261051,-2.18731302,2.192782272,-0.344241048,0.339414242
0.07115,2.602995335,-2.593689967,-2.224800622,2.230174004,-0.373249921,0.368460754
0.0712,2.673120492,-2.66373582,-2.264499967,2.26977623,-0.403664737,0.398915378
0.07125,2.746810404,-2.73734388,-2.306292671,2.311470487,-0.4355492,0.430841925
0.0713,2.824009011,-2.814457955,-2.350061897,2.355139863,-0.468964007,0.464301198
0.07135,2.904658848,-2.895020458,-2.395692397,2.40066904,-0.503966857,0.499351012
0.0714,2.988701114,-2.978972462,-2.443070563,2.447944345,-0.540612468,0.536046201
0.07145,3.076075729,-3.066253766,-2.492084468,2.49685379,-0.578952596,0.57443864
0.0715,3.166721399,-3.156802959,-2.542623915,2.547287122,-0.619036053,0.614577269
0.07155,3.260575687,-3.250557485,-2.594580473,2.599135858,-0.660908733,0.656508107
0.0716,3.35757507,-3.347453711,-2.647847522,2.652293329,-0.70461364,0.70027429
0.07165,3.457655012,-3.447426988,-2.702320285,2.706654714,-0.750190912,0.74591609
0.0717,3.560750028,-3.550411724,-2.757895866,2.762117078,-0.797677856,0.79347095
0.07175,3.666793752,-3.656341448,-2.814473288,2.818579407,-0.847108984,0.84297352
0.0718,3.775719004,-3.765148878,-2.871953515,2.875942634,-0.898516043,0.89445569
0.07185,3.887457861,-3.876765989,-2.93023949,2.934109674,-0.951928059,0.947946627
0.0719,4.001941718,-3.991124082,-2.989236158,2.992985446,-1.007371375,1.00347282
0.07195,4.119101361,-4.108153848,-3.048850491,3.052476901,-1.064869696,1.061058121
0.072,4.238867032,-4.227785438,-3.108991509,3.112493044,-1.124444131,1.120723786
0.07205,4.361168495,-4.349948528,-3.169570305,3.172944951,-1.186113242,1.182488526
0.0721,4.485935105,-4.474572387,-3.230500056,3.233745792,-1.249893091,1.246368554
0.07215,4.613095869,-4.60158594,-3.291696046,3.29481084,-1.315797291,1.312377632
0.0722,4.742579514,-4.730917833,-3.353075672,3.35605749,-1.383837056,1.380527128
0.07225,4.874314549,-4.8624965,-3.414558461,3.417405267,-1.454021258,1.450826063
0.0723,5.00822933,-4.996250222,-3.476066074,3.478775835,-1.526356474,1.523281169
0.07235,5.054915694,-5.042854777,-3.475590842,3.478161916,-1.580090397,1.577139866
0.0724,4.991076032,-4.979041762,-3.402962818,3.405397503,-1.582279289,1.579454861
0.07245,4.929108264,-4.917100582,-3.333363898,3.33566529,-1.589994459,1.587296576
0.0725,4.872264232,-4.86028308,-3.265325903,3.267496927,-1.601203251,1.598632384
0.07255,4.819830817,-4.807876135,-3.201015538,3.203058969,-1.613093457,1.610650133
0.0726,4.771600682,-4.759672413,-3.140935208,3.142853684,-1.624955268,1.622640081
0.07265,4.72764814,-4.715746224,-3.084460881,3.086256899,-1.63748706,1.635300669
0.0727,4.629299504,-4.617423885,-3.004425667,3.006052395,-1.612600437,1.610543487
0.07275,4.4649703,-4.453120918,-2.851258193,2.852659396,-1.60811871,1.606189387
0.0728,4.308506751,-4.296683549,-2.712380558,2.713567094,-1.590523161,1.588719256
0.07285,4.158790468,-4.146993387,-2.589666507,2.590648732,-1.563574569,1.561894038
0.0729,4.017600711,-4.005829693,-2.47380624,2.474593907,-1.538294697,1.536735559
0.07295,3.885177867,-3.873432855,-2.362413663,2.363015919,-1.517310412,1.515870729
0.073,3.761016859,-3.749297795,-2.257517684,2.257943111,-1.498087968,1.496765891
0.07305,3.644863243,-3.633170071,-2.160041287,2.160297943,-1.479450145,1.47824394
0.0731,3.536709498,-3.52504216,-2.069304655,2.069400081,-1.462069433,1.460977488
0.07315,3.436524992,-3.42488343,-1.984630477,1.984571715,-1.4465927,1.44561353
0.0732,3.344207158,-3.332591316,-1.905835866,1.905629474,-1.433100439,1.432232694
0.07325,3.259644502,-3.248054323,-1.832833967,1.832486045,-1.421568167,1.420810647
0.0733,3.182739599,-3.171175026,-1.765405159,1.764921361,-1.412118221,1.411469884
0.07335,3.113396316,-3.101857293,-1.703278206,1.702663765,-1.404925831,1.404385806
0.0734,3.051512212,-3.039998682,-1.646215375,1.645475116,-1.400126405,1.399693998
0.07345,2.996980771,-2.985492677,-1.594001947,1.593140307,-1.397828247,1.397502947
0.0735,2.949693538,-2.938230825,-1.546418442,1.545439489,-1.398142468,1.397923963
0.07355,2.909539847,-2.898102458,-1.50323965,1.502147098,-1.40118369,1.401071868
0.0736,2.876406357,-2.864994237,-1.464243167,1.463040397,-1.407061033,1.407055996
0.07365,2.850177142,-2.838790235,-1.429211088,1.427901163,-1.415876529,1.415978597
0.0737,2.830733867,-2.819372116,-1.397927778,1.396513461,-1.427727513,1.427937232
0.07375,2.817955841,-2.806619191,-1.370179207,1.368662979,-1.44270735,1.443025497
0.0738,2.811720074,-2.80040847,-1.345753698,1.344137772,-1.460904741,1.461332333
0.07385,2.811901366,-2.800614753,-1.324442377,1.322728717,-1.482403362,1.482941662
0.0739,2.818372397,-2.807110719,-1.306039157,1.304229495,-1.507281971,1.507932492
0.07395,2.831003818,-2.81976702,-1.290340751,1.288436601,-1.535614487,1.536378998
0.074,2.84966435,-2.838452377,-1.277146825,1.275149498,-1.567469937,1.568350467
0.07405,2.87422089,-2.863033687,-1.266260159,1.264170781,-1.602912396,1.603911241
0.0741,2.904538622,-2.893376135,-1.257486764,1.255306293,-1.642000988,1.643120712
0.07415,2.940481131,-2.929343305,-1.250635988,1.248365221,-1.684789893,1.686033334
0.0742,2.981910519,-2.9707973,-1.24552062,1.243160218,-1.731328355,1.732698627
0.07425,3.028687531,-3.017598864,-1.241957012,1.239507507,-1.78166069,1.783161186
0.0743,3.080671675,-3.069607507,-1.239765175,1.237226987,-1.835826311,1.837460709
0.07435,3.137721359,-3.126681635,-1.238768882,1.236142333,-1.89385976,1.895632018
0.0744,3.199694011,-3.188678677,-1.238795758,1.236081084,-1.95579074,1.957705105
0.07445,3.266446221,-3.255455223,-1.239677372,1.236874736,-2.021644165,2.02370517
0.0745,3.33783387,-3.326867155,-1.241249316,1.238358824,-2.091440209,2.093652676
0.07455,3.413712268,-3.402769782,-1.243351284,1.240372993,-2.165194366,2.167563407
0.0746,3.493936291,-3.48301798,-1.245827143,1.242761077,-2.242917517,2.245448534
0.07465,3.578360515,-3.567466327,-1.248524999,1.245371158,-2.324616001,2.327314684
0.0747,3.666839356,-3.655969236,-1.251297251,1.248055624,-2.410291693,2.413164024
0.07475,3.759227202,-3.748381098,-1.254000648,1.250671222,-2.499942091,2.502994338
0.0748,3.855378555,-3.844556414,-1.256496332,1.253079106,-2.593560404,2.596799126
0.07485,3.955148158,-3.944349927,-1.258649875,1.25514487,-2.69113565,2.69456769
0.0749,4.058391136,-4.047616762,-1.260331319,1.256738583,-2.792652754,2.796285242
0.07495,4.164963118,-4.154212548,-1.261415191,1.257734815,-2.898092657,2.901933003
0.075,4.274720371,-4.263993555,-1.261780531,1.258012655,-3.007432421,3.011488319
0.07505,4.387519929,-4.376816812,-1.261310902,1.257455723,-3.120645347,3.124924768
0.0751,4.503219709,-4.492540239,-1.259894394,1.255952178,-3.237701092,3.242212283
0.07515,4.621678636,-4.611022762,-1.257423627,1.253394714,-3.358565788,3.363317268
0.0752,4.74275676,-4.732124429,-1.253795742,1.249680555,-3.483202167,3.488202725
0.07525,4.800850029,-4.79024119,-1.215613862,1.211412952,-3.572826314,3.578025542
0.0753,4.785135075,-4.774549677,-1.200480201,1.196196118,-3.578854233,3.584177522
0.07535,4.771638126,-4.761076115,-1.173807667,1.169443208,-3.591952129,3.59739986
0.0754,4.758896004,-4.748357329,-1.138727676,1.134285461,-3.614278219,3.619850823
0.07545,4.749578204,-4.739062814,-1.104738313,1.100220898,-3.638936327,3.644634335
0.0755,4.744378084,-4.733885928,-1.074285219,1.069695125,-3.664174237,3.669998286
0.07555,4.742596435,-4.732127462,-1.045189308,1.040529004,-3.691471808,3.697422632
0.0756,4.660418947,-4.65005038,-1.007088558,1.002360774,-3.654021693,3.660099707
0.07565,4.47393408,-4.463761706,-0.926086132,0.921295906,-3.541988917,3.548190362
0.0757,4.293690023,-4.283706461,-0.85569511,0.850847838,-3.432266749,3.438587016
0.07575,4.122898603,-4.113096778,-0.793488491,0.788589295,-3.323741468,3.330176136
0.0758,3.959910879,-3.950284034,-0.734793228,0.729846933,-3.219504969,3.226049784
0.07585,3.804161311,-3.794703002,-0.678246928,0.673258061,-3.120354227,3.127005098
0.0759,3.655864884,-3.646568967,-0.624745516,0.619718329,-3.025608501,3.032361505
0.07595,3.515100749,-3.505961382,-0.574740847,0.569679343,-2.934895279,2.941746663
0.076,3.381668195,-3.372679824,-0.52789298,0.522800919,-2.848353969,2.855300151
0.07605,3.255344031,-3.246501388,-0.483816534,0.478697446,-2.766146935,2.773184504
0.0761,3.13598839,-3.127286488,-0.442358842,0.437216038,-2.688287142,2.695412856
0.07615,3.02348627,-3.014920397,-0.403432022,0.398268608,-2.614747625,2.621958413
0.0762,2.917701479,-2.909267187,-0.366892512,0.361711401,-2.545535894,2.552828858
0.07625,2.818485881,-2.810178988,-0.332568504,0.327372429,-2.480675763,2.488048173
0.0763,2.725695831,-2.717512407,-0.300302161,0.295093687,-2.420181545,2.427630846
0.07635,2.639192276,-2.631128644,-0.269948973,0.264730506,-2.364058818,2.371582623
0.0764,2.5588356,-2.550888325,-0.241364772,0.236138573,-2.312312241,2.319908338
0.07645,2.484484738,-2.476650626,-0.214403831,0.209172029,-2.264946579,2.272612924
0.0765,2.415998705,-2.408274791,-0.188922603,0.183687202,-2.221964486,2.229699206
0.07655,2.353237129,-2.345620677,-0.164780916,0.159543809,-2.183365844,2.191167237
0.0766,2.296059888,-2.288548382,-0.141841072,0.136604051,-2.149148306,2.157014841
0.07665,2.244326928,-2.236918066,-0.119967413,0.11473218,-2.119307544,2.127237859
0.0767,2.197898394,-2.190590084,-0.099026595,0.093794772,-2.093837105,2.101830006
0.07675,2.156634747,-2.149425101,-0.07888782,0.073660958,-2.072728304,2.080782766
0.0768,2.120396791,-2.113284117,-0.05942283,0.054202423,-2.055970244,2.064085411
0.07685,2.08904568,-2.082028479,-0.040505897,0.035293386,-2.043549848,2.051725027
0.0769,2.062442972,-2.055519932,-0.022013875,0.016810662,-2.03545185,2.043686518
0.07695,2.040450684,-2.033620673,-0.003821096,-0.00134402,-2.031658791,2.039952588
0.077,2.022931568,-2.016193628,0.014170835,-0.019356954,-2.032150712,2.040503441
0.07705,2.009748414,-2.003101757,0.032100494,-0.037273246,-2.036906135,2.045317764
0.0771,2.000764249,-1.994208252,0.050071769,-0.055229823,-2.045901719,2.054372374
0.07715,1.995844574,-1.98937877,0.068192546,-0.073334566,-2.059110242,2.067640213
0.0772,1.994854159,-1.988478235,0.086570098,-0.091694736,-2.076503747,2.08509348
0.07725,1.997658528,-1.99137232,0.105308847,-0.110414734,-2.098052164,2.106702264
0.0773,2.004124387,-1.997927869,0.124509639,-0.12959538,-2.123723024,2.132434251
0.07735,2.014119353,-2.00801264,0.144270351,-0.149334513,-2.153481795,2.162255062
0.0774,2.027511871,-2.021495207,0.16468612,-0.169727229,-2.187292026,2.196128401
0.07745,2.044171358,-2.038245113,0.18584916,-0.190865693,-2.225115311,2.234016012
0.0775,2.063968305,-2.05813297,0.207848652,-0.212839027,-2.266911282,2.275877674
0.07755,2.08677432,-2.081030502,0.23077077,-0.235733344,-2.312637669,2.321671266
0.0776,2.112462157,-2.106810574,0.254698698,-0.259631757,-2.362250363,2.371352823
0.07765,2.140905784,-2.13534726,0.279712612,-0.284614368,-2.415703449,2.424876575
0.0777,2.171980441,-2.166515898,0.305889665,-0.310758248,-2.47294926,2.482194992
0.07775,2.205562692,-2.20019315,0.333303982,-0.338137436,-2.53393842,2.543258841
0.0778,2.241530479,-2.236257047,0.362026667,-0.366822943,-2.598619904,2.608017232
0.07785,2.279763173,-2.274587047,0.392125798,-0.396882751,-2.666941091,2.676417677
0.0779,2.320141625,-2.315064083,0.42366644,-0.428381821,-2.73884782,2.748406148
0.07795,2.36254822,-2.357570614,0.456710644,-0.4613821,-2.814284447,2.823927132
0.078,2.406866921,-2.401990678,0.491317468,-0.495942532,-2.893193908,2.902923691
0.07805,2.452983318,-2.44820993,0.527542983,-0.532119076,-2.97551778,2.985337526
0.0781,2.500784674,-2.496115696,0.565440294,-0.569964715,-3.061196341,3.071109038
0.07815,2.550159968,-2.545597015,0.605059558,-0.609529486,-3.150168636,3.160177392
0.0782,2.600999937,-2.596544679,0.646448008,-0.650860495,-3.24237254,3.252480579
0.07825,2.653197119,-2.648851272,0.689649977,-0.694001944,-3.337744825,3.347955488
0.0783,2.706645886,-2.702411216,0.734706926,-0.738995164,-3.436221228,3.446537964
0.07835,2.761242485,-2.757120797,0.781657473,-0.785878638,-3.537736512,3.548162881
0.0784,2.81688507,-2.812878209,0.830537429,-0.834688039,-3.642224538,3.652764208
0.07845,2.873473735,-2.869583578,0.881379831,-0.885456263,-3.749618333,3.760275073
0.0785,2.930910543,-2.927138998,0.934214978,-0.938213469,-3.859850154,3.870627834
0.07855,2.989099554,-2.985448555,0.989070475,-0.992987116,-3.972851556,3.983754146
0.0786,3.047946852,-3.044418356,1.045971271,-1.049802009,-4.088553462,4.099585026
0.07865,3.107360565,-3.103956547,1.104939703,-1.108680338,-4.20688623,4.218050924
0.0787,3.167250889,-3.16397334,1.165995544,-1.169641728,-4.327779717,4.339081785
0.07875,3.227530104,-3.224381029,1.22915605,-1.232703285,-4.451163346,4.462607122
0.0788,3.288112593,-3.285094003,1.294436007,-1.297879646,-4.576966174,4.588556074
0.07885,3.348914854,-3.346028766,1.361847785,-1.365183027,-4.705116956,4.716857477
0.0789,3.409855511,-3.407103947,1.431401386,-1.434623283,-4.835544206,4.847439922
0.07895,3.470855327,-3.468240307,1.503104504,-1.506207953,-4.968176265,4.980231826
0.079,3.531837208,-3.529360746,1.576962572,-1.57994232,-5.102941359,5.115161488
0.07905,3.531114889,-3.528778612,1.631683706,-1.634534773,-5.150297862,5.162601569
0.0791,3.458365861,-3.456167467,1.634604785,-1.637325807,-5.08710536,5.099381883
0.07915,3.388691039,-3.386627433,1.642961758,-1.645552265,-5.025735859,5.03798526
0.0792,3.320598293,-3.318666549,1.654756154,-1.657215647,-4.969451576,4.981673913
0.07925,3.256179307,-3.254376647,1.667285635,-1.669613557,-4.917574334,4.929769668
0.0793,3.195937915,-3.194261699,1.679841422,-1.682037146,-4.869899324,4.882067714
0.07935,3.11214626,-3.110644946,1.654763893,-1.656826805,-4.767670901,4.779812406
0.0794,2.955101126,-2.953832984,1.650114773,-1.652046695,-4.599423215,4.611537895
0.07945,2.812119278,-2.811073138,1.632662689,-1.63446584,-4.439116631,4.451204546
0.0795,2.685298175,-2.68446338,1.60589614,-1.60757258,-4.285584537,4.297645745
0.07955,2.56559502,-2.56496152,1.580547619,-1.582099348,-4.140584473,4.152619034
0.0796,2.450530702,-2.450089062,1.559363764,-1.560792742,-4.004384148,4.016392121
0.07965,2.342004007,-2.341745362,1.539955669,-1.541263773,-3.876493684,3.888475128
0.0797,2.240956864,-2.240872885,1.521119034,-1.522308029,-3.756650919,3.768605892
0.07975,2.14676468,-2.146847559,1.503464211,-1.504535744,-3.644841817,3.656770377
0.0798,2.058751305,-2.058993743,1.487638714,-1.488594311,-3.541037933,3.55294014
0.07985,1.976711845,-1.977107032,1.473747905,-1.474588959,-3.445139914,3.457015826
0.0799,1.900554082,-1.901095676,1.461772842,-1.462500599,-3.357036762,3.368886437
0.07995,1.83006446,-1.830746569,1.451829295,-1.452444847,-3.276630838,3.288454333
0.08,1.764973614,-1.765790778,1.444090916,-1.444595191,-3.203826563,3.215623936
0.08005,1.705040877,-1.70598805,1.438696682,-1.439090431,-3.138522365,3.150293675
0.0801,1.650049311,-1.65112184,1.435757605,-1.4360414,-3.080612426,3.09235773
0.08015,1.599778992,-1.600972603,1.435385664,-1.435559883,-3.029988893,3.041708248
0.0802,1.554004266,-1.555315045,1.437696412,-1.437761232,-2.986541746,2.99823521
0.08025,1.512501662,-1.513926034,1.442800589,-1.442755982,-2.950158318,2.961825948
0.0803,1.475052091,-1.476586808,1.450801967,-1.450647687,-2.920723351,2.932365203
0.08035,1.441438914,-1.443081033,1.461799463,-1.461535041,-2.898119159,2.909735292
0.0804,1.411447132,-1.413194001,1.475888001,-1.47551274,-2.882225702,2.893816172
0.08045,1.384864022,-1.38671326,1.493157941,-1.492670905,-2.872920632,2.884485495
0.0805,1.361479614,-1.363429099,1.51369467,-1.513094682,-2.870079376,2.881618689
0.08055,1.341086724,-1.343134572,1.537578671,-1.536864307,-2.873575227,2.885089047
0.0806,1.323480951,-1.325625502,1.564885608,-1.564055188,-2.883279434,2.894767816
0.08065,1.308460823,-1.310700626,1.595686277,-1.594737864,-2.899061294,2.910524296
0.0807,1.295827957,-1.298161752,1.63004655,-1.628977944,-2.920788264,2.93222594
0.08075,1.285387179,-1.287813884,1.668027366,-1.666836097,-2.948326059,2.959738467
0.0808,1.276946628,-1.279465321,1.709684732,-1.708368062,-2.981538774,2.992925968
0.08085,1.270317866,-1.272927774,1.755069733,-1.753624648,-3.020288993,3.031651029
0.0809,1.265315994,-1.268016476,1.80422854,-1.802651747,-3.064437912,3.075774846
0.08095,1.261759754,-1.264550286,1.857202424,-1.855490351,-3.113845463,3.125157351
0.081,1.259471625,-1.262351789,1.91402779,-1.91217658,-3.168370443,3.17965734
0.08105,1.258277923,-1.261247392,1.974736206,-1.972741721,-3.22787064,3.239132601
0.0811,1.258008887,-1.26106741,2.039354451,-2.037212262,-3.292202966,3.303440045
0.08115,1.258498763,-1.261646156,2.107904559,-2.105609952,-3.361223588,3.372435842
0.0812,1.259585884,-1.262822012,2.180403876,-2.177951849,-3.43478807,3.445975552
0.08125,1.261112737,-1.264437508,2.256865128,-2.254250389,-3.512751498,3.523914264
0.0813,1.262926037,-1.266339385,2.337296483,-2.334513451,-3.594968626,3.606106729
0.08135,1.264876777,-1.268378654,2.421701635,-2.418744439,-3.681294005,3.6924075
0.0814,1.266820292,-1.270410654,2.510079879,-2.506942361,-3.771582122,3.782671064
0.08145,1.268616297,-1.272295096,2.602426204,-2.599101919,-3.865687536,3.876751979
0.0815,1.270128932,-1.273896102,2.698731386,-2.6952136,-3.963465011,3.974505009
0.08155,1.271226795,-1.275082246,2.798982081,-2.795263778,-4.064769647,4.075785253
0.0816,1.271782971,-1.275726575,2.903160936,-2.899234815,-4.169457014,4.180448283
0.08165,1.271675047,-1.275706633,3.011246692,-3.007105172,-4.277383279,4.288350264
0.0817,1.270785135,-1.274904475,3.123214296,-3.118849517,-4.388405335,4.399348089
0.08175,1.268999874,-1.273206679,3.23903502,-3.234438845,-4.50238092,4.513299497
0.0818,1.26621043,-1.270504339,3.358676575,-3.353840596,-4.619168743,4.630063197
0.08185,1.262312498,-1.266693072,3.482103237,-3.477018774,-4.738628599,4.749498982
0.0819,1.223761707,-1.228228381,3.570756851,-3.565474302,-4.795293713,4.806140078
0.08195,1.208174146,-1.212724343,3.575928716,-3.570522587,-4.778252034,4.789074436
0.082,1.181119668,-1.185750563,3.588169913,-3.582639858,-4.763496444,4.774294934
0.08205,1.145699644,-1.150408592,3.609656643,-3.604002265,-4.749551834,4.760326465
0.0821,1.111362413,-1.116146838,3.633505724,-3.627726528,-4.739050911,4.749801736
0.08215,1.080578416,-1.085435776,3.657941385,-3.652036768,-4.73268821,4.743415281
0.0822,1.05119917,-1.056126979,3.684427046,-3.678396308,-4.729778639,4.740482009
0.08225,1.012578138,-1.017573648,3.646273538,-3.640116298,-4.646418861,4.657021358
0.0823,0.930954787,-0.936012915,3.533578053,-3.527298098,-4.458786189,4.469192133
0.08235,0.859922593,-0.865037896,3.423208126,-3.416810092,-4.277380826,4.287597652
0.0824,0.797074968,-0.80224228,3.314037043,-3.307525379,-4.105422414,4.115457247
0.08245,0.737800569,-0.743015022,3.209125937,-3.202504924,-3.941293401,3.95115305
0.0825,0.680736731,-0.685993762,3.109275339,-3.102549096,-3.784431984,3.794122944
0.08255,0.62675627,-0.632051589,3.013817697,-3.006990177,-3.635043636,3.644572097
0.0826,0.576307049,-0.581636623,2.922381972,-2.915456957,-3.493205374,3.502577227
0.08265,0.529056092,-0.534416129,2.835103858,-2.828084958,-3.358720096,3.367940942
0.0827,0.484619876,-0.490006822,2.752145489,-2.745036147,-3.231366592,3.240441742
0.08275,0.44284289,-0.448253409,2.673522051,-2.666325537,-3.111004701,3.119939187
0.0828,0.403635409,-0.409066375,2.599208001,-2.591927417,-2.997519312,3.00631789
0.08285,0.366853812,-0.372302292,2.529211303,-2.521849578,-2.890774914,2.899442071
0.0829,0.33232617,-0.337789417,2.463556341,-2.456116234,-2.7906241,2.799164062
0.08295,0.299893909,-0.305369346,2.40225836,-2.394742459,-2.69692367,2.705340404
0.083,0.269411697,-0.274896907,2.345323892,-2.337734614,-2.609534944,2.617832166
0.08305,0.240734727,-0.246227442,2.292758449,-2.285098038,-2.528318738,2.536499919
0.0831,0.213716684,-0.219214771,2.244567627,-2.236838158,-2.453134434,2.461202806
0.08315,0.188213365,-0.193714817,2.200754953,-2.192958329,-2.383841451,2.391800012
0.0832,0.164083916,-0.16958684,2.161321194,-2.153459149,-2.32029979,2.32815131
0.08325,0.141189964,-0.146692571,2.126264883,-2.118338981,-2.262369686,2.270116713
0.0833,0.119395175,-0.124895768,2.095582571,-2.087594205,-2.209911427,2.217556293
0.08335,0.098565525,-0.10406249,2.069268683,-2.061219078,-2.162785474,2.170330302
0.0834,0.078569522,-0.084061317,2.047315414,-2.039205626,-2.120852586,2.128299292
0.08345,0.05927821,-0.064763354,2.029712747,-2.021543665,-2.083973836,2.09132414
0.0835,0.040565158,-0.046042224,2.016448479,-2.008220824,-2.05201063,2.059266055
0.08355,0.022306513,-0.027774114,2.007508215,-1.999222544,-2.02482475,2.031986636
0.0836,0.004381058,-0.009837842,2.002875365,-1.994532068,-2.002278416,2.009347917
0.08365,-0.013343666,0.007878085,2.002534959,-1.994134263,-1.984230419,1.991208516
0.0837,-0.030952669,0.025500594,2.006454749,-1.997996718,-1.970555373,1.977442876
0.08375,-0.048576806,0.043139544,2.01462169,-2.006106227,-1.961107007,1.96790456
0.0838,-0.06632836,0.060907221,2.027009281,-2.018436126,-1.955750869,1.962458956
0.08385,-0.084311617,0.07890792,2.043588576,-2.034957313,-1.9543537,1.960972652
0.0839,-0.102630512,0.097245597,2.064329756,-2.055639809,-1.956781728,1.963311727
0.08395,-0.121387648,0.116022879,2.089201641,-2.08045228,-1.962901154,1.96934224
0.084,-0.140682087,0.135338863,2.118170694,-2.109361033,-1.972579352,1.978931425
0.08405,-0.160609437,0.155289198,2.151201118,-2.142330119,-1.985684886,1.991947715
0.0841,-0.18126249,0.175966725,2.188255195,-2.179321668,-2.00208721,2.008260438
0.08415,-0.202731232,0.197461483,2.229293336,-2.220295941,-2.021656708,2.027739853
0.0842,-0.225102622,0.219860496,2.274274022,-2.265211275,-2.044264857,2.050257322
0.08425,-0.248460563,0.243247731,2.32315385,-2.314024117,-2.069784298,2.075685374
0.0843,-0.272885943,0.267704154,2.375887593,-2.366689099,-2.098088861,2.103897734
0.08435,-0.298456644,0.293307724,2.432428259,-2.423159088,-2.129053614,2.134769365
0.0844,-0.325247518,0.320133381,2.492727133,-2.483385228,-2.162554923,2.168176539
0.08445,-0.353330384,0.348253035,2.556733825,-2.547316993,-2.198470513,2.203996887
0.0845,-0.382774032,0.37773557,2.624396331,-2.614902243,-2.236679515,2.242109457
0.08455,-0.413644229,0.408646856,2.695661082,-2.686087279,-2.277062521,2.282394755
0.0846,-0.446003727,0.441049751,2.770473012,-2.760816901,-2.319501631,2.324734803
0.08465,-0.479912273,0.47500411,2.848775607,-2.839034469,-2.363880503,2.369013189
0.0847,-0.51542662,0.510566803,2.930510972,-2.920681964,-2.410084404,2.41511511
0.08475,-0.552600545,0.547791724,3.015619894,-3.005700048,-2.458000251,2.462927421
0.0848,-0.591484871,0.586729818,3.1040419,-3.094028129,-2.507516663,2.512338678
0.08485,-0.632127482,0.627429095,3.195715328,-3.185604426,-2.558523994,2.563239183
0.0849,-0.674573355,0.669934661,3.290577387,-3.280366034,-2.610914383,2.615521022
0.08495,-0.718864582,0.714288739,3.388564226,-3.378248989,-2.664581787,2.669078107
0.085,-0.765040401,0.760530702,3.489611,-3.479188337,-2.719422023,2.72380621
0.08505,-0.813137231,0.808697106,3.593651937,-3.583118197,-2.775332797,2.779603001
0.0851,-0.863188701,0.858821721,3.700620405,-3.689971835,-2.832213741,2.836368076
0.08515,-0.915225694,0.91093557,3.810448979,-3.799681724,-2.889966445,2.894002994
0.0852,-0.96927638,0.965066968,3.923069512,-3.912179617,-2.94849448,2.9524113
0.08525,-1.025366263,1.021241563,4.038413199,-4.027396614,-3.007703431,3.011498555
0.0853,-1.083518219,1.079482379,4.156410643,-4.145263226,-3.067500915,3.071172355
0.08535,-1.143752545,1.139809861,4.276991929,-4.265709444,-3.127796607,3.13134236
0.0854,-1.206087004,1.202241922,4.40008668,-4.388664809,-3.188502256,3.191920306
0.08545,-1.270536878,1.266793992,4.525624133,-4.51405847,-3.249531705,3.252820027
0.0855,-1.337115012,1.33347907,4.653533199,-4.641819256,-3.310800905,3.313957467
0.08555,-1.405831872,1.402307773,4.783742527,-4.771875739,-3.372227927,3.375250694
0.0856,-1.476695597,1.47328839,4.91618057,-4.904156296,-3.433732971,3.436619908
0.08565,-1.549712049,1.546426937,5.050775644,-5.03858917,-3.495238377,3.497987451
0.0857,-1.603864098,1.600706012,5.098011069,-5.085742327,-3.494893132,3.497502704
0.08575,-1.606346095,1.603316379,5.034652013,-5.022410378,-3.422452116,3.424924478
0.0858,-1.614313022,1.611412131,4.973138872,-4.960924283,-3.353055568,3.35539381
0.08585,-1.625747683,1.622976102,4.916728349,-4.904540746,-3.285224712,3.287431752
0.0859,-1.637890032,1.635248301,4.864724323,-4.852563647,-3.221091087,3.223169695
0.08595,-1.65003143,1.64752016,4.816920899,-4.80478709,-3.161157367,3.163110177
0.086,-1.662851422,1.660471287,4.773387056,-4.761280056,-3.104813021,3.106642526
0.08605,-1.638214492,1.635966155,4.675620022,-4.66353977,-3.025109357,3.026768385
0.0861,-1.633937553,1.631819211,4.51195431,-4.499900747,-2.872400457,2.873832304
0.08615,-1.616646965,1.614656426,4.356187439,-4.344160507,-2.733914414,2.735129909
0.0862,-1.590051636,1.588186871,4.207186757,-4.195186397,-2.611562584,2.612572054
0.08625,-1.565091731,1.563350777,4.066694698,-4.054720851,-2.496079933,2.496893107
0.0863,-1.544432305,1.542813246,3.934951998,-3.923004604,-2.385042525,2.385668525
0.08635,-1.525586089,1.524087098,3.811465178,-3.79954418,-2.280444389,2.280891781
0.0864,-1.507363721,1.505983088,3.69598,-3.684085339,-2.183220854,2.183497676
0.08645,-1.490413515,1.489149656,3.588484083,-3.5766157,-2.092711417,2.092825195
0.0865,-1.475381765,1.47423322,3.488945107,-3.477102946,-2.008237652,2.008195416
0.08655,-1.462357517,1.461322967,3.397260915,-3.385444917,-1.929608524,1.929416824
0.0866,-1.451316959,1.450395234,3.313319707,-3.301529814,-1.8567362,1.856401127
0.08665,-1.442378131,1.441568223,3.237023013,-3.225259167,-1.789404311,1.788931515
0.0867,-1.435714088,1.435015158,3.168273794,-3.156535937,-1.727342887,1.726737599
0.08675,-1.431460251,1.43087164,3.10696896,-3.095257035,-1.670313529,1.669580575
0.0868,-1.429724502,1.429245736,3.053001364,-3.041315314,-1.61810131,1.617245129
0.08685,-1.43061666,1.430247463,3.006261877,-2.994601646,-1.570487368,1.569512033
0.0869,-1.434250059,1.433990359,2.966639176,-2.955004705,-1.527247114,1.526156348
0.08695,-1.440732835,1.440582773,2.934019297,-2.92241053,-1.488158513,1.486955705
0.087,-1.450166066,1.450126001,2.908285727,-2.896702607,-1.45300402,1.451692247
0.08705,-1.462646027,1.462716547,2.889319565,-2.877762035,-1.421568494,1.420150532
0.0871,-1.478264995,1.478446919,2.876999582,-2.865467586,-1.393638454,1.3921168
0.08715,-1.497110616,1.497405003,2.87120228,-2.859695761,-1.369002767,1.367379655
0.0872,-1.519265521,1.519673677,2.871801979,-2.860320881,-1.347453124,1.345730538
0.08725,-1.544807419,1.5453309,2.878670911,-2.867215178,-1.328784037,1.326963731
0.0873,-1.573809182,1.574449801,2.89167931,-2.880248886,-1.31279285,1.310876364
0.08735,-1.606338794,1.607098625,2.910695515,-2.899290343,-1.299279883,1.297268555
0.0874,-1.642459302,1.643340684,2.935586069,-2.924206095,-1.288048595,1.285943581
0.08745,-1.68222881,1.683234352,2.966215839,-2.954861006,-1.278905698,1.276707984
0.0875,-1.725700488,1.726833073,3.002448123,-2.991118377,-1.271661261,1.269371679
0.08755,-1.772922583,1.774185369,3.044144775,-3.032840059,-1.266128818,1.263748063
0.0876,-1.823938432,1.825334859,3.091166319,-3.079886578,-1.262125484,1.259654122
0.08765,-1.878786485,1.880320272,3.143372083,-3.132117263,-1.259472049,1.256910539
0.0877,-1.937500336,1.939175486,3.200620322,-3.189390367,-1.257993082,1.255341785
0.08775,-2.000108761,2.001929566,3.262768352,-3.251563208,-1.257517021,1.254776213
0.0878,-2.066635768,2.068606804,3.32967268,-3.31849229,-1.257876256,1.255046142
0.08785,-2.137100647,2.13922678,3.401189137,-3.390033449,-1.258907214,1.255987944
0.0879,-2.211518032,2.213804417,3.47717302,-3.466041979,-1.260450437,1.257442113
0.08795,-2.289897966,2.292350046,3.55747922,-3.546372771,-1.262350644,1.259253335
0.088,-2.372245977,2.374869484,3.641962363,-3.630880451,-1.2644568,1.261270552
0.08805,-2.458563156,2.461364112,3.730476944,-3.719419515,-1.26662217,1.263347021
0.0881,-2.548846242,2.551830956,3.822877463,-3.811844464,-1.268704371,1.265340358
0.08815,-2.643087714,2.646262784,3.919018563,-3.90800994,-1.270565416,1.267112588
0.0882,-2.741275889,2.744648197,4.018755157,-4.007770856,-1.272071749,1.268530177
0.08825,-2.843395021,2.846971733,4.121942567,-4.110982534,-1.273094281,1.269464065
0.0883,-2.949425407,2.953213972,4.228436648,-4.21750083,-1.273508407,1.269789691
0.08835,-3.059343499,3.063351645,4.33809392,-4.327182263,-1.273194032,1.269387008
0.0884,-3.173122016,3.17735775,4.450771692,-4.439884143,-1.272035575,1.268140494
0.08845,-3.290730066,3.295201667,4.566328183,-4.555464689,-1.269921978,1.265939161
0.0885,-3.41213326,3.416849281,4.684622642,-4.673783151,-1.266746706,1.262676547
0.08855,-3.537293843,3.542263104,4.805515467,-4.794699926,-1.262407734,1.258250712
0.0886,-3.627185526,3.632356751,4.863322049,-4.852530404,-1.223670454,1.219427173
0.08865,-3.633413245,3.63871066,4.84723934,-4.836471539,-1.207968624,1.203641672
0.0887,-3.646570689,3.651994671,4.833400285,-4.822656274,-1.180893807,1.176486015
0.08875,-3.668884532,3.674435512,4.820320858,-4.809600586,-1.145488112,1.141002135
0.0888,-3.693607108,3.699285613,4.81062995,-4.799933364,-1.111060509,1.106498937
0.08885,-3.718953404,3.724760071,4.805038456,-4.794365504,-1.080106976,1.075472363
0.0889,-3.678872995,3.684808145,4.719220383,-4.708649273,-1.040997371,1.03629255
0.08895,-3.564455961,3.570515755,4.528934892,-4.518562583,-0.958580566,0.953810725
0.089,-3.45270384,3.458883586,4.344753626,-4.334572581,-0.886284163,0.881454848
0.08905,-3.342206874,3.34850207,4.170025674,-4.160028665,-0.822114463,0.817230939
0.0891,-3.235870978,3.242277289,4.003224971,-3.993405089,-0.761707283,0.75677451
0.08915,-3.134549564,3.141062815,3.843769229,-3.834119882,-0.703627049,0.698649683
0.0892,-3.037637536,3.044253721,3.691828055,-3.682342957,-0.648648668,0.643631086
0.08925,-2.94476152,2.951476803,3.547476793,-3.538149958,-0.597221055,0.592167372
0.0893,-2.85603728,2.862847994,3.410529586,-3.401355322,-0.549042774,0.543956859
0.08935,-2.77162394,2.778526589,3.280767818,-3.271740723,-0.503736264,0.498621747
0.0894,-2.691542799,2.698534056,3.158047813,-3.149162768,-0.461136719,0.455997006
0.08945,-2.61577089,2.622847599,3.042252604,-3.033504765,-0.421150298,0.415988582
0.0895,-2.544315215,2.551474391,2.933247179,-2.924631975,-0.383635137,0.378454411
0.08955,-2.477199681,2.48443851,2.830884518,-2.82239764,-0.348420448,0.343223519
0.0896,-2.414440263,2.421756102,2.735021011,-2.726658413,-0.31534678,0.31013628
0.08965,-2.356044286,2.363434664,2.645517478,-2.637275363,-0.284267747,0.279046143
0.0897,-2.302017701,2.309480316,2.562234474,-2.554109295,-0.255038071,0.24980768
0.08975,-2.252366482,2.259899205,2.485031195,-2.477019645,-0.227511078,0.222274076
0.0898,-2.207094643,2.214695516,2.413766798,-2.405865805,-0.201542005,0.196300439
0.08985,-2.166203486,2.17387072,2.348300985,-2.340507708,-0.176989344,0.171745143
0.0899,-2.129692057,2.137424034,2.288493712,-2.280805533,-0.153714084,0.148469071
0.08995,-2.097557408,2.105352679,2.23420499,-2.226619509,-0.131579255,0.126335156
0.09,-2.069794482,2.077651768,2.185294998,-2.177810027,-0.110450159,0.105208616
0.09005,-2.046395998,2.054314189,2.141624199,-2.134237756,-0.090194595,0.084957173
0.0901,-2.027352464,2.035330617,2.103053364,-2.095763669,-0.070682877,0.065451076
0.09015,-2.012652203,2.020689542,2.069443591,-2.062249058,-0.051787818,0.046563085
0.0902,-2.002281349,2.010377264,2.040656347,-2.033555579,-0.033384789,0.028168523
0.09025,-1.996223837,2.004377885,2.016553523,-2.009545308,-0.015351772,0.010145336
0.0903,-1.994464211,2.002676111,1.996994655,-1.990077958,0.002426162,-0.007623934
0.09035,-1.996973428,2.005243065,1.981851178,-1.975025135,0.020077385,-0.025262674
0.0904,-2.003737895,2.012065315,1.970977565,-1.964241481,0.03770634,-0.042877827
0.09045,-2.014729082,2.023114491,1.964241716,-1.957595056,0.055425213,-0.060581588
0.0905,-2.029920767,2.038364531,1.961507668,-1.954950054,0.073343815,-0.078483761
0.09055,-2.049283973,2.057786615,1.962640849,-1.956172052,0.091567752,-0.096689935
0.0906,-2.072787392,2.081349593,1.967507748,-1.961127684,0.110199245,-0.115302308
0.09065,-2.100397827,2.109020424,1.975975508,-1.969684232,0.129337979,-0.134420533
0.0907,-2.132080135,2.140764117,1.987912067,-1.98170977,0.149080899,-0.154141516
0.09075,-2.167797132,2.176543639,2.003186366,-1.997073367,0.169521916,-0.174559122
0.0908,-2.207509642,2.216319966,2.02166839,-2.015645131,0.190751909,-0.195764178
0.09085,-2.251176582,2.26005216,2.043229178,-2.03729622,0.212858799,-0.217844545
0.0909,-2.298754996,2.307697415,2.067740878,-2.061898895,0.235927534,-0.240885103
0.09095,-2.350200094,2.359211082,2.095076822,-2.089326596,0.260040045,-0.264967713
0.091,-2.405465295,2.414546724,2.125111575,-2.119453992,0.285275244,-0.290171208
0.09105,-2.464502281,2.473656162,2.157720992,-2.152157036,0.31170902,-0.316571393
0.0911,-2.52726105,2.536489531,2.192782272,-2.187313019,0.339414242,-0.344241048
0.09115,-2.593689966,2.602995334,2.230174004,-2.224800621,0.368460754,-0.373249921
0.0912,-2.663735819,2.673120491,2.269776229,-2.264499966,0.398915378,-0.403664737
0.09125,-2.737343879,2.746810403,2.311470487,-2.306292671,0.430841924,-0.4355492
0.0913,-2.814457955,2.82400901,2.355139862,-2.350061897,0.464301198,-0.468964007
0.09135,-2.895020458,2.904658847,2.40066904,-2.395692397,0.499351012,-0.503966857
0.0914,-2.978972461,2.988701113,2.447944344,-2.443070562,0.536046201,-0.540612468
0.09145,-3.066253765,3.076075728,2.49685379,-2.492084467,0.57443864,-0.578952596
0.0915,-3.156802958,3.166721399,2.547287122,-2.542623914,0.614577268,-0.619036052
0.09155,-3.250557485,3.260575686,2.599135858,-2.594580473,0.656508107,-0.660908733
0.0916,-3.34745371,3.357575069,2.652293328,-2.647847521,0.70027429,-0.70461364
0.09165,-3.447426987,3.457655011,2.706654713,-2.702320284,0.745916089,-0.750190911
0.0917,-3.550411723,3.560750027,2.762117078,-2.757895866,0.79347095,-0.797677856
0.09175,-3.656341447,3.666793751,2.818579407,-2.814473287,0.84297352,-0.847108984
0.0918,-3.765148877,3.775719004,2.875942634,-2.871953514,0.894455689,-0.898516043
0.09185,-3.876765988,3.88745786,2.934109673,-2.93023949,0.947946627,-0.951928058
0.0919,-3.991124081,4.001941717,2.992985446,-2.989236158,1.00347282,-1.007371374
0.09195,-4.108153847,4.11910136,3.052476901,-3.04885049,1.061058121,-1.064869695
0.092,-4.227785437,4.238867031,3.112493044,-3.108991509,1.120723786,-1.12444413
0.09205,-4.349948528,4.361168495,3.172944951,-3.169570304,1.182488526,-1.186113241
0.0921,-4.474572386,4.485935105,3.233745791,-3.230500056,1.246368553,-1.24989309
0.09215,-4.601585939,4.613095868,3.294810839,-3.291696045,1.312377632,-1.31579729
0.0922,-4.730917832,4.742579513,3.356057489,-3.353075672,1.380527128,-1.383837056
0.09225,-4.862496499,4.874314548,3.417405267,-3.41455846,1.450826063,-1.454021258
0.0923,-4.996250221,5.008229329,3.478775834,-3.476066073,1.523281168,-1.526356474
0.09235,-5.042854776,5.054915693,3.478161915,-3.475590841,1.577139866,-1.580090396
0.0924,-4.979041761,4.991076031,3.405397503,-3.402962818,1.57945486,-1.582279288
0.09245,-4.917100581,4.929108263,3.33566529,-3.333363897,1.587296575,-1.589994458
0.0925,-4.860283079,4.872264231,3.267496927,-3.265325903,1.598632383,-1.60120325
0.09255,-4.807876134,4.819830816,3.203058969,-3.201015537,1.610650132,-1.613093457
0.0926,-4.759672412,4.771600682,3.142853683,-3.140935208,1.62264008,-1.624955268
0.09265,-4.715746223,4.727648139,3.086256898,-3.084460881,1.635300669,-1.63748706
0.0927,-4.617423884,4.629299503,3.006052394,-3.004425667,1.610543487,-1.612600436
0.09275,-4.453120917,4.464970299,2.852659396,-2.851258193,1.606189387,-1.608118709
0.0928,-4.296683548,4.308506751,2.713567094,-2.712380558,1.588719255,-1.590523161
0.09285,-4.146993386,4.158790467,2.590648732,-2.589666507,1.561894038,-1.563574569
0.0929,-4.005829692,4.01760071,2.474593907,-2.473806239,1.536735559,-1.538294697
0.09295,-3.873432854,3.885177866,2.363015918,-2.362413663,1.515870728,-1.517310411
0.093,-3.749297795,3.761016858,2.257943111,-2.257517683,1.49676589,-1.498087968
0.09305,-3.63317007,3.644863242,2.160297942,-2.160041286,1.478243939,-1.479450144
0.0931,-3.525042159,3.536709497,2.069400081,-2.069304655,1.460977488,-1.462069433
0.09315,-3.424883429,3.436524991,1.984571714,-1.984630476,1.44561353,-1.4465927
0.0932,-3.332591315,3.344207157,1.905629474,-1.905835866,1.432232693,-1.433100439
0.09325,-3.248054323,3.259644502,1.832486044,-1.832833967,1.420810646,-1.421568167
0.0933,-3.171175025,3.182739598,1.764921361,-1.765405158,1.411469884,-1.41211822
0.09335,-3.101857292,3.113396315,1.702663765,-1.703278206,1.404385806,-1.40492583
0.0934,-3.039998681,3.051512211,1.645475116,-1.646215375,1.399693997,-1.400126405
0.09345,-2.985492676,2.99698077,1.593140307,-1.594001947,1.397502946,-1.397828246
0.0935,-2.938230824,2.949693537,1.545439488,-1.546418442,1.397923962,-1.398142468
0.09355,-2.898102458,2.909539847,1.502147098,-1.50323965,1.401071868,-1.401183689
0.0936,-2.864994236,2.876406356,1.463040397,-1.464243167,1.407055996,-1.407061032
0.09365,-2.838790234,2.850177142,1.427901163,-1.429211088,1.415978597,-1.415876528
0.0937,-2.819372116,2.830733867,1.396513461,-1.397927777,1.427937231,-1.427727513
0.09375,-2.80661919,2.81795584,1.368662978,-1.370179207,1.443025496,-1.442707349
0.0938,-2.800408469,2.811720073,1.344137771,-1.345753697,1.461332333,-1.46090474
0.09385,-2.800614752,2.811901365,1.322728717,-1.324442376,1.482941662,-1.482403361
0.0939,-2.807110718,2.818372396,1.304229495,-1.306039157,1.507932492,-1.50728197
0.09395,-2.819767019,2.831003817,1.2884366,-1.290340751,1.536378998,-1.535614487
0.094,-2.838452376,2.849664349,1.275149497,-1.277146824,1.568350467,-1.567469936
0.09405,-2.863033687,2.874220889,1.264170781,-1.266260158,1.60391124,-1.602912395
0.0941,-2.893376135,2.904538621,1.255306292,-1.257486764,1.643120712,-1.642000987
0.09415,-2.929343305,2.94048113,1.248365221,-1.250635987,1.686033334,-1.684789893
0.0942,-2.9707973,2.981910518,1.243160218,-1.24552062,1.732698626,-1.731328354
0.09425,-3.017598863,3.02868753,1.239507507,-1.241957011,1.783161186,-1.781660689
0.0943,-3.069607506,3.080671675,1.237226987,-1.239765175,1.837460708,-1.835826311
0.09435,-3.126681634,3.137721358,1.236142333,-1.238768882,1.895632018,-1.89385976
0.0944,-3.188678676,3.19969401,1.236081084,-1.238795758,1.957705104,-1.95579074
0.09445,-3.255455222,3.26644622,1.236874736,-1.239677372,2.023705169,-2.021644165
0.0945,-3.326867154,3.337833869,1.238358823,-1.241249315,2.093652675,-2.091440208
0.09455,-3.402769781,3.413712268,1.240372993,-1.243351284,2.167563407,-2.165194365
0.0946,-3.48301798,3.493936291,1.242761077,-1.245827143,2.245448533,-2.242917516
0.09465,-3.567466326,3.578360515,1.245371158,-1.248524999,2.327314684,-2.324616
0.0947,-3.655969235,3.666839355,1.248055623,-1.251297251,2.413164023,-2.410291692
0.09475,-3.748381097,3.759227201,1.250671222,-1.254000648,2.502994338,-2.49994209
0.0948,-3.844556413,3.855378554,1.253079106,-1.256496331,2.596799125,-2.593560403
0.09485,-3.944349927,3.955148158,1.25514487,-1.258649875,2.69456769,-2.691135649
0.0949,-4.047616761,4.058391135,1.256738583,-1.260331319,2.796285241,-2.792652754
0.09495,-4.154212548,4.164963117,1.257734815,-1.261415191,2.901933003,-2.898092656
0.095,-4.263993554,4.274720371,1.258012655,-1.261780531,3.011488318,-3.00743242
0.09505,-4.376816811,4.387519928,1.257455723,-1.261310902,3.124924768,-3.120645347
0.0951,-4.492540239,4.503219708,1.255952178,-1.259894394,3.242212283,-3.237701092
0.09515,-4.611022761,4.621678635,1.253394714,-1.257423626,3.363317268,-3.358565788
0.0952,-4.732124429,4.742756759,1.249680555,-1.253795742,3.488202724,-3.483202166
0.09525,-4.790241189,4.800850028,1.211412951,-1.215613862,3.578025542,-3.572826313
0.0953,-4.774549676,4.785135075,1.196196118,-1.200480201,3.584177522,-3.578854232
0.09535,-4.761076114,4.771638125,1.169443208,-1.173807667,3.59739986,-3.591952129
0.0954,-4.748357329,4.758896003,1.134285461,-1.138727676,3.619850823,-3.614278218
0.09545,-4.739062814,4.749578203,1.100220898,-1.104738313,3.644634334,-3.638936326
0.0955,-4.733885928,4.744378084,1.069695125,-1.074285219,3.669998285,-3.664174236
0.09555,-4.732127461,4.742596434,1.040529004,-1.045189308,3.697422631,-3.691471807
0.0956,-4.65005038,4.660418947,1.002360774,-1.007088557,3.660099706,-3.654021692
0.09565,-4.463761705,4.473934079,0.921295906,-0.926086132,3.548190362,-3.541988916
0.0957,-4.28370646,4.293690022,0.850847838,-0.85569511,3.438587016,-3.432266749
0.09575,-4.113096778,4.122898602,0.788589295,-0.793488491,3.330176135,-3.323741467
0.0958,-3.950284034,3.959910878,0.729846932,-0.734793227,3.226049783,-3.219504968
0.09585,-3.794703001,3.804161311,0.67325806,-0.678246928,3.127005097,-3.120354226
0.0959,-3.646568966,3.655864883,0.619718329,-0.624745516,3.032361504,-3.025608501
0.09595,-3.505961381,3.515100749,0.569679343,-0.574740847,2.941746662,-2.934895278
0.096,-3.372679823,3.381668194,0.522800919,-0.52789298,2.855300151,-2.848353968
0.09605,-3.246501388,3.25534403,0.478697446,-0.483816534,2.773184504,-2.766146935
0.0961,-3.127286488,3.135988389,0.437216038,-0.442358842,2.695412855,-2.688287142
0.09615,-3.014920396,3.02348627,0.398268608,-0.403432022,2.621958412,-2.614747624
0.0962,-2.909267187,2.917701478,0.361711401,-0.366892512,2.552828857,-2.545535894
0.09625,-2.810178988,2.818485881,0.327372429,-0.332568504,2.488048173,-2.480675762
0.0963,-2.717512407,2.72569583,0.295093687,-0.300302161,2.427630845,-2.420181544
0.09635,-2.631128644,2.639192276,0.264730506,-0.269948973,2.371582623,-2.364058817
0.0964,-2.550888325,2.558835599,0.236138573,-0.241364772,2.319908338,-2.312312241
0.09645,-2.476650625,2.484484738,0.209172029,-0.214403831,2.272612923,-2.264946579
0.0965,-2.408274791,2.415998705,0.183687202,-0.188922603,2.229699205,-2.221964485
0.09655,-2.345620676,2.353237129,0.159543809,-0.164780916,2.191167237,-2.183365843
0.0966,-2.288548381,2.296059888,0.136604051,-0.141841072,2.15701484,-2.149148305
0.09665,-2.236918066,2.244326928,0.11473218,-0.119967413,2.127237858,-2.119307543
0.0967,-2.190590083,2.197898393,0.093794772,-0.099026595,2.101830005,-2.093837104
0.09675,-2.149425101,2.156634747,0.073660958,-0.07888782,2.080782766,-2.072728303
0.0968,-2.113284117,2.12039679,0.054202423,-0.05942283,2.06408541,-2.055970244
0.09685,-2.082028479,2.089045679,0.035293386,-0.040505897,2.051725027,-2.043549848
0.0969,-2.055519932,2.062442971,0.016810662,-0.022013875,2.043686517,-2.035451849
0.09695,-2.033620672,2.040450683,-0.00134402,-0.003821096,2.039952587,-2.031658791
0.097,-2.016193627,2.022931567,-0.019356954,0.014170835,2.040503441,-2.032150712
0.09705,-2.003101757,2.009748413,-0.037273246,0.032100494,2.045317763,-2.036906135
0.0971,-1.994208251,2.000764248,-0.055229823,0.050071769,2.054372374,-2.045901718
0.09715,-1.989378769,1.995844573,-0.073334566,0.068192546,2.067640212,-2.059110241
0.0972,-1.988478235,1.994854158,-0.091694735,0.086570098,2.08509348,-2.076503747
0.09725,-1.991372319,1.997658528,-0.110414734,0.105308847,2.106702263,-2.098052164
0.0973,-1.997927869,2.004124386,-0.12959538,0.124509639,2.13243425,-2.123723024
0.09735,-2.008012639,2.014119352,-0.149334513,0.144270351,2.162255062,-2.153481794
0.0974,-2.021495207,2.027511871,-0.169727229,0.16468612,2.196128401,-2.187292025
0.09745,-2.038245112,2.044171357,-0.190865693,0.18584916,2.234016011,-2.225115311
0.0975,-2.05813297,2.063968305,-0.212839027,0.207848652,2.275877673,-2.266911281
0.09755,-2.081030502,2.086774319,-0.235733344,0.23077077,2.321671266,-2.312637669
0.0976,-2.106810574,2.112462156,-0.259631756,0.254698697,2.371352823,-2.362250362
0.09765,-2.135347259,2.140905784,-0.284614368,0.279712612,2.424876574,-2.415703449
0.0977,-2.166515898,2.171980441,-0.310758248,0.305889665,2.482194992,-2.472949259
0.09775,-2.200193149,2.205562692,-0.338137436,0.333303982,2.543258841,-2.533938419
0.0978,-2.236257047,2.241530479,-0.366822943,0.362026667,2.608017231,-2.598619904
0.09785,-2.274587046,2.279763172,-0.396882751,0.392125798,2.676417677,-2.666941091
0.0979,-2.315064082,2.320141625,-0.42838182,0.423666439,2.748406148,-2.738847819
0.09795,-2.357570614,2.36254822,-0.461382099,0.456710644,2.823927132,-2.814284446
0.098,-2.401990677,2.406866921,-0.495942532,0.491317468,2.902923691,-2.893193908
0.09805,-2.448209929,2.452983318,-0.532119075,0.527542983,2.985337526,-2.97551778
0.0981,-2.496115696,2.500784674,-0.569964715,0.565440294,3.071109038,-3.061196341
0.09815,-2.545597015,2.550159968,-0.609529486,0.605059558,3.160177391,-3.150168635
0.0982,-2.596544678,2.600999937,-0.650860494,0.646448008,3.252480579,-3.242372539
0.09825,-2.648851272,2.653197119,-0.694001944,0.689649977,3.347955487,-3.337744825
0.0983,-2.702411215,2.706645885,-0.738995164,0.734706925,3.446537963,-3.436221227
0.09835,-2.757120797,2.761242484,-0.785878638,0.781657473,3.548162881,-3.537736511
0.0984,-2.812878208,2.81688507,-0.834688039,0.830537429,3.652764208,-3.642224538
0.09845,-2.869583578,2.873473735,-0.885456263,0.881379831,3.760275073,-3.749618333
0.0985,-2.927138998,2.930910543,-0.938213469,0.934214978,3.870627834,-3.859850153
0.09855,-2.985448555,2.989099554,-0.992987116,0.989070475,3.983754145,-3.972851555
0.0986,-3.044418355,3.047946852,-1.049802009,1.045971271,4.099585025,-4.088553462
0.09865,-3.103956547,3.107360565,-1.108680338,1.104939703,4.218050923,-4.20688623
0.0987,-3.16397334,3.167250889,-1.169641728,1.165995544,4.339081785,-4.327779716
0.09875,-3.224381028,3.227530104,-1.232703285,1.22915605,4.462607122,-4.451163345
0.0988,-3.285094002,3.288112593,-1.297879645,1.294436007,4.588556074,-4.576966174
0.09885,-3.346028766,3.348914853,-1.365183027,1.361847784,4.716857476,-4.705116955
0.0989,-3.407103947,3.409855511,-1.434623283,1.431401386,4.847439922,-4.835544205
0.09895,-3.468240306,3.470855327,-1.506207953,1.503104504,4.980231826,-4.968176264
0.099,-3.529360746,3.531837208,-1.57994232,1.576962572,5.115161488,-5.102941359
0.09905,-3.528778611,3.531114889,-1.634534773,1.631683706,5.162601569,-5.150297862
0.0991,-3.456167467,3.458365861,-1.637325807,1.634604785,5.099381883,-5.087105359
0.09915,-3.386627432,3.388691039,-1.645552265,1.642961758,5.037985259,-5.025735859
0.0992,-3.318666549,3.320598293,-1.657215646,1.654756154,4.981673913,-4.969451576
0.09925,-3.254376647,3.256179307,-1.669613557,1.667285635,4.929769667,-4.917574334
0.0993,-3.194261699,3.195937915,-1.682037146,1.679841422,4.882067713,-4.869899324
0.09935,-3.110644946,3.11214626,-1.656826805,1.654763893,4.779812406,-4.767670901
0.0994,-2.953832984,2.955101126,-1.652046695,1.650114773,4.611537895,-4.599423215
0.09945,-2.811073138,2.812119278,-1.63446584,1.632662689,4.451204545,-4.43911663
0.0995,-2.684463379,2.685298175,-1.607572579,1.60589614,4.297645745,-4.285584536
0.09955,-2.564961519,2.56559502,-1.582099348,1.580547619,4.152619034,-4.140584472
0.0996,-2.450089061,2.450530702,-1.560792742,1.559363763,4.016392121,-4.004384148
0.09965,-2.341745362,2.342004007,-1.541263773,1.539955669,3.888475127,-3.876493684
0.0997,-2.240872884,2.240956864,-1.522308029,1.521119033,3.768605892,-3.756650919
0.09975,-2.146847559,2.14676468,-1.504535744,1.50346421,3.656770377,-3.644841816
0.0998,-2.058993743,2.058751305,-1.488594311,1.487638714,3.55294014,-3.541037932
0.09985,-1.977107031,1.976711845,-1.474588959,1.473747905,3.457015826,-3.445139914
0.0999,-1.901095676,1.900554082,-1.462500599,1.461772842,3.368886436,-3.357036762
0.09995,-1.830746569,1.830064459,-1.452444847,1.451829295,3.288454333,-3.276630838
0.1,-1.765790778,1.764973614,-1.44459519,1.444090916,3.215623936,-3.203826562
0.10005,-1.70598805,1.705040877,-1.439090431,1.438696682,3.150293675,-3.138522365
0.1001,-1.65112184,1.650049311,-1.4360414,1.435757605,3.09235773,-3.080612426
0.10015,-1.600972603,1.599778992,-1.435559882,1.435385664,3.041708248,-3.029988893
0.1002,-1.555315045,1.554004266,-1.437761232,1.437696412,2.998235209,-2.986541746
0.10025,-1.513926034,1.512501662,-1.442755981,1.442800589,2.961825948,-2.950158318
0.1003,-1.476586808,1.475052091,-1.450647687,1.450801967,2.932365203,-2.92072335
0.10035,-1.443081033,1.441438914,-1.46153504,1.461799462,2.909735291,-2.898119159
0.1004,-1.413194,1.411447132,-1.475512739,1.475888001,2.893816171,-2.882225702
0.10045,-1.386713259,1.384864021,-1.492670905,1.493157941,2.884485495,-2.872920632
0.1005,-1.363429099,1.361479614,-1.513094682,1.513694669,2.881618689,-2.870079376
0.10055,-1.343134572,1.341086724,-1.536864307,1.537578671,2.885089046,-2.873575227
0.1006,-1.325625502,1.323480951,-1.564055188,1.564885608,2.894767815,-2.883279433
0.10065,-1.310700626,1.308460823,-1.594737864,1.595686276,2.910524295,-2.899061294
0.1007,-1.298161752,1.295827957,-1.628977944,1.63004655,2.93222594,-2.920788263
0.10075,-1.287813883,1.285387179,-1.666836097,1.668027366,2.959738466,-2.948326059
0.1008,-1.279465321,1.276946627,-1.708368062,1.709684732,2.992925968,-2.981538774
0.10085,-1.272927774,1.270317866,-1.753624648,1.755069733,3.031651029,-3.020288992
0.1009,-1.268016476,1.265315994,-1.802651747,1.80422854,3.075774846,-3.064437911
0.10095,-1.264550286,1.261759753,-1.85549035,1.857202424,3.125157351,-3.113845463
0.101,-1.262351789,1.259471624,-1.91217658,1.914027789,3.17965734,-3.168370443
0.10105,-1.261247392,1.258277923,-1.97274172,1.974736206,3.239132601,-3.22787064
0.1011,-1.26106741,1.258008887,-2.037212262,2.039354451,3.303440045,-3.292202965
0.10115,-1.261646156,1.258498763,-2.105609952,2.107904558,3.372435842,-3.361223588
0.1012,-1.262822012,1.259585884,-2.177951849,2.180403876,3.445975552,-3.434788069
0.10125,-1.264437508,1.261112737,-2.254250388,2.256865127,3.523914264,-3.512751498
0.1013,-1.266339385,1.262926036,-2.33451345,2.337296483,3.606106729,-3.594968626
0.10135,-1.268378654,1.264876777,-2.418744439,2.421701634,3.6924075,-3.681294004
0.1014,-1.270410654,1.266820292,-2.506942361,2.510079879,3.782671064,-3.771582122
0.10145,-1.272295096,1.268616297,-2.599101919,2.602426204,3.876751979,-3.865687536
0.1015,-1.273896102,1.270128932,-2.6952136,2.698731385,3.974505008,-3.963465011
0.10155,-1.275082246,1.271226795,-2.795263777,2.798982081,4.075785253,-4.064769647
0.1016,-1.275726575,1.271782971,-2.899234815,2.903160936,4.180448282,-4.169457014
0.10165,-1.275706632,1.271675047,-3.007105171,3.011246692,4.288350264,-4.277383279
0.1017,-1.274904475,1.270785135,-3.118849517,3.123214296,4.399348089,-4.388405335
0.10175,-1.273206679,1.268999873,-3.234438845,3.23903502,4.513299497,-4.50238092
0.1018,-1.270504339,1.26621043,-3.353840595,3.358676574,4.630063197,-4.619168743
0.10185,-1.266693072,1.262312498,-3.477018774,3.482103236,4.749498982,-4.738628598
0.1019,-1.228228381,1.223761707,-3.565474302,3.570756851,4.806140078,-4.795293712
0.10195,-1.212724343,1.208174146,-3.570522587,3.575928716,4.789074435,-4.778252034
0.102,-1.185750563,1.181119668,-3.582639858,3.588169913,4.774294934,-4.763496444
0.10205,-1.150408592,1.145699644,-3.604002265,3.609656643,4.760326464,-4.749551833
0.1021,-1.116146837,1.111362413,-3.627726527,3.633505723,4.749801736,-4.739050911
0.10215,-1.085435776,1.080578416,-3.652036768,3.657941385,4.743415281,-4.732688209
0.1022,-1.056126979,1.05119917,-3.678396308,3.684427046,4.740482009,-4.729778639
0.10225,-1.017573648,1.012578138,-3.640116298,3.646273538,4.657021358,-4.646418861
0.1023,-0.936012915,0.930954787,-3.527298098,3.533578053,4.469192133,-4.458786189
0.10235,-0.865037896,0.859922593,-3.416810092,3.423208126,4.287597652,-4.277380826
0.1024,-0.80224228,0.797074968,-3.307525378,3.314037043,4.115457247,-4.105422414
0.10245,-0.743015022,0.737800568,-3.202504924,3.209125937,3.95115305,-3.941293401
0.1025,-0.685993762,0.680736731,-3.102549096,3.109275339,3.794122944,-3.784431984
0.10255,-0.632051589,0.626756269,-3.006990177,3.013817697,3.644572097,-3.635043636
0.1026,-0.581636623,0.576307049,-2.915456956,2.922381972,3.502577227,-3.493205373
0.10265,-0.534416129,0.529056092,-2.828084958,2.835103858,3.367940942,-3.358720096
0.1027,-0.490006822,0.484619876,-2.745036147,2.752145489,3.240441742,-3.231366592
0.10275,-0.448253409,0.44284289,-2.666325537,2.673522051,3.119939187,-3.111004701
0.1028,-0.409066375,0.403635409,-2.591927417,2.599208001,3.00631789,-2.997519312
0.10285,-0.372302292,0.366853812,-2.521849578,2.529211303,2.899442071,-2.890774914
0.1029,-0.337789417,0.33232617,-2.456116234,2.46355634,2.799164062,-2.7906241
0.10295,-0.305369346,0.299893909,-2.394742459,2.40225836,2.705340404,-2.69692367
0.103,-0.274896907,0.269411697,-2.337734613,2.345323892,2.617832166,-2.609534944
0.10305,-0.246227442,0.240734727,-2.285098038,2.292758449,2.536499919,-2.528318738
0.1031,-0.219214771,0.213716684,-2.236838158,2.244567627,2.461202806,-2.453134434
0.10315,-0.193714817,0.188213365,-2.192958329,2.200754952,2.391800012,-2.383841451
0.1032,-0.16958684,0.164083916,-2.153459149,2.161321194,2.328151309,-2.32029979
0.10325,-0.146692571,0.141189964,-2.118338981,2.126264883,2.270116713,-2.262369686
0.1033,-0.124895768,0.119395175,-2.087594205,2.095582571,2.217556293,-2.209911426
0.10335,-0.10406249,0.098565525,-2.061219077,2.069268683,2.170330301,-2.162785474
0.1034,-0.084061317,0.078569522,-2.039205626,2.047315414,2.128299292,-2.120852586
0.10345,-0.064763354,0.05927821,-2.021543665,2.029712747,2.091324139,-2.083973836
0.1035,-0.046042224,0.040565158,-2.008220824,2.016448479,2.059266055,-2.05201063
0.10355,-0.027774114,0.022306513,-1.999222544,2.007508215,2.031986636,-2.02482475
0.1036,-0.009837842,0.004381058,-1.994532068,2.002875365,2.009347917,-2.002278416
0.10365,0.007878085,-0.013343666,-1.994134263,2.002534959,1.991208516,-1.984230419
0.1037,0.025500594,-0.030952669,-1.997996718,2.006454749,1.977442876,-1.970555373
0.10375,0.043139544,-0.048576806,-2.006106227,2.01462169,1.967904559,-1.961107007
0.1038,0.060907221,-0.06632836,-2.018436126,2.027009281,1.962458956,-1.955750869
0.10385,0.07890792,-0.084311617,-2.034957313,2.043588576,1.960972652,-1.9543537
0.1039,0.097245597,-0.102630512,-2.055639809,2.064329756,1.963311727,-1.956781728
0.10395,0.116022879,-0.121387648,-2.08045228,2.089201641,1.96934224,-1.962901154
0.104,0.135338863,-0.140682087,-2.109361034,2.118170694,1.978931425,-1.972579352
0.10405,0.155289198,-0.160609437,-2.142330119,2.151201118,1.991947715,-1.985684886
0.1041,0.175966725,-0.18126249,-2.179321668,2.188255196,2.008260438,-2.002087211
0.10415,0.197461483,-0.202731232,-2.220295942,2.229293336,2.027739853,-2.021656709
0.1042,0.219860496,-0.225102622,-2.265211275,2.274274023,2.050257322,-2.044264857
0.10425,0.243247732,-0.248460563,-2.314024117,2.32315385,2.075685374,-2.069784298
0.1043,0.267704154,-0.272885943,-2.3666891,2.375887593,2.103897734,-2.098088862
0.10435,0.293307724,-0.298456644,-2.423159088,2.432428259,2.134769365,-2.129053614
0.1044,0.320133381,-0.325247518,-2.483385228,2.492727133,2.168176539,-2.162554923
0.10445,0.348253035,-0.353330384,-2.547316994,2.556733825,2.203996888,-2.198470513
0.1045,0.37773557,-0.382774032,-2.614902243,2.624396331,2.242109457,-2.236679515
0.10455,0.408646856,-0.413644229,-2.686087279,2.695661083,2.282394755,-2.277062522
0.1046,0.441049751,-0.446003727,-2.760816901,2.770473012,2.324734803,-2.319501631
0.10465,0.47500411,-0.479912273,-2.839034469,2.848775607,2.36901319,-2.363880503
0.1047,0.510566803,-0.51542662,-2.920681964,2.930510973,2.41511511,-2.410084404
0.10475,0.547791724,-0.552600545,-3.005700048,3.015619894,2.462927421,-2.458000251
0.1048,0.586729818,-0.591484871,-3.094028129,3.104041901,2.512338678,-2.507516663
0.10485,0.627429095,-0.632127482,-3.185604426,3.195715329,2.563239183,-2.558523994
0.1049,0.669934661,-0.674573355,-3.280366034,3.290577388,2.615521022,-2.610914383
0.10495,0.714288739,-0.718864582,-3.37824899,3.388564227,2.669078107,-2.664581788
0.105,0.760530702,-0.765040401,-3.479188337,3.489611001,2.723806211,-2.719422023
0.10505,0.808697106,-0.813137231,-3.583118198,3.593651937,2.779603001,-2.775332797
0.1051,0.858821721,-0.863188701,-3.689971835,3.700620405,2.836368076,-2.832213741
0.10515,0.91093557,-0.915225694,-3.799681724,3.81044898,2.894002994,-2.889966445
0.1052,0.965066969,-0.969276381,-3.912179618,3.923069513,2.952411301,-2.94849448
0.10525,1.021241564,-1.025366263,-4.027396614,4.038413199,3.011498555,-3.007703431
0.1053,1.079482379,-1.083518219,-4.145263226,4.156410644,3.071172356,-3.067500915
0.10535,1.139809861,-1.143752545,-4.265709445,4.276991929,3.13134236,-3.127796607
0.1054,1.202241922,-1.206087004,-4.388664809,4.40008668,3.191920307,-3.188502256
0.10545,1.266793993,-1.270536878,-4.51405847,4.525624134,3.252820028,-3.249531705
0.1055,1.333479071,-1.337115012,-4.641819257,4.6535332,3.313957468,-3.310800906
0.10555,1.402307773,-1.405831873,-4.77187574,4.783742528,3.375250694,-3.372227927
0.1056,1.47328839,-1.476695597,-4.904156296,4.91618057,3.436619908,-3.433732971
0.10565,1.546426937,-1.549712049,-5.038589171,5.050775645,3.497987452,-3.495238377
0.1057,1.600706012,-1.603864098,-5.085742328,5.098011069,3.497502704,-3.494893132
0.10575,1.60331638,-1.606346096,-5.022410379,5.034652014,3.424924478,-3.422452116
0.1058,1.611412132,-1.614313022,-4.960924284,4.973138873,3.35539381,-3.353055569
0.10585,1.622976102,-1.625747683,-4.904540747,4.916728349,3.287431752,-3.285224712
0.1059,1.635248302,-1.637890032,-4.852563648,4.864724323,3.223169695,-3.221091087
0.10595,1.64752016,-1.650031431,-4.804787091,4.816920899,3.163110177,-3.161157367
0.106,1.660471288,-1.662851422,-4.761280056,4.773387057,3.106642527,-3.104813021
0.10605,1.635966155,-1.638214493,-4.663539771,4.675620023,3.026768385,-3.025109357
0.1061,1.631819212,-1.633937553,-4.499900748,4.51195431,2.873832304,-2.872400457
0.10615,1.614656426,-1.616646966,-4.344160507,4.356187439,2.735129909,-2.733914414
0.1062,1.588186871,-1.590051636,-4.195186398,4.207186758,2.612572055,-2.611562585
0.10625,1.563350778,-1.565091731,-4.054720851,4.066694699,2.496893107,-2.496079934
0.1063,1.542813246,-1.544432305,-3.923004604,3.934951998,2.385668525,-2.385042525
0.10635,1.524087098,-1.52558609,-3.79954418,3.811465179,2.280891781,-2.28044439
0.1064,1.505983088,-1.507363721,-3.68408534,3.695980001,2.183497676,-2.183220855
0.10645,1.489149656,-1.490413516,-3.576615701,3.588484083,2.092825195,-2.092711417
0.1065,1.474233221,-1.475381766,-3.477102946,3.488945108,2.008195416,-2.008237652
0.10655,1.461322967,-1.462357517,-3.385444917,3.397260916,1.929416824,-1.929608524
0.1066,1.450395235,-1.451316959,-3.301529814,3.313319708,1.856401127,-1.856736201
0.10665,1.441568223,-1.442378131,-3.225259167,3.237023014,1.788931516,-1.789404311
0.1067,1.435015158,-1.435714088,-3.156535938,3.168273795,1.726737599,-1.727342887
0.10675,1.43087164,-1.431460252,-3.095257036,3.10696896,1.669580575,-1.670313529
0.1068,1.429245736,-1.429724503,-3.041315315,3.053001364,1.617245129,-1.61810131
0.10685,1.430247463,-1.43061666,-2.994601646,3.006261878,1.569512033,-1.570487368
0.1069,1.43399036,-1.434250059,-2.955004705,2.966639176,1.526156348,-1.527247115
0.10695,1.440582774,-1.440732836,-2.92241053,2.934019297,1.486955705,-1.488158513
0.107,1.450126002,-1.450166066,-2.896702608,2.908285728,1.451692247,-1.453004021
0.10705,1.462716547,-1.462646027,-2.877762036,2.889319566,1.420150533,-1.421568495
0.1071,1.47844692,-1.478264996,-2.865467587,2.876999583,1.3921168,-1.393638454
0.10715,1.497405004,-1.497110616,-2.859695762,2.871202281,1.367379655,-1.369002767
0.1072,1.519673677,-1.519265521,-2.860320881,2.871801979,1.345730538,-1.347453124
0.10725,1.545330901,-1.54480742,-2.867215178,2.878670911,1.326963732,-1.328784037
0.1073,1.574449801,-1.573809183,-2.880248887,2.891679311,1.310876364,-1.31279285
0.10735,1.607098625,-1.606338795,-2.899290344,2.910695515,1.297268556,-1.299279883
0.1074,1.643340685,-1.642459303,-2.924206095,2.935586069,1.285943581,-1.288048596
0.10745,1.683234353,-1.68222881,-2.954861007,2.966215839,1.276707984,-1.278905699
0.1075,1.726833073,-1.725700488,-2.991118378,3.002448124,1.269371679,-1.271661261
0.10755,1.77418537,-1.772922583,-3.03284006,3.044144775,1.263748063,-1.266128819
0.1076,1.825334859,-1.823938433,-3.079886579,3.09116632,1.259654122,-1.262125484
0.10765,1.880320272,-1.878786486,-3.132117263,3.143372084,1.256910539,-1.259472049
0.1077,1.939175487,-1.937500336,-3.189390368,3.200620323,1.255341785,-1.257993083
0.10775,2.001929566,-2.000108761,-3.251563208,3.262768353,1.254776213,-1.257517021
0.1078,2.068606805,-2.066635768,-3.318492291,3.32967268,1.255046143,-1.257876256
0.10785,2.139226781,-2.137100648,-3.39003345,3.401189138,1.255987945,-1.258907215
0.1079,2.213804417,-2.211518033,-3.466041979,3.477173021,1.257442113,-1.260450437
0.10795,2.292350046,-2.289897967,-3.546372771,3.557479221,1.259253335,-1.262350644
0.108,2.374869485,-2.372245978,-3.630880452,3.641962364,1.261270552,-1.2644568
0.10805,2.461364112,-2.458563157,-3.719419516,3.730476944,1.263347021,-1.26662217
0.1081,2.551830957,-2.548846242,-3.811844465,3.822877464,1.265340359,-1.268704371
0.10815,2.646262785,-2.643087715,-3.90800994,3.919018563,1.267112588,-1.270565416
0.1082,2.744648198,-2.74127589,-4.007770857,4.018755158,1.268530177,-1.272071749
0.10825,2.846971734,-2.843395022,-4.110982535,4.121942567,1.269464065,-1.273094281
0.1083,2.953213972,-2.949425408,-4.21750083,4.228436648,1.269789691,-1.273508407
0.10835,3.063351646,-3.059343499,-4.327182264,4.338093921,1.269387008,-1.273194032
0.1084,3.17735775,-3.173122017,-4.439884144,4.450771692,1.268140495,-1.272035575
0.10845,3.295201667,-3.290730066,-4.55546469,4.566328183,1.265939162,-1.269921978
0.1085,3.416849281,-3.412133261,-4.673783152,4.684622643,1.262676548,-1.266746706
0.10855,3.542263104,-3.537293844,-4.794699926,4.805515468,1.258250712,-1.262407734
0.1086,3.632356752,-3.627185526,-4.852530405,4.86332205,1.219427174,-1.223670454
0.10865,3.638710661,-3.633413246,-4.836471539,4.847239341,1.203641672,-1.207968624
0.1087,3.651994672,-3.64657069,-4.822656275,4.833400285,1.176486015,-1.180893807
0.10875,3.674435512,-3.668884533,-4.809600587,4.820320859,1.141002136,-1.145488112
0.1088,3.699285614,-3.693607109,-4.799933364,4.81062995,1.106498937,-1.111060509
0.10885,3.724760071,-3.718953405,-4.794365504,4.805038457,1.075472364,-1.080106976
0.1089,3.684808146,-3.678872996,-4.708649274,4.719220384,1.03629255,-1.040997371
0.10895,3.570515756,-3.564455962,-4.518562584,4.528934893,0.953810725,-0.958580566
0.109,3.458883587,-3.45270384,-4.334572581,4.344753627,0.881454849,-0.886284163
0.10905,3.348502071,-3.342206874,-4.160028665,4.170025675,0.817230939,-0.822114463
0.1091,3.24227729,-3.235870979,-3.99340509,4.003224972,0.75677451,-0.761707283
0.10915,3.141062816,-3.134549565,-3.834119883,3.84376923,0.698649683,-0.703627049
0.1092,3.044253722,-3.037637537,-3.682342957,3.691828056,0.643631086,-0.648648668
0.10925,2.951476804,-2.944761521,-3.538149958,3.547476794,0.592167372,-0.597221055
0.1093,2.862847995,-2.856037281,-3.401355323,3.410529586,0.543956859,-0.549042774
0.10935,2.77852659,-2.771623941,-3.271740724,3.280767819,0.498621747,-0.503736264
0.1094,2.698534057,-2.6915428,-3.149162768,3.158047813,0.455997006,-0.461136719
0.10945,2.6228476,-2.615770891,-3.033504766,3.042252605,0.415988582,-0.421150298
0.1095,2.551474392,-2.544315216,-2.924631975,2.93324718,0.378454411,-0.383635137
0.10955,2.484438511,-2.477199682,-2.822397641,2.830884518,0.343223519,-0.348420448
0.1096,2.421756103,-2.414440263,-2.726658414,2.735021012,0.31013628,-0.31534678
0.10965,2.363434665,-2.356044287,-2.637275364,2.645517478,0.279046143,-0.284267747
0.1097,2.309480317,-2.302017701,-2.554109296,2.562234475,0.24980768,-0.255038071
0.10975,2.259899206,-2.252366482,-2.477019646,2.485031196,0.222274076,-0.227511078
0.1098,2.214695517,-2.207094644,-2.405865806,2.413766799,0.196300439,-0.201542005
0.10985,2.173870721,-2.166203487,-2.340507709,2.348300986,0.171745143,-0.176989344
0.1099,2.137424034,-2.129692057,-2.280805533,2.288493713,0.148469071,-0.153714084
0.10995,2.10535268,-2.097557409,-2.226619509,2.234204991,0.126335156,-0.131579255
0.11,2.077651769,-2.069794483,-2.177810028,2.185294999,0.105208616,-0.110450159
0.11005,2.054314189,-2.046395999,-2.134237757,2.1416242,0.084957173,-0.090194595
0.1101,2.035330617,-2.027352465,-2.09576367,2.103053365,0.065451076,-0.070682877
0.11015,2.020689543,-2.012652204,-2.062249059,2.069443592,0.046563085,-0.051787818
0.1102,2.010377265,-2.00228135,-2.03355558,2.040656347,0.028168523,-0.033384789
0.11025,2.004377886,-1.996223838,-2.009545308,2.016553524,0.010145336,-0.015351772
0.1103,2.002676112,-1.994464211,-1.990077958,1.996994656,-0.007623934,0.002426162
0.11035,2.005243066,-1.996973428,-1.975025135,1.981851178,-0.025262674,0.020077385
0.1104,2.012065316,-2.003737896,-1.964241482,1.970977565,-0.042877827,0.03770634
0.11045,2.023114491,-2.014729083,-1.957595057,1.964241717,-0.060581588,0.055425213
0.1105,2.038364531,-2.029920768,-1.954950055,1.961507669,-0.078483761,0.073343815
0.11055,2.057786616,-2.049283974,-1.956172053,1.96264085,-0.096689935,0.091567752
0.1106,2.081349594,-2.072787392,-1.961127685,1.967507749,-0.115302308,0.110199245
0.11065,2.109020425,-2.100397828,-1.969684233,1.975975508,-0.134420533,0.129337979
0.1107,2.140764118,-2.132080136,-1.981709771,1.987912067,-0.154141517,0.149080899
0.11075,2.17654364,-2.167797133,-1.997073367,2.003186366,-0.174559123,0.169521916
0.1108,2.216319966,-2.207509643,-2.015645132,2.02166839,-0.195764178,0.190751909
0.11085,2.260052161,-2.251176582,-2.03729622,2.043229178,-0.217844545,0.2128588
0.1109,2.307697415,-2.298754997,-2.061898896,2.067740879,-0.240885103,0.235927534
0.11095,2.359211083,-2.350200095,-2.089326596,2.095076822,-0.264967713,0.260040045
0.111,2.414546724,-2.405465296,-2.119453992,2.125111575,-0.290171208,0.285275244
0.11105,2.473656162,-2.464502282,-2.152157037,2.157720993,-0.316571394,0.31170902
0.1111,2.536489532,-2.527261051,-2.18731302,2.192782272,-0.344241048,0.339414242
0.11115,2.602995335,-2.593689967,-2.224800622,2.230174004,-0.373249921,0.368460754
0.1112,2.673120492,-2.66373582,-2.264499967,2.26977623,-0.403664737,0.398915378
0.11125,2.746810404,-2.73734388,-2.306292671,2.311470487,-0.4355492,0.430841925
0.1113,2.824009011,-2.814457955,-2.350061897,2.355139863,-0.468964007,0.464301198
0.11135,2.904658848,-2.895020458,-2.395692397,2.40066904,-0.503966857,0.499351012
0.1114,2.988701114,-2.978972462,-2.443070563,2.447944345,-0.540612468,0.536046201
0.11145,3.076075729,-3.066253766,-2.492084468,2.49685379,-0.578952596,0.57443864
0.1115,3.166721399,-3.156802959,-2.542623915,2.547287122,-0.619036053,0.614577269
0.11155,3.260575687,-3.250557485,-2.594580473,2.599135858,-0.660908733,0.656508107
0.1116,3.35757507,-3.347453711,-2.647847522,2.652293329,-0.70461364,0.70027429
0.11165,3.457655012,-3.447426988,-2.702320285,2.706654714,-0.750190912,0.74591609
0.1117,3.560750028,-3.550411724,-2.757895866,2.762117078,-0.797677856,0.79347095
0.11175,3.666793752,-3.656341448,-2.814473288,2.818579407,-0.847108984,0.84297352
0.1118,3.775719004,-3.765148878,-2.871953515,2.875942634,-0.898516043,0.89445569
0.11185,3.887457861,-3.876765989,-2.93023949,2.934109674,-0.951928059,0.947946627
0.1119,4.001941718,-3.991124082,-2.989236158,2.992985446,-1.007371375,1.00347282
0.11195,4.119101361,-4.108153848,-3.048850491,3.052476901,-1.064869696,1.061058121
0.112,4.238867032,-4.227785438,-3.108991509,3.112493044,-1.124444131,1.120723786
0.11205,4.361168495,-4.349948528,-3.169570305,3.172944951,-1.186113242,1.182488526
0.1121,4.485935105,-4.474572387,-3.230500056,3.233745792,-1.249893091,1.246368554
0.11215,4.613095869,-4.60158594,-3.291696046,3.29481084,-1.315797291,1.312377632
0.1122,4.742579514,-4.730917833,-3.353075672,3.35605749,-1.383837056,1.380527128
0.11225,4.874314549,-4.8624965,-3.414558461,3.417405267,-1.454021258,1.450826063
0.1123,5.00822933,-4.996250222,-3.476066074,3.478775835,-1.526356474,1.523281169
0.11235,5.054915694,-5.042854777,-3.475590842,3.478161916,-1.580090397,1.577139866
0.1124,4.991076032,-4.979041762,-3.402962818,3.405397503,-1.582279289,1.579454861
0.11245,4.929108264,-4.917100582,-3.333363898,3.33566529,-1.589994459,1.587296576
0.1125,4.872264232,-4.86028308,-3.265325903,3.267496927,-1.601203251,1.598632384
0.11255,4.819830817,-4.807876135,-3.201015538,3.203058969,-1.613093457,1.610650133
0.1126,4.771600682,-4.759672413,-3.140935208,3.142853684,-1.624955268,1.622640081
0.11265,4.72764814,-4.715746224,-3.084460881,3.086256899,-1.63748706,1.635300669
0.1127,4.629299504,-4.617423885,-3.004425667,3.006052395,-1.612600437,1.610543487
0.11275,4.4649703,-4.453120918,-2.851258193,2.852659396,-1.60811871,1.606189387
0.1128,4.308506751,-4.296683549,-2.712380558,2.713567094,-1.590523161,1.588719256
0.11285,4.158790468,-4.146993387,-2.589666507,2.590648732,-1.563574569,1.561894038
0.1129,4.017600711,-4.005829693,-2.47380624,2.474593907,-1.538294697,1.536735559
0.11295,3.885177867,-3.873432855,-2.362413663,2.363015919,-1.517310412,1.515870729
0.113,3.761016859,-3.749297795,-2.257517684,2.257943111,-1.498087968,1.496765891
0.11305,3.644863243,-3.633170071,-2.160041287,2.160297943,-1.479450145,1.47824394
0.1131,3.536709498,-3.52504216,-2.069304655,2.069400081,-1.462069433,1.460977488
0.11315,3.436524992,-3.42488343,-1.984630477,1.984571715,-1.4465927,1.44561353
0.1132,3.344207158,-3.332591316,-1.905835866,1.905629474,-1.433100439,1.432232694
0.11325,3.259644502,-3.248054323,-1.832833967,1.832486045,-1.421568167,1.420810647
0.1133,3.182739599,-3.171175026,-1.765405159,1.764921361,-1.412118221,1.411469884
0.11335,3.113396316,-3.101857293,-1.703278206,1.702663765,-1.404925831,1.404385806
0.1134,3.051512212,-3.039998682,-1.646215375,1.645475116,-1.400126405,1.399693998
0.11345,2.996980771,-2.985492677,-1.594001947,1.593140307,-1.397828247,1.397502947
0.1135,2.949693538,-2.938230825,-1.546418442,1.545439489,-1.398142468,1.397923963
0.11355,2.909539847,-2.898102458,-1.50323965,1.502147098,-1.40118369,1.401071868
0.1136,2.876406357,-2.864994237,-1.464243167,1.463040397,-1.407061033,1.407055996
0.11365,2.850177142,-2.838790235,-1.429211088,1.427901163,-1.415876529,1.415978597
0.1137,2.830733867,-2.819372116,-1.397927778,1.396513461,-1.427727513,1.427937232
0.11375,2.817955841,-2.806619191,-1.370179207,1.368662979,-1.44270735,1.443025497
0.1138,2.811720074,-2.80040847,-1.345753698,1.344137772,-1.460904741,1.461332333
0.11385,2.811901366,-2.800614753,-1.324442377,1.322728717,-1.482403362,1.482941662
0.1139,2.818372397,-2.807110719,-1.306039157,1.304229495,-1.507281971,1.507932492
0.11395,2.831003818,-2.81976702,-1.290340751,1.288436601,-1.535614487,1.536378998
0.114,2.84966435,-2.838452377,-1.277146825,1.275149498,-1.567469937,1.568350467
0.11405,2.87422089,-2.863033687,-1.266260159,1.264170781,-1.602912396,1.603911241
0.1141,2.904538622,-2.893376135,-1.257486764,1.255306293,-1.642000988,1.643120712
0.11415,2.940481131,-2.929343305,-1.250635988,1.248365221,-1.684789893,1.686033334
0.1142,2.981910519,-2.9707973,-1.24552062,1.243160218,-1.731328355,1.732698627
0.11425,3.028687531,-3.017598864,-1.241957012,1.239507507,-1.78166069,1.783161186
0.1143,3.080671675,-3.069607507,-1.239765175,1.237226987,-1.835826311,1.837460709
0.11435,3.137721359,-3.126681635,-1.238768882,1.236142333,-1.89385976,1.895632018
0.1144,3.199694011,-3.188678677,-1.238795758,1.236081084,-1.95579074,1.957705105
0.11445,3.266446221,-3.255455223,-1.239677372,1.236874736,-2.021644165,2.02370517
0.1145,3.33783387,-3.326867155,-1.241249316,1.238358824,-2.091440209,2.093652676
0.11455,3.413712268,-3.402769782,-1.243351284,1.240372993,-2.165194366,2.167563407
0.1146,3.493936291,-3.48301798,-1.245827143,1.242761077,-2.242917517,2.245448534
0.11465,3.578360515,-3.567466327,-1.248524999,1.245371158,-2.324616001,2.327314684
0.1147,3.666839356,-3.655969236,-1.251297251,1.248055624,-2.410291693,2.413164024
0.11475,3.759227202,-3.748381098,-1.254000648,1.250671222,-2.499942091,2.502994338
0.1148,3.855378555,-3.844556414,-1.256496332,1.253079106,-2.593560404,2.596799126
0.11485,3.955148158,-3.944349927,-1.258649875,1.25514487,-2.69113565,2.69456769
0.1149,4.058391136,-4.047616762,-1.260331319,1.256738583,-2.792652754,2.796285242
0.11495,4.164963118,-4.154212548,-1.261415191,1.257734815,-2.898092657,2.901933003
0.115,4.274720371,-4.263993555,-1.261780531,1.258012655,-3.007432421,3.011488319
0.11505,4.387519929,-4.376816812,-1.261310902,1.257455723,-3.120645347,3.124924768
0.1151,4.503219709,-4.492540239,-1.259894394,1.255952178,-3.237701092,3.242212283
0.11515,4.621678636,-4.611022762,-1.257423627,1.253394714,-3.358565788,3.363317268
0.1152,4.74275676,-4.732124429,-1.253795742,1.249680555,-3.483202167,3.488202725
0.11525,4.800850029,-4.79024119,-1.215613862,1.211412952,-3.572826314,3.578025542
0.1153,4.785135075,-4.774549677,-1.200480201,1.196196118,-3.578854233,3.584177522
0.11535,4.771638126,-4.761076115,-1.173807667,1.169443208,-3.591952129,3.59739986
0.1154,4.758896004,-4.748357329,-1.138727676,1.134285461,-3.614278219,3.619850823
0.11545,4.749578204,-4.739062814,-1.104738313,1.100220898,-3.638936327,3.644634335
0.1155,4.744378084,-4.733885928,-1.074285219,1.069695125,-3.664174237,3.669998286
0.11555,4.742596435,-4.732127462,-1.045189308,1.040529004,-3.691471808,3.697422632
0.1156,4.660418947,-4.65005038,-1.007088558,1.002360774,-3.654021693,3.660099707
0.11565,4.47393408,-4.463761706,-0.926086132,0.921295906,-3.541988917,3.548190362
0.1157,4.293690023,-4.283706461,-0.85569511,0.850847838,-3.432266749,3.438587016
0.11575,4.122898603,-4.113096778,-0.793488491,0.788589295,-3.323741468,3.330176136
0.1158,3.959910879,-3.950284034,-0.734793228,0.729846933,-3.219504969,3.226049784
0.11585,3.804161311,-3.794703002,-0.678246928,0.673258061,-3.120354227,3.127005098
0.1159,3.655864884,-3.646568967,-0.624745516,0.619718329,-3.025608501,3.032361505
0.11595,3.515100749,-3.505961382,-0.574740847,0.569679343,-2.934895279,2.941746663
0.116,3.381668195,-3.372679824,-0.52789298,0.522800919,-2.848353969,2.855300151
0.11605,3.255344031,-3.246501388,-0.483816534,0.478697446,-2.766146935,2.773184504
0.1161,3.13598839,-3.127286488,-0.442358842,0.437216038,-2.688287142,2.695412856
0.11615,3.02348627,-3.014920397,-0.403432022,0.398268608,-2.614747625,2.621958413
0.1162,2.917701479,-2.909267187,-0.366892512,0.361711401,-2.545535894,2.552828858
0.11625,2.818485881,-2.810178988,-0.332568504,0.327372429,-2.480675763,2.488048173
0.1163,2.725695831,-2.717512407,-0.300302161,0.295093687,-2.420181545,2.427630846
0.11635,2.639192276,-2.631128644,-0.269948973,0.264730506,-2.364058818,2.371582623
0.1164,2.5588356,-2.550888325,-0.241364772,0.236138573,-2.312312241,2.319908338
0.11645,2.484484738,-2.476650626,-0.214403831,0.209172029,-2.264946579,2.272612924
0.1165,2.415998705,-2.408274791,-0.188922603,0.183687202,-2.221964486,2.229699206
0.11655,2.353237129,-2.345620677,-0.164780916,0.159543809,-2.183365844,2.191167237
0.1166,2.296059888,-2.288548382,-0.141841072,0.136604051,-2.149148306,2.157014841
0.11665,2.244326928,-2.236918066,-0.119967413,0.11473218,-2.119307544,2.127237859
0.1167,2.197898394,-2.190590084,-0.099026595,0.093794772,-2.093837105,2.101830006
0.11675,2.156634747,-2.149425101,-0.07888782,0.073660958,-2.072728304,2.080782766
0.1168,2.120396791,-2.113284117,-0.05942283,0.054202423,-2.055970244,2.064085411
0.11685,2.08904568,-2.082028479,-0.040505897,0.035293386,-2.043549848,2.051725027
0.1169,2.062442972,-2.055519932,-0.022013875,0.016810662,-2.03545185,2.043686518
0.11695,2.040450684,-2.033620673,-0.003821096,-0.00134402,-2.031658791,2.039952588
0.117,2.022931568,-2.016193628,0.014170835,-0.019356954,-2.032150712,2.040503441
0.11705,2.009748414,-2.003101757,0.032100494,-0.037273246,-2.036906135,2.045317764
0.1171,2.000764249,-1.994208252,0.050071769,-0.055229823,-2.045901719,2.054372374
0.11715,1.995844574,-1.98937877,0.068192546,-0.073334566,-2.059110242,2.067640213
0.1172,1.994854159,-1.988478235,0.086570098,-0.091694736,-2.076503747,2.08509348
0.11725,1.997658528,-1.99137232,0.105308847,-0.110414734,-2.098052164,2.106702264
0.1173,2.004124387,-1.997927869,0.124509639,-0.12959538,-2.123723024,2.132434251
0.11735,2.014119353,-2.00801264,0.144270351,-0.149334513,-2.153481795,2.162255062
0.1174,2.027511871,-2.021495207,0.16468612,-0.169727229,-2.187292026,2.196128401
0.11745,2.044171358,-2.038245113,0.18584916,-0.190865693,-2.225115311,2.234016012
0.1175,2.063968305,-2.05813297,0.207848652,-0.212839027,-2.266911282,2.275877674
0.11755,2.08677432,-2.081030502,0.23077077,-0.235733344,-2.312637669,2.321671266
0.1176,2.112462157,-2.106810574,0.254698698,-0.259631757,-2.362250363,2.371352823
0.11765,2.140905784,-2.13534726,0.279712612,-0.284614368,-2.415703449,2.424876575
0.1177,2.171980441,-2.166515898,0.305889665,-0.310758248,-2.47294926,2.482194992
0.11775,2.205562692,-2.20019315,0.333303982,-0.338137436,-2.53393842,2.543258841
0.1178,2.241530479,-2.236257047,0.362026667,-0.366822943,-2.598619904,2.608017232
0.11785,2.279763173,-2.274587047,0.392125798,-0.396882751,-2.666941091,2.676417677
0.1179,2.320141625,-2.315064083,0.42366644,-0.428381821,-2.73884782,2.748406148
0.11795,2.36254822,-2.357570614,0.456710644,-0.4613821,-2.814284447,2.823927132
0.118,2.406866921,-2.401990678,0.491317468,-0.495942532,-2.893193908,2.902923691
0.11805,2.452983318,-2.44820993,0.527542983,-0.532119076,-2.97551778,2.985337526
0.1181,2.500784674,-2.496115696,0.565440294,-0.569964715,-3.061196341,3.071109038
0.11815,2.550159968,-2.545597015,0.605059558,-0.609529486,-3.150168636,3.160177392
0.1182,2.600999937,-2.596544679,0.646448008,-0.650860495,-3.24237254,3.252480579
0.11825,2.653197119,-2.648851272,0.689649977,-0.694001944,-3.337744825,3.347955488
0.1183,2.706645886,-2.702411216,0.734706926,-0.738995164,-3.436221228,3.446537964
0.11835,2.761242485,-2.757120797,0.781657473,-0.785878638,-3.537736512,3.548162881
0.1184,2.81688507,-2.812878209,0.830537429,-0.834688039,-3.642224538,3.652764208
0.11845,2.873473735,-2.869583578,0.881379831,-0.885456263,-3.749618333,3.760275073
0.1185,2.930910543,-2.927138998,0.934214978,-0.938213469,-3.859850154,3.870627834
0.11855,2.989099554,-2.985448555,0.989070475,-0.992987116,-3.972851556,3.983754146
0.1186,3.047946852,-3.044418356,1.045971271,-1.049802009,-4.088553462,4.099585026
0.11865,3.107360565,-3.103956547,1.104939703,-1.108680338,-4.20688623,4.218050924
0.1187,3.167250889,-3.16397334,1.165995544,-1.169641728,-4.327779717,4.339081785
0.11875,3.227530104,-3.224381029,1.22915605,-1.232703285,-4.451163346,4.462607122
0.1188,3.288112593,-3.285094003,1.294436007,-1.297879646,-4.576966174,4.588556074
0.11885,3.348914854,-3.346028766,1.361847785,-1.365183027,-4.705116956,4.716857477
0.1189,3.409855511,-3.407103947,1.431401386,-1.434623283,-4.835544206,4.847439922
0.11895,3.470855327,-3.468240307,1.503104504,-1.506207953,-4.968176265,4.980231826
0.119,3.531837208,-3.529360746,1.576962572,-1.57994232,-5.102941359,5.115161488
0.11905,3.531114889,-3.528778612,1.631683706,-1.634534773,-5.150297862,5.162601569
0.1191,3.458365861,-3.456167467,1.634604785,-1.637325807,-5.08710536,5.099381883
0.11915,3.388691039,-3.386627433,1.642961758,-1.645552265,-5.025735859,5.03798526
0.1192,3.320598293,-3.318666549,1.654756154,-1.657215647,-4.969451576,4.981673913
0.11925,3.256179307,-3.254376647,1.667285635,-1.669613557,-4.917574334,4.929769668
0.1193,3.195937915,-3.194261699,1.679841422,-1.682037146,-4.869899324,4.882067714
0.11935,3.11214626,-3.110644946,1.654763893,-1.656826805,-4.767670901,4.779812406
0.1194,2.955101126,-2.953832984,1.650114773,-1.652046695,-4.599423215,4.611537895
0.11945,2.812119278,-2.811073138,1.632662689,-1.63446584,-4.439116631,4.451204546
0.1195,2.685298175,-2.68446338,1.60589614,-1.60757258,-4.285584537,4.297645745
0.11955,2.56559502,-2.56496152,1.580547619,-1.582099348,-4.140584473,4.152619034
0.1196,2.450530702,-2.450089062,1.559363764,-1.560792742,-4.004384148,4.016392121
0.11965,2.342004007,-2.341745362,1.539955669,-1.541263773,-3.876493684,3.888475128
0.1197,2.240956864,-2.240872885,1.521119034,-1.522308029,-3.756650919,3.768605892
0.11975,2.14676468,-2.146847559,1.503464211,-1.504535744,-3.644841817,3.656770377
0.1198,2.058751305,-2.058993743,1.487638714,-1.488594311,-3.541037933,3.55294014
0.11985,1.976711845,-1.977107032,1.473747905,-1.474588959,-3.445139914,3.457015826
0.1199,1.900554082,-1.901095676,1.461772842,-1.462500599,-3.357036762,3.368886437
0.11995,1.83006446,-1.830746569,1.451829295,-1.452444847,-3.276630838,3.288454333
0.12,1.764973614,-1.765790778,1.444090916,-1.444595191,-3.203826563,3.215623936
0.12005,1.705040877,-1.70598805,1.438696682,-1.439090431,-3.138522365,3.150293675
0.1201,1.650049311,-1.65112184,1.435757605,-1.4360414,-3.080612426,3.09235773
0.12015,1.599778992,-1.600972603,1.435385664,-1.435559883,-3.029988893,3.041708248
0.1202,1.554004266,-1.555315045,1.437696412,-1.437761232,-2.986541746,2.99823521
0.12025,1.512501662,-1.513926034,1.442800589,-1.442755982,-2.950158318,2.961825948
0.1203,1.475052091,-1.476586808,1.450801967,-1.450647687,-2.920723351,2.932365203
0.12035,1.441438914,-1.443081033,1.461799463,-1.461535041,-2.898119159,2.909735292
0.1204,1.411447132,-1.413194001,1.475888001,-1.47551274,-2.882225702,2.893816172
0.12045,1.384864022,-1.38671326,1.493157941,-1.492670905,-2.872920632,2.884485495
0.1205,1.361479614,-1.363429099,1.51369467,-1.513094682,-2.870079376,2.881618689
0.12055,1.341086724,-1.343134572,1.537578671,-1.536864307,-2.873575227,2.885089047
0.1206,1.323480951,-1.325625502,1.564885608,-1.564055188,-2.883279434,2.894767816
0.12065,1.308460823,-1.310700626,1.595686277,-1.594737864,-2.899061294,2.910524296
0.1207,1.295827957,-1.298161752,1.63004655,-1.628977944,-2.920788264,2.93222594
0.12075,1.285387179,-1.287813884,1.668027366,-1.666836097,-2.948326059,2.959738467
0.1208,1.276946628,-1.279465321,1.709684732,-1.708368062,-2.981538774,2.992925968
0.12085,1.270317866,-1.272927774,1.755069733,-1.753624648,-3.020288993,3.031651029
0.1209,1.265315994,-1.268016476,1.80422854,-1.802651747,-3.064437912,3.075774846
0.12095,1.261759754,-1.264550286,1.857202424,-1.855490351,-3.113845463,3.125157351
0.121,1.259471625,-1.262351789,1.91402779,-1.91217658,-3.168370443,3.17965734
0.12105,1.258277923,-1.261247392,1.974736206,-1.972741721,-3.22787064,3.239132601
0.1211,1.258008887,-1.26106741,2.039354451,-2.037212262,-3.292202966,3.303440045
0.12115,1.258498763,-1.261646156,2.107904559,-2.105609952,-3.361223588,3.372435842
0.1212,1.259585884,-1.262822012,2.180403876,-2.177951849,-3.43478807,3.445975552
0.12125,1.261112737,-1.264437508,2.256865128,-2.254250389,-3.512751498,3.523914264
0.1213,1.262926037,-1.266339385,2.337296483,-2.334513451,-3.594968626,3.606106729
0.12135,1.264876777,-1.268378654,2.421701635,-2.418744439,-3.681294005,3.6924075
0.1214,1.266820292,-1.270410654,2.510079879,-2.506942361,-3.771582122,3.782671064
0.12145,1.268616297,-1.272295096,2.602426204,-2.599101919,-3.865687536,3.876751979
0.1215,1.270128932,-1.273896102,2.698731386,-2.6952136,-3.963465011,3.974505009
0.12155,1.271226795,-1.275082246,2.798982081,-2.795263778,-4.064769647,4.075785253
0.1216,1.271782971,-1.275726575,2.903160936,-2.899234815,-4.169457014,4.180448283
0.12165,1.271675047,-1.275706633,3.011246692,-3.007105172,-4.277383279,4.288350264
0.1217,1.270785135,-1.274904475,3.123214296,-3.118849517,-4.388405335,4.399348089
0.12175,1.268999874,-1.273206679,3.23903502,-3.234438845,-4.50238092,4.513299497
0.1218,1.26621043,-1.270504339,3.358676575,-3.353840596,-4.619168743,4.630063197
0.12185,1.262312498,-1.266693072,3.482103237,-3.477018774,-4.738628599,4.749498982
0.1219,1.223761707,-1.228228381,3.570756851,-3.565474302,-4.795293713,4.806140078
0.12195,1.208174146,-1.212724343,3.575928716,-3.570522587,-4.778252034,4.789074436
0.122,1.181119668,-1.185750563,3.588169913,-3.582639858,-4.763496444,4.774294934
0.12205,1.145699644,-1.150408592,3.609656643,-3.604002265,-4.749551834,4.760326465
0.1221,1.111362413,-1.116146838,3.633505724,-3.627726528,-4.739050911,4.749801736
0.12215,1.080578416,-1.085435776,3.657941385,-3.652036768,-4.73268821,4.743415281
0.1222,1.05119917,-1.056126979,3.684427046,-3.678396308,-4.729778639,4.740482009
0.12225,1.012578138,-1.017573648,3.646273538,-3.640116298,-4.646418861,4.657021358
0.1223,0.930954787,-0.936012915,3.533578053,-3.527298098,-4.458786189,4.469192133
0.12235,0.859922593,-0.865037896,3.423208126,-3.416810092,-4.277380826,4.287597652
0.1224,0.797074968,-0.80224228,3.314037043,-3.307525379,-4.105422414,4.115457247
0.12245,0.737800569,-0.743015022,3.209125937,-3.202504924,-3.941293401,3.95115305
0.1225,0.680736731,-0.685993762,3.109275339,-3.102549096,-3.784431984,3.794122944
0.12255,0.62675627,-0.632051589,3.013817697,-3.006990177,-3.635043636,3.644572097
0.1226,0.576307049,-0.581636623,2.922381972,-2.915456957,-3.493205374,3.502577227
0.12265,0.529056092,-0.534416129,2.835103858,-2.828084958,-3.358720096,3.367940942
0.1227,0.484619876,-0.490006822,2.752145489,-2.745036147,-3.231366592,3.240441742
0.12275,0.44284289,-0.448253409,2.673522051,-2.666325537,-3.111004701,3.119939187
0.1228,0.403635409,-0.409066375,2.599208001,-2.591927417,-2.997519312,3.00631789
0.12285,0.366853812,-0.372302292,2.529211303,-2.521849578,-2.890774914,2.899442071
0.1229,0.33232617,-0.337789417,2.463556341,-2.456116234,-2.7906241,2.799164062
0.12295,0.299893909,-0.305369346,2.40225836,-2.394742459,-2.69692367,2.705340404
0.123,0.269411697,-0.274896907,2.345323892,-2.337734614,-2.609534944,2.617832166
0.12305,0.240734727,-0.246227442,2.292758449,-2.285098038,-2.528318738,2.536499919
0.1231,0.213716684,-0.219214771,2.244567627,-2.236838158,-2.453134434,2.461202806
0.12315,0.188213365,-0.193714817,2.200754953,-2.192958329,-2.383841451,2.391800012
0.1232,0.164083916,-0.16958684,2.161321194,-2.153459149,-2.32029979,2.32815131
0.12325,0.141189964,-0.146692571,2.126264883,-2.118338981,-2.262369686,2.270116713
0.1233,0.119395175,-0.124895768,2.095582571,-2.087594205,-2.209911427,2.217556293
0.12335,0.098565525,-0.10406249,2.069268683,-2.061219078,-2.162785474,2.170330302
0.1234,0.078569522,-0.084061317,2.047315414,-2.039205626,-2.120852586,2.128299292
0.12345,0.05927821,-0.064763354,2.029712747,-2.021543665,-2.083973836,2.09132414
0.1235,0.040565158,-0.046042224,2.016448479,-2.008220824,-2.05201063,2.059266055
0.12355,0.022306513,-0.027774114,2.007508215,-1.999222544,-2.02482475,2.031986636
0.1236,0.004381058,-0.009837842,2.002875365,-1.994532068,-2.002278416,2.009347917
0.12365,-0.013343666,0.007878085,2.002534959,-1.994134263,-1.984230419,1.991208516
0.1237,-0.030952669,0.025500594,2.006454749,-1.997996718,-1.970555373,1.977442876
0.12375,-0.048576806,0.043139544,2.01462169,-2.006106227,-1.961107007,1.96790456
0.1238,-0.06632836,0.060907221,2.027009281,-2.018436126,-1.955750869,1.962458956
0.12385,-0.084311617,0.07890792,2.043588576,-2.034957313,-1.9543537,1.960972652
0.1239,-0.102630512,0.097245597,2.064329756,-2.055639809,-1.956781728,1.963311727
0.12395,-0.121387648,0.116022879,2.089201641,-2.08045228,-1.962901154,1.96934224
0.124,-0.140682087,0.135338863,2.118170694,-2.109361033,-1.972579352,1.978931425
0.12405,-0.160609437,0.155289198,2.151201118,-2.142330119,-1.985684886,1.991947715
0.1241,-0.18126249,0.175966725,2.188255195,-2.179321668,-2.00208721,2.008260438
0.12415,-0.202731232,0.197461483,2.229293336,-2.220295941,-2.021656708,2.027739853
0.1242,-0.225102622,0.219860496,2.274274022,-2.265211275,-2.044264857,2.050257322
0.12425,-0.248460563,0.243247731,2.32315385,-2.314024117,-2.069784298,2.075685374
0.1243,-0.272885943,0.267704154,2.375887593,-2.366689099,-2.098088861,2.103897734
0.12435,-0.298456644,0.293307724,2.432428259,-2.423159088,-2.129053614,2.134769365
0.1244,-0.325247518,0.320133381,2.492727133,-2.483385228,-2.162554923,2.168176539
0.12445,-0.353330384,0.348253035,2.556733825,-2.547316993,-2.198470513,2.203996887
0.1245,-0.382774032,0.37773557,2.624396331,-2.614902243,-2.236679515,2.242109457
0.12455,-0.413644229,0.408646856,2.695661082,-2.686087279,-2.277062521,2.282394755
0.1246,-0.446003727,0.441049751,2.770473012,-2.760816901,-2.319501631,2.324734803
0.12465,-0.479912273,0.47500411,2.848775607,-2.839034469,-2.363880503,2.369013189
0.1247,-0.51542662,0.510566803,2.930510972,-2.920681964,-2.410084404,2.41511511
0.12475,-0.552600545,0.547791724,3.015619894,-3.005700048,-2.458000251,2.462927421
0.1248,-0.591484871,0.586729818,3.1040419,-3.094028129,-2.507516663,2.512338678
0.12485,-0.632127482,0.627429095,3.195715328,-3.185604426,-2.558523994,2.563239183
0.1249,-0.674573355,0.669934661,3.290577387,-3.280366034,-2.610914383,2.615521022
0.12495,-0.718864582,0.714288739,3.388564226,-3.378248989,-2.664581787,2.669078107
0.125,-0.765040401,0.760530702,3.489611,-3.479188337,-2.719422023,2.72380621
0.12505,-0.813137231,0.808697106,3.593651937,-3.583118197,-2.775332797,2.779603001
0.1251,-0.863188701,0.858821721,3.700620405,-3.689971835,-2.832213741,2.836368076
0.12515,-0.915225694,0.91093557,3.810448979,-3.799681724,-2.889966445,2.894002994
0.1252,-0.96927638,0.965066968,3.923069512,-3.912179617,-2.94849448,2.9524113
0.12525,-1.025366263,1.021241563,4.038413199,-4.027396614,-3.007703431,3.011498555
0.1253,-1.083518219,1.079482379,4.156410643,-4.145263226,-3.067500915,3.071172355
0.12535,-1.143752545,1.139809861,4.276991929,-4.265709444,-3.127796607,3.13134236
0.1254,-1.206087004,1.202241922,4.40008668,-4.388664809,-3.188502256,3.191920306
0.12545,-1.270536878,1.266793992,4.525624133,-4.51405847,-3.249531705,3.252820027
0.1255,-1.337115012,1.33347907,4.653533199,-4.641819256,-3.310800905,3.313957467
0.12555,-1.405831872,1.402307773,4.783742527,-4.771875739,-3.372227927,3.375250694
0.1256,-1.476695597,1.47328839,4.91618057,-4.904156296,-3.433732971,3.436619908
0.12565,-1.549712049,1.546426937,5.050775644,-5.03858917,-3.495238377,3.497987451
0.1257,-1.603864098,1.600706012,5.098011069,-5.085742327,-3.494893132,3.497502704
0.12575,-1.606346095,1.603316379,5.034652013,-5.022410378,-3.422452116,3.424924478
0.1258,-1.614313022,1.611412131,4.973138872,-4.960924283,-3.353055568,3.35539381
0.12585,-1.625747683,1.622976102,4.916728349,-4.904540746,-3.285224712,3.287431752
0.1259,-1.637890032,1.635248301,4.864724323,-4.852563647,-3.221091087,3.223169695
0.12595,-1.65003143,1.64752016,4.816920899,-4.80478709,-3.161157367,3.163110177
0.126,-1.662851422,1.660471287,4.773387056,-4.761280056,-3.104813021,3.106642526
0.12605,-1.638214492,1.635966155,4.675620022,-4.66353977,-3.025109357,3.026768385
0.1261,-1.633937553,1.631819211,4.51195431,-4.499900747,-2.872400457,2.873832304
0.12615,-1.616646965,1.614656426,4.356187439,-4.344160507,-2.733914414,2.735129909
0.1262,-1.590051636,1.588186871,4.207186757,-4.195186397,-2.611562584,2.612572054
0.12625,-1.565091731,1.563350777,4.066694698,-4.054720851,-2.496079933,2.496893107
0.1263,-1.544432305,1.542813246,3.934951998,-3.923004604,-2.385042525,2.385668525
0.12635,-1.525586089,1.524087098,3.811465178,-3.79954418,-2.280444389,2.280891781
0.1264,-1.507363721,1.505983088,3.69598,-3.684085339,-2.183220854,2.183497676
0.12645,-1.490413515,1.489149656,3.588484083,-3.5766157,-2.092711417,2.092825195
0.1265,-1.475381765,1.47423322,3.488945107,-3.477102946,-2.008237652,2.008195416
0.12655,-1.462357517,1.461322967,3.397260915,-3.385444917,-1.929608524,1.929416824
0.1266,-1.451316959,1.450395234,3.313319707,-3.301529814,-1.8567362,1.856401127
0.12665,-1.442378131,1.441568223,3.237023013,-3.225259167,-1.789404311,1.788931515
0.1267,-1.435714088,1.435015158,3.168273794,-3.156535937,-1.727342887,1.726737599
0.12675,-1.431460251,1.43087164,3.10696896,-3.095257035,-1.670313529,1.669580575
0.1268,-1.429724502,1.429245736,3.053001364,-3.041315314,-1.61810131,1.617245129
0.12685,-1.43061666,1.430247463,3.006261877,-2.994601646,-1.570487368,1.569512033
0.1269,-1.434250059,1.433990359,2.966639176,-2.955004705,-1.527247114,1.526156348
0.12695,-1.440732835,1.440582773,2.934019297,-2.92241053,-1.488158513,1.486955705
0.127,-1.450166066,1.450126001,2.908285727,-2.896702607,-1.45300402,1.451692247
0.12705,-1.462646027,1.462716547,2.889319565,-2.877762035,-1.421568494,1.420150532
0.1271,-1.478264995,1.478446919,2.876999582,-2.865467586,-1.393638454,1.3921168
0.12715,-1.497110616,1.497405003,2.87120228,-2.859695761,-1.369002767,1.367379655
0.1272,-1.519265521,1.519673677,2.871801979,-2.860320881,-1.347453124,1.345730538
0.12725,-1.544807419,1.5453309,2.878670911,-2.867215178,-1.328784037,1.326963731
0.1273,-1.573809182,1.574449801,2.89167931,-2.880248886,-1.31279285,1.310876364
0.12735,-1.606338794,1.607098625,2.910695515,-2.899290343,-1.299279883,1.297268555
0.1274,-1.642459302,1.643340684,2.935586069,-2.924206095,-1.288048595,1.285943581
0.12745,-1.68222881,1.683234352,2.966215839,-2.954861006,-1.278905698,1.276707984
0.1275,-1.725700488,1.726833073,3.002448123,-2.991118377,-1.271661261,1.269371679
0.12755,-1.772922583,1.774185369,3.044144775,-3.032840059,-1.266128818,1.263748063
0.1276,-1.823938432,1.825334859,3.091166319,-3.079886578,-1.262125484,1.259654122
0.12765,-1.878786485,1.880320272,3.143372083,-3.132117263,-1.259472049,1.256910539
0.1277,-1.937500336,1.939175486,3.200620322,-3.189390367,-1.257993082,1.255341785
0.12775,-2.000108761,2.001929566,3.262768352,-3.251563208,-1.257517021,1.254776213
0.1278,-2.066635768,2.068606804,3.32967268,-3.31849229,-1.257876256,1.255046142
0.12785,-2.137100647,2.13922678,3.401189137,-3.390033449,-1.258907214,1.255987944
0.1279,-2.211518032,2.213804417,3.47717302,-3.466041979,-1.260450437,1.257442113
0.12795,-2.289897966,2.292350046,3.55747922,-3.546372771,-1.262350644,1.259253335
0.128,-2.372245977,2.374869484,3.641962363,-3.630880451,-1.2644568,1.261270552
0.12805,-2.458563156,2.461364112,3.730476944,-3.719419515,-1.26662217,1.263347021
0.1281,-2.548846242,2.551830956,3.822877463,-3.811844464,-1.268704371,1.265340358
0.12815,-2.643087714,2.646262784,3.919018563,-3.90800994,-1.270565416,1.267112588
0.1282,-2.741275889,2.744648197,4.018755157,-4.007770856,-1.272071749,1.268530177
0.12825,-2.843395021,2.846971733,4.121942567,-4.110982534,-1.273094281,1.269464065
0.1283,-2.949425407,2.953213972,4.228436648,-4.21750083,-1.273508407,1.269789691
0.12835,-3.059343499,3.063351645,4.33809392,-4.327182263,-1.273194032,1.269387008
0.1284,-3.173122016,3.17735775,4.450771692,-4.439884143,-1.272035575,1.268140494
0.12845,-3.290730066,3.295201667,4.566328183,-4.555464689,-1.269921978,1.265939161
0.1285,-3.41213326,3.416849281,4.684622642,-4.673783151,-1.266746706,1.262676547
0.12855,-3.537293843,3.542263104,4.805515467,-4.794699926,-1.262407734,1.258250712
0.1286,-3.627185526,3.632356751,4.863322049,-4.852530404,-1.223670454,1.219427173
0.12865,-3.633413245,3.63871066,4.84723934,-4.836471539,-1.207968624,1.203641672
0.1287,-3.646570689,3.651994671,4.833400285,-4.822656274,-1.180893807,1.176486015
0.12875,-3.668884532,3.674435512,4.820320858,-4.809600586,-1.145488112,1.141002135
0.1288,-3.693607108,3.699285613,4.81062995,-4.799933364,-1.111060509,1.106498937
0.12885,-3.718953404,3.724760071,4.805038456,-4.794365504,-1.080106976,1.075472363
0.1289,-3.678872995,3.684808145,4.719220383,-4.708649273,-1.040997371,1.03629255
0.12895,-3.564455961,3.570515755,4.528934892,-4.518562583,-0.958580566,0.953810725
0.129,-3.45270384,3.458883586,4.344753626,-4.334572581,-0.886284163,0.881454848
0.12905,-3.342206874,3.34850207,4.170025674,-4.160028665,-0.822114463,0.817230939
0.1291,-3.235870978,3.242277289,4.003224971,-3.993405089,-0.761707283,0.75677451
0.12915,-3.134549564,3.141062815,3.843769229,-3.834119882,-0.703627049,0.698649683
0.1292,-3.037637536,3.044253721,3.691828055,-3.682342957,-0.648648668,0.643631086
0.12925,-2.94476152,2.951476803,3.547476793,-3.538149958,-0.597221055,0.592167372
0.1293,-2.85603728,2.862847994,3.410529586,-3.401355322,-0.549042774,0.543956859
0.12935,-2.77162394,2.778526589,3.280767818,-3.271740723,-0.503736264,0.498621747
0.1294,-2.691542799,2.698534056,3.158047813,-3.149162768,-0.461136719,0.455997006
0.12945,-2.61577089,2.622847599,3.042252604,-3.033504765,-0.421150298,0.415988582
0.1295,-2.544315215,2.551474391,2.933247179,-2.924631975,-0.383635137,0.378454411
0.12955,-2.477199681,2.48443851,2.830884518,-2.82239764,-0.348420448,0.343223519
0.1296,-2.414440263,2.421756102,2.735021011,-2.726658413,-0.31534678,0.31013628
0.12965,-2.356044286,2.363434664,2.645517478,-2.637275363,-0.284267747,0.279046143
0.1297,-2.302017701,2.309480316,2.562234474,-2.554109295,-0.255038071,0.24980768
0.12975,-2.252366482,2.259899205,2.485031195,-2.477019645,-0.227511078,0.222274076
0.1298,-2.207094643,2.214695516,2.413766798,-2.405865805,-0.201542005,0.196300439
0.12985,-2.166203486,2.17387072,2.348300985,-2.340507708,-0.176989344,0.171745143
0.1299,-2.129692057,2.137424034,2.288493712,-2.280805533,-0.153714084,0.148469071
0.12995,-2.097557408,2.105352679,2.23420499,-2.226619509,-0.131579255,0.126335156
0.13,-2.069794482,2.077651768,2.185294998,-2.177810027,-0.110450159,0.105208616
0.13005,-2.046395998,2.054314189,2.141624199,-2.134237756,-0.090194595,0.084957173
0.1301,-2.027352464,2.035330617,2.103053364,-2.095763669,-0.070682877,0.065451076
0.13015,-2.012652203,2.020689542,2.069443591,-2.062249058,-0.051787818,0.046563085
0.1302,-2.002281349,2.010377264,2.040656347,-2.033555579,-0.033384789,0.028168523
0.13025,-1.996223837,2.004377885,2.016553523,-2.009545308,-0.015351772,0.010145336
0.1303,-1.994464211,2.002676111,1.996994655,-1.990077958,0.002426162,-0.007623934
0.13035,-1.996973428,2.005243065,1.981851178,-1.975025135,0.020077385,-0.025262674
0.1304,-2.003737895,2.012065315,1.970977565,-1.964241481,0.03770634,-0.042877827
0.13045,-2.014729082,2.023114491,1.964241716,-1.957595056,0.055425213,-0.060581588
0.1305,-2.029920767,2.038364531,1.961507668,-1.954950054,0.073343815,-0.078483761
0.13055,-2.049283973,2.057786615,1.962640849,-1.956172052,0.091567752,-0.096689935
0.1306,-2.072787392,2.081349593,1.967507748,-1.961127684,0.110199245,-0.115302308
0.13065,-2.100397827,2.109020424,1.975975508,-1.969684232,0.129337979,-0.134420533
0.1307,-2.132080135,2.140764117,1.987912067,-1.98170977,0.149080899,-0.154141516
0.13075,-2.167797132,2.176543639,2.003186366,-1.997073367,0.169521916,-0.174559122
0.1308,-2.207509642,2.216319966,2.02166839,-2.015645131,0.190751909,-0.195764178
0.13085,-2.251176582,2.26005216,2.043229178,-2.03729622,0.212858799,-0.217844545
0.1309,-2.298754996,2.307697415,2.067740878,-2.061898895,0.235927534,-0.240885103
0.13095,-2.350200094,2.359211082,2.095076822,-2.089326596,0.260040045,-0.264967713
0.131,-2.405465295,2.414546724,2.125111575,-2.119453992,0.285275244,-0.290171208
0.13105,-2.464502281,2.473656162,2.157720992,-2.152157036,0.31170902,-0.316571393
0.1311,-2.52726105,2.536489531,2.192782272,-2.187313019,0.339414242,-0.344241048
0.13115,-2.593689966,2.602995334,2.230174004,-2.224800621,0.368460754,-0.373249921
0.1312,-2.663735819,2.673120491,2.269776229,-2.264499966,0.398915378,-0.403664737
0.13125,-2.737343879,2.746810403,2.311470487,-2.306292671,0.430841924,-0.4355492
0.1313,-2.814457955,2.82400901,2.355139862,-2.350061897,0.464301198,-0.468964007
0.13135,-2.895020458,2.904658847,2.40066904,-2.395692397,0.499351012,-0.503966857
0.1314,-2.978972461,2.988701113,2.447944344,-2.443070562,0.536046201,-0.540612468
0.13145,-3.066253765,3.076075728,2.49685379,-2.492084467,0.57443864,-0.578952596
0.1315,-3.156802958,3.166721399,2.547287122,-2.542623914,0.614577268,-0.619036052
0.13155,-3.250557485,3.260575686,2.599135858,-2.594580473,0.656508107,-0.660908733
0.1316,-3.34745371,3.357575069,2.652293328,-2.647847521,0.70027429,-0.70461364
0.13165,-3.447426987,3.457655011,2.706654713,-2.702320284,0.745916089,-0.750190911
0.1317,-3.550411723,3.560750027,2.762117078,-2.757895866,0.79347095,-0.797677856
0.13175,-3.656341447,3.666793751,2.818579407,-2.814473287,0.84297352,-0.847108984
0.1318,-3.765148877,3.775719004,2.875942634,-2.871953514,0.894455689,-0.898516043
0.13185,-3.876765988,3.88745786,2.934109673,-2.93023949,0.947946627,-0.951928058
0.1319,-3.991124081,4.001941717,2.992985446,-2.989236158,1.00347282,-1.007371374
0.13195,-4.108153847,4.11910136,3.052476901,-3.04885049,1.061058121,-1.064869695
0.132,-4.227785437,4.238867031,3.112493044,-3.108991509,1.120723786,-1.12444413
0.13205,-4.349948528,4.361168495,3.172944951,-3.169570304,1.182488526,-1.186113241
0.1321,-4.474572386,4.485935105,3.233745791,-3.230500056,1.246368553,-1.24989309
0.13215,-4.601585939,4.613095868,3.294810839,-3.291696045,1.312377632,-1.31579729
0.1322,-4.730917832,4.742579513,3.356057489,-3.353075672,1.380527128,-1.383837056
0.13225,-4.862496499,4.874314548,3.417405267,-3.41455846,1.450826063,-1.454021258
0.1323,-4.996250221,5.008229329,3.478775834,-3.476066073,1.523281168,-1.526356474
0.13235,-5.042854776,5.054915693,3.478161915,-3.475590841,1.577139866,-1.580090396
0.1324,-4.979041761,4.991076031,3.405397503,-3.402962818,1.57945486,-1.582279288
0.13245,-4.917100581,4.929108263,3.33566529,-3.333363897,1.587296575,-1.589994458
0.1325,-4.860283079,4.872264231,3.267496927,-3.265325903,1.598632383,-1.60120325
0.13255,-4.807876134,4.819830816,3.203058969,-3.201015537,1.610650132,-1.613093457
0.1326,-4.759672412,4.771600682,3.142853683,-3.140935208,1.62264008,-1.624955268
0.13265,-4.715746223,4.727648139,3.086256898,-3.084460881,1.635300669,-1.63748706
0.1327,-4.617423884,4.629299503,3.006052394,-3.004425667,1.610543487,-1.612600436
0.13275,-4.453120917,4.464970299,2.852659396,-2.851258193,1.606189387,-1.608118709
0.1328,-4.296683548,4.308506751,2.713567094,-2.712380558,1.588719255,-1.590523161
0.13285,-4.146993386,4.158790467,2.590648732,-2.589666507,1.561894038,-1.563574569
0.1329,-4.005829692,4.01760071,2.474593907,-2.473806239,1.536735559,-1.538294697
0.13295,-3.873432854,3.885177866,2.363015918,-2.362413663,1.515870728,-1.517310411
0.133,-3.749297795,3.761016858,2.257943111,-2.257517683,1.49676589,-1.498087968
0.13305,-3.63317007,3.644863242,2.160297942,-2.160041286,1.478243939,-1.479450144
0.1331,-3.525042159,3.536709497,2.069400081,-2.069304655,1.460977488,-1.462069433
0.13315,-3.424883429,3.436524991,1.984571714,-1.984630476,1.44561353,-1.4465927
0.1332,-3.332591315,3.344207157,1.905629474,-1.905835866,1.432232693,-1.433100439
0.13325,-3.248054323,3.259644502,1.832486044,-1.832833967,1.420810646,-1.421568167
0.1333,-3.171175025,3.182739598,1.764921361,-1.765405158,1.411469884,-1.41211822
0.13335,-3.101857292,3.113396315,1.702663765,-1.703278206,1.404385806,-1.40492583
0.1334,-3.039998681,3.051512211,1.645475116,-1.646215375,1.399693997,-1.400126405
0.13345,-2.985492676,2.99698077,1.593140307,-1.594001947,1.397502946,-1.397828246
0.1335,-2.938230824,2.949693537,1.545439488,-1.546418442,1.397923962,-1.398142468
0.13355,-2.898102458,2.909539847,1.502147098,-1.50323965,1.401071868,-1.401183689
0.1336,-2.864994236,2.876406356,1.463040397,-1.464243167,1.407055996,-1.407061032
0.13365,-2.838790234,2.850177142,1.427901163,-1.429211088,1.415978597,-1.415876528
0.1337,-2.819372116,2.830733867,1.396513461,-1.397927777,1.427937231,-1.427727513
0.13375,-2.80661919,2.81795584,1.368662978,-1.370179207,1.443025496,-1.442707349
0.1338,-2.800408469,2.811720073,1.344137771,-1.345753697,1.461332333,-1.46090474
0.13385,-2.800614752,2.811901365,1.322728717,-1.324442376,1.482941662,-1.482403361
0.1339,-2.807110718,2.818372396,1.304229495,-1.306039157,1.507932492,-1.50728197
0.13395,-2.819767019,2.831003817,1.2884366,-1.290340751,1.536378998,-1.535614487
0.134,-2.838452376,2.849664349,1.275149497,-1.277146824,1.568350467,-1.567469936
0.13405,-2.863033687,2.874220889,1.264170781,-1.266260158,1.60391124,-1.602912395
0.1341,-2.893376135,2.904538621,1.255306292,-1.257486764,1.643120712,-1.642000987
0.13415,-2.929343305,2.94048113,1.248365221,-1.250635987,1.686033334,-1.684789893
0.1342,-2.9707973,2.981910518,1.243160218,-1.24552062,1.732698626,-1.731328354
0.13425,-3.017598863,3.02868753,1.239507507,-1.241957011,1.783161186,-1.781660689
0.1343,-3.069607506,3.080671675,1.237226987,-1.239765175,1.837460708,-1.835826311
0.13435,-3.126681634,3.137721358,1.236142333,-1.238768882,1.895632018,-1.89385976
0.1344,-3.188678676,3.19969401,1.236081084,-1.238795758,1.957705104,-1.95579074
0.13445,-3.255455222,3.26644622,1.236874736,-1.239677372,2.023705169,-2.021644165
0.1345,-3.326867154,3.337833869,1.238358823,-1.241249315,2.093652675,-2.091440208
0.13455,-3.402769781,3.413712268,1.240372993,-1.243351284,2.167563407,-2.165194365
0.1346,-3.48301798,3.493936291,1.242761077,-1.245827143,2.245448533,-2.242917516
0.13465,-3.567466326,3.578360515,1.245371158,-1.248524999,2.327314684,-2.324616
0.1347,-3.655969235,3.666839355,1.248055623,-1.251297251,2.413164023,-2.410291692
0.13475,-3.748381097,3.759227201,1.250671222,-1.254000648,2.502994338,-2.49994209
0.1348,-3.844556413,3.855378554,1.253079106,-1.256496331,2.596799125,-2.593560403
0.13485,-3.944349927,3.955148158,1.25514487,-1.258649875,2.69456769,-2.691135649
0.1349,-4.047616761,4.058391135,1.256738583,-1.260331319,2.796285241,-2.792652754
0.13495,-4.154212548,4.164963117,1.257734815,-1.261415191,2.901933003,-2.898092656
0.135,-4.263993554,4.274720371,1.258012655,-1.261780531,3.011488318,-3.00743242
0.13505,-4.376816811,4.387519928,1.257455723,-1.261310902,3.124924768,-3.120645347
0.1351,-4.492540239,4.503219708,1.255952178,-1.259894394,3.242212283,-3.237701092
0.13515,-4.611022761,4.621678635,1.253394714,-1.257423626,3.363317268,-3.358565788
0.1352,-4.732124429,4.742756759,1.249680555,-1.253795742,3.488202724,-3.483202166
0.13525,-4.790241189,4.800850028,1.211412951,-1.215613862,3.578025542,-3.572826313
0.1353,-4.774549676,4.785135075,1.196196118,-1.200480201,3.584177522,-3.578854232
0.13535,-4.761076114,4.771638125,1.169443208,-1.173807667,3.59739986,-3.591952129
0.1354,-4.748357329,4.758896003,1.134285461,-1.138727676,3.619850823,-3.614278218
0.13545,-4.739062814,4.749578203,1.100220898,-1.104738313,3.644634334,-3.638936326
0.1355,-4.733885928,4.744378084,1.069695125,-1.074285219,3.669998285,-3.664174236
0.13555,-4.732127461,4.742596434,1.040529004,-1.045189308,3.697422631,-3.691471807
0.1356,-4.65005038,4.660418947,1.002360774,-1.007088557,3.660099706,-3.654021692
0.13565,-4.463761705,4.473934079,0.921295906,-0.926086132,3.548190362,-3.541988916
0.1357,-4.28370646,4.293690022,0.850847838,-0.85569511,3.438587016,-3.432266749
0.13575,-4.113096778,4.122898602,0.788589295,-0.793488491,3.330176135,-3.323741467
0.1358,-3.950284034,3.959910878,0.729846932,-0.734793227,3.226049783,-3.219504968
0.13585,-3.794703001,3.804161311,0.67325806,-0.678246928,3.127005097,-3.120354226
0.1359,-3.646568966,3.655864883,0.619718329,-0.624745516,3.032361504,-3.025608501
0.13595,-3.505961381,3.515100749,0.569679343,-0.574740847,2.941746662,-2.934895278
0.136,-3.372679823,3.381668194,0.522800919,-0.52789298,2.855300151,-2.848353968
0.13605,-3.246501388,3.25534403,0.478697446,-0.483816534,2.773184504,-2.766146935
0.1361,-3.127286488,3.135988389,0.437216038,-0.442358842,2.695412855,-2.688287142
0.13615,-3.014920396,3.02348627,0.398268608,-0.403432022,2.621958412,-2.614747624
0.1362,-2.909267187,2.917701478,0.361711401,-0.366892512,2.552828857,-2.545535894
0.13625,-2.810178988,2.818485881,0.327372429,-0.332568504,2.488048173,-2.480675762
0.1363,-2.717512407,2.72569583,0.295093687,-0.300302161,2.427630845,-2.420181544
0.13635,-2.631128644,2.639192276,0.264730506,-0.269948973,2.371582623,-2.364058817
0.1364,-2.550888325,2.558835599,0.236138573,-0.241364772,2.319908338,-2.312312241
0.13645,-2.476650625,2.484484738,0.209172029,-0.214403831,2.272612923,-2.264946579
0.1365,-2.408274791,2.415998705,0.183687202,-0.188922603,2.229699205,-2.221964485
0.13655,-2.345620676,2.353237129,0.159543809,-0.164780916,2.191167237,-2.183365843
0.1366,-2.288548381,2.296059888,0.136604051,-0.141841072,2.15701484,-2.149148305
0.13665,-2.236918066,2.244326928,0.11473218,-0.119967413,2.127237858,-2.119307543
0.1367,-2.190590083,2.197898393,0.093794772,-0.099026595,2.101830005,-2.093837104
0.13675,-2.149425101,2.156634747,0.073660958,-0.07888782,2.080782766,-2.072728303
0.1368,-2.113284117,2.12039679,0.054202423,-0.05942283,2.06408541,-2.055970244
0.13685,-2.082028479,2.089045679,0.035293386,-0.040505897,2.051725027,-2.043549848
0.1369,-2.055519932,2.062442971,0.016810662,-0.022013875,2.043686517,-2.035451849
0.13695,-2.033620672,2.040450683,-0.00134402,-0.003821096,2.039952587,-2.031658791
0.137,-2.016193627,2.022931567,-0.019356954,0.014170835,2.040503441,-2.032150712
0.13705,-2.003101757,2.009748413,-0.037273246,0.032100494,2.045317763,-2.036906135
0.1371,-1.994208251,2.000764248,-0.055229823,0.050071769,2.054372374,-2.045901718
0.13715,-1.989378769,1.995844573,-0.073334566,0.068192546,2.067640212,-2.059110241
0.1372,-1.988478235,1.994854158,-0.091694735,0.086570098,2.08509348,-2.076503747
0.13725,-1.991372319,1.997658528,-0.110414734,0.105308847,2.106702263,-2.098052164
0.1373,-1.997927869,2.004124386,-0.12959538,0.124509639,2.13243425,-2.123723024
0.13735,-2.008012639,2.014119352,-0.149334513,0.144270351,2.162255062,-2.153481794
0.1374,-2.021495207,2.027511871,-0.169727229,0.16468612,2.196128401,-2.187292025
0.13745,-2.038245112,2.044171357,-0.190865693,0.18584916,2.234016011,-2.225115311
0.1375,-2.05813297,2.063968305,-0.212839027,0.207848652,2.275877673,-2.266911281
0.13755,-2.081030502,2.086774319,-0.235733344,0.23077077,2.321671266,-2.312637669
0.1376,-2.106810574,2.112462156,-0.259631756,0.254698697,2.371352823,-2.362250362
0.13765,-2.135347259,2.140905784,-0.284614368,0.279712612,2.424876574,-2.415703449
0.1377,-2.166515898,2.171980441,-0.310758248,0.305889665,2.482194992,-2.472949259
0.13775,-2.200193149,2.205562692,-0.338137436,0.333303982,2.543258841,-2.533938419
0.1378,-2.236257047,2.241530479,-0.366822943,0.362026667,2.608017231,-2.598619904
0.13785,-2.274587046,2.279763172,-0.396882751,0.392125798,2.676417677,-2.666941091
0.1379,-2.315064082,2.320141625,-0.42838182,0.423666439,2.748406148,-2.738847819
0.13795,-2.357570614,2.36254822,-0.461382099,0.456710644,2.823927132,-2.814284446
0.138,-2.401990677,2.406866921,-0.495942532,0.491317468,2.902923691,-2.893193908
0.13805,-2.448209929,2.452983318,-0.532119075,0.527542983,2.985337526,-2.97551778
0.1381,-2.496115696,2.500784674,-0.569964715,0.565440294,3.071109038,-3.061196341
0.13815,-2.545597015,2.550159968,-0.609529486,0.605059558,3.160177391,-3.150168635
0.1382,-2.596544678,2.600999937,-0.650860494,0.646448008,3.252480579,-3.242372539
0.13825,-2.648851272,2.653197119,-0.694001944,0.689649977,3.347955487,-3.337744825
0.1383,-2.702411215,2.706645885,-0.738995164,0.734706925,3.446537963,-3.436221227
0.13835,-2.757120797,2.761242484,-0.785878638,0.781657473,3.548162881,-3.537736511
0.1384,-2.812878208,2.81688507,-0.834688039,0.830537429,3.652764208,-3.642224538
0.13845,-2.869583578,2.873473735,-0.885456263,0.881379831,3.760275073,-3.749618333
0.1385,-2.927138998,2.930910543,-0.938213469,0.934214978,3.870627834,-3.859850153
0.13855,-2.985448555,2.989099554,-0.992987116,0.989070475,3.983754145,-3.972851555
0.1386,-3.044418355,3.047946852,-1.049802009,1.045971271,4.099585025,-4.088553462
0.13865,-3.103956547,3.107360565,-1.108680338,1.104939703,4.218050923,-4.20688623
0.1387,-3.16397334,3.167250889,-1.169641728,1.165995544,4.339081785,-4.327779716
0.13875,-3.224381028,3.227530104,-1.232703285,1.22915605,4.462607122,-4.451163345
0.1388,-3.285094002,3.288112593,-1.297879645,1.294436007,4.588556074,-4.576966174
0.13885,-3.346028766,3.348914853,-1.365183027,1.361847784,4.716857476,-4.705116955
0.1389,-3.407103947,3.409855511,-1.434623283,1.431401386,4.847439922,-4.835544205
0.13895,-3.468240306,3.470855327,-1.506207953,1.503104504,4.980231826,-4.968176264
0.139,-3.529360746,3.531837208,-1.57994232,1.576962572,5.115161488,-5.102941359
0.13905,-3.528778611,3.531114889,-1.634534773,1.631683706,5.162601569,-5.150297862
0.1391,-3.456167467,3.458365861,-1.637325807,1.634604785,5.099381883,-5.087105359
0.13915,-3.386627432,3.388691039,-1.645552265,1.642961758,5.037985259,-5.025735859
0.1392,-3.318666549,3.320598293,-1.657215646,1.654756154,4.981673913,-4.969451576
0.13925,-3.254376647,3.256179307,-1.669613557,1.667285635,4.929769667,-4.917574334
0.1393,-3.194261699,3.195937915,-1.682037146,1.679841422,4.882067713,-4.869899324
0.13935,-3.110644946,3.11214626,-1.656826805,1.654763893,4.779812406,-4.767670901
0.1394,-2.953832984,2.955101126,-1.652046695,1.650114773,4.611537895,-4.599423215
0.13945,-2.811073138,2.812119278,-1.63446584,1.632662689,4.451204545,-4.43911663
0.1395,-2.684463379,2.685298175,-1.607572579,1.60589614,4.297645745,-4.285584536
0.13955,-2.564961519,2.56559502,-1.582099348,1.580547619,4.152619034,-4.140584472
0.1396,-2.450089061,2.450530702,-1.560792742,1.559363763,4.016392121,-4.004384148
0.13965,-2.341745362,2.342004007,-1.541263773,1.539955669,3.888475127,-3.876493684
0.1397,-2.240872884,2.240956864,-1.522308029,1.521119033,3.768605892,-3.756650919
0.13975,-2.146847559,2.14676468,-1.504535744,1.50346421,3.656770377,-3.644841816
0.1398,-2.058993743,2.058751305,-1.488594311,1.487638714,3.55294014,-3.541037932
0.13985,-1.977107031,1.976711845,-1.474588959,1.473747905,3.457015826,-3.445139914
0.1399,-1.901095676,1.900554082,-1.462500599,1.461772842,3.368886436,-3.357036762
0.13995,-1.830746569,1.830064459,-1.452444847,1.451829295,3.288454333,-3.276630838
0.14,-1.765790778,1.764973614,-1.44459519,1.444090916,3.215623936,-3.203826562
0.14005,-1.70598805,1.705040877,-1.439090431,1.438696682,3.150293675,-3.138522365
0.1401,-1.65112184,1.650049311,-1.4360414,1.435757605,3.09235773,-3.080612426
0.14015,-1.600972603,1.599778992,-1.435559882,1.435385664,3.041708248,-3.029988893
0.1402,-1.555315045,1.554004266,-1.437761232,1.437696412,2.998235209,-2.986541746
0.14025,-1.513926034,1.512501662,-1.442755981,1.442800589,2.961825948,-2.950158318
0.1403,-1.476586808,1.475052091,-1.450647687,1.450801967,2.932365203,-2.92072335
0.14035,-1.443081033,1.441438914,-1.46153504,1.461799462,2.909735291,-2.898119159
0.1404,-1.413194,1.411447132,-1.475512739,1.475888001,2.893816171,-2.882225702
0.14045,-1.386713259,1.384864021,-1.492670905,1.493157941,2.884485495,-2.872920632
0.1405,-1.363429099,1.361479614,-1.513094682,1.513694669,2.881618689,-2.870079376
0.14055,-1.343134572,1.341086724,-1.536864307,1.537578671,2.885089046,-2.873575227
0.1406,-1.325625502,1.323480951,-1.564055188,1.564885608,2.894767815,-2.883279433
0.14065,-1.310700626,1.308460823,-1.594737864,1.595686276,2.910524295,-2.899061294
0.1407,-1.298161752,1.295827957,-1.628977944,1.63004655,2.93222594,-2.920788263
0.14075,-1.287813883,1.285387179,-1.666836097,1.668027366,2.959738466,-2.948326059
0.1408,-1.279465321,1.276946627,-1.708368062,1.709684732,2.992925968,-2.981538774
0.14085,-1.272927774,1.270317866,-1.753624648,1.755069733,3.031651029,-3.020288992
0.1409,-1.268016476,1.265315994,-1.802651747,1.80422854,3.075774846,-3.064437911
0.14095,-1.264550286,1.261759753,-1.85549035,1.857202424,3.125157351,-3.113845463
0.141,-1.262351789,1.259471624,-1.91217658,1.914027789,3.17965734,-3.168370443
0.14105,-1.261247392,1.258277923,-1.97274172,1.974736206,3.239132601,-3.22787064
0.1411,-1.26106741,1.258008887,-2.037212262,2.039354451,3.303440045,-3.292202965
0.14115,-1.261646156,1.258498763,-2.105609952,2.107904558,3.372435842,-3.361223588
0.1412,-1.262822012,1.259585884,-2.177951849,2.180403876,3.445975552,-3.434788069
0.14125,-1.264437508,1.261112737,-2.254250388,2.256865127,3.523914264,-3.512751498
0.1413,-1.266339385,1.262926036,-2.33451345,2.337296483,3.606106729,-3.594968626
0.14135,-1.268378654,1.264876777,-2.418744439,2.421701634,3.6924075,-3.681294004
0.1414,-1.270410654,1.266820292,-2.506942361,2.510079879,3.782671064,-3.771582122
0.14145,-1.272295096,1.268616297,-2.599101919,2.602426204,3.876751979,-3.865687536
0.1415,-1.273896102,1.270128932,-2.6952136,2.698731385,3.974505008,-3.963465011
0.14155,-1.275082246,1.271226795,-2.795263777,2.798982081,4.075785253,-4.064769647
0.1416,-1.275726575,1.271782971,-2.899234815,2.903160936,4.180448282,-4.169457014
0.14165,-1.275706632,1.271675047,-3.007105171,3.011246692,4.288350264,-4.277383279
0.1417,-1.274904475,1.270785135,-3.118849517,3.123214296,4.399348089,-4.388405335
0.14175,-1.273206679,1.268999873,-3.234438845,3.23903502,4.513299497,-4.50238092
0.1418,-1.270504339,1.26621043,-3.353840595,3.358676574,4.630063197,-4.619168743
0.14185,-1.266693072,1.262312498,-3.477018774,3.482103236,4.749498982,-4.738628598
0.1419,-1.228228381,1.223761707,-3.565474302,3.570756851,4.806140078,-4.795293712
0.14195,-1.212724343,1.208174146,-3.570522587,3.575928716,4.789074435,-4.778252034
0.142,-1.185750563,1.181119668,-3.582639858,3.588169913,4.774294934,-4.763496444
0.14205,-1.150408592,1.145699644,-3.604002265,3.609656643,4.760326464,-4.749551833
0.1421,-1.116146837,1.111362413,-3.627726527,3.633505723,4.749801736,-4.739050911
0.14215,-1.085435776,1.080578416,-3.652036768,3.657941385,4.743415281,-4.732688209
0.1422,-1.056126979,1.05119917,-3.678396308,3.684427046,4.740482009,-4.729778639
0.14225,-1.017573648,1.012578138,-3.640116298,3.646273538,4.657021358,-4.646418861
0.1423,-0.936012915,0.930954787,-3.527298098,3.533578053,4.469192133,-4.458786189
0.14235,-0.865037896,0.859922593,-3.416810092,3.423208126,4.287597652,-4.277380826
0.1424,-0.80224228,0.797074968,-3.307525378,3.314037043,4.115457247,-4.105422414
0.14245,-0.743015022,0.737800568,-3.202504924,3.209125937,3.95115305,-3.941293401
0.1425,-0.685993762,0.680736731,-3.102549096,3.109275339,3.794122944,-3.784431984
0.14255,-0.632051589,0.626756269,-3.006990177,3.013817697,3.644572097,-3.635043636
0.1426,-0.581636623,0.576307049,-2.915456956,2.922381972,3.502577227,-3.493205373
0.14265,-0.534416129,0.529056092,-2.828084958,2.835103858,3.367940942,-3.358720096
0.1427,-0.490006822,0.484619876,-2.745036147,2.752145489,3.240441742,-3.231366592
0.14275,-0.448253409,0.44284289,-2.666325537,2.673522051,3.119939187,-3.111004701
0.1428,-0.409066375,0.403635409,-2.591927417,2.599208001,3.00631789,-2.997519312
0.14285,-0.372302292,0.366853812,-2.521849578,2.529211303,2.899442071,-2.890774914
0.1429,-0.337789417,0.33232617,-2.456116234,2.46355634,2.799164062,-2.7906241
0.14295,-0.305369346,0.299893909,-2.394742459,2.40225836,2.705340404,-2.69692367
0.143,-0.274896907,0.269411697,-2.337734613,2.345323892,2.617832166,-2.609534944
0.14305,-0.246227442,0.240734727,-2.285098038,2.292758449,2.536499919,-2.528318738
0.1431,-0.219214771,0.213716684,-2.236838158,2.244567627,2.461202806,-2.453134434
0.14315,-0.193714817,0.188213365,-2.192958329,2.200754952,2.391800012,-2.383841451
0.1432,-0.16958684,0.164083916,-2.153459149,2.161321194,2.328151309,-2.32029979
0.14325,-0.146692571,0.141189964,-2.118338981,2.126264883,2.270116713,-2.262369686
0.1433,-0.124895768,0.119395175,-2.087594205,2.095582571,2.217556293,-2.209911426
0.14335,-0.10406249,0.098565525,-2.061219077,2.069268683,2.170330301,-2.162785474
0.1434,-0.084061317,0.078569522,-2.039205626,2.047315414,2.128299292,-2.120852586
0.14345,-0.064763354,0.05927821,-2.021543665,2.029712747,2.091324139,-2.083973836
0.1435,-0.046042224,0.040565158,-2.008220824,2.016448479,2.059266055,-2.05201063
0.14355,-0.027774114,0.022306513,-1.999222544,2.007508215,2.031986636,-2.02482475
0.1436,-0.009837842,0.004381058,-1.994532068,2.002875365,2.009347917,-2.002278416
0.14365,0.007878085,-0.013343666,-1.994134263,2.002534959,1.991208516,-1.984230419
0.1437,0.025500594,-0.030952669,-1.997996718,2.006454749,1.977442876,-1.970555373
0.14375,0.043139544,-0.048576806,-2.006106227,2.01462169,1.967904559,-1.961107007
0.1438,0.060907221,-0.06632836,-2.018436126,2.027009281,1.962458956,-1.955750869
0.14385,0.07890792,-0.084311617,-2.034957313,2.043588576,1.960972652,-1.9543537
0.1439,0.097245597,-0.102630512,-2.055639809,2.064329756,1.963311727,-1.956781728
0.14395,0.116022879,-0.121387648,-2.08045228,2.089201641,1.96934224,-1.962901154
0.144,0.135338863,-0.140682087,-2.109361034,2.118170694,1.978931425,-1.972579352
0.14405,0.155289198,-0.160609437,-2.142330119,2.151201118,1.991947715,-1.985684886
0.1441,0.175966725,-0.18126249,-2.179321668,2.188255196,2.008260438,-2.002087211
0.14415,0.197461483,-0.202731232,-2.220295942,2.229293336,2.027739853,-2.021656709
0.1442,0.219860496,-0.225102622,-2.265211275,2.274274023,2.050257322,-2.044264857
0.14425,0.243247732,-0.248460563,-2.314024117,2.32315385,2.075685374,-2.069784298
0.1443,0.267704154,-0.272885943,-2.3666891,2.375887593,2.103897734,-2.098088862
0.14435,0.293307724,-0.298456644,-2.423159088,2.432428259,2.134769365,-2.129053614
0.1444,0.320133381,-0.325247518,-2.483385228,2.492727133,2.168176539,-2.162554923
0.14445,0.348253035,-0.353330384,-2.547316994,2.556733825,2.203996888,-2.198470513
0.1445,0.37773557,-0.382774032,-2.614902243,2.624396331,2.242109457,-2.236679515
0.14455,0.408646856,-0.413644229,-2.686087279,2.695661083,2.282394755,-2.277062522
0.1446,0.441049751,-0.446003727,-2.760816901,2.770473012,2.324734803,-2.319501631
0.14465,0.47500411,-0.479912273,-2.839034469,2.848775607,2.36901319,-2.363880503
0.1447,0.510566803,-0.51542662,-2.920681964,2.930510973,2.41511511,-2.410084404
0.14475,0.547791724,-0.552600545,-3.005700048,3.015619894,2.462927421,-2.458000251
0.1448,0.586729818,-0.591484871,-3.094028129,3.104041901,2.512338678,-2.507516663
0.14485,0.627429095,-0.632127482,-3.185604426,3.195715329,2.563239183,-2.558523994
0.1449,0.669934661,-0.674573355,-3.280366034,3.290577388,2.615521022,-2.610914383
0.14495,0.714288739,-0.718864582,-3.37824899,3.388564227,2.669078107,-2.664581788
0.145,0.760530702,-0.765040401,-3.479188337,3.489611001,2.723806211,-2.719422023
0.14505,0.808697106,-0.813137231,-3.583118198,3.593651937,2.779603001,-2.775332797
0.1451,0.858821721,-0.863188701,-3.689971835,3.700620405,2.836368076,-2.832213741
0.14515,0.91093557,-0.915225694,-3.799681724,3.81044898,2.894002994,-2.889966445
0.1452,0.965066969,-0.969276381,-3.912179618,3.923069513,2.952411301,-2.94849448
0.14525,1.021241564,-1.025366263,-4.027396614,4.038413199,3.011498555,-3.007703431
0.1453,1.079482379,-1.083518219,-4.145263226,4.156410644,3.071172356,-3.067500915
0.14535,1.139809861,-1.143752545,-4.265709445,4.276991929,3.13134236,-3.127796607
0.1454,1.202241922,-1.206087004,-4.388664809,4.40008668,3.191920307,-3.188502256
0.14545,1.266793993,-1.270536878,-4.51405847,4.525624134,3.252820028,-3.249531705
0.1455,1.333479071,-1.337115012,-4.641819257,4.6535332,3.313957468,-3.310800906
0.14555,1.402307773,-1.405831873,-4.77187574,4.783742528,3.375250694,-3.372227927
0.1456,1.47328839,-1.476695597,-4.904156296,4.91618057,3.436619908,-3.433732971
0.14565,1.546426937,-1.549712049,-5.038589171,5.050775645,3.497987452,-3.495238377
0.1457,1.600706012,-1.603864098,-5.085742328,5.098011069,3.497502704,-3.494893132
0.14575,1.60331638,-1.606346096,-5.022410379,5.034652014,3.424924478,-3.422452116
0.1458,1.611412132,-1.614313022,-4.960924284,4.973138873,3.35539381,-3.353055569
0.14585,1.622976102,-1.625747683,-4.904540747,4.916728349,3.287431752,-3.285224712
0.1459,1.635248302,-1.637890032,-4.852563648,4.864724323,3.223169695,-3.221091087
0.14595,1.64752016,-1.650031431,-4.804787091,4.816920899,3.163110177,-3.161157367
0.146,1.660471288,-1.662851422,-4.761280056,4.773387057,3.106642527,-3.104813021
0.14605,1.635966155,-1.638214493,-4.663539771,4.675620023,3.026768385,-3.025109357
0.1461,1.631819212,-1.633937553,-4.499900748,4.51195431,2.873832304,-2.872400457
0.14615,1.614656426,-1.616646966,-4.344160507,4.356187439,2.735129909,-2.733914414
0.1462,1.588186871,-1.590051636,-4.195186398,4.207186758,2.612572055,-2.611562585
0.14625,1.563350778,-1.565091731,-4.054720851,4.066694699,2.496893107,-2.496079934
0.1463,1.542813246,-1.544432305,-3.923004604,3.934951998,2.385668525,-2.385042525
0.14635,1.524087098,-1.52558609,-3.79954418,3.811465179,2.280891781,-2.28044439
0.1464,1.505983088,-1.507363721,-3.68408534,3.695980001,2.183497676,-2.183220855
0.14645,1.489149656,-1.490413516,-3.576615701,3.588484083,2.092825195,-2.092711417
0.1465,1.474233221,-1.475381766,-3.477102946,3.488945108,2.008195416,-2.008237652
0.14655,1.461322967,-1.462357517,-3.385444917,3.397260916,1.929416824,-1.929608524
0.1466,1.450395235,-1.451316959,-3.301529814,3.313319708,1.856401127,-1.856736201
0.14665,1.441568223,-1.442378131,-3.225259167,3.237023014,1.788931516,-1.789404311
0.1467,1.435015158,-1.435714088,-3.156535938,3.168273795,1.726737599,-1.727342887
0.14675,1.43087164,-1.431460252,-3.095257036,3.10696896,1.669580575,-1.670313529
0.1468,1.429245736,-1.429724503,-3.041315315,3.053001364,1.617245129,-1.61810131
0.14685,1.430247463,-1.43061666,-2.994601646,3.006261878,1.569512033,-1.570487368
0.1469,1.43399036,-1.434250059,-2.955004705,2.966639176,1.526156348,-1.527247115
0.14695,1.440582774,-1.440732836,-2.92241053,2.934019297,1.486955705,-1.488158513
0.147,1.450126002,-1.450166066,-2.896702608,2.908285728,1.451692247,-1.453004021
0.14705,1.462716547,-1.462646027,-2.877762036,2.889319566,1.420150533,-1.421568495
0.1471,1.47844692,-1.478264996,-2.865467587,2.876999583,1.3921168,-1.393638454
0.14715,1.497405004,-1.497110616,-2.859695762,2.871202281,1.367379655,-1.369002767
0.1472,1.519673677,-1.519265521,-2.860320881,2.871801979,1.345730538,-1.347453124
0.14725,1.545330901,-1.54480742,-2.867215178,2.878670911,1.326963732,-1.328784037
0.1473,1.574449801,-1.573809183,-2.880248887,2.891679311,1.310876364,-1.31279285
0.14735,1.607098625,-1.606338795,-2.899290344,2.910695515,1.297268556,-1.299279883
0.1474,1.643340685,-1.642459303,-2.924206095,2.935586069,1.285943581,-1.288048596
0.14745,1.683234353,-1.68222881,-2.954861007,2.966215839,1.276707984,-1.278905699
0.1475,1.726833073,-1.725700488,-2.991118378,3.002448124,1.269371679,-1.271661261
0.14755,1.77418537,-1.772922583,-3.03284006,3.044144775,1.263748063,-1.266128819
0.1476,1.825334859,-1.823938433,-3.079886579,3.09116632,1.259654122,-1.262125484
0.14765,1.880320272,-1.878786486,-3.132117263,3.143372084,1.256910539,-1.259472049
0.1477,1.939175487,-1.937500336,-3.189390368,3.200620323,1.255341785,-1.257993083
0.14775,2.001929566,-2.000108761,-3.251563208,3.262768353,1.254776213,-1.257517021
0.1478,2.068606805,-2.066635768,-3.318492291,3.32967268,1.255046143,-1.257876256
0.14785,2.139226781,-2.137100648,-3.39003345,3.401189138,1.255987945,-1.258907215
0.1479,2.213804417,-2.211518033,-3.466041979,3.477173021,1.257442113,-1.260450437
0.14795,2.292350046,-2.289897967,-3.546372771,3.557479221,1.259253335,-1.262350644
0.148,2.374869485,-2.372245978,-3.630880452,3.641962364,1.261270552,-1.2644568
0.14805,2.461364112,-2.458563157,-3.719419516,3.730476944,1.263347021,-1.26662217
0.1481,2.551830957,-2.548846242,-3.811844465,3.822877464,1.265340359,-1.268704371
0.14815,2.646262785,-2.643087715,-3.90800994,3.919018563,1.267112588,-1.270565416
0.1482,2.744648198,-2.74127589,-4.007770857,4.018755158,1.268530177,-1.272071749
0.14825,2.846971734,-2.843395022,-4.110982535,4.121942567,1.269464065,-1.273094281
0.1483,2.953213972,-2.949425408,-4.21750083,4.228436648,1.269789691,-1.273508407
0.14835,3.063351646,-3.059343499,-4.327182264,4.338093921,1.269387008,-1.273194032
0.1484,3.17735775,-3.173122017,-4.439884144,4.450771692,1.268140495,-1.272035575
0.14845,3.295201667,-3.290730066,-4.55546469,4.566328183,1.265939162,-1.269921978
0.1485,3.416849281,-3.412133261,-4.673783152,4.684622643,1.262676548,-1.266746706
0.14855,3.542263104,-3.537293844,-4.794699926,4.805515468,1.258250712,-1.262407734
0.1486,3.632356752,-3.627185526,-4.852530405,4.86332205,1.219427174,-1.223670454
0.14865,3.638710661,-3.633413246,-4.836471539,4.847239341,1.203641672,-1.207968624
0.1487,3.651994672,-3.64657069,-4.822656275,4.833400285,1.176486015,-1.180893807
0.14875,3.674435512,-3.668884533,-4.809600587,4.820320859,1.141002136,-1.145488112
0.1488,3.699285614,-3.693607109,-4.799933364,4.81062995,1.106498937,-1.111060509
0.14885,3.724760071,-3.718953405,-4.794365504,4.805038457,1.075472364,-1.080106976
0.1489,3.684808146,-3.678872996,-4.708649274,4.719220384,1.03629255,-1.040997371
0.14895,3.570515756,-3.564455962,-4.518562584,4.528934893,0.953810725,-0.958580566
0.149,3.458883587,-3.45270384,-4.334572581,4.344753627,0.881454849,-0.886284163
0.14905,3.348502071,-3.342206874,-4.160028665,4.170025675,0.817230939,-0.822114463
0.1491,3.24227729,-3.235870979,-3.99340509,4.003224972,0.75677451,-0.761707283
0.14915,3.141062816,-3.134549565,-3.834119883,3.84376923,0.698649683,-0.703627049
0.1492,3.044253722,-3.037637537,-3.682342957,3.691828056,0.643631086,-0.648648668
0.14925,2.951476804,-2.944761521,-3.538149958,3.547476794,0.592167372,-0.597221055
0.1493,2.862847995,-2.856037281,-3.401355323,3.410529586,0.543956859,-0.549042774
0.14935,2.77852659,-2.771623941,-3.271740724,3.280767819,0.498621747,-0.503736264
0.1494,2.698534057,-2.6915428,-3.149162768,3.158047813,0.455997006,-0.461136719
0.14945,2.6228476,-2.615770891,-3.033504766,3.042252605,0.415988582,-0.421150298
0.1495,2.551474392,-2.544315216,-2.924631975,2.93324718,0.378454411,-0.383635137
0.14955,2.484438511,-2.477199682,-2.822397641,2.830884518,0.343223519,-0.348420448
0.1496,2.421756103,-2.414440263,-2.726658414,2.735021012,0.31013628,-0.31534678
0.14965,2.363434665,-2.356044287,-2.637275364,2.645517478,0.279046143,-0.284267747
0.1497,2.309480317,-2.302017701,-2.554109296,2.562234475,0.24980768,-0.255038071
0.14975,2.259899206,-2.252366482,-2.477019646,2.485031196,0.222274076,-0.227511078
0.1498,2.214695517,-2.207094644,-2.405865806,2.413766799,0.196300439,-0.201542005
0.14985,2.173870721,-2.166203487,-2.340507709,2.348300986,0.171745143,-0.176989344
0.1499,2.137424034,-2.129692057,-2.280805533,2.288493713,0.148469071,-0.153714084
0.14995,2.10535268,-2.097557409,-2.226619509,2.234204991,0.126335156,-0.131579255
0.15,2.077651769,-2.069794483,-2.177810028,2.185294999,0.105208616,-0.110450159
0.15005,2.054314189,-2.046395999,-2.134237757,2.1416242,0.084957173,-0.090194595
0.1501,2.035330617,-2.027352465,-2.09576367,2.103053365,0.065451076,-0.070682877
0.15015,2.020689543,-2.012652204,-2.062249059,2.069443592,0.046563085,-0.051787818
0.1502,2.010377265,-2.00228135,-2.03355558,2.040656347,0.028168523,-0.033384789
0.15025,2.004377886,-1.996223838,-2.009545308,2.016553524,0.010145336,-0.015351772
0.1503,2.002676112,-1.994464211,-1.990077958,1.996994656,-0.007623934,0.002426162
0.15035,2.005243066,-1.996973428,-1.975025135,1.981851178,-0.025262674,0.020077385
0.1504,2.012065316,-2.003737896,-1.964241482,1.970977565,-0.042877827,0.03770634
0.15045,2.023114491,-2.014729083,-1.957595057,1.964241717,-0.060581588,0.055425213
0.1505,2.038364531,-2.029920768,-1.954950055,1.961507669,-0.078483761,0.073343815
0.15055,2.057786616,-2.049283974,-1.956172053,1.96264085,-0.096689935,0.091567752
0.1506,2.081349594,-2.072787392,-1.961127685,1.967507749,-0.115302308,0.110199245
0.15065,2.109020425,-2.100397828,-1.969684233,1.975975508,-0.134420533,0.129337979
0.1507,2.140764118,-2.132080136,-1.981709771,1.987912067,-0.154141517,0.149080899
0.15075,2.17654364,-2.167797133,-1.997073367,2.003186366,-0.174559123,0.169521916
0.1508,2.216319966,-2.207509643,-2.015645132,2.02166839,-0.195764178,0.190751909
0.15085,2.260052161,-2.251176582,-2.03729622,2.043229178,-0.217844545,0.2128588
0.1509,2.307697415,-2.298754997,-2.061898896,2.067740879,-0.240885103,0.235927534
0.15095,2.359211083,-2.350200095,-2.089326596,2.095076822,-0.264967713,0.260040045
0.151,2.414546724,-2.405465296,-2.119453992,2.125111575,-0.290171208,0.285275244
0.15105,2.473656162,-2.464502282,-2.152157037,2.157720993,-0.316571394,0.31170902
0.1511,2.536489532,-2.527261051,-2.18731302,2.192782272,-0.344241048,0.339414242
0.15115,2.602995335,-2.593689967,-2.224800622,2.230174004,-0.373249921,0.368460754
0.1512,2.673120492,-2.66373582,-2.264499967,2.26977623,-0.403664737,0.398915378
0.15125,2.746810404,-2.73734388,-2.306292671,2.311470487,-0.4355492,0.430841925
0.1513,2.824009011,-2.814457955,-2.350061897,2.355139863,-0.468964007,0.464301198
0.15135,2.904658848,-2.895020458,-2.395692397,2.40066904,-0.503966857,0.499351012
0.1514,2.988701114,-2.978972462,-2.443070563,2.447944345,-0.540612468,0.536046201
0.15145,3.076075729,-3.066253766,-2.492084468,2.49685379,-0.578952596,0.57443864
0.1515,3.166721399,-3.156802959,-2.542623915,2.547287122,-0.619036053,0.614577269
0.15155,3.260575687,-3.250557485,-2.594580473,2.599135858,-0.660908733,0.656508107
0.1516,3.35757507,-3.347453711,-2.647847522,2.652293329,-0.70461364,0.70027429
0.15165,3.457655012,-3.447426988,-2.702320285,2.706654714,-0.750190912,0.74591609
0.1517,3.560750028,-3.550411724,-2.757895866,2.762117078,-0.797677856,0.79347095
0.15175,3.666793752,-3.656341448,-2.814473288,2.818579407,-0.847108984,0.84297352
0.1518,3.775719004,-3.765148878,-2.871953515,2.875942634,-0.898516043,0.89445569
0.15185,3.887457861,-3.876765989,-2.93023949,2.934109674,-0.951928059,0.947946627
0.1519,4.001941718,-3.991124082,-2.989236158,2.992985446,-1.007371375,1.00347282
0.15195,4.119101361,-4.108153848,-3.048850491,3.052476901,-1.064869696,1.061058121
0.152,4.238867032,-4.227785438,-3.108991509,3.112493044,-1.124444131,1.120723786
0.15205,4.361168495,-4.349948528,-3.169570305,3.172944951,-1.186113242,1.182488526
0.1521,4.485935105,-4.474572387,-3.230500056,3.233745792,-1.249893091,1.246368554
0.15215,4.613095869,-4.60158594,-3.291696046,3.29481084,-1.315797291,1.312377632
0.1522,4.742579514,-4.730917833,-3.353075672,3.35605749,-1.383837056,1.380527128
0.15225,4.874314549,-4.8624965,-3.414558461,3.417405267,-1.454021258,1.450826063
0.1523,5.00822933,-4.996250222,-3.476066074,3.478775835,-1.526356474,1.523281169
0.15235,5.054915694,-5.042854777,-3.475590842,3.478161916,-1.580090397,1.577139866
0.1524,4.991076032,-4.979041762,-3.402962818,3.405397503,-1.582279289,1.579454861
0.15245,4.929108264,-4.917100582,-3.333363898,3.33566529,-1.589994459,1.587296576
0.1525,4.872264232,-4.86028308,-3.265325903,3.267496927,-1.601203251,1.598632384
0.15255,4.819830817,-4.807876135,-3.201015538,3.203058969,-1.613093457,1.610650133
0.1526,4.771600682,-4.759672413,-3.140935208,3.142853684,-1.624955268,1.622640081
0.15265,4.72764814,-4.715746224,-3.084460881,3.086256899,-1.63748706,1.635300669
0.1527,4.629299504,-4.617423885,-3.004425667,3.006052395,-1.612600437,1.610543487
0.15275,4.4649703,-4.453120918,-2.851258193,2.852659396,-1.60811871,1.606189387
0.1528,4.308506751,-4.296683549,-2.712380558,2.713567094,-1.590523161,1.588719256
0.15285,4.158790468,-4.146993387,-2.589666507,2.590648732,-1.563574569,1.561894038
0.1529,4.017600711,-4.005829693,-2.47380624,2.474593907,-1.538294697,1.536735559
0.15295,3.885177867,-3.873432855,-2.362413663,2.363015919,-1.517310412,1.515870729
0.153,3.761016859,-3.749297795,-2.257517684,2.257943111,-1.498087968,1.496765891
0.15305,3.644863243,-3.633170071,-2.160041287,2.160297943,-1.479450145,1.47824394
0.1531,3.536709498,-3.52504216,-2.069304655,2.069400081,-1.462069433,1.460977488
0.15315,3.436524992,-3.42488343,-1.984630477,1.984571715,-1.4465927,1.44561353
0.1532,3.344207158,-3.332591316,-1.905835866,1.905629474,-1.433100439,1.432232694
0.15325,3.259644502,-3.248054323,-1.832833967,1.832486045,-1.421568167,1.420810647
0.1533,3.182739599,-3.171175026,-1.765405159,1.764921361,-1.412118221,1.411469884
0.15335,3.113396316,-3.101857293,-1.703278206,1.702663765,-1.404925831,1.404385806
0.1534,3.051512212,-3.039998682,-1.646215375,1.645475116,-1.400126405,1.399693998
0.15345,2.996980771,-2.985492677,-1.594001947,1.593140307,-1.397828247,1.397502947
0.1535,2.949693538,-2.938230825,-1.546418442,1.545439489,-1.398142468,1.397923963
0.15355,2.909539847,-2.898102458,-1.50323965,1.502147098,-1.40118369,1.401071868
0.1536,2.876406357,-2.864994237,-1.464243167,1.463040397,-1.407061033,1.407055996
0.15365,2.850177142,-2.838790235,-1.429211088,1.427901163,-1.415876529,1.415978597
0.1537,2.830733867,-2.819372116,-1.397927778,1.396513461,-1.427727513,1.427937232
0.15375,2.817955841,-2.806619191,-1.370179207,1.368662979,-1.44270735,1.443025497
0.1538,2.811720074,-2.80040847,-1.345753698,1.344137772,-1.460904741,1.461332333
0.15385,2.811901366,-2.800614753,-1.324442377,1.322728717,-1.482403362,1.482941662
0.1539,2.818372397,-2.807110719,-1.306039157,1.304229495,-1.507281971,1.507932492
0.15395,2.831003818,-2.81976702,-1.290340751,1.288436601,-1.535614487,1.536378998
0.154,2.84966435,-2.838452377,-1.277146825,1.275149498,-1.567469937,1.568350467
0.15405,2.87422089,-2.863033687,-1.266260159,1.264170781,-1.602912396,1.603911241
0.1541,2.904538622,-2.893376135,-1.257486764,1.255306293,-1.642000988,1.643120712
0.15415,2.940481131,-2.929343305,-1.250635988,1.248365221,-1.684789893,1.686033334
0.1542,2.981910519,-2.9707973,-1.24552062,1.243160218,-1.731328355,1.732698627
0.15425,3.028687531,-3.017598864,-1.241957012,1.239507507,-1.78166069,1.783161186
0.1543,3.080671675,-3.069607507,-1.239765175,1.237226987,-1.835826311,1.837460709
0.15435,3.137721359,-3.126681635,-1.238768882,1.236142333,-1.89385976,1.895632018
0.1544,3.199694011,-3.188678677,-1.238795758,1.236081084,-1.95579074,1.957705105
0.15445,3.266446221,-3.255455223,-1.239677372,1.236874736,-2.021644165,2.02370517
0.1545,3.33783387,-3.326867155,-1.241249316,1.238358824,-2.091440209,2.093652676
0.15455,3.413712268,-3.402769782,-1.243351284,1.240372993,-2.165194366,2.167563407
0.1546,3.493936291,-3.48301798,-1.245827143,1.242761077,-2.242917517,2.245448534
0.15465,3.578360515,-3.567466327,-1.248524999,1.245371158,-2.324616001,2.327314684
0.1547,3.666839356,-3.655969236,-1.251297251,1.248055624,-2.410291693,2.413164024
0.15475,3.759227202,-3.748381098,-1.254000648,1.250671222,-2.499942091,2.502994338
0.1548,3.855378555,-3.844556414,-1.256496332,1.253079106,-2.593560404,2.596799126
0.15485,3.955148158,-3.944349927,-1.258649875,1.25514487,-2.69113565,2.69456769
0.1549,4.058391136,-4.047616762,-1.260331319,1.256738583,-2.792652754,2.796285242
0.15495,4.164963118,-4.154212548,-1.261415191,1.257734815,-2.898092657,2.901933003
0.155,4.274720371,-4.263993555,-1.261780531,1.258012655,-3.007432421,3.011488319
0.15505,4.387519929,-4.376816812,-1.261310902,1.257455723,-3.120645347,3.124924768
0.1551,4.503219709,-4.492540239,-1.259894394,1.255952178,-3.237701092,3.242212283
0.15515,4.621678636,-4.611022762,-1.257423627,1.253394714,-3.358565788,3.363317268
0.1552,4.74275676,-4.732124429,-1.253795742,1.249680555,-3.483202167,3.488202725
0.15525,4.800850029,-4.79024119,-1.215613862,1.211412952,-3.572826314,3.578025542
0.1553,4.785135075,-4.774549677,-1.200480201,1.196196118,-3.578854233,3.584177522
0.15535,4.771638126,-4.761076115,-1.173807667,1.169443208,-3.591952129,3.59739986
0.1554,4.758896004,-4.748357329,-1.138727676,1.134285461,-3.614278219,3.619850823
0.15545,4.749578204,-4.739062814,-1.104738313,1.100220898,-3.638936327,3.644634335
0.1555,4.744378084,-4.733885928,-1.074285219,1.069695125,-3.664174237,3.669998286
0.15555,4.742596435,-4.732127462,-1.045189308,1.040529004,-3.691471808,3.697422632
0.1556,4.660418947,-4.65005038,-1.007088558,1.002360774,-3.654021693,3.660099707
0.15565,4.47393408,-4.463761706,-0.926086132,0.921295906,-3.541988917,3.548190362
0.1557,4.293690023,-4.283706461,-0.85569511,0.850847838,-3.432266749,3.438587016
0.15575,4.122898603,-4.113096778,-0.793488491,0.788589295,-3.323741468,3.330176136
0.1558,3.959910879,-3.950284034,-0.734793228,0.729846933,-3.219504969,3.226049784
0.15585,3.804161311,-3.794703002,-0.678246928,0.673258061,-3.120354227,3.127005098
0.1559,3.655864884,-3.646568967,-0.624745516,0.619718329,-3.025608501,3.032361505
0.15595,3.515100749,-3.505961382,-0.574740847,0.569679343,-2.934895279,2.941746663
0.156,3.381668195,-3.372679824,-0.52789298,0.522800919,-2.848353969,2.855300151
0.15605,3.255344031,-3.246501388,-0.483816534,0.478697446,-2.766146935,2.773184504
0.1561,3.13598839,-3.127286488,-0.442358842,0.437216038,-2.688287142,2.695412856
0.15615,3.02348627,-3.014920397,-0.403432022,0.398268608,-2.614747625,2.621958413
0.1562,2.917701479,-2.909267187,-0.366892512,0.361711401,-2.545535894,2.552828858
0.15625,2.818485881,-2.810178988,-0.332568504,0.327372429,-2.480675763,2.488048173
0.1563,2.725695831,-2.717512407,-0.300302161,0.295093687,-2.420181545,2.427630846
0.15635,2.639192276,-2.631128644,-0.269948973,0.264730506,-2.364058818,2.371582623
0.1564,2.5588356,-2.550888325,-0.241364772,0.236138573,-2.312312241,2.319908338
0.15645,2.484484738,-2.476650626,-0.214403831,0.209172029,-2.264946579,2.272612924
0.1565,2.415998705,-2.408274791,-0.188922603,0.183687202,-2.221964486,2.229699206
0.15655,2.353237129,-2.345620677,-0.164780916,0.159543809,-2.183365844,2.191167237
0.1566,2.296059888,-2.288548382,-0.141841072,0.136604051,-2.149148306,2.157014841
0.15665,2.244326928,-2.236918066,-0.119967413,0.11473218,-2.119307544,2.127237859
0.1567,2.197898394,-2.190590084,-0.099026595,0.093794772,-2.093837105,2.101830006
0.15675,2.156634747,-2.149425101,-0.07888782,0.073660958,-2.072728304,2.080782766
0.1568,2.120396791,-2.113284117,-0.05942283,0.054202423,-2.055970244,2.064085411
0.15685,2.08904568,-2.082028479,-0.040505897,0.035293386,-2.043549848,2.051725027
0.1569,2.062442972,-2.055519932,-0.022013875,0.016810662,-2.03545185,2.043686518
0.15695,2.040450684,-2.033620673,-0.003821096,-0.00134402,-2.031658791,2.039952588
0.157,2.022931568,-2.016193628,0.014170835,-0.019356954,-2.032150712,2.040503441
0.15705,2.009748414,-2.003101757,0.032100494,-0.037273246,-2.036906135,2.045317764
0.1571,2.000764249,-1.994208252,0.050071769,-0.055229823,-2.045901719,2.054372374
0.15715,1.995844574,-1.98937877,0.068192546,-0.073334566,-2.059110242,2.067640213
0.1572,1.994854159,-1.988478235,0.086570098,-0.091694736,-2.076503747,2.08509348
0.15725,1.997658528,-1.99137232,0.105308847,-0.110414734,-2.098052164,2.106702264
0.1573,2.004124387,-1.997927869,0.124509639,-0.12959538,-2.123723024,2.132434251
0.15735,2.014119353,-2.00801264,0.144270351,-0.149334513,-2.153481795,2.162255062
0.1574,2.027511871,-2.021495207,0.16468612,-0.169727229,-2.187292026,2.196128401
0.15745,2.044171358,-2.038245113,0.18584916,-0.190865693,-2.225115311,2.234016012
0.1575,2.063968305,-2.05813297,0.207848652,-0.212839027,-2.266911282,2.275877674
0.15755,2.08677432,-2.081030502,0.23077077,-0.235733344,-2.312637669,2.321671266
0.1576,2.112462157,-2.106810574,0.254698698,-0.259631757,-2.362250363,2.371352823
0.15765,2.140905784,-2.13534726,0.279712612,-0.284614368,-2.415703449,2.424876575
0.1577,2.171980441,-2.166515898,0.305889665,-0.310758248,-2.47294926,2.482194992
0.15775,2.205562692,-2.20019315,0.333303982,-0.338137436,-2.53393842,2.543258841
0.1578,2.241530479,-2.236257047,0.362026667,-0.366822943,-2.598619904,2.608017232
0.15785,2.279763173,-2.274587047,0.392125798,-0.396882751,-2.666941091,2.676417677
0.1579,2.320141625,-2.315064083,0.42366644,-0.428381821,-2.73884782,2.748406148
0.15795,2.36254822,-2.357570614,0.456710644,-0.4613821,-2.814284447,2.823927132
0.158,2.406866921,-2.401990678,0.491317468,-0.495942532,-2.893193908,2.902923691
0.15805,2.452983318,-2.44820993,0.527542983,-0.532119076,-2.97551778,2.985337526
0.1581,2.500784674,-2.496115696,0.565440294,-0.569964715,-3.061196341,3.071109038
0.15815,2.550159968,-2.545597015,0.605059558,-0.609529486,-3.150168636,3.160177392
0.1582,2.600999937,-2.596544679,0.646448008,-0.650860495,-3.24237254,3.252480579
0.15825,2.653197119,-2.648851272,0.689649977,-0.694001944,-3.337744825,3.347955488
0.1583,2.706645886,-2.702411216,0.734706926,-0.738995164,-3.436221228,3.446537964
0.15835,2.761242485,-2.757120797,0.781657473,-0.785878638,-3.537736512,3.548162881
0.1584,2.81688507,-2.812878209,0.830537429,-0.834688039,-3.642224538,3.652764208
0.15845,2.873473735,-2.869583578,0.881379831,-0.885456263,-3.749618333,3.760275073
0.1585,2.930910543,-2.927138998,0.934214978,-0.938213469,-3.859850154,3.870627834
0.15855,2.989099554,-2.985448555,0.989070475,-0.992987116,-3.972851556,3.983754146
0.1586,3.047946852,-3.044418356,1.045971271,-1.049802009,-4.088553462,4.099585026
0.15865,3.107360565,-3.103956547,1.104939703,-1.108680338,-4.20688623,4.218050924
0.1587,3.167250889,-3.16397334,1.165995544,-1.169641728,-4.327779717,4.339081785
0.15875,3.227530104,-3.224381029,1.22915605,-1.232703285,-4.451163346,4.462607122
0.1588,3.288112593,-3.285094003,1.294436007,-1.297879646,-4.576966174,4.588556074
0.15885,3.348914854,-3.346028766,1.361847785,-1.365183027,-4.705116956,4.716857477
0.1589,3.409855511,-3.407103947,1.431401386,-1.434623283,-4.835544206,4.847439922
0.15895,3.470855327,-3.468240307,1.503104504,-1.506207953,-4.968176265,4.980231826
0.159,3.531837208,-3.529360746,1.576962572,-1.57994232,-5.102941359,5.115161488
0.15905,3.531114889,-3.528778612,1.631683706,-1.634534773,-5.150297862,5.162601569
0.1591,3.458365861,-3.456167467,1.634604785,-1.637325807,-5.08710536,5.099381883
0.15915,3.388691039,-3.386627433,1.642961758,-1.645552265,-5.025735859,5.03798526
0.1592,3.320598293,-3.318666549,1.654756154,-1.657215647,-4.969451576,4.981673913
0.15925,3.256179307,-3.254376647,1.667285635,-1.669613557,-4.917574334,4.929769668
0.1593,3.195937915,-3.194261699,1.679841422,-1.682037146,-4.869899324,4.882067714
0.15935,3.11214626,-3.110644946,1.654763893,-1.656826805,-4.767670901,4.779812406
0.1594,2.955101126,-2.953832984,1.650114773,-1.652046695,-4.599423215,4.611537895
0.15945,2.812119278,-2.811073138,1.632662689,-1.63446584,-4.439116631,4.451204546
0.1595,2.685298175,-2.68446338,1.60589614,-1.60757258,-4.285584537,4.297645745
0.15955,2.56559502,-2.56496152,1.580547619,-1.582099348,-4.140584473,4.152619034
0.1596,2.450530702,-2.450089062,1.559363764,-1.560792742,-4.004384148,4.016392121
0.15965,2.342004007,-2.341745362,1.539955669,-1.541263773,-3.876493684,3.888475128
0.1597,2.240956864,-2.240872885,1.521119034,-1.522308029,-3.756650919,3.768605892
0.15975,2.14676468,-2.146847559,1.503464211,-1.504535744,-3.644841817,3.656770377
0.1598,2.058751305,-2.058993743,1.487638714,-1.488594311,-3.541037933,3.55294014
0.15985,1.976711845,-1.977107032,1.473747905,-1.474588959,-3.445139914,3.457015826
0.1599,1.900554082,-1.901095676,1.461772842,-1.462500599,-3.357036762,3.368886437
0.15995,1.83006446,-1.830746569,1.451829295,-1.452444847,-3.276630838,3.288454333
0.16,1.764973614,-1.765790778,1.444090916,-1.444595191,-3.203826563,3.215623936
0.16005,1.705040877,-1.70598805,1.438696682,-1.439090431,-3.138522365,3.150293675
0.1601,1.650049311,-1.65112184,1.435757605,-1.4360414,-3.080612426,3.09235773
0.16015,1.599778992,-1.600972603,1.435385664,-1.435559883,-3.029988893,3.041708248
0.1602,1.554004266,-1.555315045,1.437696412,-1.437761232,-2.986541746,2.99823521
0.16025,1.512501662,-1.513926034,1.442800589,-1.442755982,-2.950158318,2.961825948
0.1603,1.475052091,-1.476586808,1.450801967,-1.450647687,-2.920723351,2.932365203
0.16035,1.441438914,-1.443081033,1.461799463,-1.461535041,-2.898119159,2.909735292
0.1604,1.411447132,-1.413194001,1.475888001,-1.47551274,-2.882225702,2.893816172
0.16045,1.384864022,-1.38671326,1.493157941,-1.492670905,-2.872920632,2.884485495
0.1605,1.361479614,-1.363429099,1.51369467,-1.513094682,-2.870079376,2.881618689
0.16055,1.341086724,-1.343134572,1.537578671,-1.536864307,-2.873575227,2.885089047
0.1606,1.323480951,-1.325625502,1.564885608,-1.564055188,-2.883279434,2.894767816
0.16065,1.308460823,-1.310700626,1.595686277,-1.594737864,-2.899061294,2.910524296
0.1607,1.295827957,-1.298161752,1.63004655,-1.628977944,-2.920788264,2.93222594
0.16075,1.285387179,-1.287813884,1.668027366,-1.666836097,-2.948326059,2.959738467
0.1608,1.276946628,-1.279465321,1.709684732,-1.708368062,-2.981538774,2.992925968
0.16085,1.270317866,-1.272927774,1.755069733,-1.753624648,-3.020288993,3.031651029
0.1609,1.265315994,-1.268016476,1.80422854,-1.802651747,-3.064437912,3.075774846
0.16095,1.261759754,-1.264550286,1.857202424,-1.855490351,-3.113845463,3.125157351
0.161,1.259471625,-1.262351789,1.91402779,-1.91217658,-3.168370443,3.17965734
0.16105,1.258277923,-1.261247392,1.974736206,-1.972741721,-3.22787064,3.239132601
0.1611,1.258008887,-1.26106741,2.039354451,-2.037212262,-3.292202966,3.303440045
0.16115,1.258498763,-1.261646156,2.107904559,-2.105609952,-3.361223588,3.372435842
0.1612,1.259585884,-1.262822012,2.180403876,-2.177951849,-3.43478807,3.445975552
0.16125,1.261112737,-1.264437508,2.256865128,-2.254250389,-3.512751498,3.523914264
0.1613,1.262926037,-1.266339385,2.337296483,-2.334513451,-3.594968626,3.606106729
0.16135,1.264876777,-1.268378654,2.421701635,-2.418744439,-3.681294005,3.6924075
0.1614,1.266820292,-1.270410654,2.510079879,-2.506942361,-3.771582122,3.782671064
0.16145,1.268616297,-1.272295096,2.602426204,-2.599101919,-3.865687536,3.876751979
0.1615,1.270128932,-1.273896102,2.698731386,-2.6952136,-3.963465011,3.974505009
0.16155,1.271226795,-1.275082246,2.798982081,-2.795263778,-4.064769647,4.075785253
0.1616,1.271782971,-1.275726575,2.903160936,-2.899234815,-4.169457014,4.180448283
0.16165,1.271675047,-1.275706633,3.011246692,-3.007105172,-4.277383279,4.288350264
0.1617,1.270785135,-1.274904475,3.123214296,-3.118849517,-4.388405335,4.399348089
0.16175,1.268999874,-1.273206679,3.23903502,-3.234438845,-4.50238092,4.513299497
0.1618,1.26621043,-1.270504339,3.358676575,-3.353840596,-4.619168743,4.630063197
0.16185,1.262312498,-1.266693072,3.482103237,-3.477018774,-4.738628599,4.749498982
0.1619,1.223761707,-1.228228381,3.570756851,-3.565474302,-4.795293713,4.806140078
0.16195,1.208174146,-1.212724343,3.575928716,-3.570522587,-4.778252034,4.789074436
0.162,1.181119668,-1.185750563,3.588169913,-3.582639858,-4.763496444,4.774294934
0.16205,1.145699644,-1.150408592,3.609656643,-3.604002265,-4.749551834,4.760326465
0.1621,1.111362413,-1.116146838,3.633505724,-3.627726528,-4.739050911,4.749801736
0.16215,1.080578416,-1.085435776,3.657941385,-3.652036768,-4.73268821,4.743415281
0.1622,1.05119917,-1.056126979,3.684427046,-3.678396308,-4.729778639,4.740482009
0.16225,1.012578138,-1.017573648,3.646273538,-3.640116298,-4.646418861,4.657021358
0.1623,0.930954787,-0.936012915,3.533578053,-3.527298098,-4.458786189,4.469192133
0.16235,0.859922593,-0.865037896,3.423208126,-3.416810092,-4.277380826,4.287597652
0.1624,0.797074968,-0.80224228,3.314037043,-3.307525379,-4.105422414,4.115457247
0.16245,0.737800569,-0.743015022,3.209125937,-3.202504924,-3.941293401,3.95115305
0.1625,0.680736731,-0.685993762,3.109275339,-3.102549096,-3.784431984,3.794122944
0.16255,0.62675627,-0.632051589,3.013817697,-3.006990177,-3.635043636,3.644572097
0.1626,0.576307049,-0.581636623,2.922381972,-2.915456957,-3.493205374,3.502577227
0.16265,0.529056092,-0.534416129,2.835103858,-2.828084958,-3.358720096,3.367940942
0.1627,0.484619876,-0.490006822,2.752145489,-2.745036147,-3.231366592,3.240441742
0.16275,0.44284289,-0.448253409,2.673522051,-2.666325537,-3.111004701,3.119939187
0.1628,0.403635409,-0.409066375,2.599208001,-2.591927417,-2.997519312,3.00631789
0.16285,0.366853812,-0.372302292,2.529211303,-2.521849578,-2.890774914,2.899442071
0.1629,0.33232617,-0.337789417,2.463556341,-2.456116234,-2.7906241,2.799164062
0.16295,0.299893909,-0.305369346,2.40225836,-2.394742459,-2.69692367,2.705340404
0.163,0.269411697,-0.274896907,2.345323892,-2.337734614,-2.609534944,2.617832166
0.16305,0.240734727,-0.246227442,2.292758449,-2.285098038,-2.528318738,2.536499919
0.1631,0.213716684,-0.219214771,2.244567627,-2.236838158,-2.453134434,2.461202806
0.16315,0.188213365,-0.193714817,2.200754953,-2.192958329,-2.383841451,2.391800012
0.1632,0.164083916,-0.16958684,2.161321194,-2.153459149,-2.32029979,2.32815131
0.16325,0.141189964,-0.146692571,2.126264883,-2.118338981,-2.262369686,2.270116713
0.1633,0.119395175,-0.124895768,2.095582571,-2.087594205,-2.209911427,2.217556293
0.16335,0.098565525,-0.10406249,2.069268683,-2.061219078,-2.162785474,2.170330302
0.1634,0.078569522,-0.084061317,2.047315414,-2.039205626,-2.120852586,2.128299292
0.16345,0.05927821,-0.064763354,2.029712747,-2.021543665,-2.083973836,2.09132414
0.1635,0.040565158,-0.046042224,2.016448479,-2.008220824,-2.05201063,2.059266055
0.16355,0.022306513,-0.027774114,2.007508215,-1.999222544,-2.02482475,2.031986636
0.1636,0.004381058,-0.009837842,2.002875365,-1.994532068,-2.002278416,2.009347917
0.16365,-0.013343666,0.007878085,2.002534959,-1.994134263,-1.984230419,1.991208516
0.1637,-0.030952669,0.025500594,2.006454749,-1.997996718,-1.970555373,1.977442876
0.16375,-0.048576806,0.043139544,2.01462169,-2.006106227,-1.961107007,1.96790456
0.1638,-0.06632836,0.060907221,2.027009281,-2.018436126,-1.955750869,1.962458956
0.16385,-0.084311617,0.07890792,2.043588576,-2.034957313,-1.9543537,1.960972652
0.1639,-0.102630512,0.097245597,2.064329756,-2.055639809,-1.956781728,1.963311727
0.16395,-0.121387648,0.116022879,2.089201641,-2.08045228,-1.962901154,1.96934224
0.164,-0.140682087,0.135338863,2.118170694,-2.109361033,-1.972579352,1.978931425
0.16405,-0.160609437,0.155289198,2.151201118,-2.142330119,-1.985684886,1.991947715
0.1641,-0.18126249,0.175966725,2.188255195,-2.179321668,-2.00208721,2.008260438
0.16415,-0.202731232,0.197461483,2.229293336,-2.220295941,-2.021656708,2.027739853
0.1642,-0.225102622,0.219860496,2.274274022,-2.265211275,-2.044264857,2.050257322
0.16425,-0.248460563,0.243247731,2.32315385,-2.314024117,-2.069784298,2.075685374
0.1643,-0.272885943,0.267704154,2.375887593,-2.366689099,-2.098088861,2.103897734
0.16435,-0.298456644,0.293307724,2.432428259,-2.423159088,-2.129053614,2.134769365
0.1644,-0.325247518,0.320133381,2.492727133,-2.483385228,-2.162554923,2.168176539
0.16445,-0.353330384,0.348253035,2.556733825,-2.547316993,-2.198470513,2.203996887
0.1645,-0.382774032,0.37773557,2.624396331,-2.614902243,-2.236679515,2.242109457
0.16455,-0.413644229,0.408646856,2.695661082,-2.686087279,-2.277062521,2.282394755
0.1646,-0.446003727,0.441049751,2.770473012,-2.760816901,-2.319501631,2.324734803
0.16465,-0.479912273,0.47500411,2.848775607,-2.839034469,-2.363880503,2.369013189
0.1647,-0.51542662,0.510566803,2.930510972,-2.920681964,-2.410084404,2.41511511
0.16475,-0.552600545,0.547791724,3.015619894,-3.005700048,-2.458000251,2.462927421
0.1648,-0.591484871,0.586729818,3.1040419,-3.094028129,-2.507516663,2.512338678
0.16485,-0.632127482,0.627429095,3.195715328,-3.185604426,-2.558523994,2.563239183
0.1649,-0.674573355,0.669934661,3.290577387,-3.280366034,-2.610914383,2.615521022
0.16495,-0.718864582,0.714288739,3.388564226,-3.378248989,-2.664581787,2.669078107
0.165,-0.765040401,0.760530702,3.489611,-3.479188337,-2.719422023,2.72380621
0.16505,-0.813137231,0.808697106,3.593651937,-3.583118197,-2.775332797,2.779603001
0.1651,-0.863188701,0.858821721,3.700620405,-3.689971835,-2.832213741,2.836368076
0.16515,-0.915225694,0.91093557,3.810448979,-3.799681724,-2.889966445,2.894002994
0.1652,-0.96927638,0.965066968,3.923069512,-3.912179617,-2.94849448,2.9524113
0.16525,-1.025366263,1.021241563,4.038413199,-4.027396614,-3.007703431,3.011498555
0.1653,-1.083518219,1.079482379,4.156410643,-4.145263226,-3.067500915,3.071172355
0.16535,-1.143752545,1.139809861,4.276991929,-4.265709444,-3.127796607,3.13134236
0.1654,-1.206087004,1.202241922,4.40008668,-4.388664809,-3.188502256,3.191920306
0.16545,-1.270536878,1.266793992,4.525624133,-4.51405847,-3.249531705,3.252820027
0.1655,-1.337115012,1.33347907,4.653533199,-4.641819256,-3.310800905,3.313957467
0.16555,-1.405831872,1.402307773,4.783742527,-4.771875739,-3.372227927,3.375250694
0.1656,-1.476695597,1.47328839,4.91618057,-4.904156296,-3.433732971,3.436619908
0.16565,-1.549712049,1.546426937,5.050775644,-5.03858917,-3.495238377,3.497987451
0.1657,-1.603864098,1.600706012,5.098011069,-5.085742327,-3.494893132,3.497502704
0.16575,-1.606346095,1.603316379,5.034652013,-5.022410378,-3.422452116,3.424924478
0.1658,-1.614313022,1.611412131,4.973138872,-4.960924283,-3.353055568,3.35539381
0.16585,-1.625747683,1.622976102,4.916728349,-4.904540746,-3.285224712,3.287431752
0.1659,-1.637890032,1.635248301,4.864724323,-4.852563647,-3.221091087,3.223169695
0.16595,-1.65003143,1.64752016,4.816920899,-4.80478709,-3.161157367,3.163110177
0.166,-1.662851422,1.660471287,4.773387056,-4.761280056,-3.104813021,3.106642526
0.16605,-1.638214492,1.635966155,4.675620022,-4.66353977,-3.025109357,3.026768385
0.1661,-1.633937553,1.631819211,4.51195431,-4.499900747,-2.872400457,2.873832304
0.16615,-1.616646965,1.614656426,4.356187439,-4.344160507,-2.733914414,2.735129909
0.1662,-1.590051636,1.588186871,4.207186757,-4.195186397,-2.611562584,2.612572054
0.16625,-1.565091731,1.563350777,4.066694698,-4.054720851,-2.496079933,2.496893107
0.1663,-1.544432305,1.542813246,3.934951998,-3.923004604,-2.385042525,2.385668525
0.16635,-1.525586089,1.524087098,3.811465178,-3.79954418,-2.280444389,2.280891781
0.1664,-1.507363721,1.505983088,3.69598,-3.684085339,-2.183220854,2.183497676
0.16645,-1.490413515,1.489149656,3.588484083,-3.5766157,-2.092711417,2.092825195
0.1665,-1.475381765,1.47423322,3.488945107,-3.477102946,-2.008237652,2.008195416
0.16655,-1.462357517,1.461322967,3.397260915,-3.385444917,-1.929608524,1.929416824
0.1666,-1.451316959,1.450395234,3.313319707,-3.301529814,-1.8567362,1.856401127
0.16665,-1.442378131,1.441568223,3.237023013,-3.225259167,-1.789404311,1.788931515
0.1667,-1.435714088,1.435015158,3.168273794,-3.156535937,-1.727342887,1.726737599
0.16675,-1.431460251,1.43087164,3.10696896,-3.095257035,-1.670313529,1.669580575
0.1668,-1.429724502,1.429245736,3.053001364,-3.041315314,-1.61810131,1.617245129
0.16685,-1.43061666,1.430247463,3.006261877,-2.994601646,-1.570487368,1.569512033
0.1669,-1.434250059,1.433990359,2.966639176,-2.955004705,-1.527247114,1.526156348
0.16695,-1.440732835,1.440582773,2.934019297,-2.92241053,-1.488158513,1.486955705
0.167,-1.450166066,1.450126001,2.908285727,-2.896702607,-1.45300402,1.451692247
0.16705,-1.462646027,1.462716547,2.889319565,-2.877762035,-1.421568494,1.420150532
0.1671,-1.478264995,1.478446919,2.876999582,-2.865467586,-1.393638454,1.3921168
0.16715,-1.497110616,1.497405003,2.87120228,-2.859695761,-1.369002767,1.367379655
0.1672,-1.519265521,1.519673677,2.871801979,-2.860320881,-1.347453124,1.345730538
0.16725,-1.544807419,1.5453309,2.878670911,-2.867215178,-1.328784037,1.326963731
0.1673,-1.573809182,1.574449801,2.89167931,-2.880248886,-1.31279285,1.310876364
0.16735,-1.606338794,1.607098625,2.910695515,-2.899290343,-1.299279883,1.297268555
0.1674,-1.642459302,1.643340684,2.935586069,-2.924206095,-1.288048595,1.285943581
0.16745,-1.68222881,1.683234352,2.966215839,-2.954861006,-1.278905698,1.276707984
0.1675,-1.725700488,1.726833073,3.002448123,-2.991118377,-1.271661261,1.269371679
0.16755,-1.772922583,1.774185369,3.044144775,-3.032840059,-1.266128818,1.263748063
0.1676,-1.823938432,1.825334859,3.091166319,-3.079886578,-1.262125484,1.259654122
0.16765,-1.878786485,1.880320272,3.143372083,-3.132117263,-1.259472049,1.256910539
0.1677,-1.937500336,1.939175486,3.200620322,-3.189390367,-1.257993082,1.255341785
0.16775,-2.000108761,2.001929566,3.262768352,-3.251563208,-1.257517021,1.254776213
0.1678,-2.066635768,2.068606804,3.32967268,-3.31849229,-1.257876256,1.255046142
0.16785,-2.137100647,2.13922678,3.401189137,-3.390033449,-1.258907214,1.255987944
0.1679,-2.211518032,2.213804417,3.47717302,-3.466041979,-1.260450437,1.257442113
0.16795,-2.289897966,2.292350046,3.55747922,-3.546372771,-1.262350644,1.259253335
0.168,-2.372245977,2.374869484,3.641962363,-3.630880451,-1.2644568,1.261270552
0.16805,-2.458563156,2.461364112,3.730476944,-3.719419515,-1.26662217,1.263347021
0.1681,-2.548846242,2.551830956,3.822877463,-3.811844464,-1.268704371,1.265340358
0.16815,-2.643087714,2.646262784,3.919018563,-3.90800994,-1.270565416,1.267112588
0.1682,-2.741275889,2.744648197,4.018755157,-4.007770856,-1.272071749,1.268530177
0.16825,-2.843395021,2.846971733,4.121942567,-4.110982534,-1.273094281,1.269464065
0.1683,-2.949425407,2.953213972,4.228436648,-4.21750083,-1.273508407,1.269789691
0.16835,-3.059343499,3.063351645,4.33809392,-4.327182263,-1.273194032,1.269387008
0.1684,-3.173122016,3.17735775,4.450771692,-4.439884143,-1.272035575,1.268140494
0.16845,-3.290730066,3.295201667,4.566328183,-4.555464689,-1.269921978,1.265939161
0.1685,-3.41213326,3.416849281,4.684622642,-4.673783151,-1.266746706,1.262676547
0.16855,-3.537293843,3.542263104,4.805515467,-4.794699926,-1.262407734,1.258250712
0.1686,-3.627185526,3.632356751,4.863322049,-4.852530404,-1.223670454,1.219427173
0.16865,-3.633413245,3.63871066,4.84723934,-4.836471539,-1.207968624,1.203641672
0.1687,-3.646570689,3.651994671,4.833400285,-4.822656274,-1.180893807,1.176486015
0.16875,-3.668884532,3.674435512,4.820320858,-4.809600586,-1.145488112,1.141002135
0.1688,-3.693607108,3.699285613,4.81062995,-4.799933364,-1.111060509,1.106498937
0.16885,-3.718953404,3.724760071,4.805038456,-4.794365504,-1.080106976,1.075472363
0.1689,-3.678872995,3.684808145,4.719220383,-4.708649273,-1.040997371,1.03629255
0.16895,-3.564455961,3.570515755,4.528934892,-4.518562583,-0.958580566,0.953810725
0.169,-3.45270384,3.458883586,4.344753626,-4.334572581,-0.886284163,0.881454848
0.16905,-3.342206874,3.34850207,4.170025674,-4.160028665,-0.822114463,0.817230939
0.1691,-3.235870978,3.242277289,4.003224971,-3.993405089,-0.761707283,0.75677451
0.16915,-3.134549564,3.141062815,3.843769229,-3.834119882,-0.703627049,0.698649683
0.1692,-3.037637536,3.044253721,3.691828055,-3.682342957,-0.648648668,0.643631086
0.16925,-2.94476152,2.951476803,3.547476793,-3.538149958,-0.597221055,0.592167372
0.1693,-2.85603728,2.862847994,3.410529586,-3.401355322,-0.549042774,0.543956859
0.16935,-2.77162394,2.778526589,3.280767818,-3.271740723,-0.503736264,0.498621747
0.1694,-2.691542799,2.698534056,3.158047813,-3.149162768,-0.461136719,0.455997006
0.16945,-2.61577089,2.622847599,3.042252604,-3.033504765,-0.421150298,0.415988582
0.1695,-2.544315215,2.551474391,2.933247179,-2.924631975,-0.383635137,0.378454411
0.16955,-2.477199681,2.48443851,2.830884518,-2.82239764,-0.348420448,0.343223519
0.1696,-2.414440263,2.421756102,2.735021011,-2.726658413,-0.31534678,0.31013628
0.16965,-2.356044286,2.363434664,2.645517478,-2.637275363,-0.284267747,0.279046143
0.1697,-2.302017701,2.309480316,2.562234474,-2.554109295,-0.255038071,0.24980768
0.16975,-2.252366482,2.259899205,2.485031195,-2.477019645,-0.227511078,0.222274076
0.1698,-2.207094643,2.214695516,2.413766798,-2.405865805,-0.201542005,0.196300439
0.16985,-2.166203486,2.17387072,2.348300985,-2.340507708,-0.176989344,0.171745143
0.1699,-2.129692057,2.137424034,2.288493712,-2.280805533,-0.153714084,0.148469071
0.16995,-2.097557408,2.105352679,2.23420499,-2.226619509,-0.131579255,0.126335156
0.17,-2.069794482,2.077651768,2.185294998,-2.177810027,-0.110450159,0.105208616
0.17005,-2.046395998,2.054314189,2.141624199,-2.134237756,-0.090194595,0.084957173
0.1701,-2.027352464,2.035330617,2.103053364,-2.095763669,-0.070682877,0.065451076
0.17015,-2.012652203,2.020689542,2.069443591,-2.062249058,-0.051787818,0.046563085
0.1702,-2.002281349,2.010377264,2.040656347,-2.033555579,-0.033384789,0.028168523
0.17025,-1.996223837,2.004377885,2.016553523,-2.009545308,-0.015351772,0.010145336
0.1703,-1.994464211,2.002676111,1.996994655,-1.990077958,0.002426162,-0.007623934
0.17035,-1.996973428,2.005243065,1.981851178,-1.975025135,0.020077385,-0.025262674
0.1704,-2.003737895,2.012065315,1.970977565,-1.964241481,0.03770634,-0.042877827
0.17045,-2.014729082,2.023114491,1.964241716,-1.957595056,0.055425213,-0.060581588
0.1705,-2.029920767,2.038364531,1.961507668,-1.954950054,0.073343815,-0.078483761
0.17055,-2.049283973,2.057786615,1.962640849,-1.956172052,0.091567752,-0.096689935
0.1706,-2.072787392,2.081349593,1.967507748,-1.961127684,0.110199245,-0.115302308
0.17065,-2.100397827,2.109020424,1.975975508,-1.969684232,0.129337979,-0.134420533
0.1707,-2.132080135,2.140764117,1.987912067,-1.98170977,0.149080899,-0.154141516
0.17075,-2.167797132,2.176543639,2.003186366,-1.997073367,0.169521916,-0.174559122
0.1708,-2.207509642,2.216319966,2.02166839,-2.015645131,0.190751909,-0.195764178
0.17085,-2.251176582,2.26005216,2.043229178,-2.03729622,0.212858799,-0.217844545
0.1709,-2.298754996,2.307697415,2.067740878,-2.061898895,0.235927534,-0.240885103
0.17095,-2.350200094,2.359211082,2.095076822,-2.089326596,0.260040045,-0.264967713
0.171,-2.405465295,2.414546724,2.125111575,-2.119453992,0.285275244,-0.290171208
0.17105,-2.464502281,2.473656162,2.157720992,-2.152157036,0.31170902,-0.316571393
0.1711,-2.52726105,2.536489531,2.192782272,-2.187313019,0.339414242,-0.344241048
0.17115,-2.593689966,2.602995334,2.230174004,-2.224800621,0.368460754,-0.373249921
0.1712,-2.663735819,2.673120491,2.269776229,-2.264499966,0.398915378,-0.403664737
0.17125,-2.737343879,2.746810403,2.311470487,-2.306292671,0.430841924,-0.4355492
0.1713,-2.814457955,2.82400901,2.355139862,-2.350061897,0.464301198,-0.468964007
0.17135,-2.895020458,2.904658847,2.40066904,-2.395692397,0.499351012,-0.503966857
0.1714,-2.978972461,2.988701113,2.447944344,-2.443070562,0.536046201,-0.540612468
0.17145,-3.066253765,3.076075728,2.49685379,-2.492084467,0.57443864,-0.578952596
0.1715,-3.156802958,3.166721399,2.547287122,-2.542623914,0.614577268,-0.619036052
0.17155,-3.250557485,3.260575686,2.599135858,-2.594580473,0.656508107,-0.660908733
0.1716,-3.34745371,3.357575069,2.652293328,-2.647847521,0.70027429,-0.70461364
0.17165,-3.447426987,3.457655011,2.706654713,-2.702320284,0.745916089,-0.750190911
0.1717,-3.550411723,3.560750027,2.762117078,-2.757895866,0.79347095,-0.797677856
0.17175,-3.656341447,3.666793751,2.818579407,-2.814473287,0.84297352,-0.847108984
0.1718,-3.765148877,3.775719004,2.875942634,-2.871953514,0.894455689,-0.898516043
0.17185,-3.876765988,3.88745786,2.934109673,-2.93023949,0.947946627,-0.951928058
0.1719,-3.991124081,4.001941717,2.992985446,-2.989236158,1.00347282,-1.007371374
0.17195,-4.108153847,4.11910136,3.052476901,-3.04885049,1.061058121,-1.064869695
0.172,-4.227785437,4.238867031,3.112493044,-3.108991509,1.120723786,-1.12444413
0.17205,-4.349948528,4.361168495,3.172944951,-3.169570304,1.182488526,-1.186113241
0.1721,-4.474572386,4.485935105,3.233745791,-3.230500056,1.246368553,-1.24989309
0.17215,-4.601585939,4.613095868,3.294810839,-3.291696045,1.312377632,-1.31579729
0.1722,-4.730917832,4.742579513,3.356057489,-3.353075672,1.380527128,-1.383837056
0.17225,-4.862496499,4.874314548,3.417405267,-3.41455846,1.450826063,-1.454021258
0.1723,-4.996250221,5.008229329,3.478775834,-3.476066073,1.523281168,-1.526356474
0.17235,-5.042854776,5.054915693,3.478161915,-3.475590841,1.577139866,-1.580090396
0.1724,-4.979041761,4.991076031,3.405397503,-3.402962818,1.57945486,-1.582279288
0.17245,-4.917100581,4.929108263,3.33566529,-3.333363897,1.587296575,-1.589994458
0.1725,-4.860283079,4.872264231,3.267496927,-3.265325903,1.598632383,-1.60120325
0.17255,-4.807876134,4.819830816,3.203058969,-3.201015537,1.610650132,-1.613093457
0.1726,-4.759672412,4.771600682,3.142853683,-3.140935208,1.62264008,-1.624955268
0.17265,-4.715746223,4.727648139,3.086256898,-3.084460881,1.635300669,-1.63748706
0.1727,-4.617423884,4.629299503,3.006052394,-3.004425667,1.610543487,-1.612600436
0.17275,-4.453120917,4.464970299,2.852659396,-2.851258193,1.606189387,-1.608118709
0.1728,-4.296683548,4.308506751,2.713567094,-2.712380558,1.588719255,-1.590523161
0.17285,-4.146993386,4.158790467,2.590648732,-2.589666507,1.561894038,-1.563574569
0.1729,-4.005829692,4.01760071,2.474593907,-2.473806239,1.536735559,-1.538294697
0.17295,-3.873432854,3.885177866,2.363015918,-2.362413663,1.515870728,-1.517310411
0.173,-3.749297795,3.761016858,2.257943111,-2.257517683,1.49676589,-1.498087968
0.17305,-3.63317007,3.644863242,2.160297942,-2.160041286,1.478243939,-1.479450144
0.1731,-3.525042159,3.536709497,2.069400081,-2.069304655,1.460977488,-1.462069433
0.17315,-3.424883429,3.436524991,1.984571714,-1.984630476,1.44561353,-1.4465927
0.1732,-3.332591315,3.344207157,1.905629474,-1.905835866,1.432232693,-1.433100439
0.17325,-3.248054323,3.259644502,1.832486044,-1.832833967,1.420810646,-1.421568167
0.1733,-3.171175025,3.182739598,1.764921361,-1.765405158,1.411469884,-1.41211822
0.17335,-3.101857292,3.113396315,1.702663765,-1.703278206,1.404385806,-1.40492583
0.1734,-3.039998681,3.051512211,1.645475116,-1.646215375,1.399693997,-1.400126405
0.17345,-2.985492676,2.99698077,1.593140307,-1.594001947,1.397502946,-1.397828246
0.1735,-2.938230824,2.949693537,1.545439488,-1.546418442,1.397923962,-1.398142468
0.17355,-2.898102458,2.909539847,1.502147098,-1.50323965,1.401071868,-1.401183689
0.1736,-2.864994236,2.876406356,1.463040397,-1.464243167,1.407055996,-1.407061032
0.17365,-2.838790234,2.850177142,1.427901163,-1.429211088,1.415978597,-1.415876528
0.1737,-2.819372116,2.830733867,1.396513461,-1.397927777,1.427937231,-1.427727513
0.17375,-2.80661919,2.81795584,1.368662978,-1.370179207,1.443025496,-1.442707349
0.1738,-2.800408469,2.811720073,1.344137771,-1.345753697,1.461332333,-1.46090474
0.17385,-2.800614752,2.811901365,1.322728717,-1.324442376,1.482941662,-1.482403361
0.1739,-2.807110718,2.818372396,1.304229495,-1.306039157,1.507932492,-1.50728197
0.17395,-2.819767019,2.831003817,1.2884366,-1.290340751,1.536378998,-1.535614487
0.174,-2.838452376,2.849664349,1.275149497,-1.277146824,1.568350467,-1.567469936
0.17405,-2.863033687,2.874220889,1.264170781,-1.266260158,1.60391124,-1.602912395
0.1741,-2.893376135,2.904538621,1.255306292,-1.257486764,1.643120712,-1.642000987
0.17415,-2.929343305,2.94048113,1.248365221,-1.250635987,1.686033334,-1.684789893
0.1742,-2.9707973,2.981910518,1.243160218,-1.24552062,1.732698626,-1.731328354
0.17425,-3.017598863,3.02868753,1.239507507,-1.241957011,1.783161186,-1.781660689
0.1743,-3.069607506,3.080671675,1.237226987,-1.239765175,1.837460708,-1.835826311
0.17435,-3.126681634,3.137721358,1.236142333,-1.238768882,1.895632018,-1.89385976
0.1744,-3.188678676,3.19969401,1.236081084,-1.238795758,1.957705104,-1.95579074
0.17445,-3.255455222,3.26644622,1.236874736,-1.239677372,2.023705169,-2.021644165
0.1745,-3.326867154,3.337833869,1.238358823,-1.241249315,2.093652675,-2.091440208
0.17455,-3.402769781,3.413712268,1.240372993,-1.243351284,2.167563407,-2.165194365
0.1746,-3.48301798,3.493936291,1.242761077,-1.245827143,2.245448533,-2.242917516
0.17465,-3.567466326,3.578360515,1.245371158,-1.248524999,2.327314684,-2.324616
0.1747,-3.655969235,3.666839355,1.248055623,-1.251297251,2.413164023,-2.410291692
0.17475,-3.748381097,3.759227201,1.250671222,-1.254000648,2.502994338,-2.49994209
0.1748,-3.844556413,3.855378554,1.253079106,-1.256496331,2.596799125,-2.593560403
0.17485,-3.944349927,3.955148158,1.25514487,-1.258649875,2.69456769,-2.691135649
0.1749,-4.047616761,4.058391135,1.256738583,-1.260331319,2.796285241,-2.792652754
0.17495,-4.154212548,4.164963117,1.257734815,-1.261415191,2.901933003,-2.898092656
0.175,-4.263993554,4.274720371,1.258012655,-1.261780531,3.011488318,-3.00743242
0.17505,-4.376816811,4.387519928,1.257455723,-1.261310902,3.124924768,-3.120645347
0.1751,-4.492540239,4.503219708,1.255952178,-1.259894394,3.242212283,-3.237701092
0.17515,-4.611022761,4.621678635,1.253394714,-1.257423626,3.363317268,-3.358565788
0.1752,-4.732124429,4.742756759,1.249680555,-1.253795742,3.488202724,-3.483202166
0.17525,-4.790241189,4.800850028,1.211412951,-1.215613862,3.578025542,-3.572826313
0.1753,-4.774549676,4.785135075,1.196196118,-1.200480201,3.584177522,-3.578854232
0.17535,-4.761076114,4.771638125,1.169443208,-1.173807667,3.59739986,-3.591952129
0.1754,-4.748357329,4.758896003,1.134285461,-1.138727676,3.619850823,-3.614278218
0.17545,-4.739062814,4.749578203,1.100220898,-1.104738313,3.644634334,-3.638936326
0.1755,-4.733885928,4.744378084,1.069695125,-1.074285219,3.669998285,-3.664174236
0.17555,-4.732127461,4.742596434,1.040529004,-1.045189308,3.697422631,-3.691471807
0.1756,-4.65005038,4.660418947,1.002360774,-1.007088557,3.660099706,-3.654021692
0.17565,-4.463761705,4.473934079,0.921295906,-0.926086132,3.548190362,-3.541988916
0.1757,-4.28370646,4.293690022,0.850847838,-0.85569511,3.438587016,-3.432266749
0.17575,-4.113096778,4.122898602,0.788589295,-0.793488491,3.330176135,-3.323741467
0.1758,-3.950284034,3.959910878,0.729846932,-0.734793227,3.226049783,-3.219504968
0.17585,-3.794703001,3.804161311,0.67325806,-0.678246928,3.127005097,-3.120354226
0.1759,-3.646568966,3.655864883,0.619718329,-0.624745516,3.032361504,-3.025608501
0.17595,-3.505961381,3.515100749,0.569679343,-0.574740847,2.941746662,-2.934895278
0.176,-3.372679823,3.381668194,0.522800919,-0.52789298,2.855300151,-2.848353968
0.17605,-3.246501388,3.25534403,0.478697446,-0.483816534,2.773184504,-2.766146935
0.1761,-3.127286488,3.135988389,0.437216038,-0.442358842,2.695412855,-2.688287142
0.17615,-3.014920396,3.02348627,0.398268608,-0.403432022,2.621958412,-2.614747624
0.1762,-2.909267187,2.917701478,0.361711401,-0.366892512,2.552828857,-2.545535894
0.17625,-2.810178988,2.818485881,0.327372429,-0.332568504,2.488048173,-2.480675762
0.1763,-2.717512407,2.72569583,0.295093687,-0.300302161,2.427630845,-2.420181544
0.17635,-2.631128644,2.639192276,0.264730506,-0.269948973,2.371582623,-2.364058817
0.1764,-2.550888325,2.558835599,0.236138573,-0.241364772,2.319908338,-2.312312241
0.17645,-2.476650625,2.484484738,0.209172029,-0.214403831,2.272612923,-2.264946579
0.1765,-2.408274791,2.415998705,0.183687202,-0.188922603,2.229699205,-2.221964485
0.17655,-2.345620676,2.353237129,0.159543809,-0.164780916,2.191167237,-2.183365843
0.1766,-2.288548381,2.296059888,0.136604051,-0.141841072,2.15701484,-2.149148305
0.17665,-2.236918066,2.244326928,0.11473218,-0.119967413,2.127237858,-2.119307543
0.1767,-2.190590083,2.197898393,0.093794772,-0.099026595,2.101830005,-2.093837104
0.17675,-2.149425101,2.156634747,0.073660958,-0.07888782,2.080782766,-2.072728303
0.1768,-2.113284117,2.12039679,0.054202423,-0.05942283,2.06408541,-2.055970244
0.17685,-2.082028479,2.089045679,0.035293386,-0.040505897,2.051725027,-2.043549848
0.1769,-2.055519932,2.062442971,0.016810662,-0.022013875,2.043686517,-2.035451849
0.17695,-2.033620672,2.040450683,-0.00134402,-0.003821096,2.039952587,-2.031658791
0.177,-2.016193627,2.022931567,-0.019356954,0.014170835,2.040503441,-2.032150712
0.17705,-2.003101757,2.009748413,-0.037273246,0.032100494,2.045317763,-2.036906135
0.1771,-1.994208251,2.000764248,-0.055229823,0.050071769,2.054372374,-2.045901718
0.17715,-1.989378769,1.995844573,-0.073334566,0.068192546,2.067640212,-2.059110241
0.1772,-1.988478235,1.994854158,-0.091694735,0.086570098,2.08509348,-2.076503747
0.17725,-1.991372319,1.997658528,-0.110414734,0.105308847,2.106702263,-2.098052164
0.1773,-1.997927869,2.004124386,-0.12959538,0.124509639,2.13243425,-2.123723024
0.17735,-2.008012639,2.014119352,-0.149334513,0.144270351,2.162255062,-2.153481794
0.1774,-2.021495207,2.027511871,-0.169727229,0.16468612,2.196128401,-2.187292025
0.17745,-2.038245112,2.044171357,-0.190865693,0.18584916,2.234016011,-2.225115311
0.1775,-2.05813297,2.063968305,-0.212839027,0.207848652,2.275877673,-2.266911281
0.17755,-2.081030502,2.086774319,-0.235733344,0.23077077,2.321671266,-2.312637669
0.1776,-2.106810574,2.112462156,-0.259631756,0.254698697,2.371352823,-2.362250362
0.17765,-2.135347259,2.140905784,-0.284614368,0.279712612,2.424876574,-2.415703449
0.1777,-2.166515898,2.171980441,-0.310758248,0.305889665,2.482194992,-2.472949259
0.17775,-2.200193149,2.205562692,-0.338137436,0.333303982,2.543258841,-2.533938419
0.1778,-2.236257047,2.241530479,-0.366822943,0.362026667,2.608017231,-2.598619904
0.17785,-2.274587046,2.279763172,-0.396882751,0.392125798,2.676417677,-2.666941091
0.1779,-2.315064082,2.320141625,-0.42838182,0.423666439,2.748406148,-2.738847819
0.17795,-2.357570614,2.36254822,-0.461382099,0.456710644,2.823927132,-2.814284446
0.178,-2.401990677,2.406866921,-0.495942532,0.491317468,2.902923691,-2.893193908
0.17805,-2.448209929,2.452983318,-0.532119075,0.527542983,2.985337526,-2.97551778
0.1781,-2.496115696,2.500784674,-0.569964715,0.565440294,3.071109038,-3.061196341
0.17815,-2.545597015,2.550159968,-0.609529486,0.605059558,3.160177391,-3.150168635
0.1782,-2.596544678,2.600999937,-0.650860494,0.646448008,3.252480579,-3.242372539
0.17825,-2.648851272,2.653197119,-0.694001944,0.689649977,3.347955487,-3.337744825
0.1783,-2.702411215,2.706645885,-0.738995164,0.734706925,3.446537963,-3.436221227
0.17835,-2.757120797,2.761242484,-0.785878638,0.781657473,3.548162881,-3.537736511
0.1784,-2.812878208,2.81688507,-0.834688039,0.830537429,3.652764208,-3.642224538
0.17845,-2.869583578,2.873473735,-0.885456263,0.881379831,3.760275073,-3.749618333
0.1785,-2.927138998,2.930910543,-0.938213469,0.934214978,3.870627834,-3.859850153
0.17855,-2.985448555,2.989099554,-0.992987116,0.989070475,3.983754145,-3.972851555
0.1786,-3.044418355,3.047946852,-1.049802009,1.045971271,4.099585025,-4.088553462
0.17865,-3.103956547,3.107360565,-1.108680338,1.104939703,4.218050923,-4.20688623
0.1787,-3.16397334,3.167250889,-1.169641728,1.165995544,4.339081785,-4.327779716
0.17875,-3.224381028,3.227530104,-1.232703285,1.22915605,4.462607122,-4.451163345
0.1788,-3.285094002,3.288112593,-1.297879645,1.294436007,4.588556074,-4.576966174
0.17885,-3.346028766,3.348914853,-1.365183027,1.361847784,4.716857476,-4.705116955
0.1789,-3.407103947,3.409855511,-1.434623283,1.431401386,4.847439922,-4.835544205
0.17895,-3.468240306,3.470855327,-1.506207953,1.503104504,4.980231826,-4.968176264
0.179,-3.529360746,3.531837208,-1.57994232,1.576962572,5.115161488,-5.102941359
0.17905,-3.528778611,3.531114889,-1.634534773,1.631683706,5.162601569,-5.150297862
0.1791,-3.456167467,3.458365861,-1.637325807,1.634604785,5.099381883,-5.087105359
0.17915,-3.386627432,3.388691039,-1.645552265,1.642961758,5.037985259,-5.025735859
0.1792,-3.318666549,3.320598293,-1.657215646,1.654756154,4.981673913,-4.969451576
0.17925,-3.254376647,3.256179307,-1.669613557,1.667285635,4.929769667,-4.917574334
0.1793,-3.194261699,3.195937915,-1.682037146,1.679841422,4.882067713,-4.869899324
0.17935,-3.110644946,3.11214626,-1.656826805,1.654763893,4.779812406,-4.767670901
0.1794,-2.953832984,2.955101126,-1.652046695,1.650114773,4.611537895,-4.599423215
0.17945,-2.811073138,2.812119278,-1.63446584,1.632662689,4.451204545,-4.43911663
0.1795,-2.684463379,2.685298175,-1.607572579,1.60589614,4.297645745,-4.285584536
0.17955,-2.564961519,2.56559502,-1.582099348,1.580547619,4.152619034,-4.140584472
0.1796,-2.450089061,2.450530702,-1.560792742,1.559363763,4.016392121,-4.004384148
0.17965,-2.341745362,2.342004007,-1.541263773,1.539955669,3.888475127,-3.876493684
0.1797,-2.240872884,2.240956864,-1.522308029,1.521119033,3.768605892,-3.756650919
0.17975,-2.146847559,2.14676468,-1.504535744,1.50346421,3.656770377,-3.644841816
0.1798,-2.058993743,2.058751305,-1.488594311,1.487638714,3.55294014,-3.541037932
0.17985,-1.977107031,1.976711845,-1.474588959,1.473747905,3.457015826,-3.445139914
0.1799,-1.901095676,1.900554082,-1.462500599,1.461772842,3.368886436,-3.357036762
0.17995,-1.830746569,1.830064459,-1.452444847,1.451829295,3.288454333,-3.276630838
0.18,-1.765790778,1.764973614,-1.44459519,1.444090916,3.215623936,-3.203826562
0.18005,-1.70598805,1.705040877,-1.439090431,1.438696682,3.150293675,-3.138522365
0.1801,-1.65112184,1.650049311,-1.4360414,1.435757605,3.09235773,-3.080612426
0.18015,-1.600972603,1.599778992,-1.435559882,1.435385664,3.041708248,-3.029988893
0.1802,-1.555315045,1.554004266,-1.437761232,1.437696412,2.998235209,-2.986541746
0.18025,-1.513926034,1.512501662,-1.442755981,1.442800589,2.961825948,-2.950158318
0.1803,-1.476586808,1.475052091,-1.450647687,1.450801967,2.932365203,-2.92072335
0.18035,-1.443081033,1.441438914,-1.46153504,1.461799462,2.909735291,-2.898119159
0.1804,-1.413194,1.411447132,-1.475512739,1.475888001,2.893816171,-2.882225702
0.18045,-1.386713259,1.384864021,-1.492670905,1.493157941,2.884485495,-2.872920632
0.1805,-1.363429099,1.361479614,-1.513094682,1.513694669,2.881618689,-2.870079376
0.18055,-1.343134572,1.341086724,-1.536864307,1.537578671,2.885089046,-2.873575227
0.1806,-1.325625502,1.323480951,-1.564055188,1.564885608,2.894767815,-2.883279433
0.18065,-1.310700626,1.308460823,-1.594737864,1.595686276,2.910524295,-2.899061294
0.1807,-1.298161752,1.295827957,-1.628977944,1.63004655,2.93222594,-2.920788263
0.18075,-1.287813883,1.285387179,-1.666836097,1.668027366,2.959738466,-2.948326059
0.1808,-1.279465321,1.276946627,-1.708368062,1.709684732,2.992925968,-2.981538774
0.18085,-1.272927774,1.270317866,-1.753624648,1.755069733,3.031651029,-3.020288992
0.1809,-1.268016476,1.265315994,-1.802651747,1.80422854,3.075774846,-3.064437911
0.18095,-1.264550286,1.261759753,-1.85549035,1.857202424,3.125157351,-3.113845463
0.181,-1.262351789,1.259471624,-1.91217658,1.914027789,3.17965734,-3.168370443
0.18105,-1.261247392,1.258277923,-1.97274172,1.974736206,3.239132601,-3.22787064
0.1811,-1.26106741,1.258008887,-2.037212262,2.039354451,3.303440045,-3.292202965
0.18115,-1.261646156,1.258498763,-2.105609952,2.107904558,3.372435842,-3.361223588
0.1812,-1.262822012,1.259585884,-2.177951849,2.180403876,3.445975552,-3.434788069
0.18125,-1.264437508,1.261112737,-2.254250388,2.256865127,3.523914264,-3.512751498
0.1813,-1.266339385,1.262926036,-2.33451345,2.337296483,3.606106729,-3.594968626
0.18135,-1.268378654,1.264876777,-2.418744439,2.421701634,3.6924075,-3.681294004
0.1814,-1.270410654,1.266820292,-2.506942361,2.510079879,3.782671064,-3.771582122
0.18145,-1.272295096,1.268616297,-2.599101919,2.602426204,3.876751979,-3.865687536
0.1815,-1.273896102,1.270128932,-2.6952136,2.698731385,3.974505008,-3.963465011
0.18155,-1.275082246,1.271226795,-2.795263777,2.798982081,4.075785253,-4.064769647
0.1816,-1.275726575,1.271782971,-2.899234815,2.903160936,4.180448282,-4.169457014
0.18165,-1.275706632,1.271675047,-3.007105171,3.011246692,4.288350264,-4.277383279
0.1817,-1.274904475,1.270785135,-3.118849517,3.123214296,4.399348089,-4.388405335
0.18175,-1.273206679,1.268999873,-3.234438845,3.23903502,4.513299497,-4.50238092
0.1818,-1.270504339,1.26621043,-3.353840595,3.358676574,4.630063197,-4.619168743
0.18185,-1.266693072,1.262312498,-3.477018774,3.482103236,4.749498982,-4.738628598
0.1819,-1.228228381,1.223761707,-3.565474302,3.570756851,4.806140078,-4.795293712
0.18195,-1.212724343,1.208174146,-3.570522587,3.575928716,4.789074435,-4.778252034
0.182,-1.185750563,1.181119668,-3.582639858,3.588169913,4.774294934,-4.763496444
0.18205,-1.150408592,1.145699644,-3.604002265,3.609656643,4.760326464,-4.749551833
0.1821,-1.116146837,1.111362413,-3.627726527,3.633505723,4.749801736,-4.739050911
0.18215,-1.085435776,1.080578416,-3.652036768,3.657941385,4.743415281,-4.732688209
0.1822,-1.056126979,1.05119917,-3.678396308,3.684427046,4.740482009,-4.729778639
0.18225,-1.017573648,1.012578138,-3.640116298,3.646273538,4.657021358,-4.646418861
0.1823,-0.936012915,0.930954787,-3.527298098,3.533578053,4.469192133,-4.458786189
0.18235,-0.865037896,0.859922593,-3.416810092,3.423208126,4.287597652,-4.277380826
0.1824,-0.80224228,0.797074968,-3.307525378,3.314037043,4.115457247,-4.105422414
0.18245,-0.743015022,0.737800568,-3.202504924,3.209125937,3.95115305,-3.941293401
0.1825,-0.685993762,0.680736731,-3.102549096,3.109275339,3.794122944,-3.784431984
0.18255,-0.632051589,0.626756269,-3.006990177,3.013817697,3.644572097,-3.635043636
0.1826,-0.581636623,0.576307049,-2.915456956,2.922381972,3.502577227,-3.493205373
0.18265,-0.534416129,0.529056092,-2.828084958,2.835103858,3.367940942,-3.358720096
0.1827,-0.490006822,0.484619876,-2.745036147,2.752145489,3.240441742,-3.231366592
0.18275,-0.448253409,0.44284289,-2.666325537,2.673522051,3.119939187,-3.111004701
0.1828,-0.409066375,0.403635409,-2.591927417,2.599208001,3.00631789,-2.997519312
0.18285,-0.372302292,0.366853812,-2.521849578,2.529211303,2.899442071,-2.890774914
0.1829,-0.337789417,0.33232617,-2.456116234,2.46355634,2.799164062,-2.7906241
0.18295,-0.305369346,0.299893909,-2.394742459,2.40225836,2.705340404,-2.69692367
0.183,-0.274896907,0.269411697,-2.337734613,2.345323892,2.617832166,-2.609534944
0.18305,-0.246227442,0.240734727,-2.285098038,2.292758449,2.536499919,-2.528318738
0.1831,-0.219214771,0.213716684,-2.236838158,2.244567627,2.461202806,-2.453134434
0.18315,-0.193714817,0.188213365,-2.192958329,2.200754952,2.391800012,-2.383841451
0.1832,-0.16958684,0.164083916,-2.153459149,2.161321194,2.328151309,-2.32029979
0.18325,-0.146692571,0.141189964,-2.118338981,2.126264883,2.270116713,-2.262369686
0.1833,-0.124895768,0.119395175,-2.087594205,2.095582571,2.217556293,-2.209911426
0.18335,-0.10406249,0.098565525,-2.061219077,2.069268683,2.170330301,-2.162785474
0.1834,-0.084061317,0.078569522,-2.039205626,2.047315414,2.128299292,-2.120852586
0.18345,-0.064763354,0.05927821,-2.021543665,2.029712747,2.091324139,-2.083973836
0.1835,-0.046042224,0.040565158,-2.008220824,2.016448479,2.059266055,-2.05201063
0.18355,-0.027774114,0.022306513,-1.999222544,2.007508215,2.031986636,-2.02482475
0.1836,-0.009837842,0.004381058,-1.994532068,2.002875365,2.009347917,-2.002278416
0.18365,0.007878085,-0.013343666,-1.994134263,2.002534959,1.991208516,-1.984230419
0.1837,0.025500594,-0.030952669,-1.997996718,2.006454749,1.977442876,-1.970555373
0.18375,0.043139544,-0.048576806,-2.006106227,2.01462169,1.967904559,-1.961107007
0.1838,0.060907221,-0.06632836,-2.018436126,2.027009281,1.962458956,-1.955750869
0.18385,0.07890792,-0.084311617,-2.034957313,2.043588576,1.960972652,-1.9543537
0.1839,0.097245597,-0.102630512,-2.055639809,2.064329756,1.963311727,-1.956781728
0.18395,0.116022879,-0.121387648,-2.08045228,2.089201641,1.96934224,-1.962901154
0.184,0.135338863,-0.140682087,-2.109361034,2.118170694,1.978931425,-1.972579352
0.18405,0.155289198,-0.160609437,-2.142330119,2.151201118,1.991947715,-1.985684886
0.1841,0.175966725,-0.18126249,-2.179321668,2.188255196,2.008260438,-2.002087211
0.18415,0.197461483,-0.202731232,-2.220295942,2.229293336,2.027739853,-2.021656709
0.1842,0.219860496,-0.225102622,-2.265211275,2.274274023,2.050257322,-2.044264857
0.18425,0.243247732,-0.248460563,-2.314024117,2.32315385,2.075685374,-2.069784298
0.1843,0.267704154,-0.272885943,-2.3666891,2.375887593,2.103897734,-2.098088862
0.18435,0.293307724,-0.298456644,-2.423159088,2.432428259,2.134769365,-2.129053614
0.1844,0.320133381,-0.325247518,-2.483385228,2.492727133,2.168176539,-2.162554923
0.18445,0.348253035,-0.353330384,-2.547316994,2.556733825,2.203996888,-2.198470513
0.1845,0.37773557,-0.382774032,-2.614902243,2.624396331,2.242109457,-2.236679515
0.18455,0.408646856,-0.413644229,-2.686087279,2.695661083,2.282394755,-2.277062522
0.1846,0.441049751,-0.446003727,-2.760816901,2.770473012,2.324734803,-2.319501631
0.18465,0.47500411,-0.479912273,-2.839034469,2.848775607,2.36901319,-2.363880503
0.1847,0.510566803,-0.51542662,-2.920681964,2.930510973,2.41511511,-2.410084404
0.18475,0.547791724,-0.552600545,-3.005700048,3.015619894,2.462927421,-2.458000251
0.1848,0.586729818,-0.591484871,-3.094028129,3.104041901,2.512338678,-2.507516663
0.18485,0.627429095,-0.632127482,-3.185604426,3.195715329,2.563239183,-2.558523994
0.1849,0.669934661,-0.674573355,-3.280366034,3.290577388,2.615521022,-2.610914383
0.18495,0.714288739,-0.718864582,-3.37824899,3.388564227,2.669078107,-2.664581788
0.185,0.760530702,-0.765040401,-3.479188337,3.489611001,2.723806211,-2.719422023
0.18505,0.808697106,-0.813137231,-3.583118198,3.593651937,2.779603001,-2.775332797
0.1851,0.858821721,-0.863188701,-3.689971835,3.700620405,2.836368076,-2.832213741
0.18515,0.91093557,-0.915225694,-3.799681724,3.81044898,2.894002994,-2.889966445
0.1852,0.965066969,-0.969276381,-3.912179618,3.923069513,2.952411301,-2.94849448
0.18525,1.021241564,-1.025366263,-4.027396614,4.038413199,3.011498555,-3.007703431
0.1853,1.079482379,-1.083518219,-4.145263226,4.156410644,3.071172356,-3.067500915
0.18535,1.139809861,-1.143752545,-4.265709445,4.276991929,3.13134236,-3.127796607
0.1854,1.202241922,-1.206087004,-4.388664809,4.40008668,3.191920307,-3.188502256
0.18545,1.266793993,-1.270536878,-4.51405847,4.525624134,3.252820028,-3.249531705
0.1855,1.333479071,-1.337115012,-4.641819257,4.6535332,3.313957468,-3.310800906
0.18555,1.402307773,-1.405831873,-4.77187574,4.783742528,3.375250694,-3.372227927
0.1856,1.47328839,-1.476695597,-4.904156296,4.91618057,3.436619908,-3.433732971
0.18565,1.546426937,-1.549712049,-5.038589171,5.050775645,3.497987452,-3.495238377
0.1857,1.600706012,-1.603864098,-5.085742328,5.098011069,3.497502704,-3.494893132
0.18575,1.60331638,-1.606346096,-5.022410379,5.034652014,3.424924478,-3.422452116
0.1858,1.611412132,-1.614313022,-4.960924284,4.973138873,3.35539381,-3.353055569
0.18585,1.622976102,-1.625747683,-4.904540747,4.916728349,3.287431752,-3.285224712
0.1859,1.635248302,-1.637890032,-4.852563648,4.864724323,3.223169695,-3.221091087
0.18595,1.64752016,-1.650031431,-4.804787091,4.816920899,3.163110177,-3.161157367
0.186,1.660471288,-1.662851422,-4.761280056,4.773387057,3.106642527,-3.104813021
0.18605,1.635966155,-1.638214493,-4.663539771,4.675620023,3.026768385,-3.025109357
0.1861,1.631819212,-1.633937553,-4.499900748,4.51195431,2.873832304,-2.872400457
0.18615,1.614656426,-1.616646966,-4.344160507,4.356187439,2.735129909,-2.733914414
0.1862,1.588186871,-1.590051636,-4.195186398,4.207186758,2.612572055,-2.611562585
0.18625,1.563350778,-1.565091731,-4.054720851,4.066694699,2.496893107,-2.496079934
0.1863,1.542813246,-1.544432305,-3.923004604,3.934951998,2.385668525,-2.385042525
0.18635,1.524087098,-1.52558609,-3.79954418,3.811465179,2.280891781,-2.28044439
0.1864,1.505983088,-1.507363721,-3.68408534,3.695980001,2.183497676,-2.183220855
0.18645,1.489149656,-1.490413516,-3.576615701,3.588484083,2.092825195,-2.092711417
0.1865,1.474233221,-1.475381766,-3.477102946,3.488945108,2.008195416,-2.008237652
0.18655,1.461322967,-1.462357517,-3.385444917,3.397260916,1.929416824,-1.929608524
0.1866,1.450395235,-1.451316959,-3.301529814,3.313319708,1.856401127,-1.856736201
0.18665,1.441568223,-1.442378131,-3.225259167,3.237023014,1.788931516,-1.789404311
0.1867,1.435015158,-1.435714088,-3.156535938,3.168273795,1.726737599,-1.727342887
0.18675,1.43087164,-1.431460252,-3.095257036,3.10696896,1.669580575,-1.670313529
0.1868,1.429245736,-1.429724503,-3.041315315,3.053001364,1.617245129,-1.61810131
0.18685,1.430247463,-1.43061666,-2.994601646,3.006261878,1.569512033,-1.570487368
0.1869,1.43399036,-1.434250059,-2.955004705,2.966639176,1.526156348,-1.527247115
0.18695,1.440582774,-1.440732836,-2.92241053,2.934019297,1.486955705,-1.488158513
0.187,1.450126002,-1.450166066,-2.896702608,2.908285728,1.451692247,-1.453004021
0.18705,1.462716547,-1.462646027,-2.877762036,2.889319566,1.420150533,-1.421568495
0.1871,1.47844692,-1.478264996,-2.865467587,2.876999583,1.3921168,-1.393638454
0.18715,1.497405004,-1.497110616,-2.859695762,2.871202281,1.367379655,-1.369002767
0.1872,1.519673677,-1.519265521,-2.860320881,2.871801979,1.345730538,-1.347453124
0.18725,1.545330901,-1.54480742,-2.867215178,2.878670911,1.326963732,-1.328784037
0.1873,1.574449801,-1.573809183,-2.880248887,2.891679311,1.310876364,-1.31279285
0.18735,1.607098625,-1.606338795,-2.899290344,2.910695515,1.297268556,-1.299279883
0.1874,1.643340685,-1.642459303,-2.924206095,2.935586069,1.285943581,-1.288048596
0.18745,1.683234353,-1.68222881,-2.954861007,2.966215839,1.276707984,-1.278905699
0.1875,1.726833073,-1.725700488,-2.991118378,3.002448124,1.269371679,-1.271661261
0.18755,1.77418537,-1.772922583,-3.03284006,3.044144775,1.263748063,-1.266128819
0.1876,1.825334859,-1.823938433,-3.079886579,3.09116632,1.259654122,-1.262125484
0.18765,1.880320272,-1.878786486,-3.132117263,3.143372084,1.256910539,-1.259472049
0.1877,1.939175487,-1.937500336,-3.189390368,3.200620323,1.255341785,-1.257993083
0.18775,2.001929566,-2.000108761,-3.251563208,3.262768353,1.254776213,-1.257517021
0.1878,2.068606805,-2.066635768,-3.318492291,3.32967268,1.255046143,-1.257876256
0.18785,2.139226781,-2.137100648,-3.39003345,3.401189138,1.255987945,-1.258907215
0.1879,2.213804417,-2.211518033,-3.466041979,3.477173021,1.257442113,-1.260450437
0.18795,2.292350046,-2.289897967,-3.546372771,3.557479221,1.259253335,-1.262350644
0.188,2.374869485,-2.372245978,-3.630880452,3.641962364,1.261270552,-1.2644568
0.18805,2.461364112,-2.458563157,-3.719419516,3.730476944,1.263347021,-1.26662217
0.1881,2.551830957,-2.548846242,-3.811844465,3.822877464,1.265340359,-1.268704371
0.18815,2.646262785,-2.643087715,-3.90800994,3.919018563,1.267112588,-1.270565416
0.1882,2.744648198,-2.74127589,-4.007770857,4.018755158,1.268530177,-1.272071749
0.18825,2.846971734,-2.843395022,-4.110982535,4.121942567,1.269464065,-1.273094281
0.1883,2.953213972,-2.949425408,-4.21750083,4.228436648,1.269789691,-1.273508407
0.18835,3.063351646,-3.059343499,-4.327182264,4.338093921,1.269387008,-1.273194032
0.1884,3.17735775,-3.173122017,-4.439884144,4.450771692,1.268140495,-1.272035575
0.18845,3.295201667,-3.290730066,-4.55546469,4.566328183,1.265939162,-1.269921978
0.1885,3.416849281,-3.412133261,-4.673783152,4.684622643,1.262676548,-1.266746706
0.18855,3.542263104,-3.537293844,-4.794699926,4.805515468,1.258250712,-1.262407734
0.1886,3.632356752,-3.627185526,-4.852530405,4.86332205,1.219427174,-1.223670454
0.18865,3.638710661,-3.633413246,-4.836471539,4.847239341,1.203641672,-1.207968624
0.1887,3.651994672,-3.64657069,-4.822656275,4.833400285,1.176486015,-1.180893807
0.18875,3.674435512,-3.668884533,-4.809600587,4.820320859,1.141002136,-1.145488112
0.1888,3.699285614,-3.693607109,-4.799933364,4.81062995,1.106498937,-1.111060509
0.18885,3.724760071,-3.718953405,-4.794365504,4.805038457,1.075472364,-1.080106976
0.1889,3.684808146,-3.678872996,-4.708649274,4.719220384,1.03629255,-1.040997371
0.18895,3.570515756,-3.564455962,-4.518562584,4.528934893,0.953810725,-0.958580566
0.189,3.458883587,-3.45270384,-4.334572581,4.344753627,0.881454849,-0.886284163
0.18905,3.348502071,-3.342206874,-4.160028665,4.170025675,0.817230939,-0.822114463
0.1891,3.24227729,-3.235870979,-3.99340509,4.003224972,0.75677451,-0.761707283
0.18915,3.141062816,-3.134549565,-3.834119883,3.84376923,0.698649683,-0.703627049
0.1892,3.044253722,-3.037637537,-3.682342957,3.691828056,0.643631086,-0.648648668
0.18925,2.951476804,-2.944761521,-3.538149958,3.547476794,0.592167372,-0.597221055
0.1893,2.862847995,-2.856037281,-3.401355323,3.410529586,0.543956859,-0.549042774
0.18935,2.77852659,-2.771623941,-3.271740724,3.280767819,0.498621747,-0.503736264
0.1894,2.698534057,-2.6915428,-3.149162768,3.158047813,0.455997006,-0.461136719
0.18945,2.6228476,-2.615770891,-3.033504766,3.042252605,0.415988582,-0.421150298
0.1895,2.551474392,-2.544315216,-2.924631975,2.93324718,0.378454411,-0.383635137
0.18955,2.484438511,-2.477199682,-2.822397641,2.830884518,0.343223519,-0.348420448
0.1896,2.421756103,-2.414440263,-2.726658414,2.735021012,0.31013628,-0.31534678
0.18965,2.363434665,-2.356044287,-2.637275364,2.645517478,0.279046143,-0.284267747
0.1897,2.309480317,-2.302017701,-2.554109296,2.562234475,0.24980768,-0.255038071
0.18975,2.259899206,-2.252366482,-2.477019646,2.485031196,0.222274076,-0.227511078
0.1898,2.214695517,-2.207094644,-2.405865806,2.413766799,0.196300439,-0.201542005
0.18985,2.173870721,-2.166203487,-2.340507709,2.348300986,0.171745143,-0.176989344
0.1899,2.137424034,-2.129692057,-2.280805533,2.288493713,0.148469071,-0.153714084
0.18995,2.10535268,-2.097557409,-2.226619509,2.234204991,0.126335156,-0.131579255
0.19,2.077651769,-2.069794483,-2.177810028,2.185294999,0.105208616,-0.110450159
0.19005,2.054314189,-2.046395999,-2.134237757,2.1416242,0.084957173,-0.090194595
0.1901,2.035330617,-2.027352465,-2.09576367,2.103053365,0.065451076,-0.070682877
0.19015,2.020689543,-2.012652204,-2.062249059,2.069443592,0.046563085,-0.051787818
0.1902,2.010377265,-2.00228135,-2.03355558,2.040656347,0.028168523,-0.033384789
0.19025,2.004377886,-1.996223838,-2.009545308,2.016553524,0.010145336,-0.015351772
0.1903,2.002676112,-1.994464211,-1.990077958,1.996994656,-0.007623934,0.002426162
0.19035,2.005243066,-1.996973428,-1.975025135,1.981851178,-0.025262674,0.020077385
0.1904,2.012065316,-2.003737896,-1.964241482,1.970977565,-0.042877827,0.03770634
0.19045,2.023114491,-2.014729083,-1.957595057,1.964241717,-0.060581588,0.055425213
0.1905,2.038364531,-2.029920768,-1.954950055,1.961507669,-0.078483761,0.073343815
0.19055,2.057786616,-2.049283974,-1.956172053,1.96264085,-0.096689935,0.091567752
0.1906,2.081349594,-2.072787392,-1.961127685,1.967507749,-0.115302308,0.110199245
0.19065,2.109020425,-2.100397828,-1.969684233,1.975975508,-0.134420533,0.129337979
0.1907,2.140764118,-2.132080136,-1.981709771,1.987912067,-0.154141517,0.149080899
0.19075,2.17654364,-2.167797133,-1.997073367,2.003186366,-0.174559123,0.169521916
0.1908,2.216319966,-2.207509643,-2.015645132,2.02166839,-0.195764178,0.190751909
0.19085,2.260052161,-2.251176582,-2.03729622,2.043229178,-0.217844545,0.2128588
0.1909,2.307697415,-2.298754997,-2.061898896,2.067740879,-0.240885103,0.235927534
0.19095,2.359211083,-2.350200095,-2.089326596,2.095076822,-0.264967713,0.260040045
0.191,2.414546724,-2.405465296,-2.119453992,2.125111575,-0.290171208,0.285275244
0.19105,2.473656162,-2.464502282,-2.152157037,2.157720993,-0.316571394,0.31170902
0.1911,2.536489532,-2.527261051,-2.18731302,2.192782272,-0.344241048,0.339414242
0.19115,2.602995335,-2.593689967,-2.224800622,2.230174004,-0.373249921,0.368460754
0.1912,2.673120492,-2.66373582,-2.264499967,2.26977623,-0.403664737,0.398915378
0.19125,2.746810404,-2.73734388,-2.306292671,2.311470487,-0.4355492,0.430841925
0.1913,2.824009011,-2.814457955,-2.350061897,2.355139863,-0.468964007,0.464301198
0.19135,2.904658848,-2.895020458,-2.395692397,2.40066904,-0.503966857,0.499351012
0.1914,2.988701114,-2.978972462,-2.443070563,2.447944345,-0.540612468,0.536046201
0.19145,3.076075729,-3.066253766,-2.492084468,2.49685379,-0.578952596,0.57443864
0.1915,3.166721399,-3.156802959,-2.542623915,2.547287122,-0.619036053,0.614577269
0.19155,3.260575687,-3.250557485,-2.594580473,2.599135858,-0.660908733,0.656508107
0.1916,3.35757507,-3.347453711,-2.647847522,2.652293329,-0.70461364,0.70027429
0.19165,3.457655012,-3.447426988,-2.702320285,2.706654714,-0.750190912,0.74591609
0.1917,3.560750028,-3.550411724,-2.757895866,2.762117078,-0.797677856,0.79347095
0.19175,3.666793752,-3.656341448,-2.814473288,2.818579407,-0.847108984,0.84297352
0.1918,3.775719004,-3.765148878,-2.871953515,2.875942634,-0.898516043,0.89445569
0.19185,3.887457861,-3.876765989,-2.93023949,2.934109674,-0.951928059,0.947946627
0.1919,4.001941718,-3.991124082,-2.989236158,2.992985446,-1.007371375,1.00347282
0.19195,4.119101361,-4.108153848,-3.048850491,3.052476901,-1.064869696,1.061058121
0.192,4.238867032,-4.227785438,-3.108991509,3.112493044,-1.124444131,1.120723786
0.19205,4.361168495,-4.349948528,-3.169570305,3.172944951,-1.186113242,1.182488526
0.1921,4.485935105,-4.474572387,-3.230500056,3.233745792,-1.249893091,1.246368554
0.19215,4.613095869,-4.60158594,-3.291696046,3.29481084,-1.315797291,1.312377632
0.1922,4.742579514,-4.730917833,-3.353075672,3.35605749,-1.383837056,1.380527128
0.19225,4.874314549,-4.8624965,-3.414558461,3.417405267,-1.454021258,1.450826063
0.1923,5.00822933,-4.996250222,-3.476066074,3.478775835,-1.526356474,1.523281169
0.19235,5.054915694,-5.042854777,-3.475590842,3.478161916,-1.580090397,1.577139866
0.1924,4.991076032,-4.979041762,-3.402962818,3.405397503,-1.582279289,1.579454861
0.19245,4.929108264,-4.917100582,-3.333363898,3.33566529,-1.589994459,1.587296576
0.1925,4.872264232,-4.86028308,-3.265325903,3.267496927,-1.601203251,1.598632384
0.19255,4.819830817,-4.807876135,-3.201015538,3.203058969,-1.613093457,1.610650133
0.1926,4.771600682,-4.759672413,-3.140935208,3.142853684,-1.624955268,1.622640081
0.19265,4.72764814,-4.715746224,-3.084460881,3.086256899,-1.63748706,1.635300669
0.1927,4.629299504,-4.617423885,-3.004425667,3.006052395,-1.612600437,1.610543487
0.19275,4.4649703,-4.453120918,-2.851258193,2.852659396,-1.60811871,1.606189387
0.1928,4.308506751,-4.296683549,-2.712380558,2.713567094,-1.590523161,1.588719256
0.19285,4.158790468,-4.146993387,-2.589666507,2.590648732,-1.563574569,1.561894038
0.1929,4.017600711,-4.005829693,-2.47380624,2.474593907,-1.538294697,1.536735559
0.19295,3.885177867,-3.873432855,-2.362413663,2.363015919,-1.517310412,1.515870729
0.193,3.761016859,-3.749297795,-2.257517684,2.257943111,-1.498087968,1.496765891
0.19305,3.644863243,-3.633170071,-2.160041287,2.160297943,-1.479450145,1.47824394
0.1931,3.536709498,-3.52504216,-2.069304655,2.069400081,-1.462069433,1.460977488
0.19315,3.436524992,-3.42488343,-1.984630477,1.984571715,-1.4465927,1.44561353
0.1932,3.344207158,-3.332591316,-1.905835866,1.905629474,-1.433100439,1.432232694
0.19325,3.259644502,-3.248054323,-1.832833967,1.832486045,-1.421568167,1.420810647
0.1933,3.182739599,-3.171175026,-1.765405159,1.764921361,-1.412118221,1.411469884
0.19335,3.113396316,-3.101857293,-1.703278206,1.702663765,-1.404925831,1.404385806
0.1934,3.051512212,-3.039998682,-1.646215375,1.645475116,-1.400126405,1.399693998
0.19345,2.996980771,-2.985492677,-1.594001947,1.593140307,-1.397828247,1.397502947
0.1935,2.949693538,-2.938230825,-1.546418442,1.545439489,-1.398142468,1.397923963
0.19355,2.909539847,-2.898102458,-1.50323965,1.502147098,-1.40118369,1.401071868
0.1936,2.876406357,-2.864994237,-1.464243167,1.463040397,-1.407061033,1.407055996
0.19365,2.850177142,-2.838790235,-1.429211088,1.427901163,-1.415876529,1.415978597
0.1937,2.830733867,-2.819372116,-1.397927778,1.396513461,-1.427727513,1.427937232
0.19375,2.817955841,-2.806619191,-1.370179207,1.368662979,-1.44270735,1.443025497
0.1938,2.811720074,-2.80040847,-1.345753698,1.344137772,-1.460904741,1.461332333
0.19385,2.811901366,-2.800614753,-1.324442377,1.322728717,-1.482403362,1.482941662
0.1939,2.818372397,-2.807110719,-1.306039157,1.304229495,-1.507281971,1.507932492
0.19395,2.831003818,-2.81976702,-1.290340751,1.288436601,-1.535614487,1.536378998
0.194,2.84966435,-2.838452377,-1.277146825,1.275149498,-1.567469937,1.568350467
0.19405,2.87422089,-2.863033687,-1.266260159,1.264170781,-1.602912396,1.603911241
0.1941,2.904538622,-2.893376135,-1.257486764,1.255306293,-1.642000988,1.643120712
0.19415,2.940481131,-2.929343305,-1.250635988,1.248365221,-1.684789893,1.686033334
0.1942,2.981910519,-2.9707973,-1.24552062,1.243160218,-1.731328355,1.732698627
0.19425,3.028687531,-3.017598864,-1.241957012,1.239507507,-1.78166069,1.783161186
0.1943,3.080671675,-3.069607507,-1.239765175,1.237226987,-1.835826311,1.837460709
0.19435,3.137721359,-3.126681635,-1.238768882,1.236142333,-1.89385976,1.895632018
0.1944,3.199694011,-3.188678677,-1.238795758,1.236081084,-1.95579074,1.957705105
0.19445,3.266446221,-3.255455223,-1.239677372,1.236874736,-2.021644165,2.02370517
0.1945,3.33783387,-3.326867155,-1.241249316,1.238358824,-2.091440209,2.093652676
0.19455,3.413712268,-3.402769782,-1.243351284,1.240372993,-2.165194366,2.167563407
0.1946,3.493936291,-3.48301798,-1.245827143,1.242761077,-2.242917517,2.245448534
0.19465,3.578360515,-3.567466327,-1.248524999,1.245371158,-2.324616001,2.327314684
0.1947,3.666839356,-3.655969236,-1.251297251,1.248055624,-2.410291693,2.413164024
0.19475,3.759227202,-3.748381098,-1.254000648,1.250671222,-2.499942091,2.502994338
0.1948,3.855378555,-3.844556414,-1.256496332,1.253079106,-2.593560404,2.596799126
0.19485,3.955148158,-3.944349927,-1.258649875,1.25514487,-2.69113565,2.69456769
0.1949,4.058391136,-4.047616762,-1.260331319,1.256738583,-2.792652754,2.796285242
0.19495,4.164963118,-4.154212548,-1.261415191,1.257734815,-2.898092657,2.901933003
0.195,4.274720371,-4.263993555,-1.261780531,1.258012655,-3.007432421,3.011488319
0.19505,4.387519929,-4.376816812,-1.261310902,1.257455723,-3.120645347,3.124924768
0.1951,4.503219709,-4.492540239,-1.259894394,1.255952178,-3.237701092,3.242212283
0.19515,4.621678636,-4.611022762,-1.257423627,1.253394714,-3.358565788,3.363317268
0.1952,4.74275676,-4.732124429,-1.253795742,1.249680555,-3.483202167,3.488202725
0.19525,4.800850029,-4.79024119,-1.215613862,1.211412952,-3.572826314,3.578025542
0.1953,4.785135075,-4.774549677,-1.200480201,1.196196118,-3.578854233,3.584177522
0.19535,4.771638126,-4.761076115,-1.173807667,1.169443208,-3.591952129,3.59739986
0.1954,4.758896004,-4.748357329,-1.138727676,1.134285461,-3.614278219,3.619850823
0.19545,4.749578204,-4.739062814,-1.104738313,1.100220898,-3.638936327,3.644634335
0.1955,4.744378084,-4.733885928,-1.074285219,1.069695125,-3.664174237,3.669998286
0.19555,4.742596435,-4.732127462,-1.045189308,1.040529004,-3.691471808,3.697422632
0.1956,4.660418947,-4.65005038,-1.007088558,1.002360774,-3.654021693,3.660099707
0.19565,4.47393408,-4.463761706,-0.926086132,0.921295906,-3.541988917,3.548190362
0.1957,4.293690023,-4.283706461,-0.85569511,0.850847838,-3.432266749,3.438587016
0.19575,4.122898603,-4.113096778,-0.793488491,0.788589295,-3.323741468,3.330176136
0.1958,3.959910879,-3.950284034,-0.734793228,0.729846933,-3.219504969,3.226049784
0.19585,3.804161311,-3.794703002,-0.678246928,0.673258061,-3.120354227,3.127005098
0.1959,3.655864884,-3.646568967,-0.624745516,0.619718329,-3.025608501,3.032361505
0.19595,3.515100749,-3.505961382,-0.574740847,0.569679343,-2.934895279,2.941746663
0.196,3.381668195,-3.372679824,-0.52789298,0.522800919,-2.848353969,2.855300151
0.19605,3.255344031,-3.246501388,-0.483816534,0.478697446,-2.766146935,2.773184504
0.1961,3.13598839,-3.127286488,-0.442358842,0.437216038,-2.688287142,2.695412856
0.19615,3.02348627,-3.014920397,-0.403432022,0.398268608,-2.614747625,2.621958413
0.1962,2.917701479,-2.909267187,-0.366892512,0.361711401,-2.545535894,2.552828858
0.19625,2.818485881,-2.810178988,-0.332568504,0.327372429,-2.480675763,2.488048173
0.1963,2.725695831,-2.717512407,-0.300302161,0.295093687,-2.420181545,2.427630846
0.19635,2.639192276,-2.631128644,-0.269948973,0.264730506,-2.364058818,2.371582623
0.1964,2.5588356,-2.550888325,-0.241364772,0.236138573,-2.312312241,2.319908338
0.19645,2.484484738,-2.476650626,-0.214403831,0.209172029,-2.264946579,2.272612924
0.1965,2.415998705,-2.408274791,-0.188922603,0.183687202,-2.221964486,2.229699206
0.19655,2.353237129,-2.345620677,-0.164780916,0.159543809,-2.183365844,2.191167237
0.1966,2.296059888,-2.288548382,-0.141841072,0.136604051,-2.149148306,2.157014841
0.19665,2.244326928,-2.236918066,-0.119967413,0.11473218,-2.119307544,2.127237859
0.1967,2.197898394,-2.190590084,-0.099026595,0.093794772,-2.093837105,2.101830006
0.19675,2.156634747,-2.149425101,-0.07888782,0.073660958,-2.072728304,2.080782766
0.1968,2.120396791,-2.113284117,-0.05942283,0.054202423,-2.055970244,2.064085411
0.19685,2.08904568,-2.082028479,-0.040505897,0.035293386,-2.043549848,2.051725027
0.1969,2.062442972,-2.055519932,-0.022013875,0.016810662,-2.03545185,2.043686518
0.19695,2.040450684,-2.033620673,-0.003821096,-0.00134402,-2.031658791,2.039952588
0.197,2.022931568,-2.016193628,0.014170835,-0.019356954,-2.032150712,2.040503441
0.19705,2.009748414,-2.003101757,0.032100494,-0.037273246,-2.036906135,2.045317764
0.1971,2.000764249,-1.994208252,0.050071769,-0.055229823,-2.045901719,2.054372374
0.19715,1.995844574,-1.98937877,0.068192546,-0.073334566,-2.059110242,2.067640213
0.1972,1.994854159,-1.988478235,0.086570098,-0.091694736,-2.076503747,2.08509348
0.19725,1.997658528,-1.99137232,0.105308847,-0.110414734,-2.098052164,2.106702264
0.1973,2.004124387,-1.997927869,0.124509639,-0.12959538,-2.123723024,2.132434251
0.19735,2.014119353,-2.00801264,0.144270351,-0.149334513,-2.153481795,2.162255062
0.1974,2.027511871,-2.021495207,0.16468612,-0.169727229,-2.187292026,2.196128401
0.19745,2.044171358,-2.038245113,0.18584916,-0.190865693,-2.225115311,2.234016012
0.1975,2.063968305,-2.05813297,0.207848652,-0.212839027,-2.266911282,2.275877674
0.19755,2.08677432,-2.081030502,0.23077077,-0.235733344,-2.312637669,2.321671266
0.1976,2.112462157,-2.106810574,0.254698698,-0.259631757,-2.362250363,2.371352823
0.19765,2.140905784,-2.13534726,0.279712612,-0.284614368,-2.415703449,2.424876575
0.1977,2.171980441,-2.166515898,0.305889665,-0.310758248,-2.47294926,2.482194992
0.19775,2.205562692,-2.20019315,0.333303982,-0.338137436,-2.53393842,2.543258841
0.1978,2.241530479,-2.236257047,0.362026667,-0.366822943,-2.598619904,2.608017232
0.19785,2.279763173,-2.274587047,0.392125798,-0.396882751,-2.666941091,2.676417677
0.1979,2.320141625,-2.315064083,0.42366644,-0.428381821,-2.73884782,2.748406148
0.19795,2.36254822,-2.357570614,0.456710644,-0.4613821,-2.814284447,2.823927132
0.198,2.406866921,-2.401990678,0.491317468,-0.495942532,-2.893193908,2.902923691
0.19805,2.452983318,-2.44820993,0.527542983,-0.532119076,-2.97551778,2.985337526
0.1981,2.500784674,-2.496115696,0.565440294,-0.569964715,-3.061196341,3.071109038
0.19815,2.550159968,-2.545597015,0.605059558,-0.609529486,-3.150168636,3.160177392
0.1982,2.600999937,-2.596544679,0.646448008,-0.650860495,-3.24237254,3.252480579
0.19825,2.653197119,-2.648851272,0.689649977,-0.694001944,-3.337744825,3.347955488
0.1983,2.706645886,-2.702411216,0.734706926,-0.738995164,-3.436221228,3.446537964
0.19835,2.761242485,-2.757120797,0.781657473,-0.785878638,-3.537736512,3.548162881
0.1984,2.81688507,-2.812878209,0.830537429,-0.834688039,-3.642224538,3.652764208
0.19845,2.873473735,-2.869583578,0.881379831,-0.885456263,-3.749618333,3.760275073
0.1985,2.930910543,-2.927138998,0.934214978,-0.938213469,-3.859850154,3.870627834
0.19855,2.989099554,-2.985448555,0.989070475,-0.992987116,-3.972851556,3.983754146
0.1986,3.047946852,-3.044418356,1.045971271,-1.049802009,-4.088553462,4.099585026
0.19865,3.107360565,-3.103956547,1.104939703,-1.108680338,-4.20688623,4.218050924
0.1987,3.167250889,-3.16397334,1.165995544,-1.169641728,-4.327779717,4.339081785
0.19875,3.227530104,-3.224381029,1.22915605,-1.232703285,-4.451163346,4.462607122
0.1988,3.288112593,-3.285094003,1.294436007,-1.297879646,-4.576966174,4.588556074
0.19885,3.348914854,-3.346028766,1.361847785,-1.365183027,-4.705116956,4.716857477
0.1989,3.409855511,-3.407103947,1.431401386,-1.434623283,-4.835544206,4.847439922
0.19895,3.470855327,-3.468240307,1.503104504,-1.506207953,-4.968176265,4.980231826
0.199,3.531837208,-3.529360746,1.576962572,-1.57994232,-5.102941359,5.115161488
0.19905,3.531114889,-3.528778612,1.631683706,-1.634534773,-5.150297862,5.162601569
0.1991,3.458365861,-3.456167467,1.634604785,-1.637325807,-5.08710536,5.099381883
0.19915,3.388691039,-3.386627433,1.642961758,-1.645552265,-5.025735859,5.03798526
0.1992,3.320598293,-3.318666549,1.654756154,-1.657215647,-4.969451576,4.981673913
0.19925,3.256179307,-3.254376647,1.667285635,-1.669613557,-4.917574334,4.929769668
0.1993,3.195937915,-3.194261699,1.679841422,-1.682037146,-4.869899324,4.882067714
0.19935,3.11214626,-3.110644946,1.654763893,-1.656826805,-4.767670901,4.779812406
0.1994,2.955101126,-2.953832984,1.650114773,-1.652046695,-4.599423215,4.611537895
0.19945,2.812119278,-2.811073138,1.632662689,-1.63446584,-4.439116631,4.451204546
0.1995,2.685298175,-2.68446338,1.60589614,-1.60757258,-4.285584537,4.297645745
0.19955,2.56559502,-2.56496152,1.580547619,-1.582099348,-4.140584473,4.152619034
0.1996,2.450530702,-2.450089062,1.559363764,-1.560792742,-4.004384148,4.016392121
0.19965,2.342004007,-2.341745362,1.539955669,-1.541263773,-3.876493684,3.888475128
0.1997,2.240956864,-2.240872885,1.521119034,-1.522308029,-3.756650919,3.768605892
0.19975,2.14676468,-2.146847559,1.503464211,-1.504535744,-3.644841817,3.656770377
0.1998,2.058751305,-2.058993743,1.487638714,-1.488594311,-3.541037933,3.55294014
0.19985,1.976711845,-1.977107032,1.473747905,-1.474588959,-3.445139914,3.457015826
0.1999,1.900554082,-1.901095676,1.461772842,-1.462500599,-3.357036762,3.368886437
0.19995,1.83006446,-1.830746569,1.451829295,-1.452444847,-3.276630838,3.288454333
0.2,1.764973614,-1.765790778,1.444090916,-1.444595191,-3.203826563,3.215623936
0.20005,1.705040877,-1.70598805,1.438696682,-1.439090431,-3.138522365,3.150293675
0.2001,1.650049311,-1.65112184,1.435757605,-1.4360414,-3.080612426,3.09235773
0.20015,1.599778992,-1.600972603,1.435385664,-1.435559883,-3.029988893,3.041708248
0.2002,1.554004266,-1.555315045,1.437696412,-1.437761232,-2.986541746,2.99823521
0.20025,1.512501662,-1.513926034,1.442800589,-1.442755982,-2.950158318,2.961825948
0.2003,1.475052091,-1.476586808,1.450801967,-1.450647687,-2.920723351,2.932365203
0.20035,1.441438914,-1.443081033,1.461799463,-1.461535041,-2.898119159,2.909735292
0.2004,1.411447132,-1.413194001,1.475888001,-1.47551274,-2.882225702,2.893816172
0.20045,1.384864022,-1.38671326,1.493157941,-1.492670905,-2.872920632,2.884485495
0.2005,1.361479614,-1.363429099,1.51369467,-1.513094682,-2.870079376,2.881618689
0.20055,1.341086724,-1.343134572,1.537578671,-1.536864307,-2.873575227,2.885089047
0.2006,1.323480951,-1.325625502,1.564885608,-1.564055188,-2.883279434,2.894767816
0.20065,1.308460823,-1.310700626,1.595686277,-1.594737864,-2.899061294,2.910524296
0.2007,1.295827957,-1.298161752,1.63004655,-1.628977944,-2.920788264,2.93222594
0.20075,1.285387179,-1.287813884,1.668027366,-1.666836097,-2.948326059,2.959738467
0.2008,1.276946628,-1.279465321,1.709684732,-1.708368062,-2.981538774,2.992925968
0.20085,1.270317866,-1.272927774,1.755069733,-1.753624648,-3.020288993,3.031651029
0.2009,1.265315994,-1.268016476,1.80422854,-1.802651747,-3.064437912,3.075774846
0.20095,1.261759754,-1.264550286,1.857202424,-1.855490351,-3.113845463,3.125157351
0.201,1.259471625,-1.262351789,1.91402779,-1.91217658,-3.168370443,3.17965734
0.20105,1.258277923,-1.261247392,1.974736206,-1.972741721,-3.22787064,3.239132601
0.2011,1.258008887,-1.26106741,2.039354451,-2.037212262,-3.292202966,3.303440045
0.20115,1.258498763,-1.261646156,2.107904559,-2.105609952,-3.361223588,3.372435842
0.2012,1.259585884,-1.262822012,2.180403876,-2.177951849,-3.43478807,3.445975552
0.20125,1.261112737,-1.264437508,2.256865128,-2.254250389,-3.512751498,3.523914264
0.2013,1.262926037,-1.266339385,2.337296483,-2.334513451,-3.594968626,3.606106729
0.20135,1.264876777,-1.268378654,2.421701635,-2.418744439,-3.681294005,3.6924075
0.2014,1.266820292,-1.270410654,2.510079879,-2.506942361,-3.771582122,3.782671064
0.20145,1.268616297,-1.272295096,2.602426204,-2.599101919,-3.865687536,3.876751979
0.2015,1.270128932,-1.273896102,2.698731386,-2.6952136,-3.963465011,3.974505009
0.20155,1.271226795,-1.275082246,2.798982081,-2.795263778,-4.064769647,4.075785253
0.2016,1.271782971,-1.275726575,2.903160936,-2.899234815,-4.169457014,4.180448283
0.20165,1.271675047,-1.275706633,3.011246692,-3.007105172,-4.277383279,4.288350264
0.2017,1.270785135,-1.274904475,3.123214296,-3.118849517,-4.388405335,4.399348089
0.20175,1.268999874,-1.273206679,3.23903502,-3.234438845,-4.50238092,4.513299497
0.2018,1.26621043,-1.270504339,3.358676575,-3.353840596,-4.619168743,4.630063197
0.20185,1.262312498,-1.266693072,3.482103237,-3.477018774,-4.738628599,4.749498982
0.2019,1.223761707,-1.228228381,3.570756851,-3.565474302,-4.795293713,4.806140078
0.20195,1.208174146,-1.212724343,3.575928716,-3.570522587,-4.778252034,4.789074436
0.202,1.181119668,-1.185750563,3.588169913,-3.582639858,-4.763496444,4.774294934
0.20205,1.145699644,-1.150408592,3.609656643,-3.604002265,-4.749551834,4.760326465
0.2021,1.111362413,-1.116146838,3.633505724,-3.627726528,-4.739050911,4.749801736
0.20215,1.080578416,-1.085435776,3.657941385,-3.652036768,-4.73268821,4.743415281
0.2022,1.05119917,-1.056126979,3.684427046,-3.678396308,-4.729778639,4.740482009
0.20225,1.012578138,-1.017573648,3.646273538,-3.640116298,-4.646418861,4.657021358
0.2023,0.930954787,-0.936012915,3.533578053,-3.527298098,-4.458786189,4.469192133
0.20235,0.859922593,-0.865037896,3.423208126,-3.416810092,-4.277380826,4.287597652
0.2024,0.797074968,-0.80224228,3.314037043,-3.307525379,-4.105422414,4.115457247
0.20245,0.737800569,-0.743015022,3.209125937,-3.202504924,-3.941293401,3.95115305
0.2025,0.680736731,-0.685993762,3.109275339,-3.102549096,-3.784431984,3.794122944
0.20255,0.62675627,-0.632051589,3.013817697,-3.006990177,-3.635043636,3.644572097
0.2026,0.576307049,-0.581636623,2.922381972,-2.915456957,-3.493205374,3.502577227
0.20265,0.529056092,-0.534416129,2.835103858,-2.828084958,-3.358720096,3.367940942
0.2027,0.484619876,-0.490006822,2.752145489,-2.745036147,-3.231366592,3.240441742
0.20275,0.44284289,-0.448253409,2.673522051,-2.666325537,-3.111004701,3.119939187
0.2028,0.403635409,-0.409066375,2.599208001,-2.591927417,-2.997519312,3.00631789
0.20285,0.366853812,-0.372302292,2.529211303,-2.521849578,-2.890774914,2.899442071
0.2029,0.33232617,-0.337789417,2.463556341,-2.456116234,-2.7906241,2.799164062
0.20295,0.299893909,-0.305369346,2.40225836,-2.394742459,-2.69692367,2.705340404
0.203,0.269411697,-0.274896907,2.345323892,-2.337734614,-2.609534944,2.617832166
0.20305,0.240734727,-0.246227442,2.292758449,-2.285098038,-2.528318738,2.536499919
0.2031,0.213716684,-0.219214771,2.244567627,-2.236838158,-2.453134434,2.461202806
0.20315,0.188213365,-0.193714817,2.200754953,-2.192958329,-2.383841451,2.391800012
0.2032,0.164083916,-0.16958684,2.161321194,-2.153459149,-2.32029979,2.32815131
0.20325,0.141189964,-0.146692571,2.126264883,-2.118338981,-2.262369686,2.270116713
0.2033,0.119395175,-0.124895768,2.095582571,-2.087594205,-2.209911427,2.217556293
0.20335,0.098565525,-0.10406249,2.069268683,-2.061219078,-2.162785474,2.170330302
0.2034,0.078569522,-0.084061317,2.047315414,-2.039205626,-2.120852586,2.128299292
0.20345,0.05927821,-0.064763354,2.029712747,-2.021543665,-2.083973836,2.09132414
0.2035,0.040565158,-0.046042224,2.016448479,-2.008220824,-2.05201063,2.059266055
0.20355,0.022306513,-0.027774114,2.007508215,-1.999222544,-2.02482475,2.031986636
0.2036,0.004381058,-0.009837842,2.002875365,-1.994532068,-2.002278416,2.009347917
0.20365,-0.013343666,0.007878085,2.002534959,-1.994134263,-1.984230419,1.991208516
0.2037,-0.030952669,0.025500594,2.006454749,-1.997996718,-1.970555373,1.977442876
0.20375,-0.048576806,0.043139544,2.01462169,-2.006106227,-1.961107007,1.96790456
0.2038,-0.06632836,0.060907221,2.027009281,-2.018436126,-1.955750869,1.962458956
0.20385,-0.084311617,0.07890792,2.043588576,-2.034957313,-1.9543537,1.960972652
0.2039,-0.102630512,0.097245597,2.064329756,-2.055639809,-1.956781728,1.963311727
0.20395,-0.121387648,0.116022879,2.089201641,-2.08045228,-1.962901154,1.96934224
0.204,-0.140682087,0.135338863,2.118170694,-2.109361033,-1.972579352,1.978931425
0.20405,-0.160609437,0.155289198,2.151201118,-2.142330119,-1.985684886,1.991947715
0.2041,-0.18126249,0.175966725,2.188255195,-2.179321668,-2.00208721,2.008260438
0.20415,-0.202731232,0.197461483,2.229293336,-2.220295941,-2.021656708,2.027739853
0.2042,-0.225102622,0.219860496,2.274274022,-2.265211275,-2.044264857,2.050257322
0.20425,-0.248460563,0.243247731,2.32315385,-2.314024117,-2.069784298,2.075685374
0.2043,-0.272885943,0.267704154,2.375887593,-2.366689099,-2.098088861,2.103897734
0.20435,-0.298456644,0.293307724,2.432428259,-2.423159088,-2.129053614,2.134769365
0.2044,-0.325247518,0.320133381,2.492727133,-2.483385228,-2.162554923,2.168176539
0.20445,-0.353330384,0.348253035,2.556733825,-2.547316993,-2.198470513,2.203996887
0.2045,-0.382774032,0.37773557,2.624396331,-2.614902243,-2.236679515,2.242109457
0.20455,-0.413644229,0.408646856,2.695661082,-2.686087279,-2.277062521,2.282394755
0.2046,-0.446003727,0.441049751,2.770473012,-2.760816901,-2.319501631,2.324734803
0.20465,-0.479912273,0.47500411,2.848775607,-2.839034469,-2.363880503,2.369013189
0.2047,-0.51542662,0.510566803,2.930510972,-2.920681964,-2.410084404,2.41511511
0.20475,-0.552600545,0.547791724,3.015619894,-3.005700048,-2.458000251,2.462927421
0.2048,-0.591484871,0.586729818,3.1040419,-3.094028129,-2.507516663,2.512338678
0.20485,-0.632127482,0.627429095,3.195715328,-3.185604426,-2.558523994,2.563239183
0.2049,-0.674573355,0.669934661,3.290577387,-3.280366034,-2.610914383,2.615521022
0.20495,-0.718864582,0.714288739,3.388564226,-3.378248989,-2.664581787,2.669078107
0.205,-0.765040401,0.760530702,3.489611,-3.479188337,-2.719422023,2.72380621
0.20505,-0.813137231,0.808697106,3.593651937,-3.583118197,-2.775332797,2.779603001
0.2051,-0.863188701,0.858821721,3.700620405,-3.689971835,-2.832213741,2.836368076
0.20515,-0.915225694,0.91093557,3.810448979,-3.799681724,-2.889966445,2.894002994
0.2052,-0.96927638,0.965066968,3.923069512,-3.912179617,-2.94849448,2.9524113
0.20525,-1.025366263,1.021241563,4.038413199,-4.027396614,-3.007703431,3.011498555
0.2053,-1.083518219,1.079482379,4.156410643,-4.145263226,-3.067500915,3.071172355
0.20535,-1.143752545,1.139809861,4.276991929,-4.265709444,-3.127796607,3.13134236
0.2054,-1.206087004,1.202241922,4.40008668,-4.388664809,-3.188502256,3.191920306
0.20545,-1.270536878,1.266793992,4.525624133,-4.51405847,-3.249531705,3.252820027
0.2055,-1.337115012,1.33347907,4.653533199,-4.641819256,-3.310800905,3.313957467
0.20555,-1.405831872,1.402307773,4.783742527,-4.771875739,-3.372227927,3.375250694
0.2056,-1.476695597,1.47328839,4.91618057,-4.904156296,-3.433732971,3.436619908
0.20565,-1.549712049,1.546426937,5.050775644,-5.03858917,-3.495238377,3.497987451
0.2057,-1.603864098,1.600706012,5.098011069,-5.085742327,-3.494893132,3.497502704
0.20575,-1.606346095,1.603316379,5.034652013,-5.022410378,-3.422452116,3.424924478
0.2058,-1.614313022,1.611412131,4.973138872,-4.960924283,-3.353055568,3.35539381
0.20585,-1.625747683,1.622976102,4.916728349,-4.904540746,-3.285224712,3.287431752
0.2059,-1.637890032,1.635248301,4.864724323,-4.852563647,-3.221091087,3.223169695
0.20595,-1.65003143,1.64752016,4.816920899,-4.80478709,-3.161157367,3.163110177
0.206,-1.662851422,1.660471287,4.773387056,-4.761280056,-3.104813021,3.106642526
0.20605,-1.638214492,1.635966155,4.675620022,-4.66353977,-3.025109357,3.026768385
0.2061,-1.633937553,1.631819211,4.51195431,-4.499900747,-2.872400457,2.873832304
0.20615,-1.616646965,1.614656426,4.356187439,-4.344160507,-2.733914414,2.735129909
0.2062,-1.590051636,1.588186871,4.207186757,-4.195186397,-2.611562584,2.612572054
0.20625,-1.565091731,1.563350777,4.066694698,-4.054720851,-2.496079933,2.496893107
0.2063,-1.544432305,1.542813246,3.934951998,-3.923004604,-2.385042525,2.385668525
0.20635,-1.525586089,1.524087098,3.811465178,-3.79954418,-2.280444389,2.280891781
0.2064,-1.507363721,1.505983088,3.69598,-3.684085339,-2.183220854,2.183497676
0.20645,-1.490413515,1.489149656,3.588484083,-3.5766157,-2.092711417,2.092825195
0.2065,-1.475381765,1.47423322,3.488945107,-3.477102946,-2.008237652,2.008195416
0.20655,-1.462357517,1.461322967,3.397260915,-3.385444917,-1.929608524,1.929416824
0.2066,-1.451316959,1.450395234,3.313319707,-3.301529814,-1.8567362,1.856401127
0.20665,-1.442378131,1.441568223,3.237023013,-3.225259167,-1.789404311,1.788931515
0.2067,-1.435714088,1.435015158,3.168273794,-3.156535937,-1.727342887,1.726737599
0.20675,-1.431460251,1.43087164,3.10696896,-3.095257035,-1.670313529,1.669580575
0.2068,-1.429724502,1.429245736,3.053001364,-3.041315314,-1.61810131,1.617245129
0.20685,-1.43061666,1.430247463,3.006261877,-2.994601646,-1.570487368,1.569512033
0.2069,-1.434250059,1.433990359,2.966639176,-2.955004705,-1.527247114,1.526156348
0.20695,-1.440732835,1.440582773,2.934019297,-2.92241053,-1.488158513,1.486955705
0.207,-1.450166066,1.450126001,2.908285727,-2.896702607,-1.45300402,1.451692247
0.20705,-1.462646027,1.462716547,2.889319565,-2.877762035,-1.421568494,1.420150532
0.2071,-1.478264995,1.478446919,2.876999582,-2.865467586,-1.393638454,1.3921168
0.20715,-1.497110616,1.497405003,2.87120228,-2.859695761,-1.369002767,1.367379655
0.2072,-1.519265521,1.519673677,2.871801979,-2.860320881,-1.347453124,1.345730538
0.20725,-1.544807419,1.5453309,2.878670911,-2.867215178,-1.328784037,1.326963731
0.2073,-1.573809182,1.574449801,2.89167931,-2.880248886,-1.31279285,1.310876364
0.20735,-1.606338794,1.607098625,2.910695515,-2.899290343,-1.299279883,1.297268555
0.2074,-1.642459302,1.643340684,2.935586069,-2.924206095,-1.288048595,1.285943581
0.20745,-1.68222881,1.683234352,2.966215839,-2.954861006,-1.278905698,1.276707984
0.2075,-1.725700488,1.726833073,3.002448123,-2.991118377,-1.271661261,1.269371679
0.20755,-1.772922583,1.774185369,3.044144775,-3.032840059,-1.266128818,1.263748063
0.2076,-1.823938432,1.825334859,3.091166319,-3.079886578,-1.262125484,1.259654122
0.20765,-1.878786485,1.880320272,3.143372083,-3.132117263,-1.259472049,1.256910539
0.2077,-1.937500336,1.939175486,3.200620322,-3.189390367,-1.257993082,1.255341785
0.20775,-2.000108761,2.001929566,3.262768352,-3.251563208,-1.257517021,1.254776213
0.2078,-2.066635768,2.068606804,3.32967268,-3.31849229,-1.257876256,1.255046142
0.20785,-2.137100647,2.13922678,3.401189137,-3.390033449,-1.258907214,1.255987944
0.2079,-2.211518032,2.213804417,3.47717302,-3.466041979,-1.260450437,1.257442113
0.20795,-2.289897966,2.292350046,3.55747922,-3.546372771,-1.262350644,1.259253335
0.208,-2.372245977,2.374869484,3.641962363,-3.630880451,-1.2644568,1.261270552
0.20805,-2.458563156,2.461364112,3.730476944,-3.719419515,-1.26662217,1.263347021
0.2081,-2.548846242,2.551830956,3.822877463,-3.811844464,-1.268704371,1.265340358
0.20815,-2.643087714,2.646262784,3.919018563,-3.90800994,-1.270565416,1.267112588
0.2082,-2.741275889,2.744648197,4.018755157,-4.007770856,-1.272071749,1.268530177
0.20825,-2.843395021,2.846971733,4.121942567,-4.110982534,-1.273094281,1.269464065
0.2083,-2.949425407,2.953213972,4.228436648,-4.21750083,-1.273508407,1.269789691
0.20835,-3.059343499,3.063351645,4.33809392,-4.327182263,-1.273194032,1.269387008
0.2084,-3.173122016,3.17735775,4.450771692,-4.439884143,-1.272035575,1.268140494
0.20845,-3.290730066,3.295201667,4.566328183,-4.555464689,-1.269921978,1.265939161
0.2085,-3.41213326,3.416849281,4.684622642,-4.673783151,-1.266746706,1.262676547
0.20855,-3.537293843,3.542263104,4.805515467,-4.794699926,-1.262407734,1.258250712
0.2086,-3.627185526,3.632356751,4.863322049,-4.852530404,-1.223670454,1.219427173
0.20865,-3.633413245,3.63871066,4.84723934,-4.836471539,-1.207968624,1.203641672
0.2087,-3.646570689,3.651994671,4.833400285,-4.822656274,-1.180893807,1.176486015
0.20875,-3.668884532,3.674435512,4.820320858,-4.809600586,-1.145488112,1.141002135
0.2088,-3.693607108,3.699285613,4.81062995,-4.799933364,-1.111060509,1.106498937
0.20885,-3.718953404,3.724760071,4.805038456,-4.794365504,-1.080106976,1.075472363
0.2089,-3.678872995,3.684808145,4.719220383,-4.708649273,-1.040997371,1.03629255
0.20895,-3.564455961,3.570515755,4.528934892,-4.518562583,-0.958580566,0.953810725
0.209,-3.45270384,3.458883586,4.344753626,-4.334572581,-0.886284163,0.881454848
0.20905,-3.342206874,3.34850207,4.170025674,-4.160028665,-0.822114463,0.817230939
0.2091,-3.235870978,3.242277289,4.003224971,-3.993405089,-0.761707283,0.75677451
0.20915,-3.134549564,3.141062815,3.843769229,-3.834119882,-0.703627049,0.698649683
0.2092,-3.037637536,3.044253721,3.691828055,-3.682342957,-0.648648668,0.643631086
0.20925,-2.94476152,2.951476803,3.547476793,-3.538149958,-0.597221055,0.592167372
0.2093,-2.85603728,2.862847994,3.410529586,-3.401355322,-0.549042774,0.543956859
0.20935,-2.77162394,2.778526589,3.280767818,-3.271740723,-0.503736264,0.498621747
0.2094,-2.691542799,2.698534056,3.158047813,-3.149162768,-0.461136719,0.455997006
0.20945,-2.61577089,2.622847599,3.042252604,-3.033504765,-0.421150298,0.415988582
0.2095,-2.544315215,2.551474391,2.933247179,-2.924631975,-0.383635137,0.378454411
0.20955,-2.477199681,2.48443851,2.830884518,-2.82239764,-0.348420448,0.343223519
0.2096,-2.414440263,2.421756102,2.735021011,-2.726658413,-0.31534678,0.31013628
0.20965,-2.356044286,2.363434664,2.645517478,-2.637275363,-0.284267747,0.279046143
0.2097,-2.302017701,2.309480316,2.562234474,-2.554109295,-0.255038071,0.24980768
0.20975,-2.252366482,2.259899205,2.485031195,-2.477019645,-0.227511078,0.222274076
0.2098,-2.207094643,2.214695516,2.413766798,-2.405865805,-0.201542005,0.196300439
0.20985,-2.166203486,2.17387072,2.348300985,-2.340507708,-0.176989344,0.171745143
0.2099,-2.129692057,2.137424034,2.288493712,-2.280805533,-0.153714084,0.148469071
0.20995,-2.097557408,2.105352679,2.23420499,-2.226619509,-0.131579255,0.126335156
0.21,-2.069794482,2.077651768,2.185294998,-2.177810027,-0.110450159,0.105208616
0.21005,-2.046395998,2.054314189,2.141624199,-2.134237756,-0.090194595,0.084957173
0.2101,-2.027352464,2.035330617,2.103053364,-2.095763669,-0.070682877,0.065451076
0.21015,-2.012652203,2.020689542,2.069443591,-2.062249058,-0.051787818,0.046563085
0.2102,-2.002281349,2.010377264,2.040656347,-2.033555579,-0.033384789,0.028168523
0.21025,-1.996223837,2.004377885,2.016553523,-2.009545308,-0.015351772,0.010145336
0.2103,-1.994464211,2.002676111,1.996994655,-1.990077958,0.002426162,-0.007623934
0.21035,-1.996973428,2.005243065,1.981851178,-1.975025135,0.020077385,-0.025262674
0.2104,-2.003737895,2.012065315,1.970977565,-1.964241481,0.03770634,-0.042877827
0.21045,-2.014729082,2.023114491,1.964241716,-1.957595056,0.055425213,-0.060581588
0.2105,-2.029920767,2.038364531,1.961507668,-1.954950054,0.073343815,-0.078483761
0.21055,-2.049283973,2.057786615,1.962640849,-1.956172052,0.091567752,-0.096689935
0.2106,-2.072787392,2.081349593,1.967507748,-1.961127684,0.110199245,-0.115302308
0.21065,-2.100397827,2.109020424,1.975975508,-1.969684232,0.129337979,-0.134420533
0.2107,-2.132080135,2.140764117,1.987912067,-1.98170977,0.149080899,-0.154141516
0.21075,-2.167797132,2.176543639,2.003186366,-1.997073367,0.169521916,-0.174559122
0.2108,-2.207509642,2.216319966,2.02166839,-2.015645131,0.190751909,-0.195764178
0.21085,-2.251176582,2.26005216,2.043229178,-2.03729622,0.212858799,-0.217844545
0.2109,-2.298754996,2.307697415,2.067740878,-2.061898895,0.235927534,-0.240885103
0.21095,-2.350200094,2.359211082,2.095076822,-2.089326596,0.260040045,-0.264967713
0.211,-2.405465295,2.414546724,2.125111575,-2.119453992,0.285275244,-0.290171208
0.21105,-2.464502281,2.473656162,2.157720992,-2.152157036,0.31170902,-0.316571393
0.2111,-2.52726105,2.536489531,2.192782272,-2.187313019,0.339414242,-0.344241048
0.21115,-2.593689966,2.602995334,2.230174004,-2.224800621,0.368460754,-0.373249921
0.2112,-2.663735819,2.673120491,2.269776229,-2.264499966,0.398915378,-0.403664737
0.21125,-2.737343879,2.746810403,2.311470487,-2.306292671,0.430841924,-0.4355492
0.2113,-2.814457955,2.82400901,2.355139862,-2.350061897,0.464301198,-0.468964007
0.21135,-2.895020458,2.904658847,2.40066904,-2.395692397,0.499351012,-0.503966857
0.2114,-2.978972461,2.988701113,2.447944344,-2.443070562,0.536046201,-0.540612468
0.21145,-3.066253765,3.076075728,2.49685379,-2.492084467,0.57443864,-0.578952596
0.2115,-3.156802958,3.166721399,2.547287122,-2.542623914,0.614577268,-0.619036052
0.21155,-3.250557485,3.260575686,2.599135858,-2.594580473,0.656508107,-0.660908733
0.2116,-3.34745371,3.357575069,2.652293328,-2.647847521,0.70027429,-0.70461364
0.21165,-3.447426987,3.457655011,2.706654713,-2.702320284,0.745916089,-0.750190911
0.2117,-3.550411723,3.560750027,2.762117078,-2.757895866,0.79347095,-0.797677856
0.21175,-3.656341447,3.666793751,2.818579407,-2.814473287,0.84297352,-0.847108984
0.2118,-3.765148877,3.775719004,2.875942634,-2.871953514,0.894455689,-0.898516043
0.21185,-3.876765988,3.88745786,2.934109673,-2.93023949,0.947946627,-0.951928058
0.2119,-3.991124081,4.001941717,2.992985446,-2.989236158,1.00347282,-1.007371374
0.21195,-4.108153847,4.11910136,3.052476901,-3.04885049,1.061058121,-1.064869695
0.212,-4.227785437,4.238867031,3.112493044,-3.108991509,1.120723786,-1.12444413
0.21205,-4.349948528,4.361168495,3.172944951,-3.169570304,1.182488526,-1.186113241
0.2121,-4.474572386,4.485935105,3.233745791,-3.230500056,1.246368553,-1.24989309
0.21215,-4.601585939,4.613095868,3.294810839,-3.291696045,1.312377632,-1.31579729
0.2122,-4.730917832,4.742579513,3.356057489,-3.353075672,1.380527128,-1.383837056
0.21225,-4.862496499,4.874314548,3.417405267,-3.41455846,1.450826063,-1.454021258
0.2123,-4.996250221,5.008229329,3.478775834,-3.476066073,1.523281168,-1.526356474
0.21235,-5.042854776,5.054915693,3.478161915,-3.475590841,1.577139866,-1.580090396
0.2124,-4.979041761,4.991076031,3.405397503,-3.402962818,1.57945486,-1.582279288
0.21245,-4.917100581,4.929108263,3.33566529,-3.333363897,1.587296575,-1.589994458
0.2125,-4.860283079,4.872264231,3.267496927,-3.265325903,1.598632383,-1.60120325
0.21255,-4.807876134,4.819830816,3.203058969,-3.201015537,1.610650132,-1.613093457
0.2126,-4.759672412,4.771600682,3.142853683,-3.140935208,1.62264008,-1.624955268
0.21265,-4.715746223,4.727648139,3.086256898,-3.084460881,1.635300669,-1.63748706
0.2127,-4.617423884,4.629299503,3.006052394,-3.004425667,1.610543487,-1.612600436
0.21275,-4.453120917,4.464970299,2.852659396,-2.851258193,1.606189387,-1.608118709
0.2128,-4.296683548,4.308506751,2.713567094,-2.712380558,1.588719255,-1.590523161
0.21285,-4.146993386,4.158790467,2.590648732,-2.589666507,1.561894038,-1.563574569
0.2129,-4.005829692,4.01760071,2.474593907,-2.473806239,1.536735559,-1.538294697
0.21295,-3.873432854,3.885177866,2.363015918,-2.362413663,1.515870728,-1.517310411
0.213,-3.749297795,3.761016858,2.257943111,-2.257517683,1.49676589,-1.498087968
0.21305,-3.63317007,3.644863242,2.160297942,-2.160041286,1.478243939,-1.479450144
0.2131,-3.525042159,3.536709497,2.069400081,-2.069304655,1.460977488,-1.462069433
0.21315,-3.424883429,3.436524991,1.984571714,-1.984630476,1.44561353,-1.4465927
0.2132,-3.332591315,3.344207157,1.905629474,-1.905835866,1.432232693,-1.433100439
0.21325,-3.248054323,3.259644502,1.832486044,-1.832833967,1.420810646,-1.421568167
0.2133,-3.171175025,3.182739598,1.764921361,-1.765405158,1.411469884,-1.41211822
0.21335,-3.101857292,3.113396315,1.702663765,-1.703278206,1.404385806,-1.40492583
0.2134,-3.039998681,3.051512211,1.645475116,-1.646215375,1.399693997,-1.400126405
0.21345,-2.985492676,2.99698077,1.593140307,-1.594001947,1.397502946,-1.397828246
0.2135,-2.938230824,2.949693537,1.545439488,-1.546418442,1.397923962,-1.398142468
0.21355,-2.898102458,2.909539847,1.502147098,-1.50323965,1.401071868,-1.401183689
0.2136,-2.864994236,2.876406356,1.463040397,-1.464243167,1.407055996,-1.407061032
0.21365,-2.838790234,2.850177142,1.427901163,-1.429211088,1.415978597,-1.415876528
0.2137,-2.819372116,2.830733867,1.396513461,-1.397927777,1.427937231,-1.427727513
0.21375,-2.80661919,2.81795584,1.368662978,-1.370179207,1.443025496,-1.442707349
0.2138,-2.800408469,2.811720073,1.344137771,-1.345753697,1.461332333,-1.46090474
0.21385,-2.800614752,2.811901365,1.322728717,-1.324442376,1.482941662,-1.482403361
0.2139,-2.807110718,2.818372396,1.304229495,-1.306039157,1.507932492,-1.50728197
0.21395,-2.819767019,2.831003817,1.2884366,-1.290340751,1.536378998,-1.535614487
0.214,-2.838452376,2.849664349,1.275149497,-1.277146824,1.568350467,-1.567469936
0.21405,-2.863033687,2.874220889,1.264170781,-1.266260158,1.60391124,-1.602912395
0.2141,-2.893376135,2.904538621,1.255306292,-1.257486764,1.643120712,-1.642000987
0.21415,-2.929343305,2.94048113,1.248365221,-1.250635987,1.686033334,-1.684789893
0.2142,-2.9707973,2.981910518,1.243160218,-1.24552062,1.732698626,-1.731328354
0.21425,-3.017598863,3.02868753,1.239507507,-1.241957011,1.783161186,-1.781660689
0.2143,-3.069607506,3.080671675,1.237226987,-1.239765175,1.837460708,-1.835826311
0.21435,-3.126681634,3.137721358,1.236142333,-1.238768882,1.895632018,-1.89385976
0.2144,-3.188678676,3.19969401,1.236081084,-1.238795758,1.957705104,-1.95579074
0.21445,-3.255455222,3.26644622,1.236874736,-1.239677372,2.023705169,-2.021644165
0.2145,-3.326867154,3.337833869,1.238358823,-1.241249315,2.093652675,-2.091440208
0.21455,-3.402769781,3.413712268,1.240372993,-1.243351284,2.167563407,-2.165194365
0.2146,-3.48301798,3.493936291,1.242761077,-1.245827143,2.245448533,-2.242917516
0.21465,-3.567466326,3.578360515,1.245371158,-1.248524999,2.327314684,-2.324616
0.2147,-3.655969235,3.666839355,1.248055623,-1.251297251,2.413164023,-2.410291692
0.21475,-3.748381097,3.759227201,1.250671222,-1.254000648,2.502994338,-2.49994209
0.2148,-3.844556413,3.855378554,1.253079106,-1.256496331,2.596799125,-2.593560403
0.21485,-3.944349927,3.955148158,1.25514487,-1.258649875,2.69456769,-2.691135649
0.2149,-4.047616761,4.058391135,1.256738583,-1.260331319,2.796285241,-2.792652754
0.21495,-4.154212548,4.164963117,1.257734815,-1.261415191,2.901933003,-2.898092656
0.215,-4.263993554,4.274720371,1.258012655,-1.261780531,3.011488318,-3.00743242
0.21505,-4.376816811,4.387519928,1.257455723,-1.261310902,3.124924768,-3.120645347
0.2151,-4.492540239,4.503219708,1.255952178,-1.259894394,3.242212283,-3.237701092
0.21515,-4.611022761,4.621678635,1.253394714,-1.257423626,3.363317268,-3.358565788
0.2152,-4.732124429,4.742756759,1.249680555,-1.253795742,3.488202724,-3.483202166
0.21525,-4.790241189,4.800850028,1.211412951,-1.215613862,3.578025542,-3.572826313
0.2153,-4.774549676,4.785135075,1.196196118,-1.200480201,3.584177522,-3.578854232
0.21535,-4.761076114,4.771638125,1.169443208,-1.173807667,3.59739986,-3.591952129
0.2154,-4.748357329,4.758896003,1.134285461,-1.138727676,3.619850823,-3.614278218
0.21545,-4.739062814,4.749578203,1.100220898,-1.104738313,3.644634334,-3.638936326
0.2155,-4.733885928,4.744378084,1.069695125,-1.074285219,3.669998285,-3.664174236
0.21555,-4.732127461,4.742596434,1.040529004,-1.045189308,3.697422631,-3.691471807
0.2156,-4.65005038,4.660418947,1.002360774,-1.007088557,3.660099706,-3.654021692
0.21565,-4.463761705,4.473934079,0.921295906,-0.926086132,3.548190362,-3.541988916
0.2157,-4.28370646,4.293690022,0.850847838,-0.85569511,3.438587016,-3.432266749
0.21575,-4.113096778,4.122898602,0.788589295,-0.793488491,3.330176135,-3.323741467
0.2158,-3.950284034,3.959910878,0.729846932,-0.734793227,3.226049783,-3.219504968
0.21585,-3.794703001,3.804161311,0.67325806,-0.678246928,3.127005097,-3.120354226
0.2159,-3.646568966,3.655864883,0.619718329,-0.624745516,3.032361504,-3.025608501
0.21595,-3.505961381,3.515100749,0.569679343,-0.574740847,2.941746662,-2.934895278
0.216,-3.372679823,3.381668194,0.522800919,-0.52789298,2.855300151,-2.848353968
0.21605,-3.246501388,3.25534403,0.478697446,-0.483816534,2.773184504,-2.766146935
0.2161,-3.127286488,3.135988389,0.437216038,-0.442358842,2.695412855,-2.688287142
0.21615,-3.014920396,3.02348627,0.398268608,-0.403432022,2.621958412,-2.614747624
0.2162,-2.909267187,2.917701478,0.361711401,-0.366892512,2.552828857,-2.545535894
0.21625,-2.810178988,2.818485881,0.327372429,-0.332568504,2.488048173,-2.480675762
0.2163,-2.717512407,2.72569583,0.295093687,-0.300302161,2.427630845,-2.420181544
0.21635,-2.631128644,2.639192276,0.264730506,-0.269948973,2.371582623,-2.364058817
0.2164,-2.550888325,2.558835599,0.236138573,-0.241364772,2.319908338,-2.312312241
0.21645,-2.476650625,2.484484738,0.209172029,-0.214403831,2.272612923,-2.264946579
0.2165,-2.408274791,2.415998705,0.183687202,-0.188922603,2.229699205,-2.221964485
0.21655,-2.345620676,2.353237129,0.159543809,-0.164780916,2.191167237,-2.183365843
0.2166,-2.288548381,2.296059888,0.136604051,-0.141841072,2.15701484,-2.149148305
0.21665,-2.236918066,2.244326928,0.11473218,-0.119967413,2.127237858,-2.119307543
0.2167,-2.190590083,2.197898393,0.093794772,-0.099026595,2.101830005,-2.093837104
0.21675,-2.149425101,2.156634747,0.073660958,-0.07888782,2.080782766,-2.072728303
0.2168,-2.113284117,2.12039679,0.054202423,-0.05942283,2.06408541,-2.055970244
0.21685,-2.082028479,2.089045679,0.035293386,-0.040505897,2.051725027,-2.043549848
0.2169,-2.055519932,2.062442971,0.016810662,-0.022013875,2.043686517,-2.035451849
0.21695,-2.033620672,2.040450683,-0.00134402,-0.003821096,2.039952587,-2.031658791
0.217,-2.016193627,2.022931567,-0.019356954,0.014170835,2.040503441,-2.032150712
0.21705,-2.003101757,2.009748413,-0.037273246,0.032100494,2.045317763,-2.036906135
0.2171,-1.994208251,2.000764248,-0.055229823,0.050071769,2.054372374,-2.045901718
0.21715,-1.989378769,1.995844573,-0.073334566,0.068192546,2.067640212,-2.059110241
0.2172,-1.988478235,1.994854158,-0.091694735,0.086570098,2.08509348,-2.076503747
0.21725,-1.991372319,1.997658528,-0.110414734,0.105308847,2.106702263,-2.098052164
0.2173,-1.997927869,2.004124386,-0.12959538,0.124509639,2.13243425,-2.123723024
0.21735,-2.008012639,2.014119352,-0.149334513,0.144270351,2.162255062,-2.153481794
0.2174,-2.021495207,2.027511871,-0.169727229,0.16468612,2.196128401,-2.187292025
0.21745,-2.038245112,2.044171357,-0.190865693,0.18584916,2.234016011,-2.225115311
0.2175,-2.05813297,2.063968305,-0.212839027,0.207848652,2.275877673,-2.266911281
0.21755,-2.081030502,2.086774319,-0.235733344,0.23077077,2.321671266,-2.312637669
0.2176,-2.106810574,2.112462156,-0.259631756,0.254698697,2.371352823,-2.362250362
0.21765,-2.135347259,2.140905784,-0.284614368,0.279712612,2.424876574,-2.415703449
0.2177,-2.166515898,2.171980441,-0.310758248,0.305889665,2.482194992,-2.472949259
0.21775,-2.200193149,2.205562692,-0.338137436,0.333303982,2.543258841,-2.533938419
0.2178,-2.236257047,2.241530479,-0.366822943,0.362026667,2.608017231,-2.598619904
0.21785,-2.274587046,2.279763172,-0.396882751,0.392125798,2.676417677,-2.666941091
0.2179,-2.315064082,2.320141625,-0.42838182,0.423666439,2.748406148,-2.738847819
0.21795,-2.357570614,2.36254822,-0.461382099,0.456710644,2.823927132,-2.814284446
0.218,-2.401990677,2.406866921,-0.495942532,0.491317468,2.902923691,-2.893193908
0.21805,-2.448209929,2.452983318,-0.532119075,0.527542983,2.985337526,-2.97551778
0.2181,-2.496115696,2.500784674,-0.569964715,0.565440294,3.071109038,-3.061196341
0.21815,-2.545597015,2.550159968,-0.609529486,0.605059558,3.160177391,-3.150168635
0.2182,-2.596544678,2.600999937,-0.650860494,0.646448008,3.252480579,-3.242372539
0.21825,-2.648851272,2.653197119,-0.694001944,0.689649977,3.347955487,-3.337744825
0.2183,-2.702411215,2.706645885,-0.738995164,0.734706925,3.446537963,-3.436221227
0.21835,-2.757120797,2.761242484,-0.785878638,0.781657473,3.548162881,-3.537736511
0.2184,-2.812878208,2.81688507,-0.834688039,0.830537429,3.652764208,-3.642224538
0.21845,-2.869583578,2.873473735,-0.885456263,0.881379831,3.760275073,-3.749618333
0.2185,-2.927138998,2.930910543,-0.938213469,0.934214978,3.870627834,-3.859850153
0.21855,-2.985448555,2.989099554,-0.992987116,0.989070475,3.983754145,-3.972851555
0.2186,-3.044418355,3.047946852,-1.049802009,1.045971271,4.099585025,-4.088553462
0.21865,-3.103956547,3.107360565,-1.108680338,1.104939703,4.218050923,-4.20688623
0.2187,-3.16397334,3.167250889,-1.169641728,1.165995544,4.339081785,-4.327779716
0.21875,-3.224381028,3.227530104,-1.232703285,1.22915605,4.462607122,-4.451163345
0.2188,-3.285094002,3.288112593,-1.297879645,1.294436007,4.588556074,-4.576966174
0.21885,-3.346028766,3.348914853,-1.365183027,1.361847784,4.716857476,-4.705116955
0.2189,-3.407103947,3.409855511,-1.434623283,1.431401386,4.847439922,-4.835544205
0.21895,-3.468240306,3.470855327,-1.506207953,1.503104504,4.980231826,-4.968176264
0.219,-3.529360746,3.531837208,-1.57994232,1.576962572,5.115161488,-5.102941359
0.21905,-3.528778611,3.531114889,-1.634534773,1.631683706,5.162601569,-5.150297862
0.2191,-3.456167467,3.458365861,-1.637325807,1.634604785,5.099381883,-5.087105359
0.21915,-3.386627432,3.388691039,-1.645552265,1.642961758,5.037985259,-5.025735859
0.2192,-3.318666549,3.320598293,-1.657215646,1.654756154,4.981673913,-4.969451576
0.21925,-3.254376647,3.256179307,-1.669613557,1.667285635,4.929769667,-4.917574334
0.2193,-3.194261699,3.195937915,-1.682037146,1.679841422,4.882067713,-4.869899324
0.21935,-3.110644946,3.11214626,-1.656826805,1.654763893,4.779812406,-4.767670901
0.2194,-2.953832984,2.955101126,-1.652046695,1.650114773,4.611537895,-4.599423215
0.21945,-2.811073138,2.812119278,-1.63446584,1.632662689,4.451204545,-4.43911663
0.2195,-2.684463379,2.685298175,-1.607572579,1.60589614,4.297645745,-4.285584536
0.21955,-2.564961519,2.56559502,-1.582099348,1.580547619,4.152619034,-4.140584472
0.2196,-2.450089061,2.450530702,-1.560792742,1.559363763,4.016392121,-4.004384148
0.21965,-2.341745362,2.342004007,-1.541263773,1.539955669,3.888475127,-3.876493684
0.2197,-2.240872884,2.240956864,-1.522308029,1.521119033,3.768605892,-3.756650919
0.21975,-2.146847559,2.14676468,-1.504535744,1.50346421,3.656770377,-3.644841816
0.2198,-2.058993743,2.058751305,-1.488594311,1.487638714,3.55294014,-3.541037932
0.21985,-1.977107031,1.976711845,-1.474588959,1.473747905,3.457015826,-3.445139914
0.2199,-1.901095676,1.900554082,-1.462500599,1.461772842,3.368886436,-3.357036762
0.21995,-1.830746569,1.830064459,-1.452444847,1.451829295,3.288454333,-3.276630838
0.22,-1.765790778,1.764973614,-1.44459519,1.444090916,3.215623936,-3.203826562
0.22005,-1.70598805,1.705040877,-1.439090431,1.438696682,3.150293675,-3.138522365
0.2201,-1.65112184,1.650049311,-1.4360414,1.435757605,3.09235773,-3.080612426
0.22015,-1.600972603,1.599778992,-1.435559882,1.435385664,3.041708248,-3.029988893
0.2202,-1.555315045,1.554004266,-1.437761232,1.437696412,2.998235209,-2.986541746
0.22025,-1.513926034,1.512501662,-1.442755981,1.442800589,2.961825948,-2.950158318
0.2203,-1.476586808,1.475052091,-1.450647687,1.450801967,2.932365203,-2.92072335
0.22035,-1.443081033,1.441438914,-1.46153504,1.461799462,2.909735291,-2.898119159
0.2204,-1.413194,1.411447132,-1.475512739,1.475888001,2.893816171,-2.882225702
0.22045,-1.386713259,1.384864021,-1.492670905,1.493157941,2.884485495,-2.872920632
0.2205,-1.363429099,1.361479614,-1.513094682,1.513694669,2.881618689,-2.870079376
0.22055,-1.343134572,1.341086724,-1.536864307,1.537578671,2.885089046,-2.873575227
0.2206,-1.325625502,1.323480951,-1.564055188,1.564885608,2.894767815,-2.883279433
0.22065,-1.310700626,1.308460823,-1.594737864,1.595686276,2.910524295,-2.899061294
0.2207,-1.298161752,1.295827957,-1.628977944,1.63004655,2.93222594,-2.920788263
0.22075,-1.287813883,1.285387179,-1.666836097,1.668027366,2.959738466,-2.948326059
0.2208,-1.279465321,1.276946627,-1.708368062,1.709684732,2.992925968,-2.981538774
0.22085,-1.272927774,1.270317866,-1.753624648,1.755069733,3.031651029,-3.020288992
0.2209,-1.268016476,1.265315994,-1.802651747,1.80422854,3.075774846,-3.064437911
0.22095,-1.264550286,1.261759753,-1.85549035,1.857202424,3.125157351,-3.113845463
0.221,-1.262351789,1.259471624,-1.91217658,1.914027789,3.17965734,-3.168370443
0.22105,-1.261247392,1.258277923,-1.97274172,1.974736206,3.239132601,-3.22787064
0.2211,-1.26106741,1.258008887,-2.037212262,2.039354451,3.303440045,-3.292202965
0.22115,-1.261646156,1.258498763,-2.105609952,2.107904558,3.372435842,-3.361223588
0.2212,-1.262822012,1.259585884,-2.177951849,2.180403876,3.445975552,-3.434788069
0.22125,-1.264437508,1.261112737,-2.254250388,2.256865127,3.523914264,-3.512751498
0.2213,-1.266339385,1.262926036,-2.33451345,2.337296483,3.606106729,-3.594968626
0.22135,-1.268378654,1.264876777,-2.418744439,2.421701634,3.6924075,-3.681294004
0.2214,-1.270410654,1.266820292,-2.506942361,2.510079879,3.782671064,-3.771582122
0.22145,-1.272295096,1.268616297,-2.599101919,2.602426204,3.876751979,-3.865687536
0.2215,-1.273896102,1.270128932,-2.6952136,2.698731385,3.974505008,-3.963465011
0.22155,-1.275082246,1.271226795,-2.795263777,2.798982081,4.075785253,-4.064769647
0.2216,-1.275726575,1.271782971,-2.899234815,2.903160936,4.180448282,-4.169457014
0.22165,-1.275706632,1.271675047,-3.007105171,3.011246692,4.288350264,-4.277383279
0.2217,-1.274904475,1.270785135,-3.118849517,3.123214296,4.399348089,-4.388405335
0.22175,-1.273206679,1.268999873,-3.234438845,3.23903502,4.513299497,-4.50238092
0.2218,-1.270504339,1.26621043,-3.353840595,3.358676574,4.630063197,-4.619168743
0.22185,-1.266693072,1.262312498,-3.477018774,3.482103236,4.749498982,-4.738628598
0.2219,-1.228228381,1.223761707,-3.565474302,3.570756851,4.806140078,-4.795293712
0.22195,-1.212724343,1.208174146,-3.570522587,3.575928716,4.789074435,-4.778252034
0.222,-1.185750563,1.181119668,-3.582639858,3.588169913,4.774294934,-4.763496444
0.22205,-1.150408592,1.145699644,-3.604002265,3.609656643,4.760326464,-4.749551833
0.2221,-1.116146837,1.111362413,-3.627726527,3.633505723,4.749801736,-4.739050911
0.22215,-1.085435776,1.080578416,-3.652036768,3.657941385,4.743415281,-4.732688209
0.2222,-1.056126979,1.05119917,-3.678396308,3.684427046,4.740482009,-4.729778639
0.22225,-1.017573648,1.012578138,-3.640116298,3.646273538,4.657021358,-4.646418861
0.2223,-0.936012915,0.930954787,-3.527298098,3.533578053,4.469192133,-4.458786189
0.22235,-0.865037896,0.859922593,-3.416810092,3.423208126,4.287597652,-4.277380826
0.2224,-0.80224228,0.797074968,-3.307525378,3.314037043,4.115457247,-4.105422414
0.22245,-0.743015022,0.737800568,-3.202504924,3.209125937,3.95115305,-3.941293401
0.2225,-0.685993762,0.680736731,-3.102549096,3.109275339,3.794122944,-3.784431984
0.22255,-0.632051589,0.626756269,-3.006990177,3.013817697,3.644572097,-3.635043636
0.2226,-0.581636623,0.576307049,-2.915456956,2.922381972,3.502577227,-3.493205373
0.22265,-0.534416129,0.529056092,-2.828084958,2.835103858,3.367940942,-3.358720096
0.2227,-0.490006822,0.484619876,-2.745036147,2.752145489,3.240441742,-3.231366592
0.22275,-0.448253409,0.44284289,-2.666325537,2.673522051,3.119939187,-3.111004701
0.2228,-0.409066375,0.403635409,-2.591927417,2.599208001,3.00631789,-2.997519312
0.22285,-0.372302292,0.366853812,-2.521849578,2.529211303,2.899442071,-2.890774914
0.2229,-0.337789417,0.33232617,-2.456116234,2.46355634,2.799164062,-2.7906241
0.22295,-0.305369346,0.299893909,-2.394742459,2.40225836,2.705340404,-2.69692367
0.223,-0.274896907,0.269411697,-2.337734613,2.345323892,2.617832166,-2.609534944
0.22305,-0.246227442,0.240734727,-2.285098038,2.292758449,2.536499919,-2.528318738
0.2231,-0.219214771,0.213716684,-2.236838158,2.244567627,2.461202806,-2.453134434
0.22315,-0.193714817,0.188213365,-2.192958329,2.200754952,2.391800012,-2.383841451
0.2232,-0.16958684,0.164083916,-2.153459149,2.161321194,2.328151309,-2.32029979
0.22325,-0.146692571,0.141189964,-2.118338981,2.126264883,2.270116713,-2.262369686
0.2233,-0.124895768,0.119395175,-2.087594205,2.095582571,2.217556293,-2.209911426
0.22335,-0.10406249,0.098565525,-2.061219077,2.069268683,2.170330301,-2.162785474
0.2234,-0.084061317,0.078569522,-2.039205626,2.047315414,2.128299292,-2.120852586
0.22345,-0.064763354,0.05927821,-2.021543665,2.029712747,2.091324139,-2.083973836
0.2235,-0.046042224,0.040565158,-2.008220824,2.016448479,2.059266055,-2.05201063
0.22355,-0.027774114,0.022306513,-1.999222544,2.007508215,2.031986636,-2.02482475
0.2236,-0.009837842,0.004381058,-1.994532068,2.002875365,2.009347917,-2.002278416
0.22365,0.007878085,-0.013343666,-1.994134263,2.002534959,1.991208516,-1.984230419
0.2237,0.025500594,-0.030952669,-1.997996718,2.006454749,1.977442876,-1.970555373
0.22375,0.043139544,-0.048576806,-2.006106227,2.01462169,1.967904559,-1.961107007
0.2238,0.060907221,-0.06632836,-2.018436126,2.027009281,1.962458956,-1.955750869
0.22385,0.07890792,-0.084311617,-2.034957313,2.043588576,1.960972652,-1.9543537
0.2239,0.097245597,-0.102630512,-2.055639809,2.064329756,1.963311727,-1.956781728
0.22395,0.116022879,-0.121387648,-2.08045228,2.089201641,1.96934224,-1.962901154
0.224,0.135338863,-0.140682087,-2.109361034,2.118170694,1.978931425,-1.972579352
0.22405,0.155289198,-0.160609437,-2.142330119,2.151201118,1.991947715,-1.985684886
0.2241,0.175966725,-0.18126249,-2.179321668,2.188255196,2.008260438,-2.002087211
0.22415,0.197461483,-0.202731232,-2.220295942,2.229293336,2.027739853,-2.021656709
0.2242,0.219860496,-0.225102622,-2.265211275,2.274274023,2.050257322,-2.044264857
0.22425,0.243247732,-0.248460563,-2.314024117,2.32315385,2.075685374,-2.069784298
0.2243,0.267704154,-0.272885943,-2.3666891,2.375887593,2.103897734,-2.098088862
0.22435,0.293307724,-0.298456644,-2.423159088,2.432428259,2.134769365,-2.129053614
0.2244,0.320133381,-0.325247518,-2.483385228,2.492727133,2.168176539,-2.162554923
0.22445,0.348253035,-0.353330384,-2.547316994,2.556733825,2.203996888,-2.198470513
0.2245,0.37773557,-0.382774032,-2.614902243,2.624396331,2.242109457,-2.236679515
0.22455,0.408646856,-0.413644229,-2.686087279,2.695661083,2.282394755,-2.277062522
0.2246,0.441049751,-0.446003727,-2.760816901,2.770473012,2.324734803,-2.319501631
0.22465,0.47500411,-0.479912273,-2.839034469,2.848775607,2.36901319,-2.363880503
0.2247,0.510566803,-0.51542662,-2.920681964,2.930510973,2.41511511,-2.410084404
0.22475,0.547791724,-0.552600545,-3.005700048,3.015619894,2.462927421,-2.458000251
0.2248,0.586729818,-0.591484871,-3.094028129,3.104041901,2.512338678,-2.507516663
0.22485,0.627429095,-0.632127482,-3.185604426,3.195715329,2.563239183,-2.558523994
0.2249,0.669934661,-0.674573355,-3.280366034,3.290577388,2.615521022,-2.610914383
0.22495,0.714288739,-0.718864582,-3.37824899,3.388564227,2.669078107,-2.664581788
0.225,0.760530702,-0.765040401,-3.479188337,3.489611001,2.723806211,-2.719422023
0.22505,0.808697106,-0.813137231,-3.583118198,3.593651937,2.779603001,-2.775332797
0.2251,0.858821721,-0.863188701,-3.689971835,3.700620405,2.836368076,-2.832213741
0.22515,0.91093557,-0.915225694,-3.799681724,3.81044898,2.894002994,-2.889966445
0.2252,0.965066969,-0.969276381,-3.912179618,3.923069513,2.952411301,-2.94849448
0.22525,1.021241564,-1.025366263,-4.027396614,4.038413199,3.011498555,-3.007703431
0.2253,1.079482379,-1.083518219,-4.145263226,4.156410644,3.071172356,-3.067500915
0.22535,1.139809861,-1.143752545,-4.265709445,4.276991929,3.13134236,-3.127796607
0.2254,1.202241922,-1.206087004,-4.388664809,4.40008668,3.191920307,-3.188502256
0.22545,1.266793993,-1.270536878,-4.51405847,4.525624134,3.252820028,-3.249531705
0.2255,1.333479071,-1.337115012,-4.641819257,4.6535332,3.313957468,-3.310800906
0.22555,1.402307773,-1.405831873,-4.77187574,4.783742528,3.375250694,-3.372227927
0.2256,1.47328839,-1.476695597,-4.904156296,4.91618057,3.436619908,-3.433732971
0.22565,1.546426937,-1.549712049,-5.038589171,5.050775645,3.497987452,-3.495238377
0.2257,1.600706012,-1.603864098,-5.085742328,5.098011069,3.497502704,-3.494893132
0.22575,1.60331638,-1.606346096,-5.022410379,5.034652014,3.424924478,-3.422452116
0.2258,1.611412132,-1.614313022,-4.960924284,4.973138873,3.35539381,-3.353055569
0.22585,1.622976102,-1.625747683,-4.904540747,4.916728349,3.287431752,-3.285224712
0.2259,1.635248302,-1.637890032,-4.852563648,4.864724323,3.223169695,-3.221091087
0.22595,1.64752016,-1.650031431,-4.804787091,4.816920899,3.163110177,-3.161157367
0.226,1.660471288,-1.662851422,-4.761280056,4.773387057,3.106642527,-3.104813021
0.22605,1.635966155,-1.638214493,-4.663539771,4.675620023,3.026768385,-3.025109357
0.2261,1.631819212,-1.633937553,-4.499900748,4.51195431,2.873832304,-2.872400457
0.22615,1.614656426,-1.616646966,-4.344160507,4.356187439,2.735129909,-2.733914414
0.2262,1.588186871,-1.590051636,-4.195186398,4.207186758,2.612572055,-2.611562585
0.22625,1.563350778,-1.565091731,-4.054720851,4.066694699,2.496893107,-2.496079934
0.2263,1.542813246,-1.544432305,-3.923004604,3.934951998,2.385668525,-2.385042525
0.22635,1.524087098,-1.52558609,-3.79954418,3.811465179,2.280891781,-2.28044439
0.2264,1.505983088,-1.507363721,-3.68408534,3.695980001,2.183497676,-2.183220855
0.22645,1.489149656,-1.490413516,-3.576615701,3.588484083,2.092825195,-2.092711417
0.2265,1.474233221,-1.475381766,-3.477102946,3.488945108,2.008195416,-2.008237652
0.22655,1.461322967,-1.462357517,-3.385444917,3.397260916,1.929416824,-1.929608524
0.2266,1.450395235,-1.451316959,-3.301529814,3.313319708,1.856401127,-1.856736201
0.22665,1.441568223,-1.442378131,-3.225259167,3.237023014,1.788931516,-1.789404311
0.2267,1.435015158,-1.435714088,-3.156535938,3.168273795,1.726737599,-1.727342887
0.22675,1.43087164,-1.431460252,-3.095257036,3.10696896,1.669580575,-1.670313529
0.2268,1.429245736,-1.429724503,-3.041315315,3.053001364,1.617245129,-1.61810131
0.22685,1.430247463,-1.43061666,-2.994601646,3.006261878,1.569512033,-1.570487368
0.2269,1.43399036,-1.434250059,-2.955004705,2.966639176,1.526156348,-1.527247115
0.22695,1.440582774,-1.440732836,-2.92241053,2.934019297,1.486955705,-1.488158513
0.227,1.450126002,-1.450166066,-2.896702608,2.908285728,1.451692247,-1.453004021
0.22705,1.462716547,-1.462646027,-2.877762036,2.889319566,1.420150533,-1.421568495
0.2271,1.47844692,-1.478264996,-2.865467587,2.876999583,1.3921168,-1.393638454
0.22715,1.497405004,-1.497110616,-2.859695762,2.871202281,1.367379655,-1.369002767
0.2272,1.519673677,-1.519265521,-2.860320881,2.871801979,1.345730538,-1.347453124
0.22725,1.545330901,-1.54480742,-2.867215178,2.878670911,1.326963732,-1.328784037
0.2273,1.574449801,-1.573809183,-2.880248887,2.891679311,1.310876364,-1.31279285
0.22735,1.607098625,-1.606338795,-2.899290344,2.910695515,1.297268556,-1.299279883
0.2274,1.643340685,-1.642459303,-2.924206095,2.935586069,1.285943581,-1.288048596
0.22745,1.683234353,-1.68222881,-2.954861007,2.966215839,1.276707984,-1.278905699
0.2275,1.726833073,-1.725700488,-2.991118378,3.002448124,1.269371679,-1.271661261
0.22755,1.77418537,-1.772922583,-3.03284006,3.044144775,1.263748063,-1.266128819
0.2276,1.825334859,-1.823938433,-3.079886579,3.09116632,1.259654122,-1.262125484
0.22765,1.880320272,-1.878786486,-3.132117263,3.143372084,1.256910539,-1.259472049
0.2277,1.939175487,-1.937500336,-3.189390368,3.200620323,1.255341785,-1.257993083
0.22775,2.001929566,-2.000108761,-3.251563208,3.262768353,1.254776213,-1.257517021
0.2278,2.068606805,-2.066635768,-3.318492291,3.32967268,1.255046143,-1.257876256
0.22785,2.139226781,-2.137100648,-3.39003345,3.401189138,1.255987945,-1.258907215
0.2279,2.213804417,-2.211518033,-3.466041979,3.477173021,1.257442113,-1.260450437
0.22795,2.292350046,-2.289897967,-3.546372771,3.557479221,1.259253335,-1.262350644
0.228,2.374869485,-2.372245978,-3.630880452,3.641962364,1.261270552,-1.2644568
0.22805,2.461364112,-2.458563157,-3.719419516,3.730476944,1.263347021,-1.26662217
0.2281,2.551830957,-2.548846242,-3.811844465,3.822877464,1.265340359,-1.268704371
0.22815,2.646262785,-2.643087715,-3.90800994,3.919018563,1.267112588,-1.270565416
0.2282,2.744648198,-2.74127589,-4.007770857,4.018755158,1.268530177,-1.272071749
0.22825,2.846971734,-2.843395022,-4.110982535,4.121942567,1.269464065,-1.273094281
0.2283,2.953213972,-2.949425408,-4.21750083,4.228436648,1.269789691,-1.273508407
0.22835,3.063351646,-3.059343499,-4.327182264,4.338093921,1.269387008,-1.273194032
0.2284,3.17735775,-3.173122017,-4.439884144,4.450771692,1.268140495,-1.272035575
0.22845,3.295201667,-3.290730066,-4.55546469,4.566328183,1.265939162,-1.269921978
0.2285,3.416849281,-3.412133261,-4.673783152,4.684622643,1.262676548,-1.266746706
0.22855,3.542263104,-3.537293844,-4.794699926,4.805515468,1.258250712,-1.262407734
0.2286,3.632356752,-3.627185526,-4.852530405,4.86332205,1.219427174,-1.223670454
0.22865,3.638710661,-3.633413246,-4.836471539,4.847239341,1.203641672,-1.207968624
0.2287,3.651994672,-3.64657069,-4.822656275,4.833400285,1.176486015,-1.180893807
0.22875,3.674435512,-3.668884533,-4.809600587,4.820320859,1.141002136,-1.145488112
0.2288,3.699285614,-3.693607109,-4.799933364,4.81062995,1.106498937,-1.111060509
0.22885,3.724760071,-3.718953405,-4.794365504,4.805038457,1.075472364,-1.080106976
0.2289,3.684808146,-3.678872996,-4.708649274,4.719220384,1.03629255,-1.040997371
0.22895,3.570515756,-3.564455962,-4.518562584,4.528934893,0.953810725,-0.958580566
0.229,3.458883587,-3.45270384,-4.334572581,4.344753627,0.881454849,-0.886284163
0.22905,3.348502071,-3.342206874,-4.160028665,4.170025675,0.817230939,-0.822114463
0.2291,3.24227729,-3.235870979,-3.99340509,4.003224972,0.75677451,-0.761707283
0.22915,3.141062816,-3.134549565,-3.834119883,3.84376923,0.698649683,-0.703627049
0.2292,3.044253722,-3.037637537,-3.682342957,3.691828056,0.643631086,-0.648648668
0.22925,2.951476804,-2.944761521,-3.538149958,3.547476794,0.592167372,-0.597221055
0.2293,2.862847995,-2.856037281,-3.401355323,3.410529586,0.543956859,-0.549042774
0.22935,2.77852659,-2.771623941,-3.271740724,3.280767819,0.498621747,-0.503736264
0.2294,2.698534057,-2.6915428,-3.149162768,3.158047813,0.455997006,-0.461136719
0.22945,2.6228476,-2.615770891,-3.033504766,3.042252605,0.415988582,-0.421150298
0.2295,2.551474392,-2.544315216,-2.924631975,2.93324718,0.378454411,-0.383635137
0.22955,2.484438511,-2.477199682,-2.822397641,2.830884518,0.343223519,-0.348420448
0.2296,2.421756103,-2.414440263,-2.726658414,2.735021012,0.31013628,-0.31534678
0.22965,2.363434665,-2.356044287,-2.637275364,2.645517478,0.279046143,-0.284267747
0.2297,2.309480317,-2.302017701,-2.554109296,2.562234475,0.24980768,-0.255038071
0.22975,2.259899206,-2.252366482,-2.477019646,2.485031196,0.222274076,-0.227511078
0.2298,2.214695517,-2.207094644,-2.405865806,2.413766799,0.196300439,-0.201542005
0.22985,2.173870721,-2.166203487,-2.340507709,2.348300986,0.171745143,-0.176989344
0.2299,2.137424034,-2.129692057,-2.280805533,2.288493713,0.148469071,-0.153714084
0.22995,2.10535268,-2.097557409,-2.226619509,2.234204991,0.126335156,-0.131579255
0.23,2.077651769,-2.069794483,-2.177810028,2.185294999,0.105208616,-0.110450159
0.23005,2.054314189,-2.046395999,-2.134237757,2.1416242,0.084957173,-0.090194595
0.2301,2.035330617,-2.027352465,-2.09576367,2.103053365,0.065451076,-0.070682877
0.23015,2.020689543,-2.012652204,-2.062249059,2.069443592,0.046563085,-0.051787818
0.2302,2.010377265,-2.00228135,-2.03355558,2.040656347,0.028168523,-0.033384789
0.23025,2.004377886,-1.996223838,-2.009545308,2.016553524,0.010145336,-0.015351772
0.2303,2.002676112,-1.994464211,-1.990077958,1.996994656,-0.007623934,0.002426162
0.23035,2.005243066,-1.996973428,-1.975025135,1.981851178,-0.025262674,0.020077385
0.2304,2.012065316,-2.003737896,-1.964241482,1.970977565,-0.042877827,0.03770634
0.23045,2.023114491,-2.014729083,-1.957595057,1.964241717,-0.060581588,0.055425213
0.2305,2.038364531,-2.029920768,-1.954950055,1.961507669,-0.078483761,0.073343815
0.23055,2.057786616,-2.049283974,-1.956172053,1.96264085,-0.096689935,0.091567752
0.2306,2.081349594,-2.072787392,-1.961127685,1.967507749,-0.115302308,0.110199245
0.23065,2.109020425,-2.100397828,-1.969684233,1.975975508,-0.134420533,0.129337979
0.2307,2.140764118,-2.132080136,-1.981709771,1.987912067,-0.154141517,0.149080899
0.23075,2.17654364,-2.167797133,-1.997073367,2.003186366,-0.174559123,0.169521916
0.2308,2.216319966,-2.207509643,-2.015645132,2.02166839,-0.195764178,0.190751909
0.23085,2.260052161,-2.251176582,-2.03729622,2.043229178,-0.217844545,0.2128588
0.2309,2.307697415,-2.298754997,-2.061898896,2.067740879,-0.240885103,0.235927534
0.23095,2.359211083,-2.350200095,-2.089326596,2.095076822,-0.264967713,0.260040045
0.231,2.414546724,-2.405465296,-2.119453992,2.125111575,-0.290171208,0.285275244
0.23105,2.473656162,-2.464502282,-2.152157037,2.157720993,-0.316571394,0.31170902
0.2311,2.536489532,-2.527261051,-2.18731302,2.192782272,-0.344241048,0.339414242
0.23115,2.602995335,-2.593689967,-2.224800622,2.230174004,-0.373249921,0.368460754
0.2312,2.673120492,-2.66373582,-2.264499967,2.26977623,-0.403664737,0.398915378
0.23125,2.746810404,-2.73734388,-2.306292671,2.311470487,-0.4355492,0.430841925
0.2313,2.824009011,-2.814457955,-2.350061897,2.355139863,-0.468964007,0.464301198
0.23135,2.904658848,-2.895020458,-2.395692397,2.40066904,-0.503966857,0.499351012
0.2314,2.988701114,-2.978972462,-2.443070563,2.447944345,-0.540612468,0.536046201
0.23145,3.076075729,-3.066253766,-2.492084468,2.49685379,-0.578952596,0.57443864
0.2315,3.166721399,-3.156802959,-2.542623915,2.547287122,-0.619036053,0.614577269
0.23155,3.260575687,-3.250557485,-2.594580473,2.599135858,-0.660908733,0.656508107
0.2316,3.35757507,-3.347453711,-2.647847522,2.652293329,-0.70461364,0.70027429
0.23165,3.457655012,-3.447426988,-2.702320285,2.706654714,-0.750190912,0.74591609
0.2317,3.560750028,-3.550411724,-2.757895866,2.762117078,-0.797677856,0.79347095
0.23175,3.666793752,-3.656341448,-2.814473288,2.818579407,-0.847108984,0.84297352
0.2318,3.775719004,-3.765148878,-2.871953515,2.875942634,-0.898516043,0.89445569
0.23185,3.887457861,-3.876765989,-2.93023949,2.934109674,-0.951928059,0.947946627
0.2319,4.001941718,-3.991124082,-2.989236158,2.992985446,-1.007371375,1.00347282
0.23195,4.119101361,-4.108153848,-3.048850491,3.052476901,-1.064869696,1.061058121
0.232,4.238867032,-4.227785438,-3.108991509,3.112493044,-1.124444131,1.120723786
0.23205,4.361168495,-4.349948528,-3.169570305,3.172944951,-1.186113242,1.182488526
0.2321,4.485935105,-4.474572387,-3.230500056,3.233745792,-1.249893091,1.246368554
0.23215,4.613095869,-4.60158594,-3.291696046,3.29481084,-1.315797291,1.312377632
0.2322,4.742579514,-4.730917833,-3.353075672,3.35605749,-1.383837056,1.380527128
0.23225,4.874314549,-4.8624965,-3.414558461,3.417405267,-1.454021258,1.450826063
0.2323,5.00822933,-4.996250222,-3.476066074,3.478775835,-1.526356474,1.523281169
0.23235,5.054915694,-5.042854777,-3.475590842,3.478161916,-1.580090397,1.577139866
0.2324,4.991076032,-4.979041762,-3.402962818,3.405397503,-1.582279289,1.579454861
0.23245,4.929108264,-4.917100582,-3.333363898,3.33566529,-1.589994459,1.587296576
0.2325,4.872264232,-4.86028308,-3.265325903,3.267496927,-1.601203251,1.598632384
0.23255,4.819830817,-4.807876135,-3.201015538,3.203058969,-1.613093457,1.610650133
0.2326,4.771600682,-4.759672413,-3.140935208,3.142853684,-1.624955268,1.622640081
0.23265,4.72764814,-4.715746224,-3.084460881,3.086256899,-1.63748706,1.635300669
0.2327,4.629299504,-4.617423885,-3.004425667,3.006052395,-1.612600437,1.610543487
0.23275,4.4649703,-4.453120918,-2.851258193,2.852659396,-1.60811871,1.606189387
0.2328,4.308506751,-4.296683549,-2.712380558,2.713567094,-1.590523161,1.588719256
0.23285,4.158790468,-4.146993387,-2.589666507,2.590648732,-1.563574569,1.561894038
0.2329,4.017600711,-4.005829693,-2.47380624,2.474593907,-1.538294697,1.536735559
0.23295,3.885177867,-3.873432855,-2.362413663,2.363015919,-1.517310412,1.515870729
0.233,3.761016859,-3.749297795,-2.257517684,2.257943111,-1.498087968,1.496765891
0.23305,3.644863243,-3.633170071,-2.160041287,2.160297943,-1.479450145,1.47824394
0.2331,3.536709498,-3.52504216,-2.069304655,2.069400081,-1.462069433,1.460977488
0.23315,3.436524992,-3.42488343,-1.984630477,1.984571715,-1.4465927,1.44561353
0.2332,3.344207158,-3.332591316,-1.905835866,1.905629474,-1.433100439,1.432232694
0.23325,3.259644502,-3.248054323,-1.832833967,1.832486045,-1.421568167,1.420810647
0.2333,3.182739599,-3.171175026,-1.765405159,1.764921361,-1.412118221,1.411469884
0.23335,3.113396316,-3.101857293,-1.703278206,1.702663765,-1.404925831,1.404385806
0.2334,3.051512212,-3.039998682,-1.646215375,1.645475116,-1.400126405,1.399693998
0.23345,2.996980771,-2.985492677,-1.594001947,1.593140307,-1.397828247,1.397502947
0.2335,2.949693538,-2.938230825,-1.546418442,1.545439489,-1.398142468,1.397923963
0.23355,2.909539847,-2.898102458,-1.50323965,1.502147098,-1.40118369,1.401071868
0.2336,2.876406357,-2.864994237,-1.464243167,1.463040397,-1.407061033,1.407055996
0.23365,2.850177142,-2.838790235,-1.429211088,1.427901163,-1.415876529,1.415978597
0.2337,2.830733867,-2.819372116,-1.397927778,1.396513461,-1.427727513,1.427937232
0.23375,2.817955841,-2.806619191,-1.370179207,1.368662979,-1.44270735,1.443025497
0.2338,2.811720074,-2.80040847,-1.345753698,1.344137772,-1.460904741,1.461332333
0.23385,2.811901366,-2.800614753,-1.324442377,1.322728717,-1.482403362,1.482941662
0.2339,2.818372397,-2.807110719,-1.306039157,1.304229495,-1.507281971,1.507932492
0.23395,2.831003818,-2.81976702,-1.290340751,1.288436601,-1.535614487,1.536378998
0.234,2.84966435,-2.838452377,-1.277146825,1.275149498,-1.567469937,1.568350467
0.23405,2.87422089,-2.863033687,-1.266260159,1.264170781,-1.602912396,1.603911241
0.2341,2.904538622,-2.893376135,-1.257486764,1.255306293,-1.642000988,1.643120712
0.23415,2.940481131,-2.929343305,-1.250635988,1.248365221,-1.684789893,1.686033334
0.2342,2.981910519,-2.9707973,-1.24552062,1.243160218,-1.731328355,1.732698627
0.23425,3.028687531,-3.017598864,-1.241957012,1.239507507,-1.78166069,1.783161186
0.2343,3.080671675,-3.069607507,-1.239765175,1.237226987,-1.835826311,1.837460709
0.23435,3.137721359,-3.126681635,-1.238768882,1.236142333,-1.89385976,1.895632018
0.2344,3.199694011,-3.188678677,-1.238795758,1.236081084,-1.95579074,1.957705105
0.23445,3.266446221,-3.255455223,-1.239677372,1.236874736,-2.021644165,2.02370517
0.2345,3.33783387,-3.326867155,-1.241249316,1.238358824,-2.091440209,2.093652676
0.23455,3.413712268,-3.402769782,-1.243351284,1.240372993,-2.165194366,2.167563407
0.2346,3.493936291,-3.48301798,-1.245827143,1.242761077,-2.242917517,2.245448534
0.23465,3.578360515,-3.567466327,-1.248524999,1.245371158,-2.324616001,2.327314684
0.2347,3.666839356,-3.655969236,-1.251297251,1.248055624,-2.410291693,2.413164024
0.23475,3.759227202,-3.748381098,-1.254000648,1.250671222,-2.499942091,2.502994338
0.2348,3.855378555,-3.844556414,-1.256496332,1.253079106,-2.593560404,2.596799126
0.23485,3.955148158,-3.944349927,-1.258649875,1.25514487,-2.69113565,2.69456769
0.2349,4.058391136,-4.047616762,-1.260331319,1.256738583,-2.792652754,2.796285242
0.23495,4.164963118,-4.154212548,-1.261415191,1.257734815,-2.898092657,2.901933003
0.235,4.274720371,-4.263993555,-1.261780531,1.258012655,-3.007432421,3.011488319
0.23505,4.387519929,-4.376816812,-1.261310902,1.257455723,-3.120645347,3.124924768
0.2351,4.503219709,-4.492540239,-1.259894394,1.255952178,-3.237701092,3.242212283
0.23515,4.621678636,-4.611022762,-1.257423627,1.253394714,-3.358565788,3.363317268
0.2352,4.74275676,-4.732124429,-1.253795742,1.249680555,-3.483202167,3.488202725
0.23525,4.800850029,-4.79024119,-1.215613862,1.211412952,-3.572826314,3.578025542
0.2353,4.785135075,-4.774549677,-1.200480201,1.196196118,-3.578854233,3.584177522
0.23535,4.771638126,-4.761076115,-1.173807667,1.169443208,-3.591952129,3.59739986
0.2354,4.758896004,-4.748357329,-1.138727676,1.134285461,-3.614278219,3.619850823
0.23545,4.749578204,-4.739062814,-1.104738313,1.100220898,-3.638936327,3.644634335
0.2355,4.744378084,-4.733885928,-1.074285219,1.069695125,-3.664174237,3.669998286
0.23555,4.742596435,-4.732127462,-1.045189308,1.040529004,-3.691471808,3.697422632
0.2356,4.660418947,-4.65005038,-1.007088558,1.002360774,-3.654021693,3.660099707
0.23565,4.47393408,-4.463761706,-0.926086132,0.921295906,-3.541988917,3.548190362
0.2357,4.293690023,-4.283706461,-0.85569511,0.850847838,-3.432266749,3.438587016
0.23575,4.122898603,-4.113096778,-0.793488491,0.788589295,-3.323741468,3.330176136
0.2358,3.959910879,-3.950284034,-0.734793228,0.729846933,-3.219504969,3.226049784
0.23585,3.804161311,-3.794703002,-0.678246928,0.673258061,-3.120354227,3.127005098
0.2359,3.655864884,-3.646568967,-0.624745516,0.619718329,-3.025608501,3.032361505
0.23595,3.515100749,-3.505961382,-0.574740847,0.569679343,-2.934895279,2.941746663
0.236,3.381668195,-3.372679824,-0.52789298,0.522800919,-2.848353969,2.855300151
0.23605,3.255344031,-3.246501388,-0.483816534,0.478697446,-2.766146935,2.773184504
0.2361,3.13598839,-3.127286488,-0.442358842,0.437216038,-2.688287142,2.695412856
0.23615,3.02348627,-3.014920397,-0.403432022,0.398268608,-2.614747625,2.621958413
0.2362,2.917701479,-2.909267187,-0.366892512,0.361711401,-2.545535894,2.552828858
0.23625,2.818485881,-2.810178988,-0.332568504,0.327372429,-2.480675763,2.488048173
0.2363,2.725695831,-2.717512407,-0.300302161,0.295093687,-2.420181545,2.427630846
0.23635,2.639192276,-2.631128644,-0.269948973,0.264730506,-2.364058818,2.371582623
0.2364,2.5588356,-2.550888325,-0.241364772,0.236138573,-2.312312241,2.319908338
0.23645,2.484484738,-2.476650626,-0.214403831,0.209172029,-2.264946579,2.272612924
0.2365,2.415998705,-2.408274791,-0.188922603,0.183687202,-2.221964486,2.229699206
0.23655,2.353237129,-2.345620677,-0.164780916,0.159543809,-2.183365844,2.191167237
0.2366,2.296059888,-2.288548382,-0.141841072,0.136604051,-2.149148306,2.157014841
0.23665,2.244326928,-2.236918066,-0.119967413,0.11473218,-2.119307544,2.127237859
0.2367,2.197898394,-2.190590084,-0.099026595,0.093794772,-2.093837105,2.101830006
0.23675,2.156634747,-2.149425101,-0.07888782,0.073660958,-2.072728304,2.080782766
0.2368,2.120396791,-2.113284117,-0.05942283,0.054202423,-2.055970244,2.064085411
0.23685,2.08904568,-2.082028479,-0.040505897,0.035293386,-2.043549848,2.051725027
0.2369,2.062442972,-2.055519932,-0.022013875,0.016810662,-2.03545185,2.043686518
0.23695,2.040450684,-2.033620673,-0.003821096,-0.00134402,-2.031658791,2.039952588
0.237,2.022931568,-2.016193628,0.014170835,-0.019356954,-2.032150712,2.040503441
0.23705,2.009748414,-2.003101757,0.032100494,-0.037273246,-2.036906135,2.045317764
0.2371,2.000764249,-1.994208252,0.050071769,-0.055229823,-2.045901719,2.054372374
0.23715,1.995844574,-1.98937877,0.068192546,-0.073334566,-2.059110242,2.067640213
0.2372,1.994854159,-1.988478235,0.086570098,-0.091694736,-2.076503747,2.08509348
0.23725,1.997658528,-1.99137232,0.105308847,-0.110414734,-2.098052164,2.106702264
0.2373,2.004124387,-1.997927869,0.124509639,-0.12959538,-2.123723024,2.132434251
0.23735,2.014119353,-2.00801264,0.144270351,-0.149334513,-2.153481795,2.162255062
0.2374,2.027511871,-2.021495207,0.16468612,-0.169727229,-2.187292026,2.196128401
0.23745,2.044171358,-2.038245113,0.18584916,-0.190865693,-2.225115311,2.234016012
0.2375,2.063968305,-2.05813297,0.207848652,-0.212839027,-2.266911282,2.275877674
0.23755,2.08677432,-2.081030502,0.23077077,-0.235733344,-2.312637669,2.321671266
0.2376,2.112462157,-2.106810574,0.254698698,-0.259631757,-2.362250363,2.371352823
0.23765,2.140905784,-2.13534726,0.279712612,-0.284614368,-2.415703449,2.424876575
0.2377,2.171980441,-2.166515898,0.305889665,-0.310758248,-2.47294926,2.482194992
0.23775,2.205562692,-2.20019315,0.333303982,-0.338137436,-2.53393842,2.543258841
0.2378,2.241530479,-2.236257047,0.362026667,-0.366822943,-2.598619904,2.608017232
0.23785,2.279763173,-2.274587047,0.392125798,-0.396882751,-2.666941091,2.676417677
0.2379,2.320141625,-2.315064083,0.42366644,-0.428381821,-2.73884782,2.748406148
0.23795,2.36254822,-2.357570614,0.456710644,-0.4613821,-2.814284447,2.823927132
0.238,2.406866921,-2.401990678,0.491317468,-0.495942532,-2.893193908,2.902923691
0.23805,2.452983318,-2.44820993,0.527542983,-0.532119076,-2.97551778,2.985337526
0.2381,2.500784674,-2.496115696,0.565440294,-0.569964715,-3.061196341,3.071109038
0.23815,2.550159968,-2.545597015,0.605059558,-0.609529486,-3.150168636,3.160177392
0.2382,2.600999937,-2.596544679,0.646448008,-0.650860495,-3.24237254,3.252480579
0.23825,2.653197119,-2.648851272,0.689649977,-0.694001944,-3.337744825,3.347955488
0.2383,2.706645886,-2.702411216,0.734706926,-0.738995164,-3.436221228,3.446537964
0.23835,2.761242485,-2.757120797,0.781657473,-0.785878638,-3.537736512,3.548162881
0.2384,2.81688507,-2.812878209,0.830537429,-0.834688039,-3.642224538,3.652764208
0.23845,2.873473735,-2.869583578,0.881379831,-0.885456263,-3.749618333,3.760275073
0.2385,2.930910543,-2.927138998,0.934214978,-0.938213469,-3.859850154,3.870627834
0.23855,2.989099554,-2.985448555,0.989070475,-0.992987116,-3.972851556,3.983754146
0.2386,3.047946852,-3.044418356,1.045971271,-1.049802009,-4.088553462,4.099585026
0.23865,3.107360565,-3.103956547,1.104939703,-1.108680338,-4.20688623,4.218050924
0.2387,3.167250889,-3.16397334,1.165995544,-1.169641728,-4.327779717,4.339081785
0.23875,3.227530104,-3.224381029,1.22915605,-1.232703285,-4.451163346,4.462607122
0.2388,3.288112593,-3.285094003,1.294436007,-1.297879646,-4.576966174,4.588556074
0.23885,3.348914854,-3.346028766,1.361847785,-1.365183027,-4.705116956,4.716857477
0.2389,3.409855511,-3.407103947,1.431401386,-1.434623283,-4.835544206,4.847439922
0.23895,3.470855327,-3.468240307,1.503104504,-1.506207953,-4.968176265,4.980231826
0.239,3.531837208,-3.529360746,1.576962572,-1.57994232,-5.102941359,5.115161488
0.23905,3.531114889,-3.528778612,1.631683706,-1.634534773,-5.150297862,5.162601569
0.2391,3.458365861,-3.456167467,1.634604785,-1.637325807,-5.08710536,5.099381883
0.23915,3.388691039,-3.386627433,1.642961758,-1.645552265,-5.025735859,5.03798526
0.2392,3.320598293,-3.318666549,1.654756154,-1.657215647,-4.969451576,4.981673913
0.23925,3.256179307,-3.254376647,1.667285635,-1.669613557,-4.917574334,4.929769668
0.2393,3.195937915,-3.194261699,1.679841422,-1.682037146,-4.869899324,4.882067714
0.23935,3.11214626,-3.110644946,1.654763893,-1.656826805,-4.767670901,4.779812406
0.2394,2.955101126,-2.953832984,1.650114773,-1.652046695,-4.599423215,4.611537895
0.23945,2.812119278,-2.811073138,1.632662689,-1.63446584,-4.439116631,4.451204546
0.2395,2.685298175,-2.68446338,1.60589614,-1.60757258,-4.285584537,4.297645745
0.23955,2.56559502,-2.56496152,1.580547619,-1.582099348,-4.140584473,4.152619034
0.2396,2.450530702,-2.450089062,1.559363764,-1.560792742,-4.004384148,4.016392121
0.23965,2.342004007,-2.341745362,1.539955669,-1.541263773,-3.876493684,3.888475128
0.2397,2.240956864,-2.240872885,1.521119034,-1.522308029,-3.756650919,3.768605892
0.23975,2.14676468,-2.146847559,1.503464211,-1.504535744,-3.644841817,3.656770377
0.2398,2.058751305,-2.058993743,1.487638714,-1.488594311,-3.541037933,3.55294014
0.23985,1.976711845,-1.977107032,1.473747905,-1.474588959,-3.445139914,3.457015826
0.2399,1.900554082,-1.901095676,1.461772842,-1.462500599,-3.357036762,3.368886437
0.23995,1.83006446,-1.830746569,1.451829295,-1.452444847,-3.276630838,3.288454333
0.24,1.764973614,-1.765790778,1.444090916,-1.444595191,-3.203826563,3.215623936
0.24005,1.705040877,-1.70598805,1.438696682,-1.439090431,-3.138522365,3.150293675
0.2401,1.650049311,-1.65112184,1.435757605,-1.4360414,-3.080612426,3.09235773
0.24015,1.599778992,-1.600972603,1.435385664,-1.435559883,-3.029988893,3.041708248
0.2402,1.554004266,-1.555315045,1.437696412,-1.437761232,-2.986541746,2.99823521
0.24025,1.512501662,-1.513926034,1.442800589,-1.442755982,-2.950158318,2.961825948
0.2403,1.475052091,-1.476586808,1.450801967,-1.450647687,-2.920723351,2.932365203
0.24035,1.441438914,-1.443081033,1.461799463,-1.461535041,-2.898119159,2.909735292
0.2404,1.411447132,-1.413194001,1.475888001,-1.47551274,-2.882225702,2.893816172
0.24045,1.384864022,-1.38671326,1.493157941,-1.492670905,-2.872920632,2.884485495
0.2405,1.361479614,-1.363429099,1.51369467,-1.513094682,-2.870079376,2.881618689
0.24055,1.341086724,-1.343134572,1.537578671,-1.536864307,-2.873575227,2.885089047
0.2406,1.323480951,-1.325625502,1.564885608,-1.564055188,-2.883279434,2.894767816
0.24065,1.308460823,-1.310700626,1.595686277,-1.594737864,-2.899061294,2.910524296
0.2407,1.295827957,-1.298161752,1.63004655,-1.628977944,-2.920788264,2.93222594
0.24075,1.285387179,-1.287813884,1.668027366,-1.666836097,-2.948326059,2.959738467
0.2408,1.276946628,-1.279465321,1.709684732,-1.708368062,-2.981538774,2.992925968
0.24085,1.270317866,-1.272927774,1.755069733,-1.753624648,-3.020288993,3.031651029
0.2409,1.265315994,-1.268016476,1.80422854,-1.802651747,-3.064437912,3.075774846
0.24095,1.261759754,-1.264550286,1.857202424,-1.855490351,-3.113845463,3.125157351
0.241,1.259471625,-1.262351789,1.91402779,-1.91217658,-3.168370443,3.17965734
0.24105,1.258277923,-1.261247392,1.974736206,-1.972741721,-3.22787064,3.239132601
0.2411,1.258008887,-1.26106741,2.039354451,-2.037212262,-3.292202966,3.303440045
0.24115,1.258498763,-1.261646156,2.107904559,-2.105609952,-3.361223588,3.372435842
0.2412,1.259585884,-1.262822012,2.180403876,-2.177951849,-3.43478807,3.445975552
0.24125,1.261112737,-1.264437508,2.256865128,-2.254250389,-3.512751498,3.523914264
0.2413,1.262926037,-1.266339385,2.337296483,-2.334513451,-3.594968626,3.606106729
0.24135,1.264876777,-1.268378654,2.421701635,-2.418744439,-3.681294005,3.6924075
0.2414,1.266820292,-1.270410654,2.510079879,-2.506942361,-3.771582122,3.782671064
0.24145,1.268616297,-1.272295096,2.602426204,-2.599101919,-3.865687536,3.876751979
0.2415,1.270128932,-1.273896102,2.698731386,-2.6952136,-3.963465011,3.974505009
0.24155,1.271226795,-1.275082246,2.798982081,-2.795263778,-4.064769647,4.075785253
0.2416,1.271782971,-1.275726575,2.903160936,-2.899234815,-4.169457014,4.180448283
0.24165,1.271675047,-1.275706633,3.011246692,-3.007105172,-4.277383279,4.288350264
0.2417,1.270785135,-1.274904475,3.123214296,-3.118849517,-4.388405335,4.399348089
0.24175,1.268999874,-1.273206679,3.23903502,-3.234438845,-4.50238092,4.513299497
0.2418,1.26621043,-1.270504339,3.358676575,-3.353840596,-4.619168743,4.630063197
0.24185,1.262312498,-1.266693072,3.482103237,-3.477018774,-4.738628599,4.749498982
0.2419,1.223761707,-1.228228381,3.570756851,-3.565474302,-4.795293713,4.806140078
0.24195,1.208174146,-1.212724343,3.575928716,-3.570522587,-4.778252034,4.789074436
0.242,1.181119668,-1.185750563,3.588169913,-3.582639858,-4.763496444,4.774294934
0.24205,1.145699644,-1.150408592,3.609656643,-3.604002265,-4.749551834,4.760326465
0.2421,1.111362413,-1.116146838,3.633505724,-3.627726528,-4.739050911,4.749801736
0.24215,1.080578416,-1.085435776,3.657941385,-3.652036768,-4.73268821,4.743415281
0.2422,1.05119917,-1.056126979,3.684427046,-3.678396308,-4.729778639,4.740482009
0.24225,1.012578138,-1.017573648,3.646273538,-3.640116298,-4.646418861,4.657021358
0.2423,0.930954787,-0.936012915,3.533578053,-3.527298098,-4.458786189,4.469192133
0.24235,0.859922593,-0.865037896,3.423208126,-3.416810092,-4.277380826,4.287597652
0.2424,0.797074968,-0.80224228,3.314037043,-3.307525379,-4.105422414,4.115457247
0.24245,0.737800569,-0.743015022,3.209125937,-3.202504924,-3.941293401,3.95115305
0.2425,0.680736731,-0.685993762,3.109275339,-3.102549096,-3.784431984,3.794122944
0.24255,0.62675627,-0.632051589,3.013817697,-3.006990177,-3.635043636,3.644572097
0.2426,0.576307049,-0.581636623,2.922381972,-2.915456957,-3.493205374,3.502577227
0.24265,0.529056092,-0.534416129,2.835103858,-2.828084958,-3.358720096,3.367940942
0.2427,0.484619876,-0.490006822,2.752145489,-2.745036147,-3.231366592,3.240441742
0.24275,0.44284289,-0.448253409,2.673522051,-2.666325537,-3.111004701,3.119939187
0.2428,0.403635409,-0.409066375,2.599208001,-2.591927417,-2.997519312,3.00631789
0.24285,0.366853812,-0.372302292,2.529211303,-2.521849578,-2.890774914,2.899442071
0.2429,0.33232617,-0.337789417,2.463556341,-2.456116234,-2.7906241,2.799164062
0.24295,0.299893909,-0.305369346,2.40225836,-2.394742459,-2.69692367,2.705340404
0.243,0.269411697,-0.274896907,2.345323892,-2.337734614,-2.609534944,2.617832166
0.24305,0.240734727,-0.246227442,2.292758449,-2.285098038,-2.528318738,2.536499919
0.2431,0.213716684,-0.219214771,2.244567627,-2.236838158,-2.453134434,2.461202806
0.24315,0.188213365,-0.193714817,2.200754953,-2.192958329,-2.383841451,2.391800012
0.2432,0.164083916,-0.16958684,2.161321194,-2.153459149,-2.32029979,2.32815131
0.24325,0.141189964,-0.146692571,2.126264883,-2.118338981,-2.262369686,2.270116713
0.2433,0.119395175,-0.124895768,2.095582571,-2.087594205,-2.209911427,2.217556293
0.24335,0.098565525,-0.10406249,2.069268683,-2.061219078,-2.162785474,2.170330302
0.2434,0.078569522,-0.084061317,2.047315414,-2.039205626,-2.120852586,2.128299292
0.24345,0.05927821,-0.064763354,2.029712747,-2.021543665,-2.083973836,2.09132414
0.2435,0.040565158,-0.046042224,2.016448479,-2.008220824,-2.05201063,2.059266055
0.24355,0.022306513,-0.027774114,2.007508215,-1.999222544,-2.02482475,2.031986636
0.2436,0.004381058,-0.009837842,2.002875365,-1.994532068,-2.002278416,2.009347917
0.24365,-0.013343666,0.007878085,2.002534959,-1.994134263,-1.984230419,1.991208516
0.2437,-0.030952669,0.025500594,2.006454749,-1.997996718,-1.970555373,1.977442876
0.24375,-0.048576806,0.043139544,2.01462169,-2.006106227,-1.961107007,1.96790456
0.2438,-0.06632836,0.060907221,2.027009281,-2.018436126,-1.955750869,1.962458956
0.24385,-0.084311617,0.07890792,2.043588576,-2.034957313,-1.9543537,1.960972652
0.2439,-0.102630512,0.097245597,2.064329756,-2.055639809,-1.956781728,1.963311727
0.24395,-0.121387648,0.116022879,2.089201641,-2.08045228,-1.962901154,1.96934224
0.244,-0.140682087,0.135338863,2.118170694,-2.109361033,-1.972579352,1.978931425
0.24405,-0.160609437,0.155289198,2.151201118,-2.142330119,-1.985684886,1.991947715
0.2441,-0.18126249,0.175966725,2.188255195,-2.179321668,-2.00208721,2.008260438
0.24415,-0.202731232,0.197461483,2.229293336,-2.220295941,-2.021656708,2.027739853
0.2442,-0.225102622,0.219860496,2.274274022,-2.265211275,-2.044264857,2.050257322
0.24425,-0.248460563,0.243247731,2.32315385,-2.314024117,-2.069784298,2.075685374
0.2443,-0.272885943,0.267704154,2.375887593,-2.366689099,-2.098088861,2.103897734
0.24435,-0.298456644,0.293307724,2.432428259,-2.423159088,-2.129053614,2.134769365
0.2444,-0.325247518,0.320133381,2.492727133,-2.483385228,-2.162554923,2.168176539
0.24445,-0.353330384,0.348253035,2.556733825,-2.547316993,-2.198470513,2.203996887
0.2445,-0.382774032,0.37773557,2.624396331,-2.614902243,-2.236679515,2.242109457
0.24455,-0.413644229,0.408646856,2.695661082,-2.686087279,-2.277062521,2.282394755
0.2446,-0.446003727,0.441049751,2.770473012,-2.760816901,-2.319501631,2.324734803
0.24465,-0.479912273,0.47500411,2.848775607,-2.839034469,-2.363880503,2.369013189
0.2447,-0.51542662,0.510566803,2.930510972,-2.920681964,-2.410084404,2.41511511
0.24475,-0.552600545,0.547791724,3.015619894,-3.005700048,-2.458000251,2.462927421
0.2448,-0.591484871,0.586729818,3.1040419,-3.094028129,-2.507516663,2.512338678
0.24485,-0.632127482,0.627429095,3.195715328,-3.185604426,-2.558523994,2.563239183
0.2449,-0.674573355,0.669934661,3.290577387,-3.280366034,-2.610914383,2.615521022
0.24495,-0.718864582,0.714288739,3.388564226,-3.378248989,-2.664581787,2.669078107
0.245,-0.765040401,0.760530702,3.489611,-3.479188337,-2.719422023,2.72380621
0.24505,-0.813137231,0.808697106,3.593651937,-3.583118197,-2.775332797,2.779603001
0.2451,-0.863188701,0.858821721,3.700620405,-3.689971835,-2.832213741,2.836368076
0.24515,-0.915225694,0.91093557,3.810448979,-3.799681724,-2.889966445,2.894002994
0.2452,-0.96927638,0.965066968,3.923069512,-3.912179617,-2.94849448,2.9524113
0.24525,-1.025366263,1.021241563,4.038413199,-4.027396614,-3.007703431,3.011498555
0.2453,-1.083518219,1.079482379,4.156410643,-4.145263226,-3.067500915,3.071172355
0.24535,-1.143752545,1.139809861,4.276991929,-4.265709444,-3.127796607,3.13134236
0.2454,-1.206087004,1.202241922,4.40008668,-4.388664809,-3.188502256,3.191920306
0.24545,-1.270536878,1.266793992,4.525624133,-4.51405847,-3.249531705,3.252820027
0.2455,-1.337115012,1.33347907,4.653533199,-4.641819256,-3.310800905,3.313957467
0.24555,-1.405831872,1.402307773,4.783742527,-4.771875739,-3.372227927,3.375250694
0.2456,-1.476695597,1.47328839,4.91618057,-4.904156296,-3.433732971,3.436619908
0.24565,-1.549712049,1.546426937,5.050775644,-5.03858917,-3.495238377,3.497987451
0.2457,-1.603864098,1.600706012,5.098011069,-5.085742327,-3.494893132,3.497502704
0.24575,-1.606346095,1.603316379,5.034652013,-5.022410378,-3.422452116,3.424924478
0.2458,-1.614313022,1.611412131,4.973138872,-4.960924283,-3.353055568,3.35539381
0.24585,-1.625747683,1.622976102,4.916728349,-4.904540746,-3.285224712,3.287431752
0.2459,-1.637890032,1.635248301,4.864724323,-4.852563647,-3.221091087,3.223169695
0.24595,-1.65003143,1.64752016,4.816920899,-4.80478709,-3.161157367,3.163110177
0.246,-1.662851422,1.660471287,4.773387056,-4.761280056,-3.104813021,3.106642526
0.24605,-1.638214492,1.635966155,4.675620022,-4.66353977,-3.025109357,3.026768385
0.2461,-1.633937553,1.631819211,4.51195431,-4.499900747,-2.872400457,2.873832304
0.24615,-1.616646965,1.614656426,4.356187439,-4.344160507,-2.733914414,2.735129909
0.2462,-1.590051636,1.588186871,4.207186757,-4.195186397,-2.611562584,2.612572054
0.24625,-1.565091731,1.563350777,4.066694698,-4.054720851,-2.496079933,2.496893107
0.2463,-1.544432305,1.542813246,3.934951998,-3.923004604,-2.385042525,2.385668525
0.24635,-1.525586089,1.524087098,3.811465178,-3.79954418,-2.280444389,2.280891781
0.2464,-1.507363721,1.505983088,3.69598,-3.684085339,-2.183220854,2.183497676
0.24645,-1.490413515,1.489149656,3.588484083,-3.5766157,-2.092711417,2.092825195
0.2465,-1.475381765,1.47423322,3.488945107,-3.477102946,-2.008237652,2.008195416
0.24655,-1.462357517,1.461322967,3.397260915,-3.385444917,-1.929608524,1.929416824
0.2466,-1.451316959,1.450395234,3.313319707,-3.301529814,-1.8567362,1.856401127
0.24665,-1.442378131,1.441568223,3.237023013,-3.225259167,-1.789404311,1.788931515
0.2467,-1.435714088,1.435015158,3.168273794,-3.156535937,-1.727342887,1.726737599
0.24675,-1.431460251,1.43087164,3.10696896,-3.095257035,-1.670313529,1.669580575
0.2468,-1.429724502,1.429245736,3.053001364,-3.041315314,-1.61810131,1.617245129
0.24685,-1.43061666,1.430247463,3.006261877,-2.994601646,-1.570487368,1.569512033
0.2469,-1.434250059,1.433990359,2.966639176,-2.955004705,-1.527247114,1.526156348
0.24695,-1.440732835,1.440582773,2.934019297,-2.92241053,-1.488158513,1.486955705
0.247,-1.450166066,1.450126001,2.908285727,-2.896702607,-1.45300402,1.451692247
0.24705,-1.462646027,1.462716547,2.889319565,-2.877762035,-1.421568494,1.420150532
0.2471,-1.478264995,1.478446919,2.876999582,-2.865467586,-1.393638454,1.3921168
0.24715,-1.497110616,1.497405003,2.87120228,-2.859695761,-1.369002767,1.367379655
0.2472,-1.519265521,1.519673677,2.871801979,-2.860320881,-1.347453124,1.345730538
0.24725,-1.544807419,1.5453309,2.878670911,-2.867215178,-1.328784037,1.326963731
0.2473,-1.573809182,1.574449801,2.89167931,-2.880248886,-1.31279285,1.310876364
0.24735,-1.606338794,1.607098625,2.910695515,-2.899290343,-1.299279883,1.297268555
0.2474,-1.642459302,1.643340684,2.935586069,-2.924206095,-1.288048595,1.285943581
0.24745,-1.68222881,1.683234352,2.966215839,-2.954861006,-1.278905698,1.276707984
0.2475,-1.725700488,1.726833073,3.002448123,-2.991118377,-1.271661261,1.269371679
0.24755,-1.772922583,1.774185369,3.044144775,-3.032840059,-1.266128818,1.263748063
0.2476,-1.823938432,1.825334859,3.091166319,-3.079886578,-1.262125484,1.259654122
0.24765,-1.878786485,1.880320272,3.143372083,-3.132117263,-1.259472049,1.256910539
0.2477,-1.937500336,1.939175486,3.200620322,-3.189390367,-1.257993082,1.255341785
0.24775,-2.000108761,2.001929566,3.262768352,-3.251563208,-1.257517021,1.254776213
0.2478,-2.066635768,2.068606804,3.32967268,-3.31849229,-1.257876256,1.255046142
0.24785,-2.137100647,2.13922678,3.401189137,-3.390033449,-1.258907214,1.255987944
0.2479,-2.211518032,2.213804417,3.47717302,-3.466041979,-1.260450437,1.257442113
0.24795,-2.289897966,2.292350046,3.55747922,-3.546372771,-1.262350644,1.259253335
0.248,-2.372245977,2.374869484,3.641962363,-3.630880451,-1.2644568,1.261270552
0.24805,-2.458563156,2.461364112,3.730476944,-3.719419515,-1.26662217,1.263347021
0.2481,-2.548846242,2.551830956,3.822877463,-3.811844464,-1.268704371,1.265340358
0.24815,-2.643087714,2.646262784,3.919018563,-3.90800994,-1.270565416,1.267112588
0.2482,-2.741275889,2.744648197,4.018755157,-4.007770856,-1.272071749,1.268530177
0.24825,-2.843395021,2.846971733,4.121942567,-4.110982534,-1.273094281,1.269464065
0.2483,-2.949425407,2.953213972,4.228436648,-4.21750083,-1.273508407,1.269789691
0.24835,-3.059343499,3.063351645,4.33809392,-4.327182263,-1.273194032,1.269387008
0.2484,-3.173122016,3.17735775,4.450771692,-4.439884143,-1.272035575,1.268140494
0.24845,-3.290730066,3.295201667,4.566328183,-4.555464689,-1.269921978,1.265939161
0.2485,-3.41213326,3.416849281,4.684622642,-4.673783151,-1.266746706,1.262676547
0.24855,-3.537293843,3.542263104,4.805515467,-4.794699926,-1.262407734,1.258250712
0.2486,-3.627185526,3.632356751,4.863322049,-4.852530404,-1.223670454,1.219427173
0.24865,-3.633413245,3.63871066,4.84723934,-4.836471539,-1.207968624,1.203641672
0.2487,-3.646570689,3.651994671,4.833400285,-4.822656274,-1.180893807,1.176486015
0.24875,-3.668884532,3.674435512,4.820320858,-4.809600586,-1.145488112,1.141002135
0.2488,-3.693607108,3.699285613,4.81062995,-4.799933364,-1.111060509,1.106498937
0.24885,-3.718953404,3.724760071,4.805038456,-4.794365504,-1.080106976,1.075472363
0.2489,-3.678872995,3.684808145,4.719220383,-4.708649273,-1.040997371,1.03629255
0.24895,-3.564455961,3.570515755,4.528934892,-4.518562583,-0.958580566,0.953810725
0.249,-3.45270384,3.458883586,4.344753626,-4.334572581,-0.886284163,0.881454848
0.24905,-3.342206874,3.34850207,4.170025674,-4.160028665,-0.822114463,0.817230939
0.2491,-3.235870978,3.242277289,4.003224971,-3.993405089,-0.761707283,0.75677451
0.24915,-3.134549564,3.141062815,3.843769229,-3.834119882,-0.703627049,0.698649683
0.2492,-3.037637536,3.044253721,3.691828055,-3.682342957,-0.648648668,0.643631086
0.24925,-2.94476152,2.951476803,3.547476793,-3.538149958,-0.597221055,0.592167372
0.2493,-2.85603728,2.862847994,3.410529586,-3.401355322,-0.549042774,0.543956859
0.24935,-2.77162394,2.778526589,3.280767818,-3.271740723,-0.503736264,0.498621747
0.2494,-2.691542799,2.698534056,3.158047813,-3.149162768,-0.461136719,0.455997006
0.24945,-2.61577089,2.622847599,3.042252604,-3.033504765,-0.421150298,0.415988582
0.2495,-2.544315215,2.551474391,2.933247179,-2.924631975,-0.383635137,0.378454411
0.24955,-2.477199681,2.48443851,2.830884518,-2.82239764,-0.348420448,0.343223519
0.2496,-2.414440263,2.421756102,2.735021011,-2.726658413,-0.31534678,0.31013628
0.24965,-2.356044286,2.363434664,2.645517478,-2.637275363,-0.284267747,0.279046143
0.2497,-2.302017701,2.309480316,2.562234474,-2.554109295,-0.255038071,0.24980768
0.24975,-2.252366482,2.259899205,2.485031195,-2.477019645,-0.227511078,0.222274076
0.2498,-2.207094643,2.214695516,2.413766798,-2.405865805,-0.201542005,0.196300439
0.24985,-2.166203486,2.17387072,2.348300985,-2.340507708,-0.176989344,0.171745143
0.2499,-2.129692057,2.137424034,2.288493712,-2.280805533,-0.153714084,0.148469071
0.24995,-2.097557408,2.105352679,2.23420499,-2.226619509,-0.131579255,0.126335156
0.25,-2.069794482,2.077651768,2.185294998,-2.177810027,-0.110450159,0.105208616
0.25005,-2.046395998,2.054314189,2.141624199,-2.134237756,-0.090194595,0.084957173
0.2501,-2.027352464,2.035330617,2.103053364,-2.095763669,-0.070682877,0.065451076
0.25015,-2.012652203,2.020689542,2.069443591,-2.062249058,-0.051787818,0.046563085
0.2502,-2.002281349,2.010377264,2.040656347,-2.033555579,-0.033384789,0.028168523
0.25025,-1.996223837,2.004377885,2.016553523,-2.009545308,-0.015351772,0.010145336
0.2503,-1.994464211,2.002676111,1.996994655,-1.990077958,0.002426162,-0.007623934
0.25035,-1.996973428,2.005243065,1.981851178,-1.975025135,0.020077385,-0.025262674
0.2504,-2.003737895,2.012065315,1.970977565,-1.964241481,0.03770634,-0.042877827
0.25045,-2.014729082,2.023114491,1.964241716,-1.957595056,0.055425213,-0.060581588
0.2505,-2.029920767,2.038364531,1.961507668,-1.954950054,0.073343815,-0.078483761
0.25055,-2.049283973,2.057786615,1.962640849,-1.956172052,0.091567752,-0.096689935
0.2506,-2.072787392,2.081349593,1.967507748,-1.961127684,0.110199245,-0.115302308
0.25065,-2.100397827,2.109020424,1.975975508,-1.969684232,0.129337979,-0.134420533
0.2507,-2.132080135,2.140764117,1.987912067,-1.98170977,0.149080899,-0.154141516
0.25075,-2.167797132,2.176543639,2.003186366,-1.997073367,0.169521916,-0.174559122
0.2508,-2.207509642,2.216319966,2.02166839,-2.015645131,0.190751909,-0.195764178
0.25085,-2.251176582,2.26005216,2.043229178,-2.03729622,0.212858799,-0.217844545
0.2509,-2.298754996,2.307697415,2.067740878,-2.061898895,0.235927534,-0.240885103
0.25095,-2.350200094,2.359211082,2.095076822,-2.089326596,0.260040045,-0.264967713
0.251,-2.405465295,2.414546724,2.125111575,-2.119453992,0.285275244,-0.290171208
0.25105,-2.464502281,2.473656162,2.157720992,-2.152157036,0.31170902,-0.316571393
0.2511,-2.52726105,2.536489531,2.192782272,-2.187313019,0.339414242,-0.344241048
0.25115,-2.593689966,2.602995334,2.230174004,-2.224800621,0.368460754,-0.373249921
0.2512,-2.663735819,2.673120491,2.269776229,-2.264499966,0.398915378,-0.403664737
0.25125,-2.737343879,2.746810403,2.311470487,-2.306292671,0.430841924,-0.4355492
0.2513,-2.814457955,2.82400901,2.355139862,-2.350061897,0.464301198,-0.468964007
0.25135,-2.895020458,2.904658847,2.40066904,-2.395692397,0.499351012,-0.503966857
0.2514,-2.978972461,2.988701113,2.447944344,-2.443070562,0.536046201,-0.540612468
0.25145,-3.066253765,3.076075728,2.49685379,-2.492084467,0.57443864,-0.578952596
0.2515,-3.156802958,3.166721399,2.547287122,-2.542623914,0.614577268,-0.619036052
0.25155,-3.250557485,3.260575686,2.599135858,-2.594580473,0.656508107,-0.660908733
0.2516,-3.34745371,3.357575069,2.652293328,-2.647847521,0.70027429,-0.70461364
0.25165,-3.447426987,3.457655011,2.706654713,-2.702320284,0.745916089,-0.750190911
0.2517,-3.550411723,3.560750027,2.762117078,-2.757895866,0.79347095,-0.797677856
0.25175,-3.656341447,3.666793751,2.818579407,-2.814473287,0.84297352,-0.847108984
0.2518,-3.765148877,3.775719004,2.875942634,-2.871953514,0.894455689,-0.898516043
0.25185,-3.876765988,3.88745786,2.934109673,-2.93023949,0.947946627,-0.951928058
0.2519,-3.991124081,4.001941717,2.992985446,-2.989236158,1.00347282,-1.007371374
0.25195,-4.108153847,4.11910136,3.052476901,-3.04885049,1.061058121,-1.064869695
0.252,-4.227785437,4.238867031,3.112493044,-3.108991509,1.120723786,-1.12444413
0.25205,-4.349948528,4.361168495,3.172944951,-3.169570304,1.182488526,-1.186113241
0.2521,-4.474572386,4.485935105,3.233745791,-3.230500056,1.246368553,-1.24989309
0.25215,-4.601585939,4.613095868,3.294810839,-3.291696045,1.312377632,-1.31579729
0.2522,-4.730917832,4.742579513,3.356057489,-3.353075672,1.380527128,-1.383837056
0.25225,-4.862496499,4.874314548,3.417405267,-3.41455846,1.450826063,-1.454021258
0.2523,-4.996250221,5.008229329,3.478775834,-3.476066073,1.523281168,-1.526356474
0.25235,-5.042854776,5.054915693,3.478161915,-3.475590841,1.577139866,-1.580090396
0.2524,-4.979041761,4.991076031,3.405397503,-3.402962818,1.57945486,-1.582279288
0.25245,-4.917100581,4.929108263,3.33566529,-3.333363897,1.587296575,-1.589994458
0.2525,-4.860283079,4.872264231,3.267496927,-3.265325903,1.598632383,-1.60120325
0.25255,-4.807876134,4.819830816,3.203058969,-3.201015537,1.610650132,-1.613093457
0.2526,-4.759672412,4.771600682,3.142853683,-3.140935208,1.62264008,-1.624955268
0.25265,-4.715746223,4.727648139,3.086256898,-3.084460881,1.635300669,-1.63748706
0.2527,-4.617423884,4.629299503,3.006052394,-3.004425667,1.610543487,-1.612600436
0.25275,-4.453120917,4.464970299,2.852659396,-2.851258193,1.606189387,-1.608118709
0.2528,-4.296683548,4.308506751,2.713567094,-2.712380558,1.588719255,-1.590523161
0.25285,-4.146993386,4.158790467,2.590648732,-2.589666507,1.561894038,-1.563574569
0.2529,-4.005829692,4.01760071,2.474593907,-2.473806239,1.536735559,-1.538294697
0.25295,-3.873432854,3.885177866,2.363015918,-2.362413663,1.515870728,-1.517310411
0.253,-3.749297795,3.761016858,2.257943111,-2.257517683,1.49676589,-1.498087968
0.25305,-3.63317007,3.644863242,2.160297942,-2.160041286,1.478243939,-1.479450144
0.2531,-3.525042159,3.536709497,2.069400081,-2.069304655,1.460977488,-1.462069433
0.25315,-3.424883429,3.436524991,1.984571714,-1.984630476,1.44561353,-1.4465927
0.2532,-3.332591315,3.344207157,1.905629474,-1.905835866,1.432232693,-1.433100439
0.25325,-3.248054323,3.259644502,1.832486044,-1.832833967,1.420810646,-1.421568167
0.2533,-3.171175025,3.182739598,1.764921361,-1.765405158,1.411469884,-1.41211822
0.25335,-3.101857292,3.113396315,1.702663765,-1.703278206,1.404385806,-1.40492583
0.2534,-3.039998681,3.051512211,1.645475116,-1.646215375,1.399693997,-1.400126405
0.25345,-2.985492676,2.99698077,1.593140307,-1.594001947,1.397502946,-1.397828246
0.2535,-2.938230824,2.949693537,1.545439488,-1.546418442,1.397923962,-1.398142468
0.25355,-2.898102458,2.909539847,1.502147098,-1.50323965,1.401071868,-1.401183689
0.2536,-2.864994236,2.876406356,1.463040397,-1.464243167,1.407055996,-1.407061032
0.25365,-2.838790234,2.850177142,1.427901163,-1.429211088,1.415978597,-1.415876528
0.2537,-2.819372116,2.830733867,1.396513461,-1.397927777,1.427937231,-1.427727513
0.25375,-2.80661919,2.81795584,1.368662978,-1.370179207,1.443025496,-1.442707349
0.2538,-2.800408469,2.811720073,1.344137771,-1.345753697,1.461332333,-1.46090474
0.25385,-2.800614752,2.811901365,1.322728717,-1.324442376,1.482941662,-1.482403361
0.2539,-2.807110718,2.818372396,1.304229495,-1.306039157,1.507932492,-1.50728197
0.25395,-2.819767019,2.831003817,1.2884366,-1.290340751,1.536378998,-1.535614487
0.254,-2.838452376,2.849664349,1.275149497,-1.277146824,1.568350467,-1.567469936
0.25405,-2.863033687,2.874220889,1.264170781,-1.266260158,1.60391124,-1.602912395
0.2541,-2.893376135,2.904538621,1.255306292,-1.257486764,1.643120712,-1.642000987
0.25415,-2.929343305,2.94048113,1.248365221,-1.250635987,1.686033334,-1.684789893
0.2542,-2.9707973,2.981910518,1.243160218,-1.24552062,1.732698626,-1.731328354
0.25425,-3.017598863,3.02868753,1.239507507,-1.241957011,1.783161186,-1.781660689
0.2543,-3.069607506,3.080671675,1.237226987,-1.239765175,1.837460708,-1.835826311
0.25435,-3.126681634,3.137721358,1.236142333,-1.238768882,1.895632018,-1.89385976
0.2544,-3.188678676,3.19969401,1.236081084,-1.238795758,1.957705104,-1.95579074
0.25445,-3.255455222,3.26644622,1.236874736,-1.239677372,2.023705169,-2.021644165
0.2545,-3.326867154,3.337833869,1.238358823,-1.241249315,2.093652675,-2.091440208
0.25455,-3.402769781,3.413712268,1.240372993,-1.243351284,2.167563407,-2.165194365
0.2546,-3.48301798,3.493936291,1.242761077,-1.245827143,2.245448533,-2.242917516
0.25465,-3.567466326,3.578360515,1.245371158,-1.248524999,2.327314684,-2.324616
0.2547,-3.655969235,3.666839355,1.248055623,-1.251297251,2.413164023,-2.410291692
0.25475,-3.748381097,3.759227201,1.250671222,-1.254000648,2.502994338,-2.49994209
0.2548,-3.844556413,3.855378554,1.253079106,-1.256496331,2.596799125,-2.593560403
0.25485,-3.944349927,3.955148158,1.25514487,-1.258649875,2.69456769,-2.691135649
0.2549,-4.047616761,4.058391135,1.256738583,-1.260331319,2.796285241,-2.792652754
0.25495,-4.154212548,4.164963117,1.257734815,-1.261415191,2.901933003,-2.898092656
0.255,-4.263993554,4.274720371,1.258012655,-1.261780531,3.011488318,-3.00743242
0.25505,-4.376816811,4.387519928,1.257455723,-1.261310902,3.124924768,-3.120645347
0.2551,-4.492540239,4.503219708,1.255952178,-1.259894394,3.242212283,-3.237701092
0.25515,-4.611022761,4.621678635,1.253394714,-1.257423626,3.363317268,-3.358565788
0.2552,-4.732124429,4.742756759,1.249680555,-1.253795742,3.488202724,-3.483202166
0.25525,-4.790241189,4.800850028,1.211412951,-1.215613862,3.578025542,-3.572826313
0.2553,-4.774549676,4.785135075,1.196196118,-1.200480201,3.584177522,-3.578854232
0.25535,-4.761076114,4.771638125,1.169443208,-1.173807667,3.59739986,-3.591952129
0.2554,-4.748357329,4.758896003,1.134285461,-1.138727676,3.619850823,-3.614278218
0.25545,-4.739062814,4.749578203,1.100220898,-1.104738313,3.644634334,-3.638936326
0.2555,-4.733885928,4.744378084,1.069695125,-1.074285219,3.669998285,-3.664174236
0.25555,-4.732127461,4.742596434,1.040529004,-1.045189308,3.697422631,-3.691471807
0.2556,-4.65005038,4.660418947,1.002360774,-1.007088557,3.660099706,-3.654021692
0.25565,-4.463761705,4.473934079,0.921295906,-0.926086132,3.548190362,-3.541988916
0.2557,-4.28370646,4.293690022,0.850847838,-0.85569511,3.438587016,-3.432266749
0.25575,-4.113096778,4.122898602,0.788589295,-0.793488491,3.330176135,-3.323741467
0.2558,-3.950284034,3.959910878,0.729846932,-0.734793227,3.226049783,-3.219504968
0.25585,-3.794703001,3.804161311,0.67325806,-0.678246928,3.127005097,-3.120354226
0.2559,-3.646568966,3.655864883,0.619718329,-0.624745516,3.032361504,-3.025608501
0.25595,-3.505961381,3.515100749,0.569679343,-0.574740847,2.941746662,-2.934895278
0.256,-3.372679823,3.381668194,0.522800919,-0.52789298,2.855300151,-2.848353968
0.25605,-3.246501388,3.25534403,0.478697446,-0.483816534,2.773184504,-2.766146935
0.2561,-3.127286488,3.135988389,0.437216038,-0.442358842,2.695412855,-2.688287142
0.25615,-3.014920396,3.02348627,0.398268608,-0.403432022,2.621958412,-2.614747624
0.2562,-2.909267187,2.917701478,0.361711401,-0.366892512,2.552828857,-2.545535894
0.25625,-2.810178988,2.818485881,0.327372429,-0.332568504,2.488048173,-2.480675762
0.2563,-2.717512407,2.72569583,0.295093687,-0.300302161,2.427630845,-2.420181544
0.25635,-2.631128644,2.639192276,0.264730506,-0.269948973,2.371582623,-2.364058817
0.2564,-2.550888325,2.558835599,0.236138573,-0.241364772,2.319908338,-2.312312241
0.25645,-2.476650625,2.484484738,0.209172029,-0.214403831,2.272612923,-2.264946579
0.2565,-2.408274791,2.415998705,0.183687202,-0.188922603,2.229699205,-2.221964485
0.25655,-2.345620676,2.353237129,0.159543809,-0.164780916,2.191167237,-2.183365843
0.2566,-2.288548381,2.296059888,0.136604051,-0.141841072,2.15701484,-2.149148305
0.25665,-2.236918066,2.244326928,0.11473218,-0.119967413,2.127237858,-2.119307543
0.2567,-2.190590083,2.197898393,0.093794772,-0.099026595,2.101830005,-2.093837104
0.25675,-2.149425101,2.156634747,0.073660958,-0.07888782,2.080782766,-2.072728303
0.2568,-2.113284117,2.12039679,0.054202423,-0.05942283,2.06408541,-2.055970244
0.25685,-2.082028479,2.089045679,0.035293386,-0.040505897,2.051725027,-2.043549848
0.2569,-2.055519932,2.062442971,0.016810662,-0.022013875,2.043686517,-2.035451849
0.25695,-2.033620672,2.040450683,-0.00134402,-0.003821096,2.039952587,-2.031658791
0.257,-2.016193627,2.022931567,-0.019356954,0.014170835,2.040503441,-2.032150712
0.25705,-2.003101757,2.009748413,-0.037273246,0.032100494,2.045317763,-2.036906135
0.2571,-1.994208251,2.000764248,-0.055229823,0.050071769,2.054372374,-2.045901718
0.25715,-1.989378769,1.995844573,-0.073334566,0.068192546,2.067640212,-2.059110241
0.2572,-1.988478235,1.994854158,-0.091694735,0.086570098,2.08509348,-2.076503747
0.25725,-1.991372319,1.997658528,-0.110414734,0.105308847,2.106702263,-2.098052164
0.2573,-1.997927869,2.004124386,-0.12959538,0.124509639,2.13243425,-2.123723024
0.25735,-2.008012639,2.014119352,-0.149334513,0.144270351,2.162255062,-2.153481794
0.2574,-2.021495207,2.027511871,-0.169727229,0.16468612,2.196128401,-2.187292025
0.25745,-2.038245112,2.044171357,-0.190865693,0.18584916,2.234016011,-2.225115311
0.2575,-2.05813297,2.063968305,-0.212839027,0.207848652,2.275877673,-2.266911281
0.25755,-2.081030502,2.086774319,-0.235733344,0.23077077,2.321671266,-2.312637669
0.2576,-2.106810574,2.112462156,-0.259631756,0.254698697,2.371352823,-2.362250362
0.25765,-2.135347259,2.140905784,-0.284614368,0.279712612,2.424876574,-2.415703449
0.2577,-2.166515898,2.171980441,-0.310758248,0.305889665,2.482194992,-2.472949259
0.25775,-2.200193149,2.205562692,-0.338137436,0.333303982,2.543258841,-2.533938419
0.2578,-2.236257047,2.241530479,-0.366822943,0.362026667,2.608017231,-2.598619904
0.25785,-2.274587046,2.279763172,-0.396882751,0.392125798,2.676417677,-2.666941091
0.2579,-2.315064082,2.320141625,-0.42838182,0.423666439,2.748406148,-2.738847819
0.25795,-2.357570614,2.36254822,-0.461382099,0.456710644,2.823927132,-2.814284446
0.258,-2.401990677,2.406866921,-0.495942532,0.491317468,2.902923691,-2.893193908
0.25805,-2.448209929,2.452983318,-0.532119075,0.527542983,2.985337526,-2.97551778
0.2581,-2.496115696,2.500784674,-0.569964715,0.565440294,3.071109038,-3.061196341
0.25815,-2.545597015,2.550159968,-0.609529486,0.605059558,3.160177391,-3.150168635
0.2582,-2.596544678,2.600999937,-0.650860494,0.646448008,3.252480579,-3.242372539
0.25825,-2.648851272,2.653197119,-0.694001944,0.689649977,3.347955487,-3.337744825
0.2583,-2.702411215,2.706645885,-0.738995164,0.734706925,3.446537963,-3.436221227
0.25835,-2.757120797,2.761242484,-0.785878638,0.781657473,3.548162881,-3.537736511
0.2584,-2.812878208,2.81688507,-0.834688039,0.830537429,3.652764208,-3.642224538
0.25845,-2.869583578,2.873473735,-0.885456263,0.881379831,3.760275073,-3.749618333
0.2585,-2.927138998,2.930910543,-0.938213469,0.934214978,3.870627834,-3.859850153
0.25855,-2.985448555,2.989099554,-0.992987116,0.989070475,3.983754145,-3.972851555
0.2586,-3.044418355,3.047946852,-1.049802009,1.045971271,4.099585025,-4.088553462
0.25865,-3.103956547,3.107360565,-1.108680338,1.104939703,4.218050923,-4.20688623
0.2587,-3.16397334,3.167250889,-1.169641728,1.165995544,4.339081785,-4.327779716
0.25875,-3.224381028,3.227530104,-1.232703285,1.22915605,4.462607122,-4.451163345
0.2588,-3.285094002,3.288112593,-1.297879645,1.294436007,4.588556074,-4.576966174
0.25885,-3.346028766,3.348914853,-1.365183027,1.361847784,4.716857476,-4.705116955
0.2589,-3.407103947,3.409855511,-1.434623283,1.431401386,4.847439922,-4.835544205
0.25895,-3.468240306,3.470855327,-1.506207953,1.503104504,4.980231826,-4.968176264
0.259,-3.529360746,3.531837208,-1.57994232,1.576962572,5.115161488,-5.102941359
0.25905,-3.528778611,3.531114889,-1.634534773,1.631683706,5.162601569,-5.150297862
0.2591,-3.456167467,3.458365861,-1.637325807,1.634604785,5.099381883,-5.087105359
0.25915,-3.386627432,3.388691039,-1.645552265,1.642961758,5.037985259,-5.025735859
0.2592,-3.318666549,3.320598293,-1.657215646,1.654756154,4.981673913,-4.969451576
0.25925,-3.254376647,3.256179307,-1.669613557,1.667285635,4.929769667,-4.917574334
0.2593,-3.194261699,3.195937915,-1.682037146,1.679841422,4.882067713,-4.869899324
0.25935,-3.110644946,3.11214626,-1.656826805,1.654763893,4.779812406,-4.767670901
0.2594,-2.953832984,2.955101126,-1.652046695,1.650114773,4.611537895,-4.599423215
0.25945,-2.811073138,2.812119278,-1.63446584,1.632662689,4.451204545,-4.43911663
0.2595,-2.684463379,2.685298175,-1.607572579,1.60589614,4.297645745,-4.285584536
0.25955,-2.564961519,2.56559502,-1.582099348,1.580547619,4.152619034,-4.140584472
0.2596,-2.450089061,2.450530702,-1.560792742,1.559363763,4.016392121,-4.004384148
0.25965,-2.341745362,2.342004007,-1.541263773,1.539955669,3.888475127,-3.876493684
0.2597,-2.240872884,2.240956864,-1.522308029,1.521119033,3.768605892,-3.756650919
0.25975,-2.146847559,2.14676468,-1.504535744,1.50346421,3.656770377,-3.644841816
0.2598,-2.058993743,2.058751305,-1.488594311,1.487638714,3.55294014,-3.541037932
0.25985,-1.977107031,1.976711845,-1.474588959,1.473747905,3.457015826,-3.445139914
0.2599,-1.901095676,1.900554082,-1.462500599,1.461772842,3.368886436,-3.357036762
0.25995,-1.830746569,1.830064459,-1.452444847,1.451829295,3.288454333,-3.276630838
0.26,-1.765790778,1.764973614,-1.44459519,1.444090916,3.215623936,-3.203826562
0.26005,-1.70598805,1.705040877,-1.439090431,1.438696682,3.150293675,-3.138522365
0.2601,-1.65112184,1.650049311,-1.4360414,1.435757605,3.09235773,-3.080612426
0.26015,-1.600972603,1.599778992,-1.435559882,1.435385664,3.041708248,-3.029988893
0.2602,-1.555315045,1.554004266,-1.437761232,1.437696412,2.998235209,-2.986541746
0.26025,-1.513926034,1.512501662,-1.442755981,1.442800589,2.961825948,-2.950158318
0.2603,-1.476586808,1.475052091,-1.450647687,1.450801967,2.932365203,-2.92072335
0.26035,-1.443081033,1.441438914,-1.46153504,1.461799462,2.909735291,-2.898119159
0.2604,-1.413194,1.411447132,-1.475512739,1.475888001,2.893816171,-2.882225702
0.26045,-1.386713259,1.384864021,-1.492670905,1.493157941,2.884485495,-2.872920632
0.2605,-1.363429099,1.361479614,-1.513094682,1.513694669,2.881618689,-2.870079376
0.26055,-1.343134572,1.341086724,-1.536864307,1.537578671,2.885089046,-2.873575227
0.2606,-1.325625502,1.323480951,-1.564055188,1.564885608,2.894767815,-2.883279433
0.26065,-1.310700626,1.308460823,-1.594737864,1.595686276,2.910524295,-2.899061294
0.2607,-1.298161752,1.295827957,-1.628977944,1.63004655,2.93222594,-2.920788263
0.26075,-1.287813883,1.285387179,-1.666836097,1.668027366,2.959738466,-2.948326059
0.2608,-1.279465321,1.276946627,-1.708368062,1.709684732,2.992925968,-2.981538774
0.26085,-1.272927774,1.270317866,-1.753624648,1.755069733,3.031651029,-3.020288992
0.2609,-1.268016476,1.265315994,-1.802651747,1.80422854,3.075774846,-3.064437911
0.26095,-1.264550286,1.261759753,-1.85549035,1.857202424,3.125157351,-3.113845463
0.261,-1.262351789,1.259471624,-1.91217658,1.914027789,3.17965734,-3.168370443
0.26105,-1.261247392,1.258277923,-1.97274172,1.974736206,3.239132601,-3.22787064
0.2611,-1.26106741,1.258008887,-2.037212262,2.039354451,3.303440045,-3.292202965
0.26115,-1.261646156,1.258498763,-2.105609952,2.107904558,3.372435842,-3.361223588
0.2612,-1.262822012,1.259585884,-2.177951849,2.180403876,3.445975552,-3.434788069
0.26125,-1.264437508,1.261112737,-2.254250388,2.256865127,3.523914264,-3.512751498
0.2613,-1.266339385,1.262926036,-2.33451345,2.337296483,3.606106729,-3.594968626
0.26135,-1.268378654,1.264876777,-2.418744439,2.421701634,3.6924075,-3.681294004
0.2614,-1.270410654,1.266820292,-2.506942361,2.510079879,3.782671064,-3.771582122
0.26145,-1.272295096,1.268616297,-2.599101919,2.602426204,3.876751979,-3.865687536
0.2615,-1.273896102,1.270128932,-2.6952136,2.698731385,3.974505008,-3.963465011
0.26155,-1.275082246,1.271226795,-2.795263777,2.798982081,4.075785253,-4.064769647
0.2616,-1.275726575,1.271782971,-2.899234815,2.903160936,4.180448282,-4.169457014
0.26165,-1.275706632,1.271675047,-3.007105171,3.011246692,4.288350264,-4.277383279
0.2617,-1.274904475,1.270785135,-3.118849517,3.123214296,4.399348089,-4.388405335
0.26175,-1.273206679,1.268999873,-3.234438845,3.23903502,4.513299497,-4.50238092
0.2618,-1.270504339,1.26621043,-3.353840595,3.358676574,4.630063197,-4.619168743
0.26185,-1.266693072,1.262312498,-3.477018774,3.482103236,4.749498982,-4.738628598
0.2619,-1.228228381,1.223761707,-3.565474302,3.570756851,4.806140078,-4.795293712
0.26195,-1.212724343,1.208174146,-3.570522587,3.575928716,4.789074435,-4.778252034
0.262,-1.185750563,1.181119668,-3.582639858,3.588169913,4.774294934,-4.763496444
0.26205,-1.150408592,1.145699644,-3.604002265,3.609656643,4.760326464,-4.749551833
0.2621,-1.116146837,1.111362413,-3.627726527,3.633505723,4.749801736,-4.739050911
0.26215,-1.085435776,1.080578416,-3.652036768,3.657941385,4.743415281,-4.732688209
0.2622,-1.056126979,1.05119917,-3.678396308,3.684427046,4.740482009,-4.729778639
0.26225,-1.017573648,1.012578138,-3.640116298,3.646273538,4.657021358,-4.646418861
0.2623,-0.936012915,0.930954787,-3.527298098,3.533578053,4.469192133,-4.458786189
0.26235,-0.865037896,0.859922593,-3.416810092,3.423208126,4.287597652,-4.277380826
0.2624,-0.80224228,0.797074968,-3.307525378,3.314037043,4.115457247,-4.105422414
0.26245,-0.743015022,0.737800568,-3.202504924,3.209125937,3.95115305,-3.941293401
0.2625,-0.685993762,0.680736731,-3.102549096,3.109275339,3.794122944,-3.784431984
0.26255,-0.632051589,0.626756269,-3.006990177,3.013817697,3.644572097,-3.635043636
0.2626,-0.581636623,0.576307049,-2.915456956,2.922381972,3.502577227,-3.493205373
0.26265,-0.534416129,0.529056092,-2.828084958,2.835103858,3.367940942,-3.358720096
0.2627,-0.490006822,0.484619876,-2.745036147,2.752145489,3.240441742,-3.231366592
0.26275,-0.448253409,0.44284289,-2.666325537,2.673522051,3.119939187,-3.111004701
0.2628,-0.409066375,0.403635409,-2.591927417,2.599208001,3.00631789,-2.997519312
0.26285,-0.372302292,0.366853812,-2.521849578,2.529211303,2.899442071,-2.890774914
0.2629,-0.337789417,0.33232617,-2.456116234,2.46355634,2.799164062,-2.7906241
0.26295,-0.305369346,0.299893909,-2.394742459,2.40225836,2.705340404,-2.69692367
0.263,-0.274896907,0.269411697,-2.337734613,2.345323892,2.617832166,-2.609534944
0.26305,-0.246227442,0.240734727,-2.285098038,2.292758449,2.536499919,-2.528318738
0.2631,-0.219214771,0.213716684,-2.236838158,2.244567627,2.461202806,-2.453134434
0.26315,-0.193714817,0.188213365,-2.192958329,2.200754952,2.391800012,-2.383841451
0.2632,-0.16958684,0.164083916,-2.153459149,2.161321194,2.328151309,-2.32029979
0.26325,-0.146692571,0.141189964,-2.118338981,2.126264883,2.270116713,-2.262369686
0.2633,-0.124895768,0.119395175,-2.087594205,2.095582571,2.217556293,-2.209911426
0.26335,-0.10406249,0.098565525,-2.061219077,2.069268683,2.170330301,-2.162785474
0.2634,-0.084061317,0.078569522,-2.039205626,2.047315414,2.128299292,-2.120852586
0.26345,-0.064763354,0.05927821,-2.021543665,2.029712747,2.091324139,-2.083973836
0.2635,-0.046042224,0.040565158,-2.008220824,2.016448479,2.059266055,-2.05201063
0.26355,-0.027774114,0.022306513,-1.999222544,2.007508215,2.031986636,-2.02482475
0.2636,-0.009837842,0.004381058,-1.994532068,2.002875365,2.009347917,-2.002278416
0.26365,0.007878085,-0.013343666,-1.994134263,2.002534959,1.991208516,-1.984230419
0.2637,0.025500594,-0.030952669,-1.997996718,2.006454749,1.977442876,-1.970555373
0.26375,0.043139544,-0.048576806,-2.006106227,2.01462169,1.967904559,-1.961107007
0.2638,0.060907221,-0.06632836,-2.018436126,2.027009281,1.962458956,-1.955750869
0.26385,0.07890792,-0.084311617,-2.034957313,2.043588576,1.960972652,-1.9543537
0.2639,0.097245597,-0.102630512,-2.055639809,2.064329756,1.963311727,-1.956781728
0.26395,0.116022879,-0.121387648,-2.08045228,2.089201641,1.96934224,-1.962901154
0.264,0.135338863,-0.140682087,-2.109361034,2.118170694,1.978931425,-1.972579352
0.26405,0.155289198,-0.160609437,-2.142330119,2.151201118,1.991947715,-1.985684886
0.2641,0.175966725,-0.18126249,-2.179321668,2.188255196,2.008260438,-2.002087211
0.26415,0.197461483,-0.202731232,-2.220295942,2.229293336,2.027739853,-2.021656709
0.2642,0.219860496,-0.225102622,-2.265211275,2.274274023,2.050257322,-2.044264857
0.26425,0.243247732,-0.248460563,-2.314024117,2.32315385,2.075685374,-2.069784298
0.2643,0.267704154,-0.272885943,-2.3666891,2.375887593,2.103897734,-2.098088862
0.26435,0.293307724,-0.298456644,-2.423159088,2.432428259,2.134769365,-2.129053614
0.2644,0.320133381,-0.325247518,-2.483385228,2.492727133,2.168176539,-2.162554923
0.26445,0.348253035,-0.353330384,-2.547316994,2.556733825,2.203996888,-2.198470513
0.2645,0.37773557,-0.382774032,-2.614902243,2.624396331,2.242109457,-2.236679515
0.26455,0.408646856,-0.413644229,-2.686087279,2.695661083,2.282394755,-2.277062522
0.2646,0.441049751,-0.446003727,-2.760816901,2.770473012,2.324734803,-2.319501631
0.26465,0.47500411,-0.479912273,-2.839034469,2.848775607,2.36901319,-2.363880503
0.2647,0.510566803,-0.51542662,-2.920681964,2.930510973,2.41511511,-2.410084404
0.26475,0.547791724,-0.552600545,-3.005700048,3.015619894,2.462927421,-2.458000251
0.2648,0.586729818,-0.591484871,-3.094028129,3.104041901,2.512338678,-2.507516663
0.26485,0.627429095,-0.632127482,-3.185604426,3.195715329,2.563239183,-2.558523994
0.2649,0.669934661,-0.674573355,-3.280366034,3.290577388,2.615521022,-2.610914383
0.26495,0.714288739,-0.718864582,-3.37824899,3.388564227,2.669078107,-2.664581788
0.265,0.760530702,-0.765040401,-3.479188337,3.489611001,2.723806211,-2.719422023
0.26505,0.808697106,-0.813137231,-3.583118198,3.593651937,2.779603001,-2.775332797
0.2651,0.858821721,-0.863188701,-3.689971835,3.700620405,2.836368076,-2.832213741
0.26515,0.91093557,-0.915225694,-3.799681724,3.81044898,2.894002994,-2.889966445
0.2652,0.965066969,-0.969276381,-3.912179618,3.923069513,2.952411301,-2.94849448
0.26525,1.021241564,-1.025366263,-4.027396614,4.038413199,3.011498555,-3.007703431
0.2653,1.079482379,-1.083518219,-4.145263226,4.156410644,3.071172356,-3.067500915
0.26535,1.139809861,-1.143752545,-4.265709445,4.276991929,3.13134236,-3.127796607
0.2654,1.202241922,-1.206087004,-4.388664809,4.40008668,3.191920307,-3.188502256
0.26545,1.266793993,-1.270536878,-4.51405847,4.525624134,3.252820028,-3.249531705
0.2655,1.333479071,-1.337115012,-4.641819257,4.6535332,3.313957468,-3.310800906
0.26555,1.402307773,-1.405831873,-4.77187574,4.783742528,3.375250694,-3.372227927
0.2656,1.47328839,-1.476695597,-4.904156296,4.91618057,3.436619908,-3.433732971
0.26565,1.546426937,-1.549712049,-5.038589171,5.050775645,3.497987452,-3.495238377
0.2657,1.600706012,-1.603864098,-5.085742328,5.098011069,3.497502704,-3.494893132
0.26575,1.60331638,-1.606346096,-5.022410379,5.034652014,3.424924478,-3.422452116
0.2658,1.611412132,-1.614313022,-4.960924284,4.973138873,3.35539381,-3.353055569
0.26585,1.622976102,-1.625747683,-4.904540747,4.916728349,3.287431752,-3.285224712
0.2659,1.635248302,-1.637890032,-4.852563648,4.864724323,3.223169695,-3.221091087
0.26595,1.64752016,-1.650031431,-4.804787091,4.816920899,3.163110177,-3.161157367
0.266,1.660471288,-1.662851422,-4.761280056,4.773387057,3.106642527,-3.104813021
0.26605,1.635966155,-1.638214493,-4.663539771,4.675620023,3.026768385,-3.025109357
0.2661,1.631819212,-1.633937553,-4.499900748,4.51195431,2.873832304,-2.872400457
0.26615,1.614656426,-1.616646966,-4.344160507,4.356187439,2.735129909,-2.733914414
0.2662,1.588186871,-1.590051636,-4.195186398,4.207186758,2.612572055,-2.611562585
0.26625,1.563350778,-1.565091731,-4.054720851,4.066694699,2.496893107,-2.496079934
0.2663,1.542813246,-1.544432305,-3.923004604,3.934951998,2.385668525,-2.385042525
0.26635,1.524087098,-1.52558609,-3.79954418,3.811465179,2.280891781,-2.28044439
0.2664,1.505983088,-1.507363721,-3.68408534,3.695980001,2.183497676,-2.183220855
0.26645,1.489149656,-1.490413516,-3.576615701,3.588484083,2.092825195,-2.092711417
0.2665,1.474233221,-1.475381766,-3.477102946,3.488945108,2.008195416,-2.008237652
0.26655,1.461322967,-1.462357517,-3.385444917,3.397260916,1.929416824,-1.929608524
0.2666,1.450395235,-1.451316959,-3.301529814,3.313319708,1.856401127,-1.856736201
0.26665,1.441568223,-1.442378131,-3.225259167,3.237023014,1.788931516,-1.789404311
0.2667,1.435015158,-1.435714088,-3.156535938,3.168273795,1.726737599,-1.727342887
0.26675,1.43087164,-1.431460252,-3.095257036,3.10696896,1.669580575,-1.670313529
0.2668,1.429245736,-1.429724503,-3.041315315,3.053001364,1.617245129,-1.61810131
0.26685,1.430247463,-1.43061666,-2.994601646,3.006261878,1.569512033,-1.570487368
0.2669,1.43399036,-1.434250059,-2.955004705,2.966639176,1.526156348,-1.527247115
0.26695,1.440582774,-1.440732836,-2.92241053,2.934019297,1.486955705,-1.488158513
0.267,1.450126002,-1.450166066,-2.896702608,2.908285728,1.451692247,-1.453004021
0.26705,1.462716547,-1.462646027,-2.877762036,2.889319566,1.420150533,-1.421568495
0.2671,1.47844692,-1.478264996,-2.865467587,2.876999583,1.3921168,-1.393638454
0.26715,1.497405004,-1.497110616,-2.859695762,2.871202281,1.367379655,-1.369002767
0.2672,1.519673677,-1.519265521,-2.860320881,2.871801979,1.345730538,-1.347453124
0.26725,1.545330901,-1.54480742,-2.867215178,2.878670911,1.326963732,-1.328784037
0.2673,1.574449801,-1.573809183,-2.880248887,2.891679311,1.310876364,-1.31279285
0.26735,1.607098625,-1.606338795,-2.899290344,2.910695515,1.297268556,-1.299279883
0.2674,1.643340685,-1.642459303,-2.924206095,2.935586069,1.285943581,-1.288048596
0.26745,1.683234353,-1.68222881,-2.954861007,2.966215839,1.276707984,-1.278905699
0.2675,1.726833073,-1.725700488,-2.991118378,3.002448124,1.269371679,-1.271661261
0.26755,1.77418537,-1.772922583,-3.03284006,3.044144775,1.263748063,-1.266128819
0.2676,1.825334859,-1.823938433,-3.079886579,3.09116632,1.259654122,-1.262125484
0.26765,1.880320272,-1.878786486,-3.132117263,3.143372084,1.256910539,-1.259472049
0.2677,1.939175487,-1.937500336,-3.189390368,3.200620323,1.255341785,-1.257993083
0.26775,2.001929566,-2.000108761,-3.251563208,3.262768353,1.254776213,-1.257517021
0.2678,2.068606805,-2.066635768,-3.318492291,3.32967268,1.255046143,-1.257876256
0.26785,2.139226781,-2.137100648,-3.39003345,3.401189138,1.255987945,-1.258907215
0.2679,2.213804417,-2.211518033,-3.466041979,3.477173021,1.257442113,-1.260450437
0.26795,2.292350046,-2.289897967,-3.546372771,3.557479221,1.259253335,-1.262350644
0.268,2.374869485,-2.372245978,-3.630880452,3.641962364,1.261270552,-1.2644568
0.26805,2.461364112,-2.458563157,-3.719419516,3.730476944,1.263347021,-1.26662217
0.2681,2.551830957,-2.548846242,-3.811844465,3.822877464,1.265340359,-1.268704371
0.26815,2.646262785,-2.643087715,-3.90800994,3.919018563,1.267112588,-1.270565416
0.2682,2.744648198,-2.74127589,-4.007770857,4.018755158,1.268530177,-1.272071749
0.26825,2.846971734,-2.843395022,-4.110982535,4.121942567,1.269464065,-1.273094281
0.2683,2.953213972,-2.949425408,-4.21750083,4.228436648,1.269789691,-1.273508407
0.26835,3.063351646,-3.059343499,-4.327182264,4.338093921,1.269387008,-1.273194032
0.2684,3.17735775,-3.173122017,-4.439884144,4.450771692,1.268140495,-1.272035575
0.26845,3.295201667,-3.290730066,-4.55546469,4.566328183,1.265939162,-1.269921978
0.2685,3.416849281,-3.412133261,-4.673783152,4.684622643,1.262676548,-1.266746706
0.26855,3.542263104,-3.537293844,-4.794699926,4.805515468,1.258250712,-1.262407734
0.2686,3.632356752,-3.627185526,-4.852530405,4.86332205,1.219427174,-1.223670454
0.26865,3.638710661,-3.633413246,-4.836471539,4.847239341,1.203641672,-1.207968624
0.2687,3.651994672,-3.64657069,-4.822656275,4.833400285,1.176486015,-1.180893807
0.26875,3.674435512,-3.668884533,-4.809600587,4.820320859,1.141002136,-1.145488112
0.2688,3.699285614,-3.693607109,-4.799933364,4.81062995,1.106498937,-1.111060509
0.26885,3.724760071,-3.718953405,-4.794365504,4.805038457,1.075472364,-1.080106976
0.2689,3.684808146,-3.678872996,-4.708649274,4.719220384,1.03629255,-1.040997371
0.26895,3.570515756,-3.564455962,-4.518562584,4.528934893,0.953810725,-0.958580566
0.269,3.458883587,-3.45270384,-4.334572581,4.344753627,0.881454849,-0.886284163
0.26905,3.348502071,-3.342206874,-4.160028665,4.170025675,0.817230939,-0.822114463
0.2691,3.24227729,-3.235870979,-3.99340509,4.003224972,0.75677451,-0.761707283
0.26915,3.141062816,-3.134549565,-3.834119883,3.84376923,0.698649683,-0.703627049
0.2692,3.044253722,-3.037637537,-3.682342957,3.691828056,0.643631086,-0.648648668
0.26925,2.951476804,-2.944761521,-3.538149958,3.547476794,0.592167372,-0.597221055
0.2693,2.862847995,-2.856037281,-3.401355323,3.410529586,0.543956859,-0.549042774
0.26935,2.77852659,-2.771623941,-3.271740724,3.280767819,0.498621747,-0.503736264
0.2694,2.698534057,-2.6915428,-3.149162768,3.158047813,0.455997006,-0.461136719
0.26945,2.6228476,-2.615770891,-3.033504766,3.042252605,0.415988582,-0.421150298
0.2695,2.551474392,-2.544315216,-2.924631975,2.93324718,0.378454411,-0.383635137
0.26955,2.484438511,-2.477199682,-2.822397641,2.830884518,0.343223519,-0.348420448
0.2696,2.421756103,-2.414440263,-2.726658414,2.735021012,0.31013628,-0.31534678
0.26965,2.363434665,-2.356044287,-2.637275364,2.645517478,0.279046143,-0.284267747
0.2697,2.309480317,-2.302017701,-2.554109296,2.562234475,0.24980768,-0.255038071
0.26975,2.259899206,-2.252366482,-2.477019646,2.485031196,0.222274076,-0.227511078
0.2698,2.214695517,-2.207094644,-2.405865806,2.413766799,0.196300439,-0.201542005
0.26985,2.173870721,-2.166203487,-2.340507709,2.348300986,0.171745143,-0.176989344
0.2699,2.137424034,-2.129692057,-2.280805533,2.288493713,0.148469071,-0.153714084
0.26995,2.10535268,-2.097557409,-2.226619509,2.234204991,0.126335156,-0.131579255
0.27,2.077651769,-2.069794483,-2.177810028,2.185294999,0.105208616,-0.110450159
0.27005,2.054314189,-2.046395999,-2.134237757,2.1416242,0.084957173,-0.090194595
0.2701,2.035330617,-2.027352465,-2.09576367,2.103053365,0.065451076,-0.070682877
0.27015,2.020689543,-2.012652204,-2.062249059,2.069443592,0.046563085,-0.051787818
0.2702,2.010377265,-2.00228135,-2.03355558,2.040656347,0.028168523,-0.033384789
0.27025,2.004377886,-1.996223838,-2.009545308,2.016553524,0.010145336,-0.015351772
0.2703,2.002676112,-1.994464211,-1.990077958,1.996994656,-0.007623934,0.002426162
0.27035,2.005243066,-1.996973428,-1.975025135,1.981851178,-0.025262674,0.020077385
0.2704,2.012065316,-2.003737896,-1.964241482,1.970977565,-0.042877827,0.03770634
0.27045,2.023114491,-2.014729083,-1.957595057,1.964241717,-0.060581588,0.055425213
0.2705,2.038364531,-2.029920768,-1.954950055,1.961507669,-0.078483761,0.073343815
0.27055,2.057786616,-2.049283974,-1.956172053,1.96264085,-0.096689935,0.091567752
0.2706,2.081349594,-2.072787392,-1.961127685,1.967507749,-0.115302308,0.110199245
0.27065,2.109020425,-2.100397828,-1.969684233,1.975975508,-0.134420533,0.129337979
0.2707,2.140764118,-2.132080136,-1.981709771,1.987912067,-0.154141517,0.149080899
0.27075,2.17654364,-2.167797133,-1.997073367,2.003186366,-0.174559123,0.169521916
0.2708,2.216319966,-2.207509643,-2.015645132,2.02166839,-0.195764178,0.190751909
0.27085,2.260052161,-2.251176582,-2.03729622,2.043229178,-0.217844545,0.2128588
0.2709,2.307697415,-2.298754997,-2.061898896,2.067740879,-0.240885103,0.235927534
0.27095,2.359211083,-2.350200095,-2.089326596,2.095076822,-0.264967713,0.260040045
0.271,2.414546724,-2.405465296,-2.119453992,2.125111575,-0.290171208,0.285275244
0.27105,2.473656162,-2.464502282,-2.152157037,2.157720993,-0.316571394,0.31170902
0.2711,2.536489532,-2.527261051,-2.18731302,2.192782272,-0.344241048,0.339414242
0.27115,2.602995335,-2.593689967,-2.224800622,2.230174004,-0.373249921,0.368460754
0.2712,2.673120492,-2.66373582,-2.264499967,2.26977623,-0.403664737,0.398915378
0.27125,2.746810404,-2.73734388,-2.306292671,2.311470487,-0.4355492,0.430841925
0.2713,2.824009011,-2.814457955,-2.350061897,2.355139863,-0.468964007,0.464301198
0.27135,2.904658848,-2.895020458,-2.395692397,2.40066904,-0.503966857,0.499351012
0.2714,2.988701114,-2.978972462,-2.443070563,2.447944345,-0.540612468,0.536046201
0.27145,3.076075729,-3.066253766,-2.492084468,2.49685379,-0.578952596,0.57443864
0.2715,3.166721399,-3.156802959,-2.542623915,2.547287122,-0.619036053,0.614577269
0.27155,3.260575687,-3.250557485,-2.594580473,2.599135858,-0.660908733,0.656508107
0.2716,3.35757507,-3.347453711,-2.647847522,2.652293329,-0.70461364,0.70027429
0.27165,3.457655012,-3.447426988,-2.702320285,2.706654714,-0.750190912,0.74591609
0.2717,3.560750028,-3.550411724,-2.757895866,2.762117078,-0.797677856,0.79347095
0.27175,3.666793752,-3.656341448,-2.814473288,2.818579407,-0.847108984,0.84297352
0.2718,3.775719004,-3.765148878,-2.871953515,2.875942634,-0.898516043,0.89445569
0.27185,3.887457861,-3.876765989,-2.93023949,2.934109674,-0.951928059,0.947946627
0.2719,4.001941718,-3.991124082,-2.989236158,2.992985446,-1.007371375,1.00347282
0.27195,4.119101361,-4.108153848,-3.048850491,3.052476901,-1.064869696,1.061058121
0.272,4.238867032,-4.227785438,-3.108991509,3.112493044,-1.124444131,1.120723786
0.27205,4.361168495,-4.349948528,-3.169570305,3.172944951,-1.186113242,1.182488526
0.2721,4.485935105,-4.474572387,-3.230500056,3.233745792,-1.249893091,1.246368554
0.27215,4.613095869,-4.60158594,-3.291696046,3.29481084,-1.315797291,1.312377632
0.2722,4.742579514,-4.730917833,-3.353075672,3.35605749,-1.383837056,1.380527128
0.27225,4.874314549,-4.8624965,-3.414558461,3.417405267,-1.454021258,1.450826063
0.2723,5.00822933,-4.996250222,-3.476066074,3.478775835,-1.526356474,1.523281169
0.27235,5.054915694,-5.042854777,-3.475590842,3.478161916,-1.580090397,1.577139866
0.2724,4.991076032,-4.979041762,-3.402962818,3.405397503,-1.582279289,1.579454861
0.27245,4.929108264,-4.917100582,-3.333363898,3.33566529,-1.589994459,1.587296576
0.2725,4.872264232,-4.86028308,-3.265325903,3.267496927,-1.601203251,1.598632384
0.27255,4.819830817,-4.807876135,-3.201015538,3.203058969,-1.613093457,1.610650133
0.2726,4.771600682,-4.759672413,-3.140935208,3.142853684,-1.624955268,1.622640081
0.27265,4.72764814,-4.715746224,-3.084460881,3.086256899,-1.63748706,1.635300669
0.2727,4.629299504,-4.617423885,-3.004425667,3.006052395,-1.612600437,1.610543487
0.27275,4.4649703,-4.453120918,-2.851258193,2.852659396,-1.60811871,1.606189387
0.2728,4.308506751,-4.296683549,-2.712380558,2.713567094,-1.590523161,1.588719256
0.27285,4.158790468,-4.146993387,-2.589666507,2.590648732,-1.563574569,1.561894038
0.2729,4.017600711,-4.005829693,-2.47380624,2.474593907,-1.538294697,1.536735559
0.27295,3.885177867,-3.873432855,-2.362413663,2.363015919,-1.517310412,1.515870729
0.273,3.761016859,-3.749297795,-2.257517684,2.257943111,-1.498087968,1.496765891
0.27305,3.644863243,-3.633170071,-2.160041287,2.160297943,-1.479450145,1.47824394
0.2731,3.536709498,-3.52504216,-2.069304655,2.069400081,-1.462069433,1.460977488
0.27315,3.436524992,-3.42488343,-1.984630477,1.984571715,-1.4465927,1.44561353
0.2732,3.344207158,-3.332591316,-1.905835866,1.905629474,-1.433100439,1.432232694
0.27325,3.259644502,-3.248054323,-1.832833967,1.832486045,-1.421568167,1.420810647
0.2733,3.182739599,-3.171175026,-1.765405159,1.764921361,-1.412118221,1.411469884
0.27335,3.113396316,-3.101857293,-1.703278206,1.702663765,-1.404925831,1.404385806
0.2734,3.051512212,-3.039998682,-1.646215375,1.645475116,-1.400126405,1.399693998
0.27345,2.996980771,-2.985492677,-1.594001947,1.593140307,-1.397828247,1.397502947
0.2735,2.949693538,-2.938230825,-1.546418442,1.545439489,-1.398142468,1.397923963
0.27355,2.909539847,-2.898102458,-1.50323965,1.502147098,-1.40118369,1.401071868
0.2736,2.876406357,-2.864994237,-1.464243167,1.463040397,-1.407061033,1.407055996
0.27365,2.850177142,-2.838790235,-1.429211088,1.427901163,-1.415876529,1.415978597
0.2737,2.830733867,-2.819372116,-1.397927778,1.396513461,-1.427727513,1.427937232
0.27375,2.817955841,-2.806619191,-1.370179207,1.368662979,-1.44270735,1.443025497
0.2738,2.811720074,-2.80040847,-1.345753698,1.344137772,-1.460904741,1.461332333
0.27385,2.811901366,-2.800614753,-1.324442377,1.322728717,-1.482403362,1.482941662
0.2739,2.818372397,-2.807110719,-1.306039157,1.304229495,-1.507281971,1.507932492
0.27395,2.831003818,-2.81976702,-1.290340751,1.288436601,-1.535614487,1.536378998
0.274,2.84966435,-2.838452377,-1.277146825,1.275149498,-1.567469937,1.568350467
0.27405,2.87422089,-2.863033687,-1.266260159,1.264170781,-1.602912396,1.603911241
0.2741,2.904538622,-2.893376135,-1.257486764,1.255306293,-1.642000988,1.643120712
0.27415,2.940481131,-2.929343305,-1.250635988,1.248365221,-1.684789893,1.686033334
0.2742,2.981910519,-2.9707973,-1.24552062,1.243160218,-1.731328355,1.732698627
0.27425,3.028687531,-3.017598864,-1.241957012,1.239507507,-1.78166069,1.783161186
0.2743,3.080671675,-3.069607507,-1.239765175,1.237226987,-1.835826311,1.837460709
0.27435,3.137721359,-3.126681635,-1.238768882,1.236142333,-1.89385976,1.895632018
0.2744,3.199694011,-3.188678677,-1.238795758,1.236081084,-1.95579074,1.957705105
0.27445,3.266446221,-3.255455223,-1.239677372,1.236874736,-2.021644165,2.02370517
0.2745,3.33783387,-3.326867155,-1.241249316,1.238358824,-2.091440209,2.093652676
0.27455,3.413712268,-3.402769782,-1.243351284,1.240372993,-2.165194366,2.167563407
0.2746,3.493936291,-3.48301798,-1.245827143,1.242761077,-2.242917517,2.245448534
0.27465,3.578360515,-3.567466327,-1.248524999,1.245371158,-2.324616001,2.327314684
0.2747,3.666839356,-3.655969236,-1.251297251,1.248055624,-2.410291693,2.413164024
0.27475,3.759227202,-3.748381098,-1.254000648,1.250671222,-2.499942091,2.502994338
0.2748,3.855378555,-3.844556414,-1.256496332,1.253079106,-2.593560404,2.596799126
0.27485,3.955148158,-3.944349927,-1.258649875,1.25514487,-2.69113565,2.69456769
0.2749,4.058391136,-4.047616762,-1.260331319,1.256738583,-2.792652754,2.796285242
0.27495,4.164963118,-4.154212548,-1.261415191,1.257734815,-2.898092657,2.901933003
0.275,4.274720371,-4.263993555,-1.261780531,1.258012655,-3.007432421,3.011488319
0.27505,4.387519929,-4.376816812,-1.261310902,1.257455723,-3.120645347,3.124924768
0.2751,4.503219709,-4.492540239,-1.259894394,1.255952178,-3.237701092,3.242212283
0.27515,4.621678636,-4.611022762,-1.257423627,1.253394714,-3.358565788,3.363317268
0.2752,4.74275676,-4.732124429,-1.253795742,1.249680555,-3.483202167,3.488202725
0.27525,4.800850029,-4.79024119,-1.215613862,1.211412952,-3.572826314,3.578025542
0.2753,4.785135075,-4.774549677,-1.200480201,1.196196118,-3.578854233,3.584177522
0.27535,4.771638126,-4.761076115,-1.173807667,1.169443208,-3.591952129,3.59739986
0.2754,4.758896004,-4.748357329,-1.138727676,1.134285461,-3.614278219,3.619850823
0.27545,4.749578204,-4.739062814,-1.104738313,1.100220898,-3.638936327,3.644634335
0.2755,4.744378084,-4.733885928,-1.074285219,1.069695125,-3.664174237,3.669998286
0.27555,4.742596435,-4.732127462,-1.045189308,1.040529004,-3.691471808,3.697422632
0.2756,4.660418947,-4.65005038,-1.007088558,1.002360774,-3.654021693,3.660099707
0.27565,4.47393408,-4.463761706,-0.926086132,0.921295906,-3.541988917,3.548190362
0.2757,4.293690023,-4.283706461,-0.85569511,0.850847838,-3.432266749,3.438587016
0.27575,4.122898603,-4.113096778,-0.793488491,0.788589295,-3.323741468,3.330176136
0.2758,3.959910879,-3.950284034,-0.734793228,0.729846933,-3.219504969,3.226049784
0.27585,3.804161311,-3.794703002,-0.678246928,0.673258061,-3.120354227,3.127005098
0.2759,3.655864884,-3.646568967,-0.624745516,0.619718329,-3.025608501,3.032361505
0.27595,3.515100749,-3.505961382,-0.574740847,0.569679343,-2.934895279,2.941746663
0.276,3.381668195,-3.372679824,-0.52789298,0.522800919,-2.848353969,2.855300151
0.27605,3.255344031,-3.246501388,-0.483816534,0.478697446,-2.766146935,2.773184504
0.2761,3.13598839,-3.127286488,-0.442358842,0.437216038,-2.688287142,2.695412856
0.27615,3.02348627,-3.014920397,-0.403432022,0.398268608,-2.614747625,2.621958413
0.2762,2.917701479,-2.909267187,-0.366892512,0.361711401,-2.545535894,2.552828858
0.27625,2.818485881,-2.810178988,-0.332568504,0.327372429,-2.480675763,2.488048173
0.2763,2.725695831,-2.717512407,-0.300302161,0.295093687,-2.420181545,2.427630846
0.27635,2.639192276,-2.631128644,-0.269948973,0.264730506,-2.364058818,2.371582623
0.2764,2.5588356,-2.550888325,-0.241364772,0.236138573,-2.312312241,2.319908338
0.27645,2.484484738,-2.476650626,-0.214403831,0.209172029,-2.264946579,2.272612924
0.2765,2.415998705,-2.408274791,-0.188922603,0.183687202,-2.221964486,2.229699206
0.27655,2.353237129,-2.345620677,-0.164780916,0.159543809,-2.183365844,2.191167237
0.2766,2.296059888,-2.288548382,-0.141841072,0.136604051,-2.149148306,2.157014841
0.27665,2.244326928,-2.236918066,-0.119967413,0.11473218,-2.119307544,2.127237859
0.2767,2.197898394,-2.190590084,-0.099026595,0.093794772,-2.093837105,2.101830006
0.27675,2.156634747,-2.149425101,-0.07888782,0.073660958,-2.072728304,2.080782766
0.2768,2.120396791,-2.113284117,-0.05942283,0.054202423,-2.055970244,2.064085411
0.27685,2.08904568,-2.082028479,-0.040505897,0.035293386,-2.043549848,2.051725027
0.2769,2.062442972,-2.055519932,-0.022013875,0.016810662,-2.03545185,2.043686518
0.27695,2.040450684,-2.033620673,-0.003821096,-0.00134402,-2.031658791,2.039952588
0.277,2.022931568,-2.016193628,0.014170835,-0.019356954,-2.032150712,2.040503441
0.27705,2.009748414,-2.003101757,0.032100494,-0.037273246,-2.036906135,2.045317764
0.2771,2.000764249,-1.994208252,0.050071769,-0.055229823,-2.045901719,2.054372374
0.27715,1.995844574,-1.98937877,0.068192546,-0.073334566,-2.059110242,2.067640213
0.2772,1.994854159,-1.988478235,0.086570098,-0.091694736,-2.076503747,2.08509348
0.27725,1.997658528,-1.99137232,0.105308847,-0.110414734,-2.098052164,2.106702264
0.2773,2.004124387,-1.997927869,0.124509639,-0.12959538,-2.123723024,2.132434251
0.27735,2.014119353,-2.00801264,0.144270351,-0.149334513,-2.153481795,2.162255062
0.2774,2.027511871,-2.021495207,0.16468612,-0.169727229,-2.187292026,2.196128401
0.27745,2.044171358,-2.038245113,0.18584916,-0.190865693,-2.225115311,2.234016012
0.2775,2.063968305,-2.05813297,0.207848652,-0.212839027,-2.266911282,2.275877674
0.27755,2.08677432,-2.081030502,0.23077077,-0.235733344,-2.312637669,2.321671266
0.2776,2.112462157,-2.106810574,0.254698698,-0.259631757,-2.362250363,2.371352823
0.27765,2.140905784,-2.13534726,0.279712612,-0.284614368,-2.415703449,2.424876575
0.2777,2.171980441,-2.166515898,0.305889665,-0.310758248,-2.47294926,2.482194992
0.27775,2.205562692,-2.20019315,0.333303982,-0.338137436,-2.53393842,2.543258841
0.2778,2.241530479,-2.236257047,0.362026667,-0.366822943,-2.598619904,2.608017232
0.27785,2.279763173,-2.274587047,0.392125798,-0.396882751,-2.666941091,2.676417677
0.2779,2.320141625,-2.315064083,0.42366644,-0.428381821,-2.73884782,2.748406148
0.27795,2.36254822,-2.357570614,0.456710644,-0.4613821,-2.814284447,2.823927132
0.278,2.406866921,-2.401990678,0.491317468,-0.495942532,-2.893193908,2.902923691
0.27805,2.452983318,-2.44820993,0.527542983,-0.532119076,-2.97551778,2.985337526
0.2781,2.500784674,-2.496115696,0.565440294,-0.569964715,-3.061196341,3.071109038
0.27815,2.550159968,-2.545597015,0.605059558,-0.609529486,-3.150168636,3.160177392
0.2782,2.600999937,-2.596544679,0.646448008,-0.650860495,-3.24237254,3.252480579
0.27825,2.653197119,-2.648851272,0.689649977,-0.694001944,-3.337744825,3.347955488
0.2783,2.706645886,-2.702411216,0.734706926,-0.738995164,-3.436221228,3.446537964
0.27835,2.761242485,-2.757120797,0.781657473,-0.785878638,-3.537736512,3.548162881
0.2784,2.81688507,-2.812878209,0.830537429,-0.834688039,-3.642224538,3.652764208
0.27845,2.873473735,-2.869583578,0.881379831,-0.885456263,-3.749618333,3.760275073
0.2785,2.930910543,-2.927138998,0.934214978,-0.938213469,-3.859850154,3.870627834
0.27855,2.989099554,-2.985448555,0.989070475,-0.992987116,-3.972851556,3.983754146
0.2786,3.047946852,-3.044418356,1.045971271,-1.049802009,-4.088553462,4.099585026
0.27865,3.107360565,-3.103956547,1.104939703,-1.108680338,-4.20688623,4.218050924
0.2787,3.167250889,-3.16397334,1.165995544,-1.169641728,-4.327779717,4.339081785
0.27875,3.227530104,-3.224381029,1.22915605,-1.232703285,-4.451163346,4.462607122
0.2788,3.288112593,-3.285094003,1.294436007,-1.297879646,-4.576966174,4.588556074
0.27885,3.348914854,-3.346028766,1.361847785,-1.365183027,-4.705116956,4.716857477
0.2789,3.409855511,-3.407103947,1.431401386,-1.434623283,-4.835544206,4.847439922
0.27895,3.470855327,-3.468240307,1.503104504,-1.506207953,-4.968176265,4.980231826
0.279,3.531837208,-3.529360746,1.576962572,-1.57994232,-5.102941359,5.115161488
0.27905,3.531114889,-3.528778612,1.631683706,-1.634534773,-5.150297862,5.162601569
0.2791,3.458365861,-3.456167467,1.634604785,-1.637325807,-5.08710536,5.099381883
0.27915,3.388691039,-3.386627433,1.642961758,-1.645552265,-5.025735859,5.03798526
0.2792,3.320598293,-3.318666549,1.654756154,-1.657215647,-4.969451576,4.981673913
0.27925,3.256179307,-3.254376647,1.667285635,-1.669613557,-4.917574334,4.929769668
0.2793,3.195937915,-3.194261699,1.679841422,-1.682037146,-4.869899324,4.882067714
0.27935,3.11214626,-3.110644946,1.654763893,-1.656826805,-4.767670901,4.779812406
0.2794,2.955101126,-2.953832984,1.650114773,-1.652046695,-4.599423215,4.611537895
0.27945,2.812119278,-2.811073138,1.632662689,-1.63446584,-4.439116631,4.451204546
0.2795,2.685298175,-2.68446338,1.60589614,-1.60757258,-4.285584537,4.297645745
0.27955,2.56559502,-2.56496152,1.580547619,-1.582099348,-4.140584473,4.152619034
0.2796,2.450530702,-2.450089062,1.559363764,-1.560792742,-4.004384148,4.016392121
0.27965,2.342004007,-2.341745362,1.539955669,-1.541263773,-3.876493684,3.888475128
0.2797,2.240956864,-2.240872885,1.521119034,-1.522308029,-3.756650919,3.768605892
0.27975,2.14676468,-2.146847559,1.503464211,-1.504535744,-3.644841817,3.656770377
0.2798,2.058751305,-2.058993743,1.487638714,-1.488594311,-3.541037933,3.55294014
0.27985,1.976711845,-1.977107032,1.473747905,-1.474588959,-3.445139914,3.457015826
0.2799,1.900554082,-1.901095676,1.461772842,-1.462500599,-3.357036762,3.368886437
0.27995,1.83006446,-1.830746569,1.451829295,-1.452444847,-3.276630838,3.288454333
0.28,1.764973614,-1.765790778,1.444090916,-1.444595191,-3.203826563,3.215623936
0.28005,1.705040877,-1.70598805,1.438696682,-1.439090431,-3.138522365,3.150293675
0.2801,1.650049311,-1.65112184,1.435757605,-1.4360414,-3.080612426,3.09235773
0.28015,1.599778992,-1.600972603,1.435385664,-1.435559883,-3.029988893,3.041708248
0.2802,1.554004266,-1.555315045,1.437696412,-1.437761232,-2.986541746,2.99823521
0.28025,1.512501662,-1.513926034,1.442800589,-1.442755982,-2.950158318,2.961825948
0.2803,1.475052091,-1.476586808,1.450801967,-1.450647687,-2.920723351,2.932365203
0.28035,1.441438914,-1.443081033,1.461799463,-1.461535041,-2.898119159,2.909735292
0.2804,1.411447132,-1.413194001,1.475888001,-1.47551274,-2.882225702,2.893816172
0.28045,1.384864022,-1.38671326,1.493157941,-1.492670905,-2.872920632,2.884485495
0.2805,1.361479614,-1.363429099,1.51369467,-1.513094682,-2.870079376,2.881618689
0.28055,1.341086724,-1.343134572,1.537578671,-1.536864307,-2.873575227,2.885089047
0.2806,1.323480951,-1.325625502,1.564885608,-1.564055188,-2.883279434,2.894767816
0.28065,1.308460823,-1.310700626,1.595686277,-1.594737864,-2.899061294,2.910524296
0.2807,1.295827957,-1.298161752,1.63004655,-1.628977944,-2.920788264,2.93222594
0.28075,1.285387179,-1.287813884,1.668027366,-1.666836097,-2.948326059,2.959738467
0.2808,1.276946628,-1.279465321,1.709684732,-1.708368062,-2.981538774,2.992925968
0.28085,1.270317866,-1.272927774,1.755069733,-1.753624648,-3.020288993,3.031651029
0.2809,1.265315994,-1.268016476,1.80422854,-1.802651747,-3.064437912,3.075774846
0.28095,1.261759754,-1.264550286,1.857202424,-1.855490351,-3.113845463,3.125157351
0.281,1.259471625,-1.262351789,1.91402779,-1.91217658,-3.168370443,3.17965734
0.28105,1.258277923,-1.261247392,1.974736206,-1.972741721,-3.22787064,3.239132601
0.2811,1.258008887,-1.26106741,2.039354451,-2.037212262,-3.292202966,3.303440045
0.28115,1.258498763,-1.261646156,2.107904559,-2.105609952,-3.361223588,3.372435842
0.2812,1.259585884,-1.262822012,2.180403876,-2.177951849,-3.43478807,3.445975552
0.28125,1.261112737,-1.264437508,2.256865128,-2.254250389,-3.512751498,3.523914264
0.2813,1.262926037,-1.266339385,2.337296483,-2.334513451,-3.594968626,3.606106729
0.28135,1.264876777,-1.268378654,2.421701635,-2.418744439,-3.681294005,3.6924075
0.2814,1.266820292,-1.270410654,2.510079879,-2.506942361,-3.771582122,3.782671064
0.28145,1.268616297,-1.272295096,2.602426204,-2.599101919,-3.865687536,3.876751979
0.2815,1.270128932,-1.273896102,2.698731386,-2.6952136,-3.963465011,3.974505009
0.28155,1.271226795,-1.275082246,2.798982081,-2.795263778,-4.064769647,4.075785253
0.2816,1.271782971,-1.275726575,2.903160936,-2.899234815,-4.169457014,4.180448283
0.28165,1.271675047,-1.275706633,3.011246692,-3.007105172,-4.277383279,4.288350264
0.2817,1.270785135,-1.274904475,3.123214296,-3.118849517,-4.388405335,4.399348089
0.28175,1.268999874,-1.273206679,3.23903502,-3.234438845,-4.50238092,4.513299497
0.2818,1.26621043,-1.270504339,3.358676575,-3.353840596,-4.619168743,4.630063197
0.28185,1.262312498,-1.266693072,3.482103237,-3.477018774,-4.738628599,4.749498982
0.2819,1.223761707,-1.228228381,3.570756851,-3.565474302,-4.795293713,4.806140078
0.28195,1.208174146,-1.212724343,3.575928716,-3.570522587,-4.778252034,4.789074436
0.282,1.181119668,-1.185750563,3.588169913,-3.582639858,-4.763496444,4.774294934
0.28205,1.145699644,-1.150408592,3.609656643,-3.604002265,-4.749551834,4.760326465
0.2821,1.111362413,-1.116146838,3.633505724,-3.627726528,-4.739050911,4.749801736
0.28215,1.080578416,-1.085435776,3.657941385,-3.652036768,-4.73268821,4.743415281
0.2822,1.05119917,-1.056126979,3.684427046,-3.678396308,-4.729778639,4.740482009
0.28225,1.012578138,-1.017573648,3.646273538,-3.640116298,-4.646418861,4.657021358
0.2823,0.930954787,-0.936012915,3.533578053,-3.527298098,-4.458786189,4.469192133
0.28235,0.859922593,-0.865037896,3.423208126,-3.416810092,-4.277380826,4.287597652
0.2824,0.797074968,-0.80224228,3.314037043,-3.307525379,-4.105422414,4.115457247
0.28245,0.737800569,-0.743015022,3.209125937,-3.202504924,-3.941293401,3.95115305
0.2825,0.680736731,-0.685993762,3.109275339,-3.102549096,-3.784431984,3.794122944
0.28255,0.62675627,-0.632051589,3.013817697,-3.006990177,-3.635043636,3.644572097
0.2826,0.576307049,-0.581636623,2.922381972,-2.915456957,-3.493205374,3.502577227
0.28265,0.529056092,-0.534416129,2.835103858,-2.828084958,-3.358720096,3.367940942
0.2827,0.484619876,-0.490006822,2.752145489,-2.745036147,-3.231366592,3.240441742
0.28275,0.44284289,-0.448253409,2.673522051,-2.666325537,-3.111004701,3.119939187
0.2828,0.403635409,-0.409066375,2.599208001,-2.591927417,-2.997519312,3.00631789
0.28285,0.366853812,-0.372302292,2.529211303,-2.521849578,-2.890774914,2.899442071
0.2829,0.33232617,-0.337789417,2.463556341,-2.456116234,-2.7906241,2.799164062
0.28295,0.299893909,-0.305369346,2.40225836,-2.394742459,-2.69692367,2.705340404
0.283,0.269411697,-0.274896907,2.345323892,-2.337734614,-2.609534944,2.617832166
0.28305,0.240734727,-0.246227442,2.292758449,-2.285098038,-2.528318738,2.536499919
0.2831,0.213716684,-0.219214771,2.244567627,-2.236838158,-2.453134434,2.461202806
0.28315,0.188213365,-0.193714817,2.200754953,-2.192958329,-2.383841451,2.391800012
0.2832,0.164083916,-0.16958684,2.161321194,-2.153459149,-2.32029979,2.32815131
0.28325,0.141189964,-0.146692571,2.126264883,-2.118338981,-2.262369686,2.270116713
0.2833,0.119395175,-0.124895768,2.095582571,-2.087594205,-2.209911427,2.217556293
0.28335,0.098565525,-0.10406249,2.069268683,-2.061219078,-2.162785474,2.170330302
0.2834,0.078569522,-0.084061317,2.047315414,-2.039205626,-2.120852586,2.128299292
0.28345,0.05927821,-0.064763354,2.029712747,-2.021543665,-2.083973836,2.09132414
0.2835,0.040565158,-0.046042224,2.016448479,-2.008220824,-2.05201063,2.059266055
0.28355,0.022306513,-0.027774114,2.007508215,-1.999222544,-2.02482475,2.031986636
0.2836,0.004381058,-0.009837842,2.002875365,-1.994532068,-2.002278416,2.009347917
0.28365,-0.013343666,0.007878085,2.002534959,-1.994134263,-1.984230419,1.991208516
0.2837,-0.030952669,0.025500594,2.006454749,-1.997996718,-1.970555373,1.977442876
0.28375,-0.048576806,0.043139544,2.01462169,-2.006106227,-1.961107007,1.96790456
0.2838,-0.06632836,0.060907221,2.027009281,-2.018436126,-1.955750869,1.962458956
0.28385,-0.084311617,0.07890792,2.043588576,-2.034957313,-1.9543537,1.960972652
0.2839,-0.102630512,0.097245597,2.064329756,-2.055639809,-1.956781728,1.963311727
0.28395,-0.121387648,0.116022879,2.089201641,-2.08045228,-1.962901154,1.96934224
0.284,-0.140682087,0.135338863,2.118170694,-2.109361033,-1.972579352,1.978931425
0.28405,-0.160609437,0.155289198,2.151201118,-2.142330119,-1.985684886,1.991947715
0.2841,-0.18126249,0.175966725,2.188255195,-2.179321668,-2.00208721,2.008260438
0.28415,-0.202731232,0.197461483,2.229293336,-2.220295941,-2.021656708,2.027739853
0.2842,-0.225102622,0.219860496,2.274274022,-2.265211275,-2.044264857,2.050257322
0.28425,-0.248460563,0.243247731,2.32315385,-2.314024117,-2.069784298,2.075685374
0.2843,-0.272885943,0.267704154,2.375887593,-2.366689099,-2.098088861,2.103897734
0.28435,-0.298456644,0.293307724,2.432428259,-2.423159088,-2.129053614,2.134769365
0.2844,-0.325247518,0.320133381,2.492727133,-2.483385228,-2.162554923,2.168176539
0.28445,-0.353330384,0.348253035,2.556733825,-2.547316993,-2.198470513,2.203996887
0.2845,-0.382774032,0.37773557,2.624396331,-2.614902243,-2.236679515,2.242109457
0.28455,-0.413644229,0.408646856,2.695661082,-2.686087279,-2.277062521,2.282394755
0.2846,-0.446003727,0.441049751,2.770473012,-2.760816901,-2.319501631,2.324734803
0.28465,-0.479912273,0.47500411,2.848775607,-2.839034469,-2.363880503,2.369013189
0.2847,-0.51542662,0.510566803,2.930510972,-2.920681964,-2.410084404,2.41511511
0.28475,-0.552600545,0.547791724,3.015619894,-3.005700048,-2.458000251,2.462927421
0.2848,-0.591484871,0.586729818,3.1040419,-3.094028129,-2.507516663,2.512338678
0.28485,-0.632127482,0.627429095,3.195715328,-3.185604426,-2.558523994,2.563239183
0.2849,-0.674573355,0.669934661,3.290577387,-3.280366034,-2.610914383,2.615521022
0.28495,-0.718864582,0.714288739,3.388564226,-3.378248989,-2.664581787,2.669078107
0.285,-0.765040401,0.760530702,3.489611,-3.479188337,-2.719422023,2.72380621
0.28505,-0.813137231,0.808697106,3.593651937,-3.583118197,-2.775332797,2.779603001
0.2851,-0.863188701,0.858821721,3.700620405,-3.689971835,-2.832213741,2.836368076
0.28515,-0.915225694,0.91093557,3.810448979,-3.799681724,-2.889966445,2.894002994
0.2852,-0.96927638,0.965066968,3.923069512,-3.912179617,-2.94849448,2.9524113
0.28525,-1.025366263,1.021241563,4.038413199,-4.027396614,-3.007703431,3.011498555
0.2853,-1.083518219,1.079482379,4.156410643,-4.145263226,-3.067500915,3.071172355
0.28535,-1.143752545,1.139809861,4.276991929,-4.265709444,-3.127796607,3.13134236
0.2854,-1.206087004,1.202241922,4.40008668,-4.388664809,-3.188502256,3.191920306
0.28545,-1.270536878,1.266793992,4.525624133,-4.51405847,-3.249531705,3.252820027
0.2855,-1.337115012,1.33347907,4.653533199,-4.641819256,-3.310800905,3.313957467
0.28555,-1.405831872,1.402307773,4.783742527,-4.771875739,-3.372227927,3.375250694
0.2856,-1.476695597,1.47328839,4.91618057,-4.904156296,-3.433732971,3.436619908
0.28565,-1.549712049,1.546426937,5.050775644,-5.03858917,-3.495238377,3.497987451
0.2857,-1.603864098,1.600706012,5.098011069,-5.085742327,-3.494893132,3.497502704
0.28575,-1.606346095,1.603316379,5.034652013,-5.022410378,-3.422452116,3.424924478
0.2858,-1.614313022,1.611412131,4.973138872,-4.960924283,-3.353055568,3.35539381
0.28585,-1.625747683,1.622976102,4.916728349,-4.904540746,-3.285224712,3.287431752
0.2859,-1.637890032,1.635248301,4.864724323,-4.852563647,-3.221091087,3.223169695
0.28595,-1.65003143,1.64752016,4.816920899,-4.80478709,-3.161157367,3.163110177
0.286,-1.662851422,1.660471287,4.773387056,-4.761280056,-3.104813021,3.106642526
0.28605,-1.638214492,1.635966155,4.675620022,-4.66353977,-3.025109357,3.026768385
0.2861,-1.633937553,1.631819211,4.51195431,-4.499900747,-2.872400457,2.873832304
0.28615,-1.616646965,1.614656426,4.356187439,-4.344160507,-2.733914414,2.735129909
0.2862,-1.590051636,1.588186871,4.207186757,-4.195186397,-2.611562584,2.612572054
0.28625,-1.565091731,1.563350777,4.066694698,-4.054720851,-2.496079933,2.496893107
0.2863,-1.544432305,1.542813246,3.934951998,-3.923004604,-2.385042525,2.385668525
0.28635,-1.525586089,1.524087098,3.811465178,-3.79954418,-2.280444389,2.280891781
0.2864,-1.507363721,1.505983088,3.69598,-3.684085339,-2.183220854,2.183497676
0.28645,-1.490413515,1.489149656,3.588484083,-3.5766157,-2.092711417,2.092825195
0.2865,-1.475381765,1.47423322,3.488945107,-3.477102946,-2.008237652,2.008195416
0.28655,-1.462357517,1.461322967,3.397260915,-3.385444917,-1.929608524,1.929416824
0.2866,-1.451316959,1.450395234,3.313319707,-3.301529814,-1.8567362,1.856401127
0.28665,-1.442378131,1.441568223,3.237023013,-3.225259167,-1.789404311,1.788931515
0.2867,-1.435714088,1.435015158,3.168273794,-3.156535937,-1.727342887,1.726737599
0.28675,-1.431460251,1.43087164,3.10696896,-3.095257035,-1.670313529,1.669580575
0.2868,-1.429724502,1.429245736,3.053001364,-3.041315314,-1.61810131,1.617245129
0.28685,-1.43061666,1.430247463,3.006261877,-2.994601646,-1.570487368,1.569512033
0.2869,-1.434250059,1.433990359,2.966639176,-2.955004705,-1.527247114,1.526156348
0.28695,-1.440732835,1.440582773,2.934019297,-2.92241053,-1.488158513,1.486955705
0.287,-1.450166066,1.450126001,2.908285727,-2.896702607,-1.45300402,1.451692247
0.28705,-1.462646027,1.462716547,2.889319565,-2.877762035,-1.421568494,1.420150532
0.2871,-1.478264995,1.478446919,2.876999582,-2.865467586,-1.393638454,1.3921168
0.28715,-1.497110616,1.497405003,2.87120228,-2.859695761,-1.369002767,1.367379655
0.2872,-1.519265521,1.519673677,2.871801979,-2.860320881,-1.347453124,1.345730538
0.28725,-1.544807419,1.5453309,2.878670911,-2.867215178,-1.328784037,1.326963731
0.2873,-1.573809182,1.574449801,2.89167931,-2.880248886,-1.31279285,1.310876364
0.28735,-1.606338794,1.607098625,2.910695515,-2.899290343,-1.299279883,1.297268555
0.2874,-1.642459302,1.643340684,2.935586069,-2.924206095,-1.288048595,1.285943581
0.28745,-1.68222881,1.683234352,2.966215839,-2.954861006,-1.278905698,1.276707984
0.2875,-1.725700488,1.726833073,3.002448123,-2.991118377,-1.271661261,1.269371679
0.28755,-1.772922583,1.774185369,3.044144775,-3.032840059,-1.266128818,1.263748063
0.2876,-1.823938432,1.825334859,3.091166319,-3.079886578,-1.262125484,1.259654122
0.28765,-1.878786485,1.880320272,3.143372083,-3.132117263,-1.259472049,1.256910539
0.2877,-1.937500336,1.939175486,3.200620322,-3.189390367,-1.257993082,1.255341785
0.28775,-2.000108761,2.001929566,3.262768352,-3.251563208,-1.257517021,1.254776213
0.2878,-2.066635768,2.068606804,3.32967268,-3.31849229,-1.257876256,1.255046142
0.28785,-2.137100647,2.13922678,3.401189137,-3.390033449,-1.258907214,1.255987944
0.2879,-2.211518032,2.213804417,3.47717302,-3.466041979,-1.260450437,1.257442113
0.28795,-2.289897966,2.292350046,3.55747922,-3.546372771,-1.262350644,1.259253335
0.288,-2.372245977,2.374869484,3.641962363,-3.630880451,-1.2644568,1.261270552
0.28805,-2.458563156,2.461364112,3.730476944,-3.719419515,-1.26662217,1.263347021
0.2881,-2.548846242,2.551830956,3.822877463,-3.811844464,-1.268704371,1.265340358
0.28815,-2.643087714,2.646262784,3.919018563,-3.90800994,-1.270565416,1.267112588
0.2882,-2.741275889,2.744648197,4.018755157,-4.007770856,-1.272071749,1.268530177
0.28825,-2.843395021,2.846971733,4.121942567,-4.110982534,-1.273094281,1.269464065
0.2883,-2.949425407,2.953213972,4.228436648,-4.21750083,-1.273508407,1.269789691
0.28835,-3.059343499,3.063351645,4.33809392,-4.327182263,-1.273194032,1.269387008
0.2884,-3.173122016,3.17735775,4.450771692,-4.439884143,-1.272035575,1.268140494
0.28845,-3.290730066,3.295201667,4.566328183,-4.555464689,-1.269921978,1.265939161
0.2885,-3.41213326,3.416849281,4.684622642,-4.673783151,-1.266746706,1.262676547
0.28855,-3.537293843,3.542263104,4.805515467,-4.794699926,-1.262407734,1.258250712
0.2886,-3.627185526,3.632356751,4.863322049,-4.852530404,-1.223670454,1.219427173
0.28865,-3.633413245,3.63871066,4.84723934,-4.836471539,-1.207968624,1.203641672
0.2887,-3.646570689,3.651994671,4.833400285,-4.822656274,-1.180893807,1.176486015
0.28875,-3.668884532,3.674435512,4.820320858,-4.809600586,-1.145488112,1.141002135
0.2888,-3.693607108,3.699285613,4.81062995,-4.799933364,-1.111060509,1.106498937
0.28885,-3.718953404,3.724760071,4.805038456,-4.794365504,-1.080106976,1.075472363
0.2889,-3.678872995,3.684808145,4.719220383,-4.708649273,-1.040997371,1.03629255
0.28895,-3.564455961,3.570515755,4.528934892,-4.518562583,-0.958580566,0.953810725
0.289,-3.45270384,3.458883586,4.344753626,-4.334572581,-0.886284163,0.881454848
0.28905,-3.342206874,3.34850207,4.170025674,-4.160028665,-0.822114463,0.817230939
0.2891,-3.235870978,3.242277289,4.003224971,-3.993405089,-0.761707283,0.75677451
0.28915,-3.134549564,3.141062815,3.843769229,-3.834119882,-0.703627049,0.698649683
0.2892,-3.037637536,3.044253721,3.691828055,-3.682342957,-0.648648668,0.643631086
0.28925,-2.94476152,2.951476803,3.547476793,-3.538149958,-0.597221055,0.592167372
0.2893,-2.85603728,2.862847994,3.410529586,-3.401355322,-0.549042774,0.543956859
0.28935,-2.77162394,2.778526589,3.280767818,-3.271740723,-0.503736264,0.498621747
0.2894,-2.691542799,2.698534056,3.158047813,-3.149162768,-0.461136719,0.455997006
0.28945,-2.61577089,2.622847599,3.042252604,-3.033504765,-0.421150298,0.415988582
0.2895,-2.544315215,2.551474391,2.933247179,-2.924631975,-0.383635137,0.378454411
0.28955,-2.477199681,2.48443851,2.830884518,-2.82239764,-0.348420448,0.343223519
0.2896,-2.414440263,2.421756102,2.735021011,-2.726658413,-0.31534678,0.31013628
0.28965,-2.356044286,2.363434664,2.645517478,-2.637275363,-0.284267747,0.279046143
0.2897,-2.302017701,2.309480316,2.562234474,-2.554109295,-0.255038071,0.24980768
0.28975,-2.252366482,2.259899205,2.485031195,-2.477019645,-0.227511078,0.222274076
0.2898,-2.207094643,2.214695516,2.413766798,-2.405865805,-0.201542005,0.196300439
0.28985,-2.166203486,2.17387072,2.348300985,-2.340507708,-0.176989344,0.171745143
0.2899,-2.129692057,2.137424034,2.288493712,-2.280805533,-0.153714084,0.148469071
0.28995,-2.097557408,2.105352679,2.23420499,-2.226619509,-0.131579255,0.126335156
0.29,-2.069794482,2.077651768,2.185294998,-2.177810027,-0.110450159,0.105208616
0.29005,-2.046395998,2.054314189,2.141624199,-2.134237756,-0.090194595,0.084957173
0.2901,-2.027352464,2.035330617,2.103053364,-2.095763669,-0.070682877,0.065451076
0.29015,-2.012652203,2.020689542,2.069443591,-2.062249058,-0.051787818,0.046563085
0.2902,-2.002281349,2.010377264,2.040656347,-2.033555579,-0.033384789,0.028168523
0.29025,-1.996223837,2.004377885,2.016553523,-2.009545308,-0.015351772,0.010145336
0.2903,-1.994464211,2.002676111,1.996994655,-1.990077958,0.002426162,-0.007623934
0.29035,-1.996973428,2.005243065,1.981851178,-1.975025135,0.020077385,-0.025262674
0.2904,-2.003737895,2.012065315,1.970977565,-1.964241481,0.03770634,-0.042877827
0.29045,-2.014729082,2.023114491,1.964241716,-1.957595056,0.055425213,-0.060581588
0.2905,-2.029920767,2.038364531,1.961507668,-1.954950054,0.073343815,-0.078483761
0.29055,-2.049283973,2.057786615,1.962640849,-1.956172052,0.091567752,-0.096689935
0.2906,-2.072787392,2.081349593,1.967507748,-1.961127684,0.110199245,-0.115302308
0.29065,-2.100397827,2.109020424,1.975975508,-1.969684232,0.129337979,-0.134420533
0.2907,-2.132080135,2.140764117,1.987912067,-1.98170977,0.149080899,-0.154141516
0.29075,-2.167797132,2.176543639,2.003186366,-1.997073367,0.169521916,-0.174559122
0.2908,-2.207509642,2.216319966,2.02166839,-2.015645131,0.190751909,-0.195764178
0.29085,-2.251176582,2.26005216,2.043229178,-2.03729622,0.212858799,-0.217844545
0.2909,-2.298754996,2.307697415,2.067740878,-2.061898895,0.235927534,-0.240885103
0.29095,-2.350200094,2.359211082,2.095076822,-2.089326596,0.260040045,-0.264967713
0.291,-2.405465295,2.414546724,2.125111575,-2.119453992,0.285275244,-0.290171208
0.29105,-2.464502281,2.473656162,2.157720992,-2.152157036,0.31170902,-0.316571393
0.2911,-2.52726105,2.536489531,2.192782272,-2.187313019,0.339414242,-0.344241048
0.29115,-2.593689966,2.602995334,2.230174004,-2.224800621,0.368460754,-0.373249921
0.2912,-2.663735819,2.673120491,2.269776229,-2.264499966,0.398915378,-0.403664737
0.29125,-2.737343879,2.746810403,2.311470487,-2.306292671,0.430841924,-0.4355492
0.2913,-2.814457955,2.82400901,2.355139862,-2.350061897,0.464301198,-0.468964007
0.29135,-2.895020458,2.904658847,2.40066904,-2.395692397,0.499351012,-0.503966857
0.2914,-2.978972461,2.988701113,2.447944344,-2.443070562,0.536046201,-0.540612468
0.29145,-3.066253765,3.076075728,2.49685379,-2.492084467,0.57443864,-0.578952596
0.2915,-3.156802958,3.166721399,2.547287122,-2.542623914,0.614577268,-0.619036052
0.29155,-3.250557485,3.260575686,2.599135858,-2.594580473,0.656508107,-0.660908733
0.2916,-3.34745371,3.357575069,2.652293328,-2.647847521,0.70027429,-0.70461364
0.29165,-3.447426987,3.457655011,2.706654713,-2.702320284,0.745916089,-0.750190911
0.2917,-3.550411723,3.560750027,2.762117078,-2.757895866,0.79347095,-0.797677856
0.29175,-3.656341447,3.666793751,2.818579407,-2.814473287,0.84297352,-0.847108984
0.2918,-3.765148877,3.775719004,2.875942634,-2.871953514,0.894455689,-0.898516043
0.29185,-3.876765988,3.88745786,2.934109673,-2.93023949,0.947946627,-0.951928058
0.2919,-3.991124081,4.001941717,2.992985446,-2.989236158,1.00347282,-1.007371374
0.29195,-4.108153847,4.11910136,3.052476901,-3.04885049,1.061058121,-1.064869695
0.292,-4.227785437,4.238867031,3.112493044,-3.108991509,1.120723786,-1.12444413
0.29205,-4.349948528,4.361168495,3.172944951,-3.169570304,1.182488526,-1.186113241
0.2921,-4.474572386,4.485935105,3.233745791,-3.230500056,1.246368553,-1.24989309
0.29215,-4.601585939,4.613095868,3.294810839,-3.291696045,1.312377632,-1.31579729
0.2922,-4.730917832,4.742579513,3.356057489,-3.353075672,1.380527128,-1.383837056
0.29225,-4.862496499,4.874314548,3.417405267,-3.41455846,1.450826063,-1.454021258
0.2923,-4.996250221,5.008229329,3.478775834,-3.476066073,1.523281168,-1.526356474
0.29235,-5.042854776,5.054915693,3.478161915,-3.475590841,1.577139866,-1.580090396
0.2924,-4.979041761,4.991076031,3.405397503,-3.402962818,1.57945486,-1.582279288
0.29245,-4.917100581,4.929108263,3.33566529,-3.333363897,1.587296575,-1.589994458
0.2925,-4.860283079,4.872264231,3.267496927,-3.265325903,1.598632383,-1.60120325
0.29255,-4.807876134,4.819830816,3.203058969,-3.201015537,1.610650132,-1.613093457
0.2926,-4.759672412,4.771600682,3.142853683,-3.140935208,1.62264008,-1.624955268
0.29265,-4.715746223,4.727648139,3.086256898,-3.084460881,1.635300669,-1.63748706
0.2927,-4.617423884,4.629299503,3.006052394,-3.004425667,1.610543487,-1.612600436
0.29275,-4.453120917,4.464970299,2.852659396,-2.851258193,1.606189387,-1.608118709
0.2928,-4.296683548,4.308506751,2.713567094,-2.712380558,1.588719255,-1.590523161
0.29285,-4.146993386,4.158790467,2.590648732,-2.589666507,1.561894038,-1.563574569
0.2929,-4.005829692,4.01760071,2.474593907,-2.473806239,1.536735559,-1.538294697
0.29295,-3.873432854,3.885177866,2.363015918,-2.362413663,1.515870728,-1.517310411
0.293,-3.749297795,3.761016858,2.257943111,-2.257517683,1.49676589,-1.498087968
0.29305,-3.63317007,3.644863242,2.160297942,-2.160041286,1.478243939,-1.479450144
0.2931,-3.525042159,3.536709497,2.069400081,-2.069304655,1.460977488,-1.462069433
0.29315,-3.424883429,3.436524991,1.984571714,-1.984630476,1.44561353,-1.4465927
0.2932,-3.332591315,3.344207157,1.905629474,-1.905835866,1.432232693,-1.433100439
0.29325,-3.248054323,3.259644502,1.832486044,-1.832833967,1.420810646,-1.421568167
0.2933,-3.171175025,3.182739598,1.764921361,-1.765405158,1.411469884,-1.41211822
0.29335,-3.101857292,3.113396315,1.702663765,-1.703278206,1.404385806,-1.40492583
0.2934,-3.039998681,3.051512211,1.645475116,-1.646215375,1.399693997,-1.400126405
0.29345,-2.985492676,2.99698077,1.593140307,-1.594001947,1.397502946,-1.397828246
0.2935,-2.938230824,2.949693537,1.545439488,-1.546418442,1.397923962,-1.398142468
0.29355,-2.898102458,2.909539847,1.502147098,-1.50323965,1.401071868,-1.401183689
0.2936,-2.864994236,2.876406356,1.463040397,-1.464243167,1.407055996,-1.407061032
0.29365,-2.838790234,2.850177142,1.427901163,-1.429211088,1.415978597,-1.415876528
0.2937,-2.819372116,2.830733867,1.396513461,-1.397927777,1.427937231,-1.427727513
0.29375,-2.80661919,2.81795584,1.368662978,-1.370179207,1.443025496,-1.442707349
0.2938,-2.800408469,2.811720073,1.344137771,-1.345753697,1.461332333,-1.46090474
0.29385,-2.800614752,2.811901365,1.322728717,-1.324442376,1.482941662,-1.482403361
0.2939,-2.807110718,2.818372396,1.304229495,-1.306039157,1.507932492,-1.50728197
0.29395,-2.819767019,2.831003817,1.2884366,-1.290340751,1.536378998,-1.535614487
0.294,-2.838452376,2.849664349,1.275149497,-1.277146824,1.568350467,-1.567469936
0.29405,-2.863033687,2.874220889,1.264170781,-1.266260158,1.60391124,-1.602912395
0.2941,-2.893376135,2.904538621,1.255306292,-1.257486764,1.643120712,-1.642000987
0.29415,-2.929343305,2.94048113,1.248365221,-1.250635987,1.686033334,-1.684789893
0.2942,-2.9707973,2.981910518,1.243160218,-1.24552062,1.732698626,-1.731328354
0.29425,-3.017598863,3.02868753,1.239507507,-1.241957011,1.783161186,-1.781660689
0.2943,-3.069607506,3.080671675,1.237226987,-1.239765175,1.837460708,-1.835826311
0.29435,-3.126681634,3.137721358,1.236142333,-1.238768882,1.895632018,-1.89385976
0.2944,-3.188678676,3.19969401,1.236081084,-1.238795758,1.957705104,-1.95579074
0.29445,-3.255455222,3.26644622,1.236874736,-1.239677372,2.023705169,-2.021644165
0.2945,-3.326867154,3.337833869,1.238358823,-1.241249315,2.093652675,-2.091440208
0.29455,-3.402769781,3.413712268,1.240372993,-1.243351284,2.167563407,-2.165194365
0.2946,-3.48301798,3.493936291,1.242761077,-1.245827143,2.245448533,-2.242917516
0.29465,-3.567466326,3.578360515,1.245371158,-1.248524999,2.327314684,-2.324616
0.2947,-3.655969235,3.666839355,1.248055623,-1.251297251,2.413164023,-2.410291692
0.29475,-3.748381097,3.759227201,1.250671222,-1.254000648,2.502994338,-2.49994209
0.2948,-3.844556413,3.855378554,1.253079106,-1.256496331,2.596799125,-2.593560403
0.29485,-3.944349927,3.955148158,1.25514487,-1.258649875,2.69456769,-2.691135649
0.2949,-4.047616761,4.058391135,1.256738583,-1.260331319,2.796285241,-2.792652754
0.29495,-4.154212548,4.164963117,1.257734815,-1.261415191,2.901933003,-2.898092656
0.295,-4.263993554,4.274720371,1.258012655,-1.261780531,3.011488318,-3.00743242
0.29505,-4.376816811,4.387519928,1.257455723,-1.261310902,3.124924768,-3.120645347
0.2951,-4.492540239,4.503219708,1.255952178,-1.259894394,3.242212283,-3.237701092
0.29515,-4.611022761,4.621678635,1.253394714,-1.257423626,3.363317268,-3.358565788
0.2952,-4.732124429,4.742756759,1.249680555,-1.253795742,3.488202724,-3.483202166
0.29525,-4.790241189,4.800850028,1.211412951,-1.215613862,3.578025542,-3.572826313
0.2953,-4.774549676,4.785135075,1.196196118,-1.200480201,3.584177522,-3.578854232
0.29535,-4.761076114,4.771638125,1.169443208,-1.173807667,3.59739986,-3.591952129
0.2954,-4.748357329,4.758896003,1.134285461,-1.138727676,3.619850823,-3.614278218
0.29545,-4.739062814,4.749578203,1.100220898,-1.104738313,3.644634334,-3.638936326
0.2955,-4.733885928,4.744378084,1.069695125,-1.074285219,3.669998285,-3.664174236
0.29555,-4.732127461,4.742596434,1.040529004,-1.045189308,3.697422631,-3.691471807
0.2956,-4.65005038,4.660418947,1.002360774,-1.007088557,3.660099706,-3.654021692
0.29565,-4.463761705,4.473934079,0.921295906,-0.926086132,3.548190362,-3.541988916
0.2957,-4.28370646,4.293690022,0.850847838,-0.85569511,3.438587016,-3.432266749
0.29575,-4.113096778,4.122898602,0.788589295,-0.793488491,3.330176135,-3.323741467
0.2958,-3.950284034,3.959910878,0.729846932,-0.734793227,3.226049783,-3.219504968
0.29585,-3.794703001,3.804161311,0.67325806,-0.678246928,3.127005097,-3.120354226
0.2959,-3.646568966,3.655864883,0.619718329,-0.624745516,3.032361504,-3.025608501
0.29595,-3.505961381,3.515100749,0.569679343,-0.574740847,2.941746662,-2.934895278
0.296,-3.372679823,3.381668194,0.522800919,-0.52789298,2.855300151,-2.848353968
0.29605,-3.246501388,3.25534403,0.478697446,-0.483816534,2.773184504,-2.766146935
0.2961,-3.127286488,3.135988389,0.437216038,-0.442358842,2.695412855,-2.688287142
0.29615,-3.014920396,3.02348627,0.398268608,-0.403432022,2.621958412,-2.614747624
0.2962,-2.909267187,2.917701478,0.361711401,-0.366892512,2.552828857,-2.545535894
0.29625,-2.810178988,2.818485881,0.327372429,-0.332568504,2.488048173,-2.480675762
0.2963,-2.717512407,2.72569583,0.295093687,-0.300302161,2.427630845,-2.420181544
0.29635,-2.631128644,2.639192276,0.264730506,-0.269948973,2.371582623,-2.364058817
0.2964,-2.550888325,2.558835599,0.236138573,-0.241364772,2.319908338,-2.312312241
0.29645,-2.476650625,2.484484738,0.209172029,-0.214403831,2.272612923,-2.264946579
0.2965,-2.408274791,2.415998705,0.183687202,-0.188922603,2.229699205,-2.221964485
0.29655,-2.345620676,2.353237129,0.159543809,-0.164780916,2.191167237,-2.183365843
0.2966,-2.288548381,2.296059888,0.136604051,-0.141841072,2.15701484,-2.149148305
0.29665,-2.236918066,2.244326928,0.11473218,-0.119967413,2.127237858,-2.119307543
0.2967,-2.190590083,2.197898393,0.093794772,-0.099026595,2.101830005,-2.093837104
0.29675,-2.149425101,2.156634747,0.073660958,-0.07888782,2.080782766,-2.072728303
0.2968,-2.113284117,2.12039679,0.054202423,-0.05942283,2.06408541,-2.055970244
0.29685,-2.082028479,2.089045679,0.035293386,-0.040505897,2.051725027,-2.043549848
0.2969,-2.055519932,2.062442971,0.016810662,-0.022013875,2.043686517,-2.035451849
0.29695,-2.033620672,2.040450683,-0.00134402,-0.003821096,2.039952587,-2.031658791
0.297,-2.016193627,2.022931567,-0.019356954,0.014170835,2.040503441,-2.032150712
0.29705,-2.003101757,2.009748413,-0.037273246,0.032100494,2.045317763,-2.036906135
0.2971,-1.994208251,2.000764248,-0.055229823,0.050071769,2.054372374,-2.045901718
0.29715,-1.989378769,1.995844573,-0.073334566,0.068192546,2.067640212,-2.059110241
0.2972,-1.988478235,1.994854158,-0.091694735,0.086570098,2.08509348,-2.076503747
0.29725,-1.991372319,1.997658528,-0.110414734,0.105308847,2.106702263,-2.098052164
0.2973,-1.997927869,2.004124386,-0.12959538,0.124509639,2.13243425,-2.123723024
0.29735,-2.008012639,2.014119352,-0.149334513,0.144270351,2.162255062,-2.153481794
0.2974,-2.021495207,2.027511871,-0.169727229,0.16468612,2.196128401,-2.187292025
0.29745,-2.038245112,2.044171357,-0.190865693,0.18584916,2.234016011,-2.225115311
0.2975,-2.05813297,2.063968305,-0.212839027,0.207848652,2.275877673,-2.266911281
0.29755,-2.081030502,2.086774319,-0.235733344,0.23077077,2.321671266,-2.312637669
0.2976,-2.106810574,2.112462156,-0.259631756,0.254698697,2.371352823,-2.362250362
0.29765,-2.135347259,2.140905784,-0.284614368,0.279712612,2.424876574,-2.415703449
0.2977,-2.166515898,2.171980441,-0.310758248,0.305889665,2.482194992,-2.472949259
0.29775,-2.200193149,2.205562692,-0.338137436,0.333303982,2.543258841,-2.533938419
0.2978,-2.236257047,2.241530479,-0.366822943,0.362026667,2.608017231,-2.598619904
0.29785,-2.274587046,2.279763172,-0.396882751,0.392125798,2.676417677,-2.666941091
0.2979,-2.315064082,2.320141625,-0.42838182,0.423666439,2.748406148,-2.738847819
0.29795,-2.357570614,2.36254822,-0.461382099,0.456710644,2.823927132,-2.814284446
0.298,-2.401990677,2.406866921,-0.495942532,0.491317468,2.902923691,-2.893193908
0.29805,-2.448209929,2.452983318,-0.532119075,0.527542983,2.985337526,-2.97551778
0.2981,-2.496115696,2.500784674,-0.569964715,0.565440294,3.071109038,-3.061196341
0.29815,-2.545597015,2.550159968,-0.609529486,0.605059558,3.160177391,-3.150168635
0.2982,-2.596544678,2.600999937,-0.650860494,0.646448008,3.252480579,-3.242372539
0.29825,-2.648851272,2.653197119,-0.694001944,0.689649977,3.347955487,-3.337744825
0.2983,-2.702411215,2.706645885,-0.738995164,0.734706925,3.446537963,-3.436221227
0.29835,-2.757120797,2.761242484,-0.785878638,0.781657473,3.548162881,-3.537736511
0.2984,-2.812878208,2.81688507,-0.834688039,0.830537429,3.652764208,-3.642224538
0.29845,-2.869583578,2.873473735,-0.885456263,0.881379831,3.760275073,-3.749618333
0.2985,-2.927138998,2.930910543,-0.938213469,0.934214978,3.870627834,-3.859850153
0.29855,-2.985448555,2.989099554,-0.992987116,0.989070475,3.983754145,-3.972851555
0.2986,-3.044418355,3.047946852,-1.049802009,1.045971271,4.099585025,-4.088553462
0.29865,-3.103956547,3.107360565,-1.108680338,1.104939703,4.218050923,-4.20688623
0.2987,-3.16397334,3.167250889,-1.169641728,1.165995544,4.339081785,-4.327779716
0.29875,-3.224381028,3.227530104,-1.232703285,1.22915605,4.462607122,-4.451163345
0.2988,-3.285094002,3.288112593,-1.297879645,1.294436007,4.588556074,-4.576966174
0.29885,-3.346028766,3.348914853,-1.365183027,1.361847784,4.716857476,-4.705116955
0.2989,-3.407103947,3.409855511,-1.434623283,1.431401386,4.847439922,-4.835544205
0.29895,-3.468240306,3.470855327,-1.506207953,1.503104504,4.980231826,-4.968176264
0.299,-3.529360746,3.531837208,-1.57994232,1.576962572,5.115161488,-5.102941359
0.29905,-3.528778611,3.531114889,-1.634534773,1.631683706,5.162601569,-5.150297862
0.2991,-3.456167467,3.458365861,-1.637325807,1.634604785,5.099381883,-5.087105359
0.29915,-3.386627432,3.388691039,-1.645552265,1.642961758,5.037985259,-5.025735859
0.2992,-3.318666549,3.320598293,-1.657215646,1.654756154,4.981673913,-4.969451576
0.29925,-3.254376647,3.256179307,-1.669613557,1.667285635,4.929769667,-4.917574334
0.2993,-3.194261699,3.195937915,-1.682037146,1.679841422,4.882067713,-4.869899324
0.29935,-3.110644946,3.11214626,-1.656826805,1.654763893,4.779812406,-4.767670901
0.2994,-2.953832984,2.955101126,-1.652046695,1.650114773,4.611537895,-4.599423215
0.29945,-2.811073138,2.812119278,-1.63446584,1.632662689,4.451204545,-4.43911663
0.2995,-2.684463379,2.685298175,-1.607572579,1.60589614,4.297645745,-4.285584536
0.29955,-2.564961519,2.56559502,-1.582099348,1.580547619,4.152619034,-4.140584472
0.2996,-2.450089061,2.450530702,-1.560792742,1.559363763,4.016392121,-4.004384148
0.29965,-2.341745362,2.342004007,-1.541263773,1.539955669,3.888475127,-3.876493684
0.2997,-2.240872884,2.240956864,-1.522308029,1.521119033,3.768605892,-3.756650919
0.29975,-2.146847559,2.14676468,-1.504535744,1.50346421,3.656770377,-3.644841816
0.2998,-2.058993743,2.058751305,-1.488594311,1.487638714,3.55294014,-3.541037932
0.29985,-1.977107031,1.976711845,-1.474588959,1.473747905,3.457015826,-3.445139914
0.2999,-1.901095676,1.900554082,-1.462500599,1.461772842,3.368886436,-3.357036762
0.29995,-1.830746569,1.830064459,-1.452444847,1.451829295,3.288454333,-3.276630838
0.3,-1.765790778,1.764973614,-1.44459519,1.444090916,3.215623936,-3.203826562
0.30005,-1.70598805,1.705040877,-1.439090431,1.438696682,3.150293675,-3.138522365
0.3001,-1.65112184,1.650049311,-1.4360414,1.435757605,3.09235773,-3.080612426
0.30015,-1.600972603,1.599778992,-1.435559882,1.435385664,3.041708248,-3.029988893
0.3002,-1.555315045,1.554004266,-1.437761232,1.437696412,2.998235209,-2.986541746
0.30025,-1.513926034,1.512501662,-1.442755981,1.442800589,2.961825948,-2.950158318
0.3003,-1.476586808,1.475052091,-1.450647687,1.450801967,2.932365203,-2.92072335
0.30035,-1.443081033,1.441438914,-1.46153504,1.461799462,2.909735291,-2.898119159
0.3004,-1.413194,1.411447132,-1.475512739,1.475888001,2.893816171,-2.882225702
0.30045,-1.386713259,1.384864021,-1.492670905,1.493157941,2.884485495,-2.872920632
0.3005,-1.363429099,1.361479614,-1.513094682,1.513694669,2.881618689,-2.870079376
0.30055,-1.343134572,1.341086724,-1.536864307,1.537578671,2.885089046,-2.873575227
0.3006,-1.325625502,1.323480951,-1.564055188,1.564885608,2.894767815,-2.883279433
0.30065,-1.310700626,1.308460823,-1.594737864,1.595686276,2.910524295,-2.899061294
0.3007,-1.298161752,1.295827957,-1.628977944,1.63004655,2.93222594,-2.920788263
0.30075,-1.287813883,1.285387179,-1.666836097,1.668027366,2.959738466,-2.948326059
0.3008,-1.279465321,1.276946627,-1.708368062,1.709684732,2.992925968,-2.981538774
0.30085,-1.272927774,1.270317866,-1.753624648,1.755069733,3.031651029,-3.020288992
0.3009,-1.268016476,1.265315994,-1.802651747,1.80422854,3.075774846,-3.064437911
0.30095,-1.264550286,1.261759753,-1.85549035,1.857202424,3.125157351,-3.113845463
0.301,-1.262351789,1.259471624,-1.91217658,1.914027789,3.17965734,-3.168370443
0.30105,-1.261247392,1.258277923,-1.97274172,1.974736206,3.239132601,-3.22787064
0.3011,-1.26106741,1.258008887,-2.037212262,2.039354451,3.303440045,-3.292202965
0.30115,-1.261646156,1.258498763,-2.105609952,2.107904558,3.372435842,-3.361223588
0.3012,-1.262822012,1.259585884,-2.177951849,2.180403876,3.445975552,-3.434788069
0.30125,-1.264437508,1.261112737,-2.254250388,2.256865127,3.523914264,-3.512751498
0.3013,-1.266339385,1.262926036,-2.33451345,2.337296483,3.606106729,-3.594968626
0.30135,-1.268378654,1.264876777,-2.418744439,2.421701634,3.6924075,-3.681294004
0.3014,-1.270410654,1.266820292,-2.506942361,2.510079879,3.782671064,-3.771582122
0.30145,-1.272295096,1.268616297,-2.599101919,2.602426204,3.876751979,-3.865687536
0.3015,-1.273896102,1.270128932,-2.6952136,2.698731385,3.974505008,-3.963465011
0.30155,-1.275082246,1.271226795,-2.795263777,2.798982081,4.075785253,-4.064769647
0.3016,-1.275726575,1.271782971,-2.899234815,2.903160936,4.180448282,-4.169457014
0.30165,-1.275706632,1.271675047,-3.007105171,3.011246692,4.288350264,-4.277383279
0.3017,-1.274904475,1.270785135,-3.118849517,3.123214296,4.399348089,-4.388405335
0.30175,-1.273206679,1.268999873,-3.234438845,3.23903502,4.513299497,-4.50238092
0.3018,-1.270504339,1.26621043,-3.353840595,3.358676574,4.630063197,-4.619168743
0.30185,-1.266693072,1.262312498,-3.477018774,3.482103236,4.749498982,-4.738628598
0.3019,-1.228228381,1.223761707,-3.565474302,3.570756851,4.806140078,-4.795293712
0.30195,-1.212724343,1.208174146,-3.570522587,3.575928716,4.789074435,-4.778252034
0.302,-1.185750563,1.181119668,-3.582639858,3.588169913,4.774294934,-4.763496444
0.30205,-1.150408592,1.145699644,-3.604002265,3.609656643,4.760326464,-4.749551833
0.3021,-1.116146837,1.111362413,-3.627726527,3.633505723,4.749801736,-4.739050911
0.30215,-1.085435776,1.080578416,-3.652036768,3.657941385,4.743415281,-4.732688209
0.3022,-1.056126979,1.05119917,-3.678396308,3.684427046,4.740482009,-4.729778639
0.30225,-1.017573648,1.012578138,-3.640116298,3.646273538,4.657021358,-4.646418861
0.3023,-0.936012915,0.930954787,-3.527298098,3.533578053,4.469192133,-4.458786189
0.30235,-0.865037896,0.859922593,-3.416810092,3.423208126,4.287597652,-4.277380826
0.3024,-0.80224228,0.797074968,-3.307525378,3.314037043,4.115457247,-4.105422414
0.30245,-0.743015022,0.737800568,-3.202504924,3.209125937,3.95115305,-3.941293401
0.3025,-0.685993762,0.680736731,-3.102549096,3.109275339,3.794122944,-3.784431984
0.30255,-0.632051589,0.626756269,-3.006990177,3.013817697,3.644572097,-3.635043636
0.3026,-0.581636623,0.576307049,-2.915456956,2.922381972,3.502577227,-3.493205373
0.30265,-0.534416129,0.529056092,-2.828084958,2.835103858,3.367940942,-3.358720096
0.3027,-0.490006822,0.484619876,-2.745036147,2.752145489,3.240441742,-3.231366592
0.30275,-0.448253409,0.44284289,-2.666325537,2.673522051,3.119939187,-3.111004701
0.3028,-0.409066375,0.403635409,-2.591927417,2.599208001,3.00631789,-2.997519312
0.30285,-0.372302292,0.366853812,-2.521849578,2.529211303,2.899442071,-2.890774914
0.3029,-0.337789417,0.33232617,-2.456116234,2.46355634,2.799164062,-2.7906241
0.30295,-0.305369346,0.299893909,-2.394742459,2.40225836,2.705340404,-2.69692367
0.303,-0.274896907,0.269411697,-2.337734613,2.345323892,2.617832166,-2.609534944
0.30305,-0.246227442,0.240734727,-2.285098038,2.292758449,2.536499919,-2.528318738
0.3031,-0.219214771,0.213716684,-2.236838158,2.244567627,2.461202806,-2.453134434
0.30315,-0.193714817,0.188213365,-2.192958329,2.200754952,2.391800012,-2.383841451
0.3032,-0.16958684,0.164083916,-2.153459149,2.161321194,2.328151309,-2.32029979
0.30325,-0.146692571,0.141189964,-2.118338981,2.126264883,2.270116713,-2.262369686
0.3033,-0.124895768,0.119395175,-2.087594205,2.095582571,2.217556293,-2.209911426
0.30335,-0.10406249,0.098565525,-2.061219077,2.069268683,2.170330301,-2.162785474
0.3034,-0.084061317,0.078569522,-2.039205626,2.047315414,2.128299292,-2.120852586
0.30345,-0.064763354,0.05927821,-2.021543665,2.029712747,2.091324139,-2.083973836
0.3035,-0.046042224,0.040565158,-2.008220824,2.016448479,2.059266055,-2.05201063
0.30355,-0.027774114,0.022306513,-1.999222544,2.007508215,2.031986636,-2.02482475
0.3036,-0.009837842,0.004381058,-1.994532068,2.002875365,2.009347917,-2.002278416
0.30365,0.007878085,-0.013343666,-1.994134263,2.002534959,1.991208516,-1.984230419
0.3037,0.025500594,-0.030952669,-1.997996718,2.006454749,1.977442876,-1.970555373
0.30375,0.043139544,-0.048576806,-2.006106227,2.01462169,1.967904559,-1.961107007
0.3038,0.060907221,-0.06632836,-2.018436126,2.027009281,1.962458956,-1.955750869
0.30385,0.07890792,-0.084311617,-2.034957313,2.043588576,1.960972652,-1.9543537
0.3039,0.097245597,-0.102630512,-2.055639809,2.064329756,1.963311727,-1.956781728
0.30395,0.116022879,-0.121387648,-2.08045228,2.089201641,1.96934224,-1.962901154
0.304,0.135338863,-0.140682087,-2.109361034,2.118170694,1.978931425,-1.972579352
0.30405,0.155289198,-0.160609437,-2.142330119,2.151201118,1.991947715,-1.985684886
0.3041,0.175966725,-0.18126249,-2.179321668,2.188255196,2.008260438,-2.002087211
0.30415,0.197461483,-0.202731232,-2.220295942,2.229293336,2.027739853,-2.021656709
0.3042,0.219860496,-0.225102622,-2.265211275,2.274274023,2.050257322,-2.044264857
0.30425,0.243247732,-0.248460563,-2.314024117,2.32315385,2.075685374,-2.069784298
0.3043,0.267704154,-0.272885943,-2.3666891,2.375887593,2.103897734,-2.098088862
0.30435,0.293307724,-0.298456644,-2.423159088,2.432428259,2.134769365,-2.129053614
0.3044,0.320133381,-0.325247518,-2.483385228,2.492727133,2.168176539,-2.162554923
0.30445,0.348253035,-0.353330384,-2.547316994,2.556733825,2.203996888,-2.198470513
0.3045,0.37773557,-0.382774032,-2.614902243,2.624396331,2.242109457,-2.236679515
0.30455,0.408646856,-0.413644229,-2.686087279,2.695661083,2.282394755,-2.277062522
0.3046,0.441049751,-0.446003727,-2.760816901,2.770473012,2.324734803,-2.319501631
0.30465,0.47500411,-0.479912273,-2.839034469,2.848775607,2.36901319,-2.363880503
0.3047,0.510566803,-0.51542662,-2.920681964,2.930510973,2.41511511,-2.410084404
0.30475,0.547791724,-0.552600545,-3.005700048,3.015619894,2.462927421,-2.458000251
0.3048,0.586729818,-0.591484871,-3.094028129,3.104041901,2.512338678,-2.507516663
0.30485,0.627429095,-0.632127482,-3.185604426,3.195715329,2.563239183,-2.558523994
0.3049,0.669934661,-0.674573355,-3.280366034,3.290577388,2.615521022,-2.610914383
0.30495,0.714288739,-0.718864582,-3.37824899,3.388564227,2.669078107,-2.664581788
0.305,0.760530702,-0.765040401,-3.479188337,3.489611001,2.723806211,-2.719422023
0.30505,0.808697106,-0.813137231,-3.583118198,3.593651937,2.779603001,-2.775332797
0.3051,0.858821721,-0.863188701,-3.689971835,3.700620405,2.836368076,-2.832213741
0.30515,0.91093557,-0.915225694,-3.799681724,3.81044898,2.894002994,-2.889966445
0.3052,0.965066969,-0.969276381,-3.912179618,3.923069513,2.952411301,-2.94849448
0.30525,1.021241564,-1.025366263,-4.027396614,4.038413199,3.011498555,-3.007703431
0.3053,1.079482379,-1.083518219,-4.145263226,4.156410644,3.071172356,-3.067500915
0.30535,1.139809861,-1.143752545,-4.265709445,4.276991929,3.13134236,-3.127796607
0.3054,1.202241922,-1.206087004,-4.388664809,4.40008668,3.191920307,-3.188502256
0.30545,1.266793993,-1.270536878,-4.51405847,4.525624134,3.252820028,-3.249531705
0.3055,1.333479071,-1.337115012,-4.641819257,4.6535332,3.313957468,-3.310800906
0.30555,1.402307773,-1.405831873,-4.77187574,4.783742528,3.375250694,-3.372227927
0.3056,1.47328839,-1.476695597,-4.904156296,4.91618057,3.436619908,-3.433732971
0.30565,1.546426937,-1.549712049,-5.038589171,5.050775645,3.497987452,-3.495238377
0.3057,1.600706012,-1.603864098,-5.085742328,5.098011069,3.497502704,-3.494893132
0.30575,1.60331638,-1.606346096,-5.022410379,5.034652014,3.424924478,-3.422452116
0.3058,1.611412132,-1.614313022,-4.960924284,4.973138873,3.35539381,-3.353055569
0.30585,1.622976102,-1.625747683,-4.904540747,4.916728349,3.287431752,-3.285224712
0.3059,1.635248302,-1.637890032,-4.852563648,4.864724323,3.223169695,-3.221091087
0.30595,1.64752016,-1.650031431,-4.804787091,4.816920899,3.163110177,-3.161157367
0.306,1.660471288,-1.662851422,-4.761280056,4.773387057,3.106642527,-3.104813021
0.30605,1.635966155,-1.638214493,-4.663539771,4.675620023,3.026768385,-3.025109357
0.3061,1.631819212,-1.633937553,-4.499900748,4.51195431,2.873832304,-2.872400457
0.30615,1.614656426,-1.616646966,-4.344160507,4.356187439,2.735129909,-2.733914414
0.3062,1.588186871,-1.590051636,-4.195186398,4.207186758,2.612572055,-2.611562585
0.30625,1.563350778,-1.565091731,-4.054720851,4.066694699,2.496893107,-2.496079934
0.3063,1.542813246,-1.544432305,-3.923004604,3.934951998,2.385668525,-2.385042525
0.30635,1.524087098,-1.52558609,-3.79954418,3.811465179,2.280891781,-2.28044439
0.3064,1.505983088,-1.507363721,-3.68408534,3.695980001,2.183497676,-2.183220855
0.30645,1.489149656,-1.490413516,-3.576615701,3.588484083,2.092825195,-2.092711417
0.3065,1.474233221,-1.475381766,-3.477102946,3.488945108,2.008195416,-2.008237652
0.30655,1.461322967,-1.462357517,-3.385444917,3.397260916,1.929416824,-1.929608524
0.3066,1.450395235,-1.451316959,-3.301529814,3.313319708,1.856401127,-1.856736201
0.30665,1.441568223,-1.442378131,-3.225259167,3.237023014,1.788931516,-1.789404311
0.3067,1.435015158,-1.435714088,-3.156535938,3.168273795,1.726737599,-1.727342887
0.30675,1.43087164,-1.431460252,-3.095257036,3.10696896,1.669580575,-1.670313529
0.3068,1.429245736,-1.429724503,-3.041315315,3.053001364,1.617245129,-1.61810131
0.30685,1.430247463,-1.43061666,-2.994601646,3.006261878,1.569512033,-1.570487368
0.3069,1.43399036,-1.434250059,-2.955004705,2.966639176,1.526156348,-1.527247115
0.30695,1.440582774,-1.440732836,-2.92241053,2.934019297,1.486955705,-1.488158513
0.307,1.450126002,-1.450166066,-2.896702608,2.908285728,1.451692247,-1.453004021
0.30705,1.462716547,-1.462646027,-2.877762036,2.889319566,1.420150533,-1.421568495
0.3071,1.47844692,-1.478264996,-2.865467587,2.876999583,1.3921168,-1.393638454
0.30715,1.497405004,-1.497110616,-2.859695762,2.871202281,1.367379655,-1.369002767
0.3072,1.519673677,-1.519265521,-2.860320881,2.871801979,1.345730538,-1.347453124
0.30725,1.545330901,-1.54480742,-2.867215178,2.878670911,1.326963732,-1.328784037
0.3073,1.574449801,-1.573809183,-2.880248887,2.891679311,1.310876364,-1.31279285
0.30735,1.607098625,-1.606338795,-2.899290344,2.910695515,1.297268556,-1.299279883
0.3074,1.643340685,-1.642459303,-2.924206095,2.935586069,1.285943581,-1.288048596
0.30745,1.683234353,-1.68222881,-2.954861007,2.966215839,1.276707984,-1.278905699
0.3075,1.726833073,-1.725700488,-2.991118378,3.002448124,1.269371679,-1.271661261
0.30755,1.77418537,-1.772922583,-3.03284006,3.044144775,1.263748063,-1.266128819
0.3076,1.825334859,-1.823938433,-3.079886579,3.09116632,1.259654122,-1.262125484
0.30765,1.880320272,-1.878786486,-3.132117263,3.143372084,1.256910539,-1.259472049
0.3077,1.939175487,-1.937500336,-3.189390368,3.200620323,1.255341785,-1.257993083
0.30775,2.001929566,-2.000108761,-3.251563208,3.262768353,1.254776213,-1.257517021
0.3078,2.068606805,-2.066635768,-3.318492291,3.32967268,1.255046143,-1.257876256
0.30785,2.139226781,-2.137100648,-3.39003345,3.401189138,1.255987945,-1.258907215
0.3079,2.213804417,-2.211518033,-3.466041979,3.477173021,1.257442113,-1.260450437
0.30795,2.292350046,-2.289897967,-3.546372771,3.557479221,1.259253335,-1.262350644
0.308,2.374869485,-2.372245978,-3.630880452,3.641962364,1.261270552,-1.2644568
0.30805,2.461364112,-2.458563157,-3.719419516,3.730476944,1.263347021,-1.26662217
0.3081,2.551830957,-2.548846242,-3.811844465,3.822877464,1.265340359,-1.268704371
0.30815,2.646262785,-2.643087715,-3.90800994,3.919018563,1.267112588,-1.270565416
0.3082,2.744648198,-2.74127589,-4.007770857,4.018755158,1.268530177,-1.272071749
0.30825,2.846971734,-2.843395022,-4.110982535,4.121942567,1.269464065,-1.273094281
0.3083,2.953213972,-2.949425408,-4.21750083,4.228436648,1.269789691,-1.273508407
0.30835,3.063351646,-3.059343499,-4.327182264,4.338093921,1.269387008,-1.273194032
0.3084,3.17735775,-3.173122017,-4.439884144,4.450771692,1.268140495,-1.272035575
0.30845,3.295201667,-3.290730066,-4.55546469,4.566328183,1.265939162,-1.269921978
0.3085,3.416849281,-3.412133261,-4.673783152,4.684622643,1.262676548,-1.266746706
0.30855,3.542263104,-3.537293844,-4.794699926,4.805515468,1.258250712,-1.262407734
0.3086,3.632356752,-3.627185526,-4.852530405,4.86332205,1.219427174,-1.223670454
0.30865,3.638710661,-3.633413246,-4.836471539,4.847239341,1.203641672,-1.207968624
0.3087,3.651994672,-3.64657069,-4.822656275,4.833400285,1.176486015,-1.180893807
0.30875,3.674435512,-3.668884533,-4.809600587,4.820320859,1.141002136,-1.145488112
0.3088,3.699285614,-3.693607109,-4.799933364,4.81062995,1.106498937,-1.111060509
0.30885,3.724760071,-3.718953405,-4.794365504,4.805038457,1.075472364,-1.080106976
0.3089,3.684808146,-3.678872996,-4.708649274,4.719220384,1.03629255,-1.040997371
0.30895,3.570515756,-3.564455962,-4.518562584,4.528934893,0.953810725,-0.958580566
0.309,3.458883587,-3.45270384,-4.334572581,4.344753627,0.881454849,-0.886284163
0.30905,3.348502071,-3.342206874,-4.160028665,4.170025675,0.817230939,-0.822114463
0.3091,3.24227729,-3.235870979,-3.99340509,4.003224972,0.75677451,-0.761707283
0.30915,3.141062816,-3.134549565,-3.834119883,3.84376923,0.698649683,-0.703627049
0.3092,3.044253722,-3.037637537,-3.682342957,3.691828056,0.643631086,-0.648648668
0.30925,2.951476804,-2.944761521,-3.538149958,3.547476794,0.592167372,-0.597221055
0.3093,2.862847995,-2.856037281,-3.401355323,3.410529586,0.543956859,-0.549042774
0.30935,2.77852659,-2.771623941,-3.271740724,3.280767819,0.498621747,-0.503736264
0.3094,2.698534057,-2.6915428,-3.149162768,3.158047813,0.455997006,-0.461136719
0.30945,2.6228476,-2.615770891,-3.033504766,3.042252605,0.415988582,-0.421150298
0.3095,2.551474392,-2.544315216,-2.924631975,2.93324718,0.378454411,-0.383635137
0.30955,2.484438511,-2.477199682,-2.822397641,2.830884518,0.343223519,-0.348420448
0.3096,2.421756103,-2.414440263,-2.726658414,2.735021012,0.31013628,-0.31534678
0.30965,2.363434665,-2.356044287,-2.637275364,2.645517478,0.279046143,-0.284267747
0.3097,2.309480317,-2.302017701,-2.554109296,2.562234475,0.24980768,-0.255038071
0.30975,2.259899206,-2.252366482,-2.477019646,2.485031196,0.222274076,-0.227511078
0.3098,2.214695517,-2.207094644,-2.405865806,2.413766799,0.196300439,-0.201542005
0.30985,2.173870721,-2.166203487,-2.340507709,2.348300986,0.171745143,-0.176989344
0.3099,2.137424034,-2.129692057,-2.280805533,2.288493713,0.148469071,-0.153714084
0.30995,2.10535268,-2.097557409,-2.226619509,2.234204991,0.126335156,-0.131579255
0.31,2.077651769,-2.069794483,-2.177810028,2.185294999,0.105208616,-0.110450159
0.31005,2.054314189,-2.046395999,-2.134237757,2.1416242,0.084957173,-0.090194595
0.3101,2.035330617,-2.027352465,-2.09576367,2.103053365,0.065451076,-0.070682877
0.31015,2.020689543,-2.012652204,-2.062249059,2.069443592,0.046563085,-0.051787818
0.3102,2.010377265,-2.00228135,-2.03355558,2.040656347,0.028168523,-0.033384789
0.31025,2.004377886,-1.996223838,-2.009545308,2.016553524,0.010145336,-0.015351772
0.3103,2.002676112,-1.994464211,-1.990077958,1.996994656,-0.007623934,0.002426162
0.31035,2.005243066,-1.996973428,-1.975025135,1.981851178,-0.025262674,0.020077385
0.3104,2.012065316,-2.003737896,-1.964241482,1.970977565,-0.042877827,0.03770634
0.31045,2.023114491,-2.014729083,-1.957595057,1.964241717,-0.060581588,0.055425213
0.3105,2.038364531,-2.029920768,-1.954950055,1.961507669,-0.078483761,0.073343815
0.31055,2.057786616,-2.049283974,-1.956172053,1.96264085,-0.096689935,0.091567752
0.3106,2.081349594,-2.072787392,-1.961127685,1.967507749,-0.115302308,0.110199245
0.31065,2.109020425,-2.100397828,-1.969684233,1.975975508,-0.134420533,0.129337979
0.3107,2.140764118,-2.132080136,-1.981709771,1.987912067,-0.154141517,0.149080899
0.31075,2.17654364,-2.167797133,-1.997073367,2.003186366,-0.174559123,0.169521916
0.3108,2.216319966,-2.207509643,-2.015645132,2.02166839,-0.195764178,0.190751909
0.31085,2.260052161,-2.251176582,-2.03729622,2.043229178,-0.217844545,0.2128588
0.3109,2.307697415,-2.298754997,-2.061898896,2.067740879,-0.240885103,0.235927534
0.31095,2.359211083,-2.350200095,-2.089326596,2.095076822,-0.264967713,0.260040045
0.311,2.414546724,-2.405465296,-2.119453992,2.125111575,-0.290171208,0.285275244
0.31105,2.473656162,-2.464502282,-2.152157037,2.157720993,-0.316571394,0.31170902
0.3111,2.536489532,-2.527261051,-2.18731302,2.192782272,-0.344241048,0.339414242
0.31115,2.602995335,-2.593689967,-2.224800622,2.230174004,-0.373249921,0.368460754
0.3112,2.673120492,-2.66373582,-2.264499967,2.26977623,-0.403664737,0.398915378
0.31125,2.746810404,-2.73734388,-2.306292671,2.311470487,-0.4355492,0.430841925
0.3113,2.824009011,-2.814457955,-2.350061897,2.355139863,-0.468964007,0.464301198
0.31135,2.904658848,-2.895020458,-2.395692397,2.40066904,-0.503966857,0.499351012
0.3114,2.988701114,-2.978972462,-2.443070563,2.447944345,-0.540612468,0.536046201
0.31145,3.076075729,-3.066253766,-2.492084468,2.49685379,-0.578952596,0.57443864
0.3115,3.166721399,-3.156802959,-2.542623915,2.547287122,-0.619036053,0.614577269
0.31155,3.260575687,-3.250557485,-2.594580473,2.599135858,-0.660908733,0.656508107
0.3116,3.35757507,-3.347453711,-2.647847522,2.652293329,-0.70461364,0.70027429
0.31165,3.457655012,-3.447426988,-2.702320285,2.706654714,-0.750190912,0.74591609
0.3117,3.560750028,-3.550411724,-2.757895866,2.762117078,-0.797677856,0.79347095
0.31175,3.666793752,-3.656341448,-2.814473288,2.818579407,-0.847108984,0.84297352
0.3118,3.775719004,-3.765148878,-2.871953515,2.875942634,-0.898516043,0.89445569
0.31185,3.887457861,-3.876765989,-2.93023949,2.934109674,-0.951928059,0.947946627
0.3119,4.001941718,-3.991124082,-2.989236158,2.992985446,-1.007371375,1.00347282
0.31195,4.119101361,-4.108153848,-3.048850491,3.052476901,-1.064869696,1.061058121
0.312,4.238867032,-4.227785438,-3.108991509,3.112493044,-1.124444131,1.120723786
0.31205,4.361168495,-4.349948528,-3.169570305,3.172944951,-1.186113242,1.182488526
0.3121,4.485935105,-4.474572387,-3.230500056,3.233745792,-1.249893091,1.246368554
0.31215,4.613095869,-4.60158594,-3.291696046,3.29481084,-1.315797291,1.312377632
0.3122,4.742579514,-4.730917833,-3.353075672,3.35605749,-1.383837056,1.380527128
0.31225,4.874314549,-4.8624965,-3.414558461,3.417405267,-1.454021258,1.450826063
0.3123,5.00822933,-4.996250222,-3.476066074,3.478775835,-1.526356474,1.523281169
0.31235,5.054915694,-5.042854777,-3.475590842,3.478161916,-1.580090397,1.577139866
0.3124,4.991076032,-4.979041762,-3.402962818,3.405397503,-1.582279289,1.579454861
0.31245,4.929108264,-4.917100582,-3.333363898,3.33566529,-1.589994459,1.587296576
0.3125,4.872264232,-4.86028308,-3.265325903,3.267496927,-1.601203251,1.598632384
0.31255,4.819830817,-4.807876135,-3.201015538,3.203058969,-1.613093457,1.610650133
0.3126,4.771600682,-4.759672413,-3.140935208,3.142853684,-1.624955268,1.622640081
0.31265,4.72764814,-4.715746224,-3.084460881,3.086256899,-1.63748706,1.635300669
0.3127,4.629299504,-4.617423885,-3.004425667,3.006052395,-1.612600437,1.610543487
0.31275,4.4649703,-4.453120918,-2.851258193,2.852659396,-1.60811871,1.606189387
0.3128,4.308506751,-4.296683549,-2.712380558,2.713567094,-1.590523161,1.588719256
0.31285,4.158790468,-4.146993387,-2.589666507,2.590648732,-1.563574569,1.561894038
0.3129,4.017600711,-4.005829693,-2.47380624,2.474593907,-1.538294697,1.536735559
0.31295,3.885177867,-3.873432855,-2.362413663,2.363015919,-1.517310412,1.515870729
0.313,3.761016859,-3.749297795,-2.257517684,2.257943111,-1.498087968,1.496765891
0.31305,3.644863243,-3.633170071,-2.160041287,2.160297943,-1.479450145,1.47824394
0.3131,3.536709498,-3.52504216,-2.069304655,2.069400081,-1.462069433,1.460977488
0.31315,3.436524992,-3.42488343,-1.984630477,1.984571715,-1.4465927,1.44561353
0.3132,3.344207158,-3.332591316,-1.905835866,1.905629474,-1.433100439,1.432232694
0.31325,3.259644502,-3.248054323,-1.832833967,1.832486045,-1.421568167,1.420810647
0.3133,3.182739599,-3.171175026,-1.765405159,1.764921361,-1.412118221,1.411469884
0.31335,3.113396316,-3.101857293,-1.703278206,1.702663765,-1.404925831,1.404385806
0.3134,3.051512212,-3.039998682,-1.646215375,1.645475116,-1.400126405,1.399693998
0.31345,2.996980771,-2.985492677,-1.594001947,1.593140307,-1.397828247,1.397502947
0.3135,2.949693538,-2.938230825,-1.546418442,1.545439489,-1.398142468,1.397923963
0.31355,2.909539847,-2.898102458,-1.50323965,1.502147098,-1.40118369,1.401071868
0.3136,2.876406357,-2.864994237,-1.464243167,1.463040397,-1.407061033,1.407055996
0.31365,2.850177142,-2.838790235,-1.429211088,1.427901163,-1.415876529,1.415978597
0.3137,2.830733867,-2.819372116,-1.397927778,1.396513461,-1.427727513,1.427937232
0.31375,2.817955841,-2.806619191,-1.370179207,1.368662979,-1.44270735,1.443025497
0.3138,2.811720074,-2.80040847,-1.345753698,1.344137772,-1.460904741,1.461332333
0.31385,2.811901366,-2.800614753,-1.324442377,1.322728717,-1.482403362,1.482941662
0.3139,2.818372397,-2.807110719,-1.306039157,1.304229495,-1.507281971,1.507932492
0.31395,2.831003818,-2.81976702,-1.290340751,1.288436601,-1.535614487,1.536378998
0.314,2.84966435,-2.838452377,-1.277146825,1.275149498,-1.567469937,1.568350467
0.31405,2.87422089,-2.863033687,-1.266260159,1.264170781,-1.602912396,1.603911241
0.3141,2.904538622,-2.893376135,-1.257486764,1.255306293,-1.642000988,1.643120712
0.31415,2.940481131,-2.929343305,-1.250635988,1.248365221,-1.684789893,1.686033334
0.3142,2.981910519,-2.9707973,-1.24552062,1.243160218,-1.731328355,1.732698627
0.31425,3.028687531,-3.017598864,-1.241957012,1.239507507,-1.78166069,1.783161186
0.3143,3.080671675,-3.069607507,-1.239765175,1.237226987,-1.835826311,1.837460709
0.31435,3.137721359,-3.126681635,-1.238768882,1.236142333,-1.89385976,1.895632018
0.3144,3.199694011,-3.188678677,-1.238795758,1.236081084,-1.95579074,1.957705105
0.31445,3.266446221,-3.255455223,-1.239677372,1.236874736,-2.021644165,2.02370517
0.3145,3.33783387,-3.326867155,-1.241249316,1.238358824,-2.091440209,2.093652676
0.31455,3.413712268,-3.402769782,-1.243351284,1.240372993,-2.165194366,2.167563407
0.3146,3.493936291,-3.48301798,-1.245827143,1.242761077,-2.242917517,2.245448534
0.31465,3.578360515,-3.567466327,-1.248524999,1.245371158,-2.324616001,2.327314684
0.3147,3.666839356,-3.655969236,-1.251297251,1.248055624,-2.410291693,2.413164024
0.31475,3.759227202,-3.748381098,-1.254000648,1.250671222,-2.499942091,2.502994338
0.3148,3.855378555,-3.844556414,-1.256496332,1.253079106,-2.593560404,2.596799126
0.31485,3.955148158,-3.944349927,-1.258649875,1.25514487,-2.69113565,2.69456769
0.3149,4.058391136,-4.047616762,-1.260331319,1.256738583,-2.792652754,2.796285242
0.31495,4.164963118,-4.154212548,-1.261415191,1.257734815,-2.898092657,2.901933003
0.315,4.274720371,-4.263993555,-1.261780531,1.258012655,-3.007432421,3.011488319
0.31505,4.387519929,-4.376816812,-1.261310902,1.257455723,-3.120645347,3.124924768
0.3151,4.503219709,-4.492540239,-1.259894394,1.255952178,-3.237701092,3.242212283
0.31515,4.621678636,-4.611022762,-1.257423627,1.253394714,-3.358565788,3.363317268
0.3152,4.74275676,-4.732124429,-1.253795742,1.249680555,-3.483202167,3.488202725
0.31525,4.800850029,-4.79024119,-1.215613862,1.211412952,-3.572826314,3.578025542
0.3153,4.785135075,-4.774549677,-1.200480201,1.196196118,-3.578854233,3.584177522
0.31535,4.771638126,-4.761076115,-1.173807667,1.169443208,-3.591952129,3.59739986
0.3154,4.758896004,-4.748357329,-1.138727676,1.134285461,-3.614278219,3.619850823
0.31545,4.749578204,-4.739062814,-1.104738313,1.100220898,-3.638936327,3.644634335
0.3155,4.744378084,-4.733885928,-1.074285219,1.069695125,-3.664174237,3.669998286
0.31555,4.742596435,-4.732127462,-1.045189308,1.040529004,-3.691471808,3.697422632
0.3156,4.660418947,-4.65005038,-1.007088558,1.002360774,-3.654021693,3.660099707
0.31565,4.47393408,-4.463761706,-0.926086132,0.921295906,-3.541988917,3.548190362
0.3157,4.293690023,-4.283706461,-0.85569511,0.850847838,-3.432266749,3.438587016
0.31575,4.122898603,-4.113096778,-0.793488491,0.788589295,-3.323741468,3.330176136
0.3158,3.959910879,-3.950284034,-0.734793228,0.729846933,-3.219504969,3.226049784
0.31585,3.804161311,-3.794703002,-0.678246928,0.673258061,-3.120354227,3.127005098
0.3159,3.655864884,-3.646568967,-0.624745516,0.619718329,-3.025608501,3.032361505
0.31595,3.515100749,-3.505961382,-0.574740847,0.569679343,-2.934895279,2.941746663
0.316,3.381668195,-3.372679824,-0.52789298,0.522800919,-2.848353969,2.855300151
0.31605,3.255344031,-3.246501388,-0.483816534,0.478697446,-2.766146935,2.773184504
0.3161,3.13598839,-3.127286488,-0.442358842,0.437216038,-2.688287142,2.695412856
0.31615,3.02348627,-3.014920397,-0.403432022,0.398268608,-2.614747625,2.621958413
0.3162,2.917701479,-2.909267187,-0.366892512,0.361711401,-2.545535894,2.552828858
0.31625,2.818485881,-2.810178988,-0.332568504,0.327372429,-2.480675763,2.488048173
0.3163,2.725695831,-2.717512407,-0.300302161,0.295093687,-2.420181545,2.427630846
0.31635,2.639192276,-2.631128644,-0.269948973,0.264730506,-2.364058818,2.371582623
0.3164,2.5588356,-2.550888325,-0.241364772,0.236138573,-2.312312241,2.319908338
0.31645,2.484484738,-2.476650626,-0.214403831,0.209172029,-2.264946579,2.272612924
0.3165,2.415998705,-2.408274791,-0.188922603,0.183687202,-2.221964486,2.229699206
0.31655,2.353237129,-2.345620677,-0.164780916,0.159543809,-2.183365844,2.191167237
0.3166,2.296059888,-2.288548382,-0.141841072,0.136604051,-2.149148306,2.157014841
0.31665,2.244326928,-2.236918066,-0.119967413,0.11473218,-2.119307544,2.127237859
0.3167,2.197898394,-2.190590084,-0.099026595,0.093794772,-2.093837105,2.101830006
0.31675,2.156634747,-2.149425101,-0.07888782,0.073660958,-2.072728304,2.080782766
0.3168,2.120396791,-2.113284117,-0.05942283,0.054202423,-2.055970244,2.064085411
0.31685,2.08904568,-2.082028479,-0.040505897,0.035293386,-2.043549848,2.051725027
0.3169,2.062442972,-2.055519932,-0.022013875,0.016810662,-2.03545185,2.043686518
0.31695,2.040450684,-2.033620673,-0.003821096,-0.00134402,-2.031658791,2.039952588
0.317,2.022931568,-2.016193628,0.014170835,-0.019356954,-2.032150712,2.040503441
0.31705,2.009748414,-2.003101757,0.032100494,-0.037273246,-2.036906135,2.045317764
0.3171,2.000764249,-1.994208252,0.050071769,-0.055229823,-2.045901719,2.054372374
0.31715,1.995844574,-1.98937877,0.068192546,-0.073334566,-2.059110242,2.067640213
0.3172,1.994854159,-1.988478235,0.086570098,-0.091694736,-2.076503747,2.08509348
0.31725,1.997658528,-1.99137232,0.105308847,-0.110414734,-2.098052164,2.106702264
0.3173,2.004124387,-1.997927869,0.124509639,-0.12959538,-2.123723024,2.132434251
0.31735,2.014119353,-2.00801264,0.144270351,-0.149334513,-2.153481795,2.162255062
0.3174,2.027511871,-2.021495207,0.16468612,-0.169727229,-2.187292026,2.196128401
0.31745,2.044171358,-2.038245113,0.18584916,-0.190865693,-2.225115311,2.234016012
0.3175,2.063968305,-2.05813297,0.207848652,-0.212839027,-2.266911282,2.275877674
0.31755,2.08677432,-2.081030502,0.23077077,-0.235733344,-2.312637669,2.321671266
0.3176,2.112462157,-2.106810574,0.254698698,-0.259631757,-2.362250363,2.371352823
0.31765,2.140905784,-2.13534726,0.279712612,-0.284614368,-2.415703449,2.424876575
0.3177,2.171980441,-2.166515898,0.305889665,-0.310758248,-2.47294926,2.482194992
0.31775,2.205562692,-2.20019315,0.333303982,-0.338137436,-2.53393842,2.543258841
0.3178,2.241530479,-2.236257047,0.362026667,-0.366822943,-2.598619904,2.608017232
0.31785,2.279763173,-2.274587047,0.392125798,-0.396882751,-2.666941091,2.676417677
0.3179,2.320141625,-2.315064083,0.42366644,-0.428381821,-2.73884782,2.748406148
0.31795,2.36254822,-2.357570614,0.456710644,-0.4613821,-2.814284447,2.823927132
0.318,2.406866921,-2.401990678,0.491317468,-0.495942532,-2.893193908,2.902923691
0.31805,2.452983318,-2.44820993,0.527542983,-0.532119076,-2.97551778,2.985337526
0.3181,2.500784674,-2.496115696,0.565440294,-0.569964715,-3.061196341,3.071109038
0.31815,2.550159968,-2.545597015,0.605059558,-0.609529486,-3.150168636,3.160177392
0.3182,2.600999937,-2.596544679,0.646448008,-0.650860495,-3.24237254,3.252480579
0.31825,2.653197119,-2.648851272,0.689649977,-0.694001944,-3.337744825,3.347955488
0.3183,2.706645886,-2.702411216,0.734706926,-0.738995164,-3.436221228,3.446537964
0.31835,2.761242485,-2.757120797,0.781657473,-0.785878638,-3.537736512,3.548162881
0.3184,2.81688507,-2.812878209,0.830537429,-0.834688039,-3.642224538,3.652764208
0.31845,2.873473735,-2.869583578,0.881379831,-0.885456263,-3.749618333,3.760275073
0.3185,2.930910543,-2.927138998,0.934214978,-0.938213469,-3.859850154,3.870627834
0.31855,2.989099554,-2.985448555,0.989070475,-0.992987116,-3.972851556,3.983754146
0.3186,3.047946852,-3.044418356,1.045971271,-1.049802009,-4.088553462,4.099585026
0.31865,3.107360565,-3.103956547,1.104939703,-1.108680338,-4.20688623,4.218050924
0.3187,3.167250889,-3.16397334,1.165995544,-1.169641728,-4.327779717,4.339081785
0.31875,3.227530104,-3.224381029,1.22915605,-1.232703285,-4.451163346,4.462607122
0.3188,3.288112593,-3.285094003,1.294436007,-1.297879646,-4.576966174,4.588556074
0.31885,3.348914854,-3.346028766,1.361847785,-1.365183027,-4.705116956,4.716857477
0.3189,3.409855511,-3.407103947,1.431401386,-1.434623283,-4.835544206,4.847439922
0.31895,3.470855327,-3.468240307,1.503104504,-1.506207953,-4.968176265,4.980231826
0.319,3.531837208,-3.529360746,1.576962572,-1.57994232,-5.102941359,5.115161488
0.31905,3.531114889,-3.528778612,1.631683706,-1.634534773,-5.150297862,5.162601569
0.3191,3.458365861,-3.456167467,1.634604785,-1.637325807,-5.08710536,5.099381883
0.31915,3.388691039,-3.386627433,1.642961758,-1.645552265,-5.025735859,5.03798526
0.3192,3.320598293,-3.318666549,1.654756154,-1.657215647,-4.969451576,4.981673913
0.31925,3.256179307,-3.254376647,1.667285635,-1.669613557,-4.917574334,4.929769668
0.3193,3.195937915,-3.194261699,1.679841422,-1.682037146,-4.869899324,4.882067714
0.31935,3.11214626,-3.110644946,1.654763893,-1.656826805,-4.767670901,4.779812406
0.3194,2.955101126,-2.953832984,1.650114773,-1.652046695,-4.599423215,4.611537895
0.31945,2.812119278,-2.811073138,1.632662689,-1.63446584,-4.439116631,4.451204546
0.3195,2.685298175,-2.68446338,1.60589614,-1.60757258,-4.285584537,4.297645745
0.31955,2.56559502,-2.56496152,1.580547619,-1.582099348,-4.140584473,4.152619034
0.3196,2.450530702,-2.450089062,1.559363764,-1.560792742,-4.004384148,4.016392121
0.31965,2.342004007,-2.341745362,1.539955669,-1.541263773,-3.876493684,3.888475128
0.3197,2.240956864,-2.240872885,1.521119034,-1.522308029,-3.756650919,3.768605892
0.31975,2.14676468,-2.146847559,1.503464211,-1.504535744,-3.644841817,3.656770377
0.3198,2.058751305,-2.058993743,1.487638714,-1.488594311,-3.541037933,3.55294014
0.31985,1.976711845,-1.977107032,1.473747905,-1.474588959,-3.445139914,3.457015826
0.3199,1.900554082,-1.901095676,1.461772842,-1.462500599,-3.357036762,3.368886437
0.31995,1.83006446,-1.830746569,1.451829295,-1.452444847,-3.276630838,3.288454333
0.32,1.764973614,-1.765790778,1.444090916,-1.444595191,-3.203826563,3.215623936
0.32005,1.705040877,-1.70598805,1.438696682,-1.439090431,-3.138522365,3.150293675
0.3201,1.650049311,-1.65112184,1.435757605,-1.4360414,-3.080612426,3.09235773
0.32015,1.599778992,-1.600972603,1.435385664,-1.435559883,-3.029988893,3.041708248
0.3202,1.554004266,-1.555315045,1.437696412,-1.437761232,-2.986541746,2.99823521
0.32025,1.512501662,-1.513926034,1.442800589,-1.442755982,-2.950158318,2.961825948
0.3203,1.475052091,-1.476586808,1.450801967,-1.450647687,-2.920723351,2.932365203
0.32035,1.441438914,-1.443081033,1.461799463,-1.461535041,-2.898119159,2.909735292
0.3204,1.411447132,-1.413194001,1.475888001,-1.47551274,-2.882225702,2.893816172
0.32045,1.384864022,-1.38671326,1.493157941,-1.492670905,-2.872920632,2.884485495
0.3205,1.361479614,-1.363429099,1.51369467,-1.513094682,-2.870079376,2.881618689
0.32055,1.341086724,-1.343134572,1.537578671,-1.536864307,-2.873575227,2.885089047
0.3206,1.323480951,-1.325625502,1.564885608,-1.564055188,-2.883279434,2.894767816
0.32065,1.308460823,-1.310700626,1.595686277,-1.594737864,-2.899061294,2.910524296
0.3207,1.295827957,-1.298161752,1.63004655,-1.628977944,-2.920788264,2.93222594
0.32075,1.285387179,-1.287813884,1.668027366,-1.666836097,-2.948326059,2.959738467
0.3208,1.276946628,-1.279465321,1.709684732,-1.708368062,-2.981538774,2.992925968
0.32085,1.270317866,-1.272927774,1.755069733,-1.753624648,-3.020288993,3.031651029
0.3209,1.265315994,-1.268016476,1.80422854,-1.802651747,-3.064437912,3.075774846
0.32095,1.261759754,-1.264550286,1.857202424,-1.855490351,-3.113845463,3.125157351
0.321,1.259471625,-1.262351789,1.91402779,-1.91217658,-3.168370443,3.17965734
0.32105,1.258277923,-1.261247392,1.974736206,-1.972741721,-3.22787064,3.239132601
0.3211,1.258008887,-1.26106741,2.039354451,-2.037212262,-3.292202966,3.303440045
0.32115,1.258498763,-1.261646156,2.107904559,-2.105609952,-3.361223588,3.372435842
0.3212,1.259585884,-1.262822012,2.180403876,-2.177951849,-3.43478807,3.445975552
0.32125,1.261112737,-1.264437508,2.256865128,-2.254250389,-3.512751498,3.523914264
0.3213,1.262926037,-1.266339385,2.337296483,-2.334513451,-3.594968626,3.606106729
0.32135,1.264876777,-1.268378654,2.421701635,-2.418744439,-3.681294005,3.6924075
0.3214,1.266820292,-1.270410654,2.510079879,-2.506942361,-3.771582122,3.782671064
0.32145,1.268616297,-1.272295096,2.602426204,-2.599101919,-3.865687536,3.876751979
0.3215,1.270128932,-1.273896102,2.698731386,-2.6952136,-3.963465011,3.974505009
0.32155,1.271226795,-1.275082246,2.798982081,-2.795263778,-4.064769647,4.075785253
0.3216,1.271782971,-1.275726575,2.903160936,-2.899234815,-4.169457014,4.180448283
0.32165,1.271675047,-1.275706633,3.011246692,-3.007105172,-4.277383279,4.288350264
0.3217,1.270785135,-1.274904475,3.123214296,-3.118849517,-4.388405335,4.399348089
0.32175,1.268999874,-1.273206679,3.23903502,-3.234438845,-4.50238092,4.513299497
0.3218,1.26621043,-1.270504339,3.358676575,-3.353840596,-4.619168743,4.630063197
0.32185,1.262312498,-1.266693072,3.482103237,-3.477018774,-4.738628599,4.749498982
0.3219,1.223761707,-1.228228381,3.570756851,-3.565474302,-4.795293713,4.806140078
0.32195,1.208174146,-1.212724343,3.575928716,-3.570522587,-4.778252034,4.789074436
0.322,1.181119668,-1.185750563,3.588169913,-3.582639858,-4.763496444,4.774294934
0.32205,1.145699644,-1.150408592,3.609656643,-3.604002265,-4.749551834,4.760326465
0.3221,1.111362413,-1.116146838,3.633505724,-3.627726528,-4.739050911,4.749801736
0.32215,1.080578416,-1.085435776,3.657941385,-3.652036768,-4.73268821,4.743415281
0.3222,1.05119917,-1.056126979,3.684427046,-3.678396308,-4.729778639,4.740482009
0.32225,1.012578138,-1.017573648,3.646273538,-3.640116298,-4.646418861,4.657021358
0.3223,0.930954787,-0.936012915,3.533578053,-3.527298098,-4.458786189,4.469192133
0.32235,0.859922593,-0.865037896,3.423208126,-3.416810092,-4.277380826,4.287597652
0.3224,0.797074968,-0.80224228,3.314037043,-3.307525379,-4.105422414,4.115457247
0.32245,0.737800569,-0.743015022,3.209125937,-3.202504924,-3.941293401,3.95115305
0.3225,0.680736731,-0.685993762,3.109275339,-3.102549096,-3.784431984,3.794122944
0.32255,0.62675627,-0.632051589,3.013817697,-3.006990177,-3.635043636,3.644572097
0.3226,0.576307049,-0.581636623,2.922381972,-2.915456957,-3.493205374,3.502577227
0.32265,0.529056092,-0.534416129,2.835103858,-2.828084958,-3.358720096,3.367940942
0.3227,0.484619876,-0.490006822,2.752145489,-2.745036147,-3.231366592,3.240441742
0.32275,0.44284289,-0.448253409,2.673522051,-2.666325537,-3.111004701,3.119939187
0.3228,0.403635409,-0.409066375,2.599208001,-2.591927417,-2.997519312,3.00631789
0.32285,0.366853812,-0.372302292,2.529211303,-2.521849578,-2.890774914,2.899442071
0.3229,0.33232617,-0.337789417,2.463556341,-2.456116234,-2.7906241,2.799164062
0.32295,0.299893909,-0.305369346,2.40225836,-2.394742459,-2.69692367,2.705340404
0.323,0.269411697,-0.274896907,2.345323892,-2.337734614,-2.609534944,2.617832166
0.32305,0.240734727,-0.246227442,2.292758449,-2.285098038,-2.528318738,2.536499919
0.3231,0.213716684,-0.219214771,2.244567627,-2.236838158,-2.453134434,2.461202806
0.32315,0.188213365,-0.193714817,2.200754953,-2.192958329,-2.383841451,2.391800012
0.3232,0.164083916,-0.16958684,2.161321194,-2.153459149,-2.32029979,2.32815131
0.32325,0.141189964,-0.146692571,2.126264883,-2.118338981,-2.262369686,2.270116713
0.3233,0.119395175,-0.124895768,2.095582571,-2.087594205,-2.209911427,2.217556293
0.32335,0.098565525,-0.10406249,2.069268683,-2.061219078,-2.162785474,2.170330302
0.3234,0.078569522,-0.084061317,2.047315414,-2.039205626,-2.120852586,2.128299292
0.32345,0.05927821,-0.064763354,2.029712747,-2.021543665,-2.083973836,2.09132414
0.3235,0.040565158,-0.046042224,2.016448479,-2.008220824,-2.05201063,2.059266055
0.32355,0.022306513,-0.027774114,2.007508215,-1.999222544,-2.02482475,2.031986636
0.3236,0.004381058,-0.009837842,2.002875365,-1.994532068,-2.002278416,2.009347917
0.32365,-0.013343666,0.007878085,2.002534959,-1.994134263,-1.984230419,1.991208516
0.3237,-0.030952669,0.025500594,2.006454749,-1.997996718,-1.970555373,1.977442876
0.32375,-0.048576806,0.043139544,2.01462169,-2.006106227,-1.961107007,1.96790456
0.3238,-0.06632836,0.060907221,2.027009281,-2.018436126,-1.955750869,1.962458956
0.32385,-0.084311617,0.07890792,2.043588576,-2.034957313,-1.9543537,1.960972652
0.3239,-0.102630512,0.097245597,2.064329756,-2.055639809,-1.956781728,1.963311727
0.32395,-0.121387648,0.116022879,2.089201641,-2.08045228,-1.962901154,1.96934224
0.324,-0.140682087,0.135338863,2.118170694,-2.109361033,-1.972579352,1.978931425
0.32405,-0.160609437,0.155289198,2.151201118,-2.142330119,-1.985684886,1.991947715
0.3241,-0.18126249,0.175966725,2.188255195,-2.179321668,-2.00208721,2.008260438
0.32415,-0.202731232,0.197461483,2.229293336,-2.220295941,-2.021656708,2.027739853
0.3242,-0.225102622,0.219860496,2.274274022,-2.265211275,-2.044264857,2.050257322
0.32425,-0.248460563,0.243247731,2.32315385,-2.314024117,-2.069784298,2.075685374
0.3243,-0.272885943,0.267704154,2.375887593,-2.366689099,-2.098088861,2.103897734
0.32435,-0.298456644,0.293307724,2.432428259,-2.423159088,-2.129053614,2.134769365
0.3244,-0.325247518,0.320133381,2.492727133,-2.483385228,-2.162554923,2.168176539
0.32445,-0.353330384,0.348253035,2.556733825,-2.547316993,-2.198470513,2.203996887
0.3245,-0.382774032,0.37773557,2.624396331,-2.614902243,-2.236679515,2.242109457
0.32455,-0.413644229,0.408646856,2.695661082,-2.686087279,-2.277062521,2.282394755
0.3246,-0.446003727,0.441049751,2.770473012,-2.760816901,-2.319501631,2.324734803
0.32465,-0.479912273,0.47500411,2.848775607,-2.839034469,-2.363880503,2.369013189
0.3247,-0.51542662,0.510566803,2.930510972,-2.920681964,-2.410084404,2.41511511
0.32475,-0.552600545,0.547791724,3.015619894,-3.005700048,-2.458000251,2.462927421
0.3248,-0.591484871,0.586729818,3.1040419,-3.094028129,-2.507516663,2.512338678
0.32485,-0.632127482,0.627429095,3.195715328,-3.185604426,-2.558523994,2.563239183
0.3249,-0.674573355,0.669934661,3.290577387,-3.280366034,-2.610914383,2.615521022
0.32495,-0.718864582,0.714288739,3.388564226,-3.378248989,-2.664581787,2.669078107
0.325,-0.765040401,0.760530702,3.489611,-3.479188337,-2.719422023,2.72380621
0.32505,-0.813137231,0.808697106,3.593651937,-3.583118197,-2.775332797,2.779603001
0.3251,-0.863188701,0.858821721,3.700620405,-3.689971835,-2.832213741,2.836368076
0.32515,-0.915225694,0.91093557,3.810448979,-3.799681724,-2.889966445,2.894002994
0.3252,-0.96927638,0.965066968,3.923069512,-3.912179617,-2.94849448,2.9524113
0.32525,-1.025366263,1.021241563,4.038413199,-4.027396614,-3.007703431,3.011498555
0.3253,-1.083518219,1.079482379,4.156410643,-4.145263226,-3.067500915,3.071172355
0.32535,-1.143752545,1.139809861,4.276991929,-4.265709444,-3.127796607,3.13134236
0.3254,-1.206087004,1.202241922,4.40008668,-4.388664809,-3.188502256,3.191920306
0.32545,-1.270536878,1.266793992,4.525624133,-4.51405847,-3.249531705,3.252820027
0.3255,-1.337115012,1.33347907,4.653533199,-4.641819256,-3.310800905,3.313957467
0.32555,-1.405831872,1.402307773,4.783742527,-4.771875739,-3.372227927,3.375250694
0.3256,-1.476695597,1.47328839,4.91618057,-4.904156296,-3.433732971,3.436619908
0.32565,-1.549712049,1.546426937,5.050775644,-5.03858917,-3.495238377,3.497987451
0.3257,-1.603864098,1.600706012,5.098011069,-5.085742327,-3.494893132,3.497502704
0.32575,-1.606346095,1.603316379,5.034652013,-5.022410378,-3.422452116,3.424924478
0.3258,-1.614313022,1.611412131,4.973138872,-4.960924283,-3.353055568,3.35539381
0.32585,-1.625747683,1.622976102,4.916728349,-4.904540746,-3.285224712,3.287431752
0.3259,-1.637890032,1.635248301,4.864724323,-4.852563647,-3.221091087,3.223169695
0.32595,-1.65003143,1.64752016,4.816920899,-4.80478709,-3.161157367,3.163110177
0.326,-1.662851422,1.660471287,4.773387056,-4.761280056,-3.104813021,3.106642526
0.32605,-1.638214492,1.635966155,4.675620022,-4.66353977,-3.025109357,3.026768385
0.3261,-1.633937553,1.631819211,4.51195431,-4.499900747,-2.872400457,2.873832304
0.32615,-1.616646965,1.614656426,4.356187439,-4.344160507,-2.733914414,2.735129909
0.3262,-1.590051636,1.588186871,4.207186757,-4.195186397,-2.611562584,2.612572054
0.32625,-1.565091731,1.563350777,4.066694698,-4.054720851,-2.496079933,2.496893107
0.3263,-1.544432305,1.542813246,3.934951998,-3.923004604,-2.385042525,2.385668525
0.32635,-1.525586089,1.524087098,3.811465178,-3.79954418,-2.280444389,2.280891781
0.3264,-1.507363721,1.505983088,3.69598,-3.684085339,-2.183220854,2.183497676
0.32645,-1.490413515,1.489149656,3.588484083,-3.5766157,-2.092711417,2.092825195
0.3265,-1.475381765,1.47423322,3.488945107,-3.477102946,-2.008237652,2.008195416
0.32655,-1.462357517,1.461322967,3.397260915,-3.385444917,-1.929608524,1.929416824
0.3266,-1.451316959,1.450395234,3.313319707,-3.301529814,-1.8567362,1.856401127
0.32665,-1.442378131,1.441568223,3.237023013,-3.225259167,-1.789404311,1.788931515
0.3267,-1.435714088,1.435015158,3.168273794,-3.156535937,-1.727342887,1.726737599
0.32675,-1.431460251,1.43087164,3.10696896,-3.095257035,-1.670313529,1.669580575
0.3268,-1.429724502,1.429245736,3.053001364,-3.041315314,-1.61810131,1.617245129
0.32685,-1.43061666,1.430247463,3.006261877,-2.994601646,-1.570487368,1.569512033
0.3269,-1.434250059,1.433990359,2.966639176,-2.955004705,-1.527247114,1.526156348
0.32695,-1.440732835,1.440582773,2.934019297,-2.92241053,-1.488158513,1.486955705
0.327,-1.450166066,1.450126001,2.908285727,-2.896702607,-1.45300402,1.451692247
0.32705,-1.462646027,1.462716547,2.889319565,-2.877762035,-1.421568494,1.420150532
0.3271,-1.478264995,1.478446919,2.876999582,-2.865467586,-1.393638454,1.3921168
0.32715,-1.497110616,1.497405003,2.87120228,-2.859695761,-1.369002767,1.367379655
0.3272,-1.519265521,1.519673677,2.871801979,-2.860320881,-1.347453124,1.345730538
0.32725,-1.544807419,1.5453309,2.878670911,-2.867215178,-1.328784037,1.326963731
0.3273,-1.573809182,1.574449801,2.89167931,-2.880248886,-1.31279285,1.310876364
0.32735,-1.606338794,1.607098625,2.910695515,-2.899290343,-1.299279883,1.297268555
0.3274,-1.642459302,1.643340684,2.935586069,-2.924206095,-1.288048595,1.285943581
0.32745,-1.68222881,1.683234352,2.966215839,-2.954861006,-1.278905698,1.276707984
0.3275,-1.725700488,1.726833073,3.002448123,-2.991118377,-1.271661261,1.269371679
0.32755,-1.772922583,1.774185369,3.044144775,-3.032840059,-1.266128818,1.263748063
0.3276,-1.823938432,1.825334859,3.091166319,-3.079886578,-1.262125484,1.259654122
0.32765,-1.878786485,1.880320272,3.143372083,-3.132117263,-1.259472049,1.256910539
0.3277,-1.937500336,1.939175486,3.200620322,-3.189390367,-1.257993082,1.255341785
0.32775,-2.000108761,2.001929566,3.262768352,-3.251563208,-1.257517021,1.254776213
0.3278,-2.066635768,2.068606804,3.32967268,-3.31849229,-1.257876256,1.255046142
0.32785,-2.137100647,2.13922678,3.401189137,-3.390033449,-1.258907214,1.255987944
0.3279,-2.211518032,2.213804417,3.47717302,-3.466041979,-1.260450437,1.257442113
0.32795,-2.289897966,2.292350046,3.55747922,-3.546372771,-1.262350644,1.259253335
0.328,-2.372245977,2.374869484,3.641962363,-3.630880451,-1.2644568,1.261270552
0.32805,-2.458563156,2.461364112,3.730476944,-3.719419515,-1.26662217,1.263347021
0.3281,-2.548846242,2.551830956,3.822877463,-3.811844464,-1.268704371,1.265340358
0.32815,-2.643087714,2.646262784,3.919018563,-3.90800994,-1.270565416,1.267112588
0.3282,-2.741275889,2.744648197,4.018755157,-4.007770856,-1.272071749,1.268530177
0.32825,-2.843395021,2.846971733,4.121942567,-4.110982534,-1.273094281,1.269464065
0.3283,-2.949425407,2.953213972,4.228436648,-4.21750083,-1.273508407,1.269789691
0.32835,-3.059343499,3.063351645,4.33809392,-4.327182263,-1.273194032,1.269387008
0.3284,-3.173122016,3.17735775,4.450771692,-4.439884143,-1.272035575,1.268140494
0.32845,-3.290730066,3.295201667,4.566328183,-4.555464689,-1.269921978,1.265939161
0.3285,-3.41213326,3.416849281,4.684622642,-4.673783151,-1.266746706,1.262676547
0.32855,-3.537293843,3.542263104,4.805515467,-4.794699926,-1.262407734,1.258250712
0.3286,-3.627185526,3.632356751,4.863322049,-4.852530404,-1.223670454,1.219427173
0.32865,-3.633413245,3.63871066,4.84723934,-4.836471539,-1.207968624,1.203641672
0.3287,-3.646570689,3.651994671,4.833400285,-4.822656274,-1.180893807,1.176486015
0.32875,-3.668884532,3.674435512,4.820320858,-4.809600586,-1.145488112,1.141002135
0.3288,-3.693607108,3.699285613,4.81062995,-4.799933364,-1.111060509,1.106498937
0.32885,-3.718953404,3.724760071,4.805038456,-4.794365504,-1.080106976,1.075472363
0.3289,-3.678872995,3.684808145,4.719220383,-4.708649273,-1.040997371,1.03629255
0.32895,-3.564455961,3.570515755,4.528934892,-4.518562583,-0.958580566,0.953810725
0.329,-3.45270384,3.458883586,4.344753626,-4.334572581,-0.886284163,0.881454848
0.32905,-3.342206874,3.34850207,4.170025674,-4.160028665,-0.822114463,0.817230939
0.3291,-3.235870978,3.242277289,4.003224971,-3.993405089,-0.761707283,0.75677451
0.32915,-3.134549564,3.141062815,3.843769229,-3.834119882,-0.703627049,0.698649683
0.3292,-3.037637536,3.044253721,3.691828055,-3.682342957,-0.648648668,0.643631086
0.32925,-2.94476152,2.951476803,3.547476793,-3.538149958,-0.597221055,0.592167372
0.3293,-2.85603728,2.862847994,3.410529586,-3.401355322,-0.549042774,0.543956859
0.32935,-2.77162394,2.778526589,3.280767818,-3.271740723,-0.503736264,0.498621747
0.3294,-2.691542799,2.698534056,3.158047813,-3.149162768,-0.461136719,0.455997006
0.32945,-2.61577089,2.622847599,3.042252604,-3.033504765,-0.421150298,0.415988582
0.3295,-2.544315215,2.551474391,2.933247179,-2.924631975,-0.383635137,0.378454411
0.32955,-2.477199681,2.48443851,2.830884518,-2.82239764,-0.348420448,0.343223519
0.3296,-2.414440263,2.421756102,2.735021011,-2.726658413,-0.31534678,0.31013628
0.32965,-2.356044286,2.363434664,2.645517478,-2.637275363,-0.284267747,0.279046143
0.3297,-2.302017701,2.309480316,2.562234474,-2.554109295,-0.255038071,0.24980768
0.32975,-2.252366482,2.259899205,2.485031195,-2.477019645,-0.227511078,0.222274076
0.3298,-2.207094643,2.214695516,2.413766798,-2.405865805,-0.201542005,0.196300439
0.32985,-2.166203486,2.17387072,2.348300985,-2.340507708,-0.176989344,0.171745143
0.3299,-2.129692057,2.137424034,2.288493712,-2.280805533,-0.153714084,0.148469071
0.32995,-2.097557408,2.105352679,2.23420499,-2.226619509,-0.131579255,0.126335156
0.33,-2.069794482,2.077651768,2.185294998,-2.177810027,-0.110450159,0.105208616
0.33005,-2.046395998,2.054314189,2.141624199,-2.134237756,-0.090194595,0.084957173
0.3301,-2.027352464,2.035330617,2.103053364,-2.095763669,-0.070682877,0.065451076
0.33015,-2.012652203,2.020689542,2.069443591,-2.062249058,-0.051787818,0.046563085
0.3302,-2.002281349,2.010377264,2.040656347,-2.033555579,-0.033384789,0.028168523
0.33025,-1.996223837,2.004377885,2.016553523,-2.009545308,-0.015351772,0.010145336
0.3303,-1.994464211,2.002676111,1.996994655,-1.990077958,0.002426162,-0.007623934
0.33035,-1.996973428,2.005243065,1.981851178,-1.975025135,0.020077385,-0.025262674
0.3304,-2.003737895,2.012065315,1.970977565,-1.964241481,0.03770634,-0.042877827
0.33045,-2.014729082,2.023114491,1.964241716,-1.957595056,0.055425213,-0.060581588
0.3305,-2.029920767,2.038364531,1.961507668,-1.954950054,0.073343815,-0.078483761
0.33055,-2.049283973,2.057786615,1.962640849,-1.956172052,0.091567752,-0.096689935
0.3306,-2.072787392,2.081349593,1.967507748,-1.961127684,0.110199245,-0.115302308
0.33065,-2.100397827,2.109020424,1.975975508,-1.969684232,0.129337979,-0.134420533
0.3307,-2.132080135,2.140764117,1.987912067,-1.98170977,0.149080899,-0.154141516
0.33075,-2.167797132,2.176543639,2.003186366,-1.997073367,0.169521916,-0.174559122
0.3308,-2.207509642,2.216319966,2.02166839,-2.015645131,0.190751909,-0.195764178
0.33085,-2.251176582,2.26005216,2.043229178,-2.03729622,0.212858799,-0.217844545
0.3309,-2.298754996,2.307697415,2.067740878,-2.061898895,0.235927534,-0.240885103
0.33095,-2.350200094,2.359211082,2.095076822,-2.089326596,0.260040045,-0.264967713
0.331,-2.405465295,2.414546724,2.125111575,-2.119453992,0.285275244,-0.290171208
0.33105,-2.464502281,2.473656162,2.157720992,-2.152157036,0.31170902,-0.316571393
0.3311,-2.52726105,2.536489531,2.192782272,-2.187313019,0.339414242,-0.344241048
0.33115,-2.593689966,2.602995334,2.230174004,-2.224800621,0.368460754,-0.373249921
0.3312,-2.663735819,2.673120491,2.269776229,-2.264499966,0.398915378,-0.403664737
0.33125,-2.737343879,2.746810403,2.311470487,-2.306292671,0.430841924,-0.4355492
0.3313,-2.814457955,2.82400901,2.355139862,-2.350061897,0.464301198,-0.468964007
0.33135,-2.895020458,2.904658847,2.40066904,-2.395692397,0.499351012,-0.503966857
0.3314,-2.978972461,2.988701113,2.447944344,-2.443070562,0.536046201,-0.540612468
0.33145,-3.066253765,3.076075728,2.49685379,-2.492084467,0.57443864,-0.578952596
0.3315,-3.156802958,3.166721399,2.547287122,-2.542623914,0.614577268,-0.619036052
0.33155,-3.250557485,3.260575686,2.599135858,-2.594580473,0.656508107,-0.660908733
0.3316,-3.34745371,3.357575069,2.652293328,-2.647847521,0.70027429,-0.70461364
0.33165,-3.447426987,3.457655011,2.706654713,-2.702320284,0.745916089,-0.750190911
0.3317,-3.550411723,3.560750027,2.762117078,-2.757895866,0.79347095,-0.797677856
0.33175,-3.656341447,3.666793751,2.818579407,-2.814473287,0.84297352,-0.847108984
0.3318,-3.765148877,3.775719004,2.875942634,-2.871953514,0.894455689,-0.898516043
0.33185,-3.876765988,3.88745786,2.934109673,-2.93023949,0.947946627,-0.951928058
0.3319,-3.991124081,4.001941717,2.992985446,-2.989236158,1.00347282,-1.007371374
0.33195,-4.108153847,4.11910136,3.052476901,-3.04885049,1.061058121,-1.064869695
0.332,-4.227785437,4.238867031,3.112493044,-3.108991509,1.120723786,-1.12444413
0.33205,-4.349948528,4.361168495,3.172944951,-3.169570304,1.182488526,-1.186113241
0.3321,-4.474572386,4.485935105,3.233745791,-3.230500056,1.246368553,-1.24989309
0.33215,-4.601585939,4.613095868,3.294810839,-3.291696045,1.312377632,-1.31579729
0.3322,-4.730917832,4.742579513,3.356057489,-3.353075672,1.380527128,-1.383837056
0.33225,-4.862496499,4.874314548,3.417405267,-3.41455846,1.450826063,-1.454021258
0.3323,-4.996250221,5.008229329,3.478775834,-3.476066073,1.523281168,-1.526356474
0.33235,-5.042854776,5.054915693,3.478161915,-3.475590841,1.577139866,-1.580090396
0.3324,-4.979041761,4.991076031,3.405397503,-3.402962818,1.57945486,-1.582279288
0.33245,-4.917100581,4.929108263,3.33566529,-3.333363897,1.587296575,-1.589994458
0.3325,-4.860283079,4.872264231,3.267496927,-3.265325903,1.598632383,-1.60120325
0.33255,-4.807876134,4.819830816,3.203058969,-3.201015537,1.610650132,-1.613093457
0.3326,-4.759672412,4.771600682,3.142853683,-3.140935208,1.62264008,-1.624955268
0.33265,-4.715746223,4.727648139,3.086256898,-3.084460881,1.635300669,-1.63748706
0.3327,-4.617423884,4.629299503,3.006052394,-3.004425667,1.610543487,-1.612600436
0.33275,-4.453120917,4.464970299,2.852659396,-2.851258193,1.606189387,-1.608118709
0.3328,-4.296683548,4.308506751,2.713567094,-2.712380558,1.588719255,-1.590523161
0.33285,-4.146993386,4.158790467,2.590648732,-2.589666507,1.561894038,-1.563574569
0.3329,-4.005829692,4.01760071,2.474593907,-2.473806239,1.536735559,-1.538294697
0.33295,-3.873432854,3.885177866,2.363015918,-2.362413663,1.515870728,-1.517310411
0.333,-3.749297795,3.761016858,2.257943111,-2.257517683,1.49676589,-1.498087968
0.33305,-3.63317007,3.644863242,2.160297942,-2.160041286,1.478243939,-1.479450144
0.3331,-3.525042159,3.536709497,2.069400081,-2.069304655,1.460977488,-1.462069433
0.33315,-3.424883429,3.436524991,1.984571714,-1.984630476,1.44561353,-1.4465927
0.3332,-3.332591315,3.344207157,1.905629474,-1.905835866,1.432232693,-1.433100439
0.33325,-3.248054323,3.259644502,1.832486044,-1.832833967,1.420810646,-1.421568167
0.3333,-3.171175025,3.182739598,1.764921361,-1.765405158,1.411469884,-1.41211822
0.33335,-3.101857292,3.113396315,1.702663765,-1.703278206,1.404385806,-1.40492583
0.3334,-3.039998681,3.051512211,1.645475116,-1.646215375,1.399693997,-1.400126405
0.33345,-2.985492676,2.99698077,1.593140307,-1.594001947,1.397502946,-1.397828246
0.3335,-2.938230824,2.949693537,1.545439488,-1.546418442,1.397923962,-1.398142468
0.33355,-2.898102458,2.909539847,1.502147098,-1.50323965,1.401071868,-1.401183689
0.3336,-2.864994236,2.876406356,1.463040397,-1.464243167,1.407055996,-1.407061032
0.33365,-2.838790234,2.850177142,1.427901163,-1.429211088,1.415978597,-1.415876528
0.3337,-2.819372116,2.830733867,1.396513461,-1.397927777,1.427937231,-1.427727513
0.33375,-2.80661919,2.81795584,1.368662978,-1.370179207,1.443025496,-1.442707349
0.3338,-2.800408469,2.811720073,1.344137771,-1.345753697,1.461332333,-1.46090474
0.33385,-2.800614752,2.811901365,1.322728717,-1.324442376,1.482941662,-1.482403361
0.3339,-2.807110718,2.818372396,1.304229495,-1.306039157,1.507932492,-1.50728197
0.33395,-2.819767019,2.831003817,1.2884366,-1.290340751,1.536378998,-1.535614487
0.334,-2.838452376,2.849664349,1.275149497,-1.277146824,1.568350467,-1.567469936
0.33405,-2.863033687,2.874220889,1.264170781,-1.266260158,1.60391124,-1.602912395
0.3341,-2.893376135,2.904538621,1.255306292,-1.257486764,1.643120712,-1.642000987
0.33415,-2.929343305,2.94048113,1.248365221,-1.250635987,1.686033334,-1.684789893
0.3342,-2.9707973,2.981910518,1.243160218,-1.24552062,1.732698626,-1.731328354
0.33425,-3.017598863,3.02868753,1.239507507,-1.241957011,1.783161186,-1.781660689
0.3343,-3.069607506,3.080671675,1.237226987,-1.239765175,1.837460708,-1.835826311
0.33435,-3.126681634,3.137721358,1.236142333,-1.238768882,1.895632018,-1.89385976
0.3344,-3.188678676,3.19969401,1.236081084,-1.238795758,1.957705104,-1.95579074
0.33445,-3.255455222,3.26644622,1.236874736,-1.239677372,2.023705169,-2.021644165
0.3345,-3.326867154,3.337833869,1.238358823,-1.241249315,2.093652675,-2.091440208
0.33455,-3.402769781,3.413712268,1.240372993,-1.243351284,2.167563407,-2.165194365
0.3346,-3.48301798,3.493936291,1.242761077,-1.245827143,2.245448533,-2.242917516
0.33465,-3.567466326,3.578360515,1.245371158,-1.248524999,2.327314684,-2.324616
0.3347,-3.655969235,3.666839355,1.248055623,-1.251297251,2.413164023,-2.410291692
0.33475,-3.748381097,3.759227201,1.250671222,-1.254000648,2.502994338,-2.49994209
0.3348,-3.844556413,3.855378554,1.253079106,-1.256496331,2.596799125,-2.593560403
0.33485,-3.944349927,3.955148158,1.25514487,-1.258649875,2.69456769,-2.691135649
0.3349,-4.047616761,4.058391135,1.256738583,-1.260331319,2.796285241,-2.792652754
0.33495,-4.154212548,4.164963117,1.257734815,-1.261415191,2.901933003,-2.898092656
0.335,-4.263993554,4.274720371,1.258012655,-1.261780531,3.011488318,-3.00743242
0.33505,-4.376816811,4.387519928,1.257455723,-1.261310902,3.124924768,-3.120645347
0.3351,-4.492540239,4.503219708,1.255952178,-1.259894394,3.242212283,-3.237701092
0.33515,-4.611022761,4.621678635,1.253394714,-1.257423626,3.363317268,-3.358565788
0.3352,-4.732124429,4.742756759,1.249680555,-1.253795742,3.488202724,-3.483202166
0.33525,-4.790241189,4.800850028,1.211412951,-1.215613862,3.578025542,-3.572826313
0.3353,-4.774549676,4.785135075,1.196196118,-1.200480201,3.584177522,-3.578854232
0.33535,-4.761076114,4.771638125,1.169443208,-1.173807667,3.59739986,-3.591952129
0.3354,-4.748357329,4.758896003,1.134285461,-1.138727676,3.619850823,-3.614278218
0.33545,-4.739062814,4.749578203,1.100220898,-1.104738313,3.644634334,-3.638936326
0.3355,-4.733885928,4.744378084,1.069695125,-1.074285219,3.669998285,-3.664174236
0.33555,-4.732127461,4.742596434,1.040529004,-1.045189308,3.697422631,-3.691471807
0.3356,-4.65005038,4.660418947,1.002360774,-1.007088557,3.660099706,-3.654021692
0.33565,-4.463761705,4.473934079,0.921295906,-0.926086132,3.548190362,-3.541988916
0.3357,-4.28370646,4.293690022,0.850847838,-0.85569511,3.438587016,-3.432266749
0.33575,-4.113096778,4.122898602,0.788589295,-0.793488491,3.330176135,-3.323741467
0.3358,-3.950284034,3.959910878,0.729846932,-0.734793227,3.226049783,-3.219504968
0.33585,-3.794703001,3.804161311,0.67325806,-0.678246928,3.127005097,-3.120354226
0.3359,-3.646568966,3.655864883,0.619718329,-0.624745516,3.032361504,-3.025608501
0.33595,-3.505961381,3.515100749,0.569679343,-0.574740847,2.941746662,-2.934895278
0.336,-3.372679823,3.381668194,0.522800919,-0.52789298,2.855300151,-2.848353968
0.33605,-3.246501388,3.25534403,0.478697446,-0.483816534,2.773184504,-2.766146935
0.3361,-3.127286488,3.135988389,0.437216038,-0.442358842,2.695412855,-2.688287142
0.33615,-3.014920396,3.02348627,0.398268608,-0.403432022,2.621958412,-2.614747624
0.3362,-2.909267187,2.917701478,0.361711401,-0.366892512,2.552828857,-2.545535894
0.33625,-2.810178988,2.818485881,0.327372429,-0.332568504,2.488048173,-2.480675762
0.3363,-2.717512407,2.72569583,0.295093687,-0.300302161,2.427630845,-2.420181544
0.33635,-2.631128644,2.639192276,0.264730506,-0.269948973,2.371582623,-2.364058817
0.3364,-2.550888325,2.558835599,0.236138573,-0.241364772,2.319908338,-2.312312241
0.33645,-2.476650625,2.484484738,0.209172029,-0.214403831,2.272612923,-2.264946579
0.3365,-2.408274791,2.415998705,0.183687202,-0.188922603,2.229699205,-2.221964485
0.33655,-2.345620676,2.353237129,0.159543809,-0.164780916,2.191167237,-2.183365843
0.3366,-2.288548381,2.296059888,0.136604051,-0.141841072,2.15701484,-2.149148305
0.33665,-2.236918066,2.244326928,0.11473218,-0.119967413,2.127237858,-2.119307543
0.3367,-2.190590083,2.197898393,0.093794772,-0.099026595,2.101830005,-2.093837104
0.33675,-2.149425101,2.156634747,0.073660958,-0.07888782,2.080782766,-2.072728303
0.3368,-2.113284117,2.12039679,0.054202423,-0.05942283,2.06408541,-2.055970244
0.33685,-2.082028479,2.089045679,0.035293386,-0.040505897,2.051725027,-2.043549848
0.3369,-2.055519932,2.062442971,0.016810662,-0.022013875,2.043686517,-2.035451849
0.33695,-2.033620672,2.040450683,-0.00134402,-0.003821096,2.039952587,-2.031658791
0.337,-2.016193627,2.022931567,-0.019356954,0.014170835,2.040503441,-2.032150712
0.33705,-2.003101757,2.009748413,-0.037273246,0.032100494,2.045317763,-2.036906135
0.3371,-1.994208251,2.000764248,-0.055229823,0.050071769,2.054372374,-2.045901718
0.33715,-1.989378769,1.995844573,-0.073334566,0.068192546,2.067640212,-2.059110241
0.3372,-1.988478235,1.994854158,-0.091694735,0.086570098,2.08509348,-2.076503747
0.33725,-1.991372319,1.997658528,-0.110414734,0.105308847,2.106702263,-2.098052164
0.3373,-1.997927869,2.004124386,-0.12959538,0.124509639,2.13243425,-2.123723024
0.33735,-2.008012639,2.014119352,-0.149334513,0.144270351,2.162255062,-2.153481794
0.3374,-2.021495207,2.027511871,-0.169727229,0.16468612,2.196128401,-2.187292025
0.33745,-2.038245112,2.044171357,-0.190865693,0.18584916,2.234016011,-2.225115311
0.3375,-2.05813297,2.063968305,-0.212839027,0.207848652,2.275877673,-2.266911281
0.33755,-2.081030502,2.086774319,-0.235733344,0.23077077,2.321671266,-2.312637669
0.3376,-2.106810574,2.112462156,-0.259631756,0.254698697,2.371352823,-2.362250362
0.33765,-2.135347259,2.140905784,-0.284614368,0.279712612,2.424876574,-2.415703449
0.3377,-2.166515898,2.171980441,-0.310758248,0.305889665,2.482194992,-2.472949259
0.33775,-2.200193149,2.205562692,-0.338137436,0.333303982,2.543258841,-2.533938419
0.3378,-2.236257047,2.241530479,-0.366822943,0.362026667,2.608017231,-2.598619904
0.33785,-2.274587046,2.279763172,-0.396882751,0.392125798,2.676417677,-2.666941091
0.3379,-2.315064082,2.320141625,-0.42838182,0.423666439,2.748406148,-2.738847819
0.33795,-2.357570614,2.36254822,-0.461382099,0.456710644,2.823927132,-2.814284446
0.338,-2.401990677,2.406866921,-0.495942532,0.491317468,2.902923691,-2.893193908
0.33805,-2.448209929,2.452983318,-0.532119075,0.527542983,2.985337526,-2.97551778
0.3381,-2.496115696,2.500784674,-0.569964715,0.565440294,3.071109038,-3.061196341
0.33815,-2.545597015,2.550159968,-0.609529486,0.605059558,3.160177391,-3.150168635
0.3382,-2.596544678,2.600999937,-0.650860494,0.646448008,3.252480579,-3.242372539
0.33825,-2.648851272,2.653197119,-0.694001944,0.689649977,3.347955487,-3.337744825
0.3383,-2.702411215,2.706645885,-0.738995164,0.734706925,3.446537963,-3.436221227
0.33835,-2.757120797,2.761242484,-0.785878638,0.781657473,3.548162881,-3.537736511
0.3384,-2.812878208,2.81688507,-0.834688039,0.830537429,3.652764208,-3.642224538
0.33845,-2.869583578,2.873473735,-0.885456263,0.881379831,3.760275073,-3.749618333
0.3385,-2.927138998,2.930910543,-0.938213469,0.934214978,3.870627834,-3.859850153
0.33855,-2.985448555,2.989099554,-0.992987116,0.989070475,3.983754145,-3.972851555
0.3386,-3.044418355,3.047946852,-1.049802009,1.045971271,4.099585025,-4.088553462
0.33865,-3.103956547,3.107360565,-1.108680338,1.104939703,4.218050923,-4.20688623
0.3387,-3.16397334,3.167250889,-1.169641728,1.165995544,4.339081785,-4.327779716
0.33875,-3.224381028,3.227530104,-1.232703285,1.22915605,4.462607122,-4.451163345
0.3388,-3.285094002,3.288112593,-1.297879645,1.294436007,4.588556074,-4.576966174
0.33885,-3.346028766,3.348914853,-1.365183027,1.361847784,4.716857476,-4.705116955
0.3389,-3.407103947,3.409855511,-1.434623283,1.431401386,4.847439922,-4.835544205
0.33895,-3.468240306,3.470855327,-1.506207953,1.503104504,4.980231826,-4.968176264
0.339,-3.529360746,3.531837208,-1.57994232,1.576962572,5.115161488,-5.102941359
0.33905,-3.528778611,3.531114889,-1.634534773,1.631683706,5.162601569,-5.150297862
0.3391,-3.456167467,3.458365861,-1.637325807,1.634604785,5.099381883,-5.087105359
0.33915,-3.386627432,3.388691039,-1.645552265,1.642961758,5.037985259,-5.025735859
0.3392,-3.318666549,3.320598293,-1.657215646,1.654756154,4.981673913,-4.969451576
0.33925,-3.254376647,3.256179307,-1.669613557,1.667285635,4.929769667,-4.917574334
0.3393,-3.194261699,3.195937915,-1.682037146,1.679841422,4.882067713,-4.869899324
0.33935,-3.110644946,3.11214626,-1.656826805,1.654763893,4.779812406,-4.767670901
0.3394,-2.953832984,2.955101126,-1.652046695,1.650114773,4.611537895,-4.599423215
0.33945,-2.811073138,2.812119278,-1.63446584,1.632662689,4.451204545,-4.43911663
0.3395,-2.684463379,2.685298175,-1.607572579,1.60589614,4.297645745,-4.285584536
0.33955,-2.564961519,2.56559502,-1.582099348,1.580547619,4.152619034,-4.140584472
0.3396,-2.450089061,2.450530702,-1.560792742,1.559363763,4.016392121,-4.004384148
0.33965,-2.341745362,2.342004007,-1.541263773,1.539955669,3.888475127,-3.876493684
0.3397,-2.240872884,2.240956864,-1.522308029,1.521119033,3.768605892,-3.756650919
0.33975,-2.146847559,2.14676468,-1.504535744,1.50346421,3.656770377,-3.644841816
0.3398,-2.058993743,2.058751305,-1.488594311,1.487638714,3.55294014,-3.541037932
0.33985,-1.977107031,1.976711845,-1.474588959,1.473747905,3.457015826,-3.445139914
0.3399,-1.901095676,1.900554082,-1.462500599,1.461772842,3.368886436,-3.357036762
0.33995,-1.830746569,1.830064459,-1.452444847,1.451829295,3.288454333,-3.276630838
0.34,-1.765790778,1.764973614,-1.44459519,1.444090916,3.215623936,-3.203826562
0.34005,-1.70598805,1.705040877,-1.439090431,1.438696682,3.150293675,-3.138522365
0.3401,-1.65112184,1.650049311,-1.4360414,1.435757605,3.09235773,-3.080612426
0.34015,-1.600972603,1.599778992,-1.435559882,1.435385664,3.041708248,-3.029988893
0.3402,-1.555315045,1.554004266,-1.437761232,1.437696412,2.998235209,-2.986541746
0.34025,-1.513926034,1.512501662,-1.442755981,1.442800589,2.961825948,-2.950158318
0.3403,-1.476586808,1.475052091,-1.450647687,1.450801967,2.932365203,-2.92072335
0.34035,-1.443081033,1.441438914,-1.46153504,1.461799462,2.909735291,-2.898119159
0.3404,-1.413194,1.411447132,-1.475512739,1.475888001,2.893816171,-2.882225702
0.34045,-1.386713259,1.384864021,-1.492670905,1.493157941,2.884485495,-2.872920632
0.3405,-1.363429099,1.361479614,-1.513094682,1.513694669,2.881618689,-2.870079376
0.34055,-1.343134572,1.341086724,-1.536864307,1.537578671,2.885089046,-2.873575227
0.3406,-1.325625502,1.323480951,-1.564055188,1.564885608,2.894767815,-2.883279433
0.34065,-1.310700626,1.308460823,-1.594737864,1.595686276,2.910524295,-2.899061294
0.3407,-1.298161752,1.295827957,-1.628977944,1.63004655,2.93222594,-2.920788263
0.34075,-1.287813883,1.285387179,-1.666836097,1.668027366,2.959738466,-2.948326059
0.3408,-1.279465321,1.276946627,-1.708368062,1.709684732,2.992925968,-2.981538774
0.34085,-1.272927774,1.270317866,-1.753624648,1.755069733,3.031651029,-3.020288992
0.3409,-1.268016476,1.265315994,-1.802651747,1.80422854,3.075774846,-3.064437911
0.34095,-1.264550286,1.261759753,-1.85549035,1.857202424,3.125157351,-3.113845463
0.341,-1.262351789,1.259471624,-1.91217658,1.914027789,3.17965734,-3.168370443
0.34105,-1.261247392,1.258277923,-1.97274172,1.974736206,3.239132601,-3.22787064
0.3411,-1.26106741,1.258008887,-2.037212262,2.039354451,3.303440045,-3.292202965
0.34115,-1.261646156,1.258498763,-2.105609952,2.107904558,3.372435842,-3.361223588
0.3412,-1.262822012,1.259585884,-2.177951849,2.180403876,3.445975552,-3.434788069
0.34125,-1.264437508,1.261112737,-2.254250388,2.256865127,3.523914264,-3.512751498
0.3413,-1.266339385,1.262926036,-2.33451345,2.337296483,3.606106729,-3.594968626
0.34135,-1.268378654,1.264876777,-2.418744439,2.421701634,3.6924075,-3.681294004
0.3414,-1.270410654,1.266820292,-2.506942361,2.510079879,3.782671064,-3.771582122
0.34145,-1.272295096,1.268616297,-2.599101919,2.602426204,3.876751979,-3.865687536
0.3415,-1.273896102,1.270128932,-2.6952136,2.698731385,3.974505008,-3.963465011
0.34155,-1.275082246,1.271226795,-2.795263777,2.798982081,4.075785253,-4.064769647
0.3416,-1.275726575,1.271782971,-2.899234815,2.903160936,4.180448282,-4.169457014
0.34165,-1.275706632,1.271675047,-3.007105171,3.011246692,4.288350264,-4.277383279
0.3417,-1.274904475,1.270785135,-3.118849517,3.123214296,4.399348089,-4.388405335
0.34175,-1.273206679,1.268999873,-3.234438845,3.23903502,4.513299497,-4.50238092
0.3418,-1.270504339,1.26621043,-3.353840595,3.358676574,4.630063197,-4.619168743
0.34185,-1.266693072,1.262312498,-3.477018774,3.482103236,4.749498982,-4.738628598
0.3419,-1.228228381,1.223761707,-3.565474302,3.570756851,4.806140078,-4.795293712
0.34195,-1.212724343,1.208174146,-3.570522587,3.575928716,4.789074435,-4.778252034
0.342,-1.185750563,1.181119668,-3.582639858,3.588169913,4.774294934,-4.763496444
0.34205,-1.150408592,1.145699644,-3.604002265,3.609656643,4.760326464,-4.749551833
0.3421,-1.116146837,1.111362413,-3.627726527,3.633505723,4.749801736,-4.739050911
0.34215,-1.085435776,1.080578416,-3.652036768,3.657941385,4.743415281,-4.732688209
0.3422,-1.056126979,1.05119917,-3.678396308,3.684427046,4.740482009,-4.729778639
0.34225,-1.017573648,1.012578138,-3.640116298,3.646273538,4.657021358,-4.646418861
0.3423,-0.936012915,0.930954787,-3.527298098,3.533578053,4.469192133,-4.458786189
0.34235,-0.865037896,0.859922593,-3.416810092,3.423208126,4.287597652,-4.277380826
0.3424,-0.80224228,0.797074968,-3.307525378,3.314037043,4.115457247,-4.105422414
0.34245,-0.743015022,0.737800568,-3.202504924,3.209125937,3.95115305,-3.941293401
0.3425,-0.685993762,0.680736731,-3.102549096,3.109275339,3.794122944,-3.784431984
0.34255,-0.632051589,0.626756269,-3.006990177,3.013817697,3.644572097,-3.635043636
0.3426,-0.581636623,0.576307049,-2.915456956,2.922381972,3.502577227,-3.493205373
0.34265,-0.534416129,0.529056092,-2.828084958,2.835103858,3.367940942,-3.358720096
0.3427,-0.490006822,0.484619876,-2.745036147,2.752145489,3.240441742,-3.231366592
0.34275,-0.448253409,0.44284289,-2.666325537,2.673522051,3.119939187,-3.111004701
0.3428,-0.409066375,0.403635409,-2.591927417,2.599208001,3.00631789,-2.997519312
0.34285,-0.372302292,0.366853812,-2.521849578,2.529211303,2.899442071,-2.890774914
0.3429,-0.337789417,0.33232617,-2.456116234,2.46355634,2.799164062,-2.7906241
0.34295,-0.305369346,0.299893909,-2.394742459,2.40225836,2.705340404,-2.69692367
0.343,-0.274896907,0.269411697,-2.337734613,2.345323892,2.617832166,-2.609534944
0.34305,-0.246227442,0.240734727,-2.285098038,2.292758449,2.536499919,-2.528318738
0.3431,-0.219214771,0.213716684,-2.236838158,2.244567627,2.461202806,-2.453134434
0.34315,-0.193714817,0.188213365,-2.192958329,2.200754952,2.391800012,-2.383841451
0.3432,-0.16958684,0.164083916,-2.153459149,2.161321194,2.328151309,-2.32029979
0.34325,-0.146692571,0.141189964,-2.118338981,2.126264883,2.270116713,-2.262369686
0.3433,-0.124895768,0.119395175,-2.087594205,2.095582571,2.217556293,-2.209911426
0.34335,-0.10406249,0.098565525,-2.061219077,2.069268683,2.170330301,-2.162785474
0.3434,-0.084061317,0.078569522,-2.039205626,2.047315414,2.128299292,-2.120852586
0.34345,-0.064763354,0.05927821,-2.021543665,2.029712747,2.091324139,-2.083973836
0.3435,-0.046042224,0.040565158,-2.008220824,2.016448479,2.059266055,-2.05201063
0.34355,-0.027774114,0.022306513,-1.999222544,2.007508215,2.031986636,-2.02482475
0.3436,-0.009837842,0.004381058,-1.994532068,2.002875365,2.009347917,-2.002278416
0.34365,0.007878085,-0.013343666,-1.994134263,2.002534959,1.991208516,-1.984230419
0.3437,0.025500594,-0.030952669,-1.997996718,2.006454749,1.977442876,-1.970555373
0.34375,0.043139544,-0.048576806,-2.006106227,2.01462169,1.967904559,-1.961107007
0.3438,0.060907221,-0.06632836,-2.018436126,2.027009281,1.962458956,-1.955750869
0.34385,0.07890792,-0.084311617,-2.034957313,2.043588576,1.960972652,-1.9543537
0.3439,0.097245597,-0.102630512,-2.055639809,2.064329756,1.963311727,-1.956781728
0.34395,0.116022879,-0.121387648,-2.08045228,2.089201641,1.96934224,-1.962901154
0.344,0.135338863,-0.140682087,-2.109361034,2.118170694,1.978931425,-1.972579352
0.34405,0.155289198,-0.160609437,-2.142330119,2.151201118,1.991947715,-1.985684886
0.3441,0.175966725,-0.18126249,-2.179321668,2.188255196,2.008260438,-2.002087211
0.34415,0.197461483,-0.202731232,-2.220295942,2.229293336,2.027739853,-2.021656709
0.3442,0.219860496,-0.225102622,-2.265211275,2.274274023,2.050257322,-2.044264857
0.34425,0.243247732,-0.248460563,-2.314024117,2.32315385,2.075685374,-2.069784298
0.3443,0.267704154,-0.272885943,-2.3666891,2.375887593,2.103897734,-2.098088862
0.34435,0.293307724,-0.298456644,-2.423159088,2.432428259,2.134769365,-2.129053614
0.3444,0.320133381,-0.325247518,-2.483385228,2.492727133,2.168176539,-2.162554923
0.34445,0.348253035,-0.353330384,-2.547316994,2.556733825,2.203996888,-2.198470513
0.3445,0.37773557,-0.382774032,-2.614902243,2.624396331,2.242109457,-2.236679515
0.34455,0.408646856,-0.413644229,-2.686087279,2.695661083,2.282394755,-2.277062522
0.3446,0.441049751,-0.446003727,-2.760816901,2.770473012,2.324734803,-2.319501631
0.34465,0.47500411,-0.479912273,-2.839034469,2.848775607,2.36901319,-2.363880503
0.3447,0.510566803,-0.51542662,-2.920681964,2.930510973,2.41511511,-2.410084404
0.34475,0.547791724,-0.552600545,-3.005700048,3.015619894,2.462927421,-2.458000251
0.3448,0.586729818,-0.591484871,-3.094028129,3.104041901,2.512338678,-2.507516663
0.34485,0.627429095,-0.632127482,-3.185604426,3.195715329,2.563239183,-2.558523994
0.3449,0.669934661,-0.674573355,-3.280366034,3.290577388,2.615521022,-2.610914383
0.34495,0.714288739,-0.718864582,-3.37824899,3.388564227,2.669078107,-2.664581788
0.345,0.760530702,-0.765040401,-3.479188337,3.489611001,2.723806211,-2.719422023
0.34505,0.808697106,-0.813137231,-3.583118198,3.593651937,2.779603001,-2.775332797
0.3451,0.858821721,-0.863188701,-3.689971835,3.700620405,2.836368076,-2.832213741
0.34515,0.91093557,-0.915225694,-3.799681724,3.81044898,2.894002994,-2.889966445
0.3452,0.965066969,-0.969276381,-3.912179618,3.923069513,2.952411301,-2.94849448
0.34525,1.021241564,-1.025366263,-4.027396614,4.038413199,3.011498555,-3.007703431
0.3453,1.079482379,-1.083518219,-4.145263226,4.156410644,3.071172356,-3.067500915
0.34535,1.139809861,-1.143752545,-4.265709445,4.276991929,3.13134236,-3.127796607
0.3454,1.202241922,-1.206087004,-4.388664809,4.40008668,3.191920307,-3.188502256
0.34545,1.266793993,-1.270536878,-4.51405847,4.525624134,3.252820028,-3.249531705
0.3455,1.333479071,-1.337115012,-4.641819257,4.6535332,3.313957468,-3.310800906
0.34555,1.402307773,-1.405831873,-4.77187574,4.783742528,3.375250694,-3.372227927
0.3456,1.47328839,-1.476695597,-4.904156296,4.91618057,3.436619908,-3.433732971
0.34565,1.546426937,-1.549712049,-5.038589171,5.050775645,3.497987452,-3.495238377
0.3457,1.600706012,-1.603864098,-5.085742328,5.098011069,3.497502704,-3.494893132
0.34575,1.60331638,-1.606346096,-5.022410379,5.034652014,3.424924478,-3.422452116
0.3458,1.611412132,-1.614313022,-4.960924284,4.973138873,3.35539381,-3.353055569
0.34585,1.622976102,-1.625747683,-4.904540747,4.916728349,3.287431752,-3.285224712
0.3459,1.635248302,-1.637890032,-4.852563648,4.864724323,3.223169695,-3.221091087
0.34595,1.64752016,-1.650031431,-4.804787091,4.816920899,3.163110177,-3.161157367
0.346,1.660471288,-1.662851422,-4.761280056,4.773387057,3.106642527,-3.104813021
0.34605,1.635966155,-1.638214493,-4.663539771,4.675620023,3.026768385,-3.025109357
0.3461,1.631819212,-1.633937553,-4.499900748,4.51195431,2.873832304,-2.872400457
0.34615,1.614656426,-1.616646966,-4.344160507,4.356187439,2.735129909,-2.733914414
0.3462,1.588186871,-1.590051636,-4.195186398,4.207186758,2.612572055,-2.611562585
0.34625,1.563350778,-1.565091731,-4.054720851,4.066694699,2.496893107,-2.496079934
0.3463,1.542813246,-1.544432305,-3.923004604,3.934951998,2.385668525,-2.385042525
0.34635,1.524087098,-1.52558609,-3.79954418,3.811465179,2.280891781,-2.28044439
0.3464,1.505983088,-1.507363721,-3.68408534,3.695980001,2.183497676,-2.183220855
0.34645,1.489149656,-1.490413516,-3.576615701,3.588484083,2.092825195,-2.092711417
0.3465,1.474233221,-1.475381766,-3.477102946,3.488945108,2.008195416,-2.008237652
0.34655,1.461322967,-1.462357517,-3.385444917,3.397260916,1.929416824,-1.929608524
0.3466,1.450395235,-1.451316959,-3.301529814,3.313319708,1.856401127,-1.856736201
0.34665,1.441568223,-1.442378131,-3.225259167,3.237023014,1.788931516,-1.789404311
0.3467,1.435015158,-1.435714088,-3.156535938,3.168273795,1.726737599,-1.727342887
0.34675,1.43087164,-1.431460252,-3.095257036,3.10696896,1.669580575,-1.670313529
0.3468,1.429245736,-1.429724503,-3.041315315,3.053001364,1.617245129,-1.61810131
0.34685,1.430247463,-1.43061666,-2.994601646,3.006261878,1.569512033,-1.570487368
0.3469,1.43399036,-1.434250059,-2.955004705,2.966639176,1.526156348,-1.527247115
0.34695,1.440582774,-1.440732836,-2.92241053,2.934019297,1.486955705,-1.488158513
0.347,1.450126002,-1.450166066,-2.896702608,2.908285728,1.451692247,-1.453004021
0.34705,1.462716547,-1.462646027,-2.877762036,2.889319566,1.420150533,-1.421568495
0.3471,1.47844692,-1.478264996,-2.865467587,2.876999583,1.3921168,-1.393638454
0.34715,1.497405004,-1.497110616,-2.859695762,2.871202281,1.367379655,-1.369002767
0.3472,1.519673677,-1.519265521,-2.860320881,2.871801979,1.345730538,-1.347453124
0.34725,1.545330901,-1.54480742,-2.867215178,2.878670911,1.326963732,-1.328784037
0.3473,1.574449801,-1.573809183,-2.880248887,2.891679311,1.310876364,-1.31279285
0.34735,1.607098625,-1.606338795,-2.899290344,2.910695515,1.297268556,-1.299279883
0.3474,1.643340685,-1.642459303,-2.924206095,2.935586069,1.285943581,-1.288048596
0.34745,1.683234353,-1.68222881,-2.954861007,2.966215839,1.276707984,-1.278905699
0.3475,1.726833073,-1.725700488,-2.991118378,3.002448124,1.269371679,-1.271661261
0.34755,1.77418537,-1.772922583,-3.03284006,3.044144775,1.263748063,-1.266128819
0.3476,1.825334859,-1.823938433,-3.079886579,3.09116632,1.259654122,-1.262125484
0.34765,1.880320272,-1.878786486,-3.132117263,3.143372084,1.256910539,-1.259472049
0.3477,1.939175487,-1.937500336,-3.189390368,3.200620323,1.255341785,-1.257993083
0.34775,2.001929566,-2.000108761,-3.251563208,3.262768353,1.254776213,-1.257517021
0.3478,2.068606805,-2.066635768,-3.318492291,3.32967268,1.255046143,-1.257876256
0.34785,2.139226781,-2.137100648,-3.39003345,3.401189138,1.255987945,-1.258907215
0.3479,2.213804417,-2.211518033,-3.466041979,3.477173021,1.257442113,-1.260450437
0.34795,2.292350046,-2.289897967,-3.546372771,3.557479221,1.259253335,-1.262350644
0.348,2.374869485,-2.372245978,-3.630880452,3.641962364,1.261270552,-1.2644568
0.34805,2.461364112,-2.458563157,-3.719419516,3.730476944,1.263347021,-1.26662217
0.3481,2.551830957,-2.548846242,-3.811844465,3.822877464,1.265340359,-1.268704371
0.34815,2.646262785,-2.643087715,-3.90800994,3.919018563,1.267112588,-1.270565416
0.3482,2.744648198,-2.74127589,-4.007770857,4.018755158,1.268530177,-1.272071749
0.34825,2.846971734,-2.843395022,-4.110982535,4.121942567,1.269464065,-1.273094281
0.3483,2.953213972,-2.949425408,-4.21750083,4.228436648,1.269789691,-1.273508407
0.34835,3.063351646,-3.059343499,-4.327182264,4.338093921,1.269387008,-1.273194032
0.3484,3.17735775,-3.173122017,-4.439884144,4.450771692,1.268140495,-1.272035575
0.34845,3.295201667,-3.290730066,-4.55546469,4.566328183,1.265939162,-1.269921978
0.3485,3.416849281,-3.412133261,-4.673783152,4.684622643,1.262676548,-1.266746706
0.34855,3.542263104,-3.537293844,-4.794699926,4.805515468,1.258250712,-1.262407734
0.3486,3.632356752,-3.627185526,-4.852530405,4.86332205,1.219427174,-1.223670454
0.34865,3.638710661,-3.633413246,-4.836471539,4.847239341,1.203641672,-1.207968624
0.3487,3.651994672,-3.64657069,-4.822656275,4.833400285,1.176486015,-1.180893807
0.34875,3.674435512,-3.668884533,-4.809600587,4.820320859,1.141002136,-1.145488112
0.3488,3.699285614,-3.693607109,-4.799933364,4.81062995,1.106498937,-1.111060509
0.34885,3.724760071,-3.718953405,-4.794365504,4.805038457,1.075472364,-1.080106976
0.3489,3.684808146,-3.678872996,-4.708649274,4.719220384,1.03629255,-1.040997371
0.34895,3.570515756,-3.564455962,-4.518562584,4.528934893,0.953810725,-0.958580566
0.349,3.458883587,-3.45270384,-4.334572581,4.344753627,0.881454849,-0.886284163
0.34905,3.348502071,-3.342206874,-4.160028665,4.170025675,0.817230939,-0.822114463
0.3491,3.24227729,-3.235870979,-3.99340509,4.003224972,0.75677451,-0.761707283
0.34915,3.141062816,-3.134549565,-3.834119883,3.84376923,0.698649683,-0.703627049
0.3492,3.044253722,-3.037637537,-3.682342957,3.691828056,0.643631086,-0.648648668
0.34925,2.951476804,-2.944761521,-3.538149958,3.547476794,0.592167372,-0.597221055
0.3493,2.862847995,-2.856037281,-3.401355323,3.410529586,0.543956859,-0.549042774
0.34935,2.77852659,-2.771623941,-3.271740724,3.280767819,0.498621747,-0.503736264
0.3494,2.698534057,-2.6915428,-3.149162768,3.158047813,0.455997006,-0.461136719
0.34945,2.6228476,-2.615770891,-3.033504766,3.042252605,0.415988582,-0.421150298
0.3495,2.551474392,-2.544315216,-2.924631975,2.93324718,0.378454411,-0.383635137
0.34955,2.484438511,-2.477199682,-2.822397641,2.830884518,0.343223519,-0.348420448
0.3496,2.421756103,-2.414440263,-2.726658414,2.735021012,0.31013628,-0.31534678
0.34965,2.363434665,-2.356044287,-2.637275364,2.645517478,0.279046143,-0.284267747
0.3497,2.309480317,-2.302017701,-2.554109296,2.562234475,0.24980768,-0.255038071
0.34975,2.259899206,-2.252366482,-2.477019646,2.485031196,0.222274076,-0.227511078
0.3498,2.214695517,-2.207094644,-2.405865806,2.413766799,0.196300439,-0.201542005
0.34985,2.173870721,-2.166203487,-2.340507709,2.348300986,0.171745143,-0.176989344
0.3499,2.137424034,-2.129692057,-2.280805533,2.288493713,0.148469071,-0.153714084
0.34995,2.10535268,-2.097557409,-2.226619509,2.234204991,0.126335156,-0.131579255
0.35,2.077651769,-2.069794483,-2.177810028,2.185294999,0.105208616,-0.110450159
0.35005,2.054314189,-2.046395999,-2.134237757,2.1416242,0.084957173,-0.090194595
0.3501,2.035330617,-2.027352465,-2.09576367,2.103053365,0.065451076,-0.070682877
0.35015,2.020689543,-2.012652204,-2.062249059,2.069443592,0.046563085,-0.051787818
0.3502,2.010377265,-2.00228135,-2.03355558,2.040656347,0.028168523,-0.033384789
0.35025,2.004377886,-1.996223838,-2.009545308,2.016553524,0.010145336,-0.015351772
0.3503,2.002676112,-1.994464211,-1.990077958,1.996994656,-0.007623934,0.002426162
0.35035,2.005243066,-1.996973428,-1.975025135,1.981851178,-0.025262674,0.020077385
0.3504,2.012065316,-2.003737896,-1.964241482,1.970977565,-0.042877827,0.03770634
0.35045,2.023114491,-2.014729083,-1.957595057,1.964241717,-0.060581588,0.055425213
0.3505,2.038364531,-2.029920768,-1.954950055,1.961507669,-0.078483761,0.073343815
0.35055,2.057786616,-2.049283974,-1.956172053,1.96264085,-0.096689935,0.091567752
0.3506,2.081349594,-2.072787392,-1.961127685,1.967507749,-0.115302308,0.110199245
0.35065,2.109020425,-2.100397828,-1.969684233,1.975975508,-0.134420533,0.129337979
0.3507,2.140764118,-2.132080136,-1.981709771,1.987912067,-0.154141517,0.149080899
0.35075,2.17654364,-2.167797133,-1.997073367,2.003186366,-0.174559123,0.169521916
0.3508,2.216319966,-2.207509643,-2.015645132,2.02166839,-0.195764178,0.190751909
0.35085,2.260052161,-2.251176582,-2.03729622,2.043229178,-0.217844545,0.2128588
0.3509,2.307697415,-2.298754997,-2.061898896,2.067740879,-0.240885103,0.235927534
0.35095,2.359211083,-2.350200095,-2.089326596,2.095076822,-0.264967713,0.260040045
0.351,2.414546724,-2.405465296,-2.119453992,2.125111575,-0.290171208,0.285275244
0.35105,2.473656162,-2.464502282,-2.152157037,2.157720993,-0.316571394,0.31170902
0.3511,2.536489532,-2.527261051,-2.18731302,2.192782272,-0.344241048,0.339414242
0.35115,2.602995335,-2.593689967,-2.224800622,2.230174004,-0.373249921,0.368460754
0.3512,2.673120492,-2.66373582,-2.264499967,2.26977623,-0.403664737,0.398915378
0.35125,2.746810404,-2.73734388,-2.306292671,2.311470487,-0.4355492,0.430841925
0.3513,2.824009011,-2.814457955,-2.350061897,2.355139863,-0.468964007,0.464301198
0.35135,2.904658848,-2.895020458,-2.395692397,2.40066904,-0.503966857,0.499351012
0.3514,2.988701114,-2.978972462,-2.443070563,2.447944345,-0.540612468,0.536046201
0.35145,3.076075729,-3.066253766,-2.492084468,2.49685379,-0.578952596,0.57443864
0.3515,3.166721399,-3.156802959,-2.542623915,2.547287122,-0.619036053,0.614577269
0.35155,3.260575687,-3.250557485,-2.594580473,2.599135858,-0.660908733,0.656508107
0.3516,3.35757507,-3.347453711,-2.647847522,2.652293329,-0.70461364,0.70027429
0.35165,3.457655012,-3.447426988,-2.702320285,2.706654714,-0.750190912,0.74591609
0.3517,3.560750028,-3.550411724,-2.757895866,2.762117078,-0.797677856,0.79347095
0.35175,3.666793752,-3.656341448,-2.814473288,2.818579407,-0.847108984,0.84297352
0.3518,3.775719004,-3.765148878,-2.871953515,2.875942634,-0.898516043,0.89445569
0.35185,3.887457861,-3.876765989,-2.93023949,2.934109674,-0.951928059,0.947946627
0.3519,4.001941718,-3.991124082,-2.989236158,2.992985446,-1.007371375,1.00347282
0.35195,4.119101361,-4.108153848,-3.048850491,3.052476901,-1.064869696,1.061058121
0.352,4.238867032,-4.227785438,-3.108991509,3.112493044,-1.124444131,1.120723786
0.35205,4.361168495,-4.349948528,-3.169570305,3.172944951,-1.186113242,1.182488526
0.3521,4.485935105,-4.474572387,-3.230500056,3.233745792,-1.249893091,1.246368554
0.35215,4.613095869,-4.60158594,-3.291696046,3.29481084,-1.315797291,1.312377632
0.3522,4.742579514,-4.730917833,-3.353075672,3.35605749,-1.383837056,1.380527128
0.35225,4.874314549,-4.8624965,-3.414558461,3.417405267,-1.454021258,1.450826063
0.3523,5.00822933,-4.996250222,-3.476066074,3.478775835,-1.526356474,1.523281169
0.35235,5.054915694,-5.042854777,-3.475590842,3.478161916,-1.580090397,1.577139866
0.3524,4.991076032,-4.979041762,-3.402962818,3.405397503,-1.582279289,1.579454861
0.35245,4.929108264,-4.917100582,-3.333363898,3.33566529,-1.589994459,1.587296576
0.3525,4.872264232,-4.86028308,-3.265325903,3.267496927,-1.601203251,1.598632384
0.35255,4.819830817,-4.807876135,-3.201015538,3.203058969,-1.613093457,1.610650133
0.3526,4.771600682,-4.759672413,-3.140935208,3.142853684,-1.624955268,1.622640081
0.35265,4.72764814,-4.715746224,-3.084460881,3.086256899,-1.63748706,1.635300669
0.3527,4.629299504,-4.617423885,-3.004425667,3.006052395,-1.612600437,1.610543487
0.35275,4.4649703,-4.453120918,-2.851258193,2.852659396,-1.60811871,1.606189387
0.3528,4.308506751,-4.296683549,-2.712380558,2.713567094,-1.590523161,1.588719256
0.35285,4.158790468,-4.146993387,-2.589666507,2.590648732,-1.563574569,1.561894038
0.3529,4.017600711,-4.005829693,-2.47380624,2.474593907,-1.538294697,1.536735559
0.35295,3.885177867,-3.873432855,-2.362413663,2.363015919,-1.517310412,1.515870729
0.353,3.761016859,-3.749297795,-2.257517684,2.257943111,-1.498087968,1.496765891
0.35305,3.644863243,-3.633170071,-2.160041287,2.160297943,-1.479450145,1.47824394
0.3531,3.536709498,-3.52504216,-2.069304655,2.069400081,-1.462069433,1.460977488
0.35315,3.436524992,-3.42488343,-1.984630477,1.984571715,-1.4465927,1.44561353
0.3532,3.344207158,-3.332591316,-1.905835866,1.905629474,-1.433100439,1.432232694
0.35325,3.259644502,-3.248054323,-1.832833967,1.832486045,-1.421568167,1.420810647
0.3533,3.182739599,-3.171175026,-1.765405159,1.764921361,-1.412118221,1.411469884
0.35335,3.113396316,-3.101857293,-1.703278206,1.702663765,-1.404925831,1.404385806
0.3534,3.051512212,-3.039998682,-1.646215375,1.645475116,-1.400126405,1.399693998
0.35345,2.996980771,-2.985492677,-1.594001947,1.593140307,-1.397828247,1.397502947
0.3535,2.949693538,-2.938230825,-1.546418442,1.545439489,-1.398142468,1.397923963
0.35355,2.909539847,-2.898102458,-1.50323965,1.502147098,-1.40118369,1.401071868
0.3536,2.876406357,-2.864994237,-1.464243167,1.463040397,-1.407061033,1.407055996
0.35365,2.850177142,-2.838790235,-1.429211088,1.427901163,-1.415876529,1.415978597
0.3537,2.830733867,-2.819372116,-1.397927778,1.396513461,-1.427727513,1.427937232
0.35375,2.817955841,-2.806619191,-1.370179207,1.368662979,-1.44270735,1.443025497
0.3538,2.811720074,-2.80040847,-1.345753698,1.344137772,-1.460904741,1.461332333
0.35385,2.811901366,-2.800614753,-1.324442377,1.322728717,-1.482403362,1.482941662
0.3539,2.818372397,-2.807110719,-1.306039157,1.304229495,-1.507281971,1.507932492
0.35395,2.831003818,-2.81976702,-1.290340751,1.288436601,-1.535614487,1.536378998
0.354,2.84966435,-2.838452377,-1.277146825,1.275149498,-1.567469937,1.568350467
0.35405,2.87422089,-2.863033687,-1.266260159,1.264170781,-1.602912396,1.603911241
0.3541,2.904538622,-2.893376135,-1.257486764,1.255306293,-1.642000988,1.643120712
0.35415,2.940481131,-2.929343305,-1.250635988,1.248365221,-1.684789893,1.686033334
0.3542,2.981910519,-2.9707973,-1.24552062,1.243160218,-1.731328355,1.732698627
0.35425,3.028687531,-3.017598864,-1.241957012,1.239507507,-1.78166069,1.783161186
0.3543,3.080671675,-3.069607507,-1.239765175,1.237226987,-1.835826311,1.837460709
0.35435,3.137721359,-3.126681635,-1.238768882,1.236142333,-1.89385976,1.895632018
0.3544,3.199694011,-3.188678677,-1.238795758,1.236081084,-1.95579074,1.957705105
0.35445,3.266446221,-3.255455223,-1.239677372,1.236874736,-2.021644165,2.02370517
0.3545,3.33783387,-3.326867155,-1.241249316,1.238358824,-2.091440209,2.093652676
0.35455,3.413712268,-3.402769782,-1.243351284,1.240372993,-2.165194366,2.167563407
0.3546,3.493936291,-3.48301798,-1.245827143,1.242761077,-2.242917517,2.245448534
0.35465,3.578360515,-3.567466327,-1.248524999,1.245371158,-2.324616001,2.327314684
0.3547,3.666839356,-3.655969236,-1.251297251,1.248055624,-2.410291693,2.413164024
0.35475,3.759227202,-3.748381098,-1.254000648,1.250671222,-2.499942091,2.502994338
0.3548,3.855378555,-3.844556414,-1.256496332,1.253079106,-2.593560404,2.596799126
0.35485,3.955148158,-3.944349927,-1.258649875,1.25514487,-2.69113565,2.69456769
0.3549,4.058391136,-4.047616762,-1.260331319,1.256738583,-2.792652754,2.796285242
0.35495,4.164963118,-4.154212548,-1.261415191,1.257734815,-2.898092657,2.901933003
0.355,4.274720371,-4.263993555,-1.261780531,1.258012655,-3.007432421,3.011488319
0.35505,4.387519929,-4.376816812,-1.261310902,1.257455723,-3.120645347,3.124924768
0.3551,4.503219709,-4.492540239,-1.259894394,1.255952178,-3.237701092,3.242212283
0.35515,4.621678636,-4.611022762,-1.257423627,1.253394714,-3.358565788,3.363317268
0.3552,4.74275676,-4.732124429,-1.253795742,1.249680555,-3.483202167,3.488202725
0.35525,4.800850029,-4.79024119,-1.215613862,1.211412952,-3.572826314,3.578025542
0.3553,4.785135075,-4.774549677,-1.200480201,1.196196118,-3.578854233,3.584177522
0.35535,4.771638126,-4.761076115,-1.173807667,1.169443208,-3.591952129,3.59739986
0.3554,4.758896004,-4.748357329,-1.138727676,1.134285461,-3.614278219,3.619850823
0.35545,4.749578204,-4.739062814,-1.104738313,1.100220898,-3.638936327,3.644634335
0.3555,4.744378084,-4.733885928,-1.074285219,1.069695125,-3.664174237,3.669998286
0.35555,4.742596435,-4.732127462,-1.045189308,1.040529004,-3.691471808,3.697422632
0.3556,4.660418947,-4.65005038,-1.007088558,1.002360774,-3.654021693,3.660099707
0.35565,4.47393408,-4.463761706,-0.926086132,0.921295906,-3.541988917,3.548190362
0.3557,4.293690023,-4.283706461,-0.85569511,0.850847838,-3.432266749,3.438587016
0.35575,4.122898603,-4.113096778,-0.793488491,0.788589295,-3.323741468,3.330176136
0.3558,3.959910879,-3.950284034,-0.734793228,0.729846933,-3.219504969,3.226049784
0.35585,3.804161311,-3.794703002,-0.678246928,0.673258061,-3.120354227,3.127005098
0.3559,3.655864884,-3.646568967,-0.624745516,0.619718329,-3.025608501,3.032361505
0.35595,3.515100749,-3.505961382,-0.574740847,0.569679343,-2.934895279,2.941746663
0.356,3.381668195,-3.372679824,-0.52789298,0.522800919,-2.848353969,2.855300151
0.35605,3.255344031,-3.246501388,-0.483816534,0.478697446,-2.766146935,2.773184504
0.3561,3.13598839,-3.127286488,-0.442358842,0.437216038,-2.688287142,2.695412856
0.35615,3.02348627,-3.014920397,-0.403432022,0.398268608,-2.614747625,2.621958413
0.3562,2.917701479,-2.909267187,-0.366892512,0.361711401,-2.545535894,2.552828858
0.35625,2.818485881,-2.810178988,-0.332568504,0.327372429,-2.480675763,2.488048173
0.3563,2.725695831,-2.717512407,-0.300302161,0.295093687,-2.420181545,2.427630846
0.35635,2.639192276,-2.631128644,-0.269948973,0.264730506,-2.364058818,2.371582623
0.3564,2.5588356,-2.550888325,-0.241364772,0.236138573,-2.312312241,2.319908338
0.35645,2.484484738,-2.476650626,-0.214403831,0.209172029,-2.264946579,2.272612924
0.3565,2.415998705,-2.408274791,-0.188922603,0.183687202,-2.221964486,2.229699206
0.35655,2.353237129,-2.345620677,-0.164780916,0.159543809,-2.183365844,2.191167237
0.3566,2.296059888,-2.288548382,-0.141841072,0.136604051,-2.149148306,2.157014841
0.35665,2.244326928,-2.236918066,-0.119967413,0.11473218,-2.119307544,2.127237859
0.3567,2.197898394,-2.190590084,-0.099026595,0.093794772,-2.093837105,2.101830006
0.35675,2.156634747,-2.149425101,-0.07888782,0.073660958,-2.072728304,2.080782766
0.3568,2.120396791,-2.113284117,-0.05942283,0.054202423,-2.055970244,2.064085411
0.35685,2.08904568,-2.082028479,-0.040505897,0.035293386,-2.043549848,2.051725027
0.3569,2.062442972,-2.055519932,-0.022013875,0.016810662,-2.03545185,2.043686518
0.35695,2.040450684,-2.033620673,-0.003821096,-0.00134402,-2.031658791,2.039952588
0.357,2.022931568,-2.016193628,0.014170835,-0.019356954,-2.032150712,2.040503441
0.35705,2.009748414,-2.003101757,0.032100494,-0.037273246,-2.036906135,2.045317764
0.3571,2.000764249,-1.994208252,0.050071769,-0.055229823,-2.045901719,2.054372374
0.35715,1.995844574,-1.98937877,0.068192546,-0.073334566,-2.059110242,2.067640213
0.3572,1.994854159,-1.988478235,0.086570098,-0.091694736,-2.076503747,2.08509348
0.35725,1.997658528,-1.99137232,0.105308847,-0.110414734,-2.098052164,2.106702264
0.3573,2.004124387,-1.997927869,0.124509639,-0.12959538,-2.123723024,2.132434251
0.35735,2.014119353,-2.00801264,0.144270351,-0.149334513,-2.153481795,2.162255062
0.3574,2.027511871,-2.021495207,0.16468612,-0.169727229,-2.187292026,2.196128401
0.35745,2.044171358,-2.038245113,0.18584916,-0.190865693,-2.225115311,2.234016012
0.3575,2.063968305,-2.05813297,0.207848652,-0.212839027,-2.266911282,2.275877674
0.35755,2.08677432,-2.081030502,0.23077077,-0.235733344,-2.312637669,2.321671266
0.3576,2.112462157,-2.106810574,0.254698698,-0.259631757,-2.362250363,2.371352823
0.35765,2.140905784,-2.13534726,0.279712612,-0.284614368,-2.415703449,2.424876575
0.3577,2.171980441,-2.166515898,0.305889665,-0.310758248,-2.47294926,2.482194992
0.35775,2.205562692,-2.20019315,0.333303982,-0.338137436,-2.53393842,2.543258841
0.3578,2.241530479,-2.236257047,0.362026667,-0.366822943,-2.598619904,2.608017232
0.35785,2.279763173,-2.274587047,0.392125798,-0.396882751,-2.666941091,2.676417677
0.3579,2.320141625,-2.315064083,0.42366644,-0.428381821,-2.73884782,2.748406148
0.35795,2.36254822,-2.357570614,0.456710644,-0.4613821,-2.814284447,2.823927132
0.358,2.406866921,-2.401990678,0.491317468,-0.495942532,-2.893193908,2.902923691
0.35805,2.452983318,-2.44820993,0.527542983,-0.532119076,-2.97551778,2.985337526
0.3581,2.500784674,-2.496115696,0.565440294,-0.569964715,-3.061196341,3.071109038
0.35815,2.550159968,-2.545597015,0.605059558,-0.609529486,-3.150168636,3.160177392
0.3582,2.600999937,-2.596544679,0.646448008,-0.650860495,-3.24237254,3.252480579
0.35825,2.653197119,-2.648851272,0.689649977,-0.694001944,-3.337744825,3.347955488
0.3583,2.706645886,-2.702411216,0.734706926,-0.738995164,-3.436221228,3.446537964
0.35835,2.761242485,-2.757120797,0.781657473,-0.785878638,-3.537736512,3.548162881
0.3584,2.81688507,-2.812878209,0.830537429,-0.834688039,-3.642224538,3.652764208
0.35845,2.873473735,-2.869583578,0.881379831,-0.885456263,-3.749618333,3.760275073
0.3585,2.930910543,-2.927138998,0.934214978,-0.938213469,-3.859850154,3.870627834
0.35855,2.989099554,-2.985448555,0.989070475,-0.992987116,-3.972851556,3.983754146
0.3586,3.047946852,-3.044418356,1.045971271,-1.049802009,-4.088553462,4.099585026
0.35865,3.107360565,-3.103956547,1.104939703,-1.108680338,-4.20688623,4.218050924
0.3587,3.167250889,-3.16397334,1.165995544,-1.169641728,-4.327779717,4.339081785
0.35875,3.227530104,-3.224381029,1.22915605,-1.232703285,-4.451163346,4.462607122
0.3588,3.288112593,-3.285094003,1.294436007,-1.297879646,-4.576966174,4.588556074
0.35885,3.348914854,-3.346028766,1.361847785,-1.365183027,-4.705116956,4.716857477
0.3589,3.409855511,-3.407103947,1.431401386,-1.434623283,-4.835544206,4.847439922
0.35895,3.470855327,-3.468240307,1.503104504,-1.506207953,-4.968176265,4.980231826
0.359,3.531837208,-3.529360746,1.576962572,-1.57994232,-5.102941359,5.115161488
0.35905,3.531114889,-3.528778612,1.631683706,-1.634534773,-5.150297862,5.162601569
0.3591,3.458365861,-3.456167467,1.634604785,-1.637325807,-5.08710536,5.099381883
0.35915,3.388691039,-3.386627433,1.642961758,-1.645552265,-5.025735859,5.03798526
0.3592,3.320598293,-3.318666549,1.654756154,-1.657215647,-4.969451576,4.981673913
0.35925,3.256179307,-3.254376647,1.667285635,-1.669613557,-4.917574334,4.929769668
0.3593,3.195937915,-3.194261699,1.679841422,-1.682037146,-4.869899324,4.882067714
0.35935,3.11214626,-3.110644946,1.654763893,-1.656826805,-4.767670901,4.779812406
0.3594,2.955101126,-2.953832984,1.650114773,-1.652046695,-4.599423215,4.611537895
0.35945,2.812119278,-2.811073138,1.632662689,-1.63446584,-4.439116631,4.451204546
0.3595,2.685298175,-2.68446338,1.60589614,-1.60757258,-4.285584537,4.297645745
0.35955,2.56559502,-2.56496152,1.580547619,-1.582099348,-4.140584473,4.152619034
0.3596,2.450530702,-2.450089062,1.559363764,-1.560792742,-4.004384148,4.016392121
0.35965,2.342004007,-2.341745362,1.539955669,-1.541263773,-3.876493684,3.888475128
0.3597,2.240956864,-2.240872885,1.521119034,-1.522308029,-3.756650919,3.768605892
0.35975,2.14676468,-2.146847559,1.503464211,-1.504535744,-3.644841817,3.656770377
0.3598,2.058751305,-2.058993743,1.487638714,-1.488594311,-3.541037933,3.55294014
0.35985,1.976711845,-1.977107032,1.473747905,-1.474588959,-3.445139914,3.457015826
0.3599,1.900554082,-1.901095676,1.461772842,-1.462500599,-3.357036762,3.368886437
0.35995,1.83006446,-1.830746569,1.451829295,-1.452444847,-3.276630838,3.288454333
0.36,1.764973614,-1.765790778,1.444090916,-1.444595191,-3.203826563,3.215623936
0.36005,1.705040877,-1.70598805,1.438696682,-1.439090431,-3.138522365,3.150293675
0.3601,1.650049311,-1.65112184,1.435757605,-1.4360414,-3.080612426,3.09235773
0.36015,1.599778992,-1.600972603,1.435385664,-1.435559883,-3.029988893,3.041708248
0.3602,1.554004266,-1.555315045,1.437696412,-1.437761232,-2.986541746,2.99823521
0.36025,1.512501662,-1.513926034,1.442800589,-1.442755982,-2.950158318,2.961825948
0.3603,1.475052091,-1.476586808,1.450801967,-1.450647687,-2.920723351,2.932365203
0.36035,1.441438914,-1.443081033,1.461799463,-1.461535041,-2.898119159,2.909735292
0.3604,1.411447132,-1.413194001,1.475888001,-1.47551274,-2.882225702,2.893816172
0.36045,1.384864022,-1.38671326,1.493157941,-1.492670905,-2.872920632,2.884485495
0.3605,1.361479614,-1.363429099,1.51369467,-1.513094682,-2.870079376,2.881618689
0.36055,1.341086724,-1.343134572,1.537578671,-1.536864307,-2.873575227,2.885089047
0.3606,1.323480951,-1.325625502,1.564885608,-1.564055188,-2.883279434,2.894767816
0.36065,1.308460823,-1.310700626,1.595686277,-1.594737864,-2.899061294,2.910524296
0.3607,1.295827957,-1.298161752,1.63004655,-1.628977944,-2.920788264,2.93222594
0.36075,1.285387179,-1.287813884,1.668027366,-1.666836097,-2.948326059,2.959738467
0.3608,1.276946628,-1.279465321,1.709684732,-1.708368062,-2.981538774,2.992925968
0.36085,1.270317866,-1.272927774,1.755069733,-1.753624648,-3.020288993,3.031651029
0.3609,1.265315994,-1.268016476,1.80422854,-1.802651747,-3.064437912,3.075774846
0.36095,1.261759754,-1.264550286,1.857202424,-1.855490351,-3.113845463,3.125157351
0.361,1.259471625,-1.262351789,1.91402779,-1.91217658,-3.168370443,3.17965734
0.36105,1.258277923,-1.261247392,1.974736206,-1.972741721,-3.22787064,3.239132601
0.3611,1.258008887,-1.26106741,2.039354451,-2.037212262,-3.292202966,3.303440045
0.36115,1.258498763,-1.261646156,2.107904559,-2.105609952,-3.361223588,3.372435842
0.3612,1.259585884,-1.262822012,2.180403876,-2.177951849,-3.43478807,3.445975552
0.36125,1.261112737,-1.264437508,2.256865128,-2.254250389,-3.512751498,3.523914264
0.3613,1.262926037,-1.266339385,2.337296483,-2.334513451,-3.594968626,3.606106729
0.36135,1.264876777,-1.268378654,2.421701635,-2.418744439,-3.681294005,3.6924075
0.3614,1.266820292,-1.270410654,2.510079879,-2.506942361,-3.771582122,3.782671064
0.36145,1.268616297,-1.272295096,2.602426204,-2.599101919,-3.865687536,3.876751979
0.3615,1.270128932,-1.273896102,2.698731386,-2.6952136,-3.963465011,3.974505009
0.36155,1.271226795,-1.275082246,2.798982081,-2.795263778,-4.064769647,4.075785253
0.3616,1.271782971,-1.275726575,2.903160936,-2.899234815,-4.169457014,4.180448283
0.36165,1.271675047,-1.275706633,3.011246692,-3.007105172,-4.277383279,4.288350264
0.3617,1.270785135,-1.274904475,3.123214296,-3.118849517,-4.388405335,4.399348089
0.36175,1.268999874,-1.273206679,3.23903502,-3.234438845,-4.50238092,4.513299497
0.3618,1.26621043,-1.270504339,3.358676575,-3.353840596,-4.619168743,4.630063197
0.36185,1.262312498,-1.266693072,3.482103237,-3.477018774,-4.738628599,4.749498982
0.3619,1.223761707,-1.228228381,3.570756851,-3.565474302,-4.795293713,4.806140078
0.36195,1.208174146,-1.212724343,3.575928716,-3.570522587,-4.778252034,4.789074436
0.362,1.181119668,-1.185750563,3.588169913,-3.582639858,-4.763496444,4.774294934
0.36205,1.145699644,-1.150408592,3.609656643,-3.604002265,-4.749551834,4.760326465
0.3621,1.111362413,-1.116146838,3.633505724,-3.627726528,-4.739050911,4.749801736
0.36215,1.080578416,-1.085435776,3.657941385,-3.652036768,-4.73268821,4.743415281
0.3622,1.05119917,-1.056126979,3.684427046,-3.678396308,-4.729778639,4.740482009
0.36225,1.012578138,-1.017573648,3.646273538,-3.640116298,-4.646418861,4.657021358
0.3623,0.930954787,-0.936012915,3.533578053,-3.527298098,-4.458786189,4.469192133
0.36235,0.859922593,-0.865037896,3.423208126,-3.416810092,-4.277380826,4.287597652
0.3624,0.797074968,-0.80224228,3.314037043,-3.307525379,-4.105422414,4.115457247
0.36245,0.737800569,-0.743015022,3.209125937,-3.202504924,-3.941293401,3.95115305
0.3625,0.680736731,-0.685993762,3.109275339,-3.102549096,-3.784431984,3.794122944
0.36255,0.62675627,-0.632051589,3.013817697,-3.006990177,-3.635043636,3.644572097
0.3626,0.576307049,-0.581636623,2.922381972,-2.915456957,-3.493205374,3.502577227
0.36265,0.529056092,-0.534416129,2.835103858,-2.828084958,-3.358720096,3.367940942
0.3627,0.484619876,-0.490006822,2.752145489,-2.745036147,-3.231366592,3.240441742
0.36275,0.44284289,-0.448253409,2.673522051,-2.666325537,-3.111004701,3.119939187
0.3628,0.403635409,-0.409066375,2.599208001,-2.591927417,-2.997519312,3.00631789
0.36285,0.366853812,-0.372302292,2.529211303,-2.521849578,-2.890774914,2.899442071
0.3629,0.33232617,-0.337789417,2.463556341,-2.456116234,-2.7906241,2.799164062
0.36295,0.299893909,-0.305369346,2.40225836,-2.394742459,-2.69692367,2.705340404
0.363,0.269411697,-0.274896907,2.345323892,-2.337734614,-2.609534944,2.617832166
0.36305,0.240734727,-0.246227442,2.292758449,-2.285098038,-2.528318738,2.536499919
0.3631,0.213716684,-0.219214771,2.244567627,-2.236838158,-2.453134434,2.461202806
0.36315,0.188213365,-0.193714817,2.200754953,-2.192958329,-2.383841451,2.391800012
0.3632,0.164083916,-0.16958684,2.161321194,-2.153459149,-2.32029979,2.32815131
0.36325,0.141189964,-0.146692571,2.126264883,-2.118338981,-2.262369686,2.270116713
0.3633,0.119395175,-0.124895768,2.095582571,-2.087594205,-2.209911427,2.217556293
0.36335,0.098565525,-0.10406249,2.069268683,-2.061219078,-2.162785474,2.170330302
0.3634,0.078569522,-0.084061317,2.047315414,-2.039205626,-2.120852586,2.128299292
0.36345,0.05927821,-0.064763354,2.029712747,-2.021543665,-2.083973836,2.09132414
0.3635,0.040565158,-0.046042224,2.016448479,-2.008220824,-2.05201063,2.059266055
0.36355,0.022306513,-0.027774114,2.007508215,-1.999222544,-2.02482475,2.031986636
0.3636,0.004381058,-0.009837842,2.002875365,-1.994532068,-2.002278416,2.009347917
0.36365,-0.013343666,0.007878085,2.002534959,-1.994134263,-1.984230419,1.991208516
0.3637,-0.030952669,0.025500594,2.006454749,-1.997996718,-1.970555373,1.977442876
0.36375,-0.048576806,0.043139544,2.01462169,-2.006106227,-1.961107007,1.96790456
0.3638,-0.06632836,0.060907221,2.027009281,-2.018436126,-1.955750869,1.962458956
0.36385,-0.084311617,0.07890792,2.043588576,-2.034957313,-1.9543537,1.960972652
0.3639,-0.102630512,0.097245597,2.064329756,-2.055639809,-1.956781728,1.963311727
0.36395,-0.121387648,0.116022879,2.089201641,-2.08045228,-1.962901154,1.96934224
0.364,-0.140682087,0.135338863,2.118170694,-2.109361033,-1.972579352,1.978931425
0.36405,-0.160609437,0.155289198,2.151201118,-2.142330119,-1.985684886,1.991947715
0.3641,-0.18126249,0.175966725,2.188255195,-2.179321668,-2.00208721,2.008260438
0.36415,-0.202731232,0.197461483,2.229293336,-2.220295941,-2.021656708,2.027739853
0.3642,-0.225102622,0.219860496,2.274274022,-2.265211275,-2.044264857,2.050257322
0.36425,-0.248460563,0.243247731,2.32315385,-2.314024117,-2.069784298,2.075685374
0.3643,-0.272885943,0.267704154,2.375887593,-2.366689099,-2.098088861,2.103897734
0.36435,-0.298456644,0.293307724,2.432428259,-2.423159088,-2.129053614,2.134769365
0.3644,-0.325247518,0.320133381,2.492727133,-2.483385228,-2.162554923,2.168176539
0.36445,-0.353330384,0.348253035,2.556733825,-2.547316993,-2.198470513,2.203996887
0.3645,-0.382774032,0.37773557,2.624396331,-2.614902243,-2.236679515,2.242109457
0.36455,-0.413644229,0.408646856,2.695661082,-2.686087279,-2.277062521,2.282394755
0.3646,-0.446003727,0.441049751,2.770473012,-2.760816901,-2.319501631,2.324734803
0.36465,-0.479912273,0.47500411,2.848775607,-2.839034469,-2.363880503,2.369013189
0.3647,-0.51542662,0.510566803,2.930510972,-2.920681964,-2.410084404,2.41511511
0.36475,-0.552600545,0.547791724,3.015619894,-3.005700048,-2.458000251,2.462927421
0.3648,-0.591484871,0.586729818,3.1040419,-3.094028129,-2.507516663,2.512338678
0.36485,-0.632127482,0.627429095,3.195715328,-3.185604426,-2.558523994,2.563239183
0.3649,-0.674573355,0.669934661,3.290577387,-3.280366034,-2.610914383,2.615521022
0.36495,-0.718864582,0.714288739,3.388564226,-3.378248989,-2.664581787,2.669078107
0.365,-0.765040401,0.760530702,3.489611,-3.479188337,-2.719422023,2.72380621
0.36505,-0.813137231,0.808697106,3.593651937,-3.583118197,-2.775332797,2.779603001
0.3651,-0.863188701,0.858821721,3.700620405,-3.689971835,-2.832213741,2.836368076
0.36515,-0.915225694,0.91093557,3.810448979,-3.799681724,-2.889966445,2.894002994
0.3652,-0.96927638,0.965066968,3.923069512,-3.912179617,-2.94849448,2.9524113
0.36525,-1.025366263,1.021241563,4.038413199,-4.027396614,-3.007703431,3.011498555
0.3653,-1.083518219,1.079482379,4.156410643,-4.145263226,-3.067500915,3.071172355
0.36535,-1.143752545,1.139809861,4.276991929,-4.265709444,-3.127796607,3.13134236
0.3654,-1.206087004,1.202241922,4.40008668,-4.388664809,-3.188502256,3.191920306
0.36545,-1.270536878,1.266793992,4.525624133,-4.51405847,-3.249531705,3.252820027
0.3655,-1.337115012,1.33347907,4.653533199,-4.641819256,-3.310800905,3.313957467
0.36555,-1.405831872,1.402307773,4.783742527,-4.771875739,-3.372227927,3.375250694
0.3656,-1.476695597,1.47328839,4.91618057,-4.904156296,-3.433732971,3.436619908
0.36565,-1.549712049,1.546426937,5.050775644,-5.03858917,-3.495238377,3.497987451
0.3657,-1.603864098,1.600706012,5.098011069,-5.085742327,-3.494893132,3.497502704
0.36575,-1.606346095,1.603316379,5.034652013,-5.022410378,-3.422452116,3.424924478
0.3658,-1.614313022,1.611412131,4.973138872,-4.960924283,-3.353055568,3.35539381
0.36585,-1.625747683,1.622976102,4.916728349,-4.904540746,-3.285224712,3.287431752
0.3659,-1.637890032,1.635248301,4.864724323,-4.852563647,-3.221091087,3.223169695
0.36595,-1.65003143,1.64752016,4.816920899,-4.80478709,-3.161157367,3.163110177
0.366,-1.662851422,1.660471287,4.773387056,-4.761280056,-3.104813021,3.106642526
0.36605,-1.638214492,1.635966155,4.675620022,-4.66353977,-3.025109357,3.026768385
0.3661,-1.633937553,1.631819211,4.51195431,-4.499900747,-2.872400457,2.873832304
0.36615,-1.616646965,1.614656426,4.356187439,-4.344160507,-2.733914414,2.735129909
0.3662,-1.590051636,1.588186871,4.207186757,-4.195186397,-2.611562584,2.612572054
0.36625,-1.565091731,1.563350777,4.066694698,-4.054720851,-2.496079933,2.496893107
0.3663,-1.544432305,1.542813246,3.934951998,-3.923004604,-2.385042525,2.385668525
0.36635,-1.525586089,1.524087098,3.811465178,-3.79954418,-2.280444389,2.280891781
0.3664,-1.507363721,1.505983088,3.69598,-3.684085339,-2.183220854,2.183497676
0.36645,-1.490413515,1.489149656,3.588484083,-3.5766157,-2.092711417,2.092825195
0.3665,-1.475381765,1.47423322,3.488945107,-3.477102946,-2.008237652,2.008195416
0.36655,-1.462357517,1.461322967,3.397260915,-3.385444917,-1.929608524,1.929416824
0.3666,-1.451316959,1.450395234,3.313319707,-3.301529814,-1.8567362,1.856401127
0.36665,-1.442378131,1.441568223,3.237023013,-3.225259167,-1.789404311,1.788931515
0.3667,-1.435714088,1.435015158,3.168273794,-3.156535937,-1.727342887,1.726737599
0.36675,-1.431460251,1.43087164,3.10696896,-3.095257035,-1.670313529,1.669580575
0.3668,-1.429724502,1.429245736,3.053001364,-3.041315314,-1.61810131,1.617245129
0.36685,-1.43061666,1.430247463,3.006261877,-2.994601646,-1.570487368,1.569512033
0.3669,-1.434250059,1.433990359,2.966639176,-2.955004705,-1.527247114,1.526156348
0.36695,-1.440732835,1.440582773,2.934019297,-2.92241053,-1.488158513,1.486955705
0.367,-1.450166066,1.450126001,2.908285727,-2.896702607,-1.45300402,1.451692247
0.36705,-1.462646027,1.462716547,2.889319565,-2.877762035,-1.421568494,1.420150532
0.3671,-1.478264995,1.478446919,2.876999582,-2.865467586,-1.393638454,1.3921168
0.36715,-1.497110616,1.497405003,2.87120228,-2.859695761,-1.369002767,1.367379655
0.3672,-1.519265521,1.519673677,2.871801979,-2.860320881,-1.347453124,1.345730538
0.36725,-1.544807419,1.5453309,2.878670911,-2.867215178,-1.328784037,1.326963731
0.3673,-1.573809182,1.574449801,2.89167931,-2.880248886,-1.31279285,1.310876364
0.36735,-1.606338794,1.607098625,2.910695515,-2.899290343,-1.299279883,1.297268555
0.3674,-1.642459302,1.643340684,2.935586069,-2.924206095,-1.288048595,1.285943581
0.36745,-1.68222881,1.683234352,2.966215839,-2.954861006,-1.278905698,1.276707984
0.3675,-1.725700488,1.726833073,3.002448123,-2.991118377,-1.271661261,1.269371679
0.36755,-1.772922583,1.774185369,3.044144775,-3.032840059,-1.266128818,1.263748063
0.3676,-1.823938432,1.825334859,3.091166319,-3.079886578,-1.262125484,1.259654122
0.36765,-1.878786485,1.880320272,3.143372083,-3.132117263,-1.259472049,1.256910539
0.3677,-1.937500336,1.939175486,3.200620322,-3.189390367,-1.257993082,1.255341785
0.36775,-2.000108761,2.001929566,3.262768352,-3.251563208,-1.257517021,1.254776213
0.3678,-2.066635768,2.068606804,3.32967268,-3.31849229,-1.257876256,1.255046142
0.36785,-2.137100647,2.13922678,3.401189137,-3.390033449,-1.258907214,1.255987944
0.3679,-2.211518032,2.213804417,3.47717302,-3.466041979,-1.260450437,1.257442113
0.36795,-2.289897966,2.292350046,3.55747922,-3.546372771,-1.262350644,1.259253335
0.368,-2.372245977,2.374869484,3.641962363,-3.630880451,-1.2644568,1.261270552
0.36805,-2.458563156,2.461364112,3.730476944,-3.719419515,-1.26662217,1.263347021
0.3681,-2.548846242,2.551830956,3.822877463,-3.811844464,-1.268704371,1.265340358
0.36815,-2.643087714,2.646262784,3.919018563,-3.90800994,-1.270565416,1.267112588
0.3682,-2.741275889,2.744648197,4.018755157,-4.007770856,-1.272071749,1.268530177
0.36825,-2.843395021,2.846971733,4.121942567,-4.110982534,-1.273094281,1.269464065
0.3683,-2.949425407,2.953213972,4.228436648,-4.21750083,-1.273508407,1.269789691
0.36835,-3.059343499,3.063351645,4.33809392,-4.327182263,-1.273194032,1.269387008
0.3684,-3.173122016,3.17735775,4.450771692,-4.439884143,-1.272035575,1.268140494
0.36845,-3.290730066,3.295201667,4.566328183,-4.555464689,-1.269921978,1.265939161
0.3685,-3.41213326,3.416849281,4.684622642,-4.673783151,-1.266746706,1.262676547
0.36855,-3.537293843,3.542263104,4.805515467,-4.794699926,-1.262407734,1.258250712
0.3686,-3.627185526,3.632356751,4.863322049,-4.852530404,-1.223670454,1.219427173
0.36865,-3.633413245,3.63871066,4.84723934,-4.836471539,-1.207968624,1.203641672
0.3687,-3.646570689,3.651994671,4.833400285,-4.822656274,-1.180893807,1.176486015
0.36875,-3.668884532,3.674435512,4.820320858,-4.809600586,-1.145488112,1.141002135
0.3688,-3.693607108,3.699285613,4.81062995,-4.799933364,-1.111060509,1.106498937
0.36885,-3.718953404,3.724760071,4.805038456,-4.794365504,-1.080106976,1.075472363
0.3689,-3.678872995,3.684808145,4.719220383,-4.708649273,-1.040997371,1.03629255
0.36895,-3.564455961,3.570515755,4.528934892,-4.518562583,-0.958580566,0.953810725
0.369,-3.45270384,3.458883586,4.344753626,-4.334572581,-0.886284163,0.881454848
0.36905,-3.342206874,3.34850207,4.170025674,-4.160028665,-0.822114463,0.817230939
0.3691,-3.235870978,3.242277289,4.003224971,-3.993405089,-0.761707283,0.75677451
0.36915,-3.134549564,3.141062815,3.843769229,-3.834119882,-0.703627049,0.698649683
0.3692,-3.037637536,3.044253721,3.691828055,-3.682342957,-0.648648668,0.643631086
0.36925,-2.94476152,2.951476803,3.547476793,-3.538149958,-0.597221055,0.592167372
0.3693,-2.85603728,2.862847994,3.410529586,-3.401355322,-0.549042774,0.543956859
0.36935,-2.77162394,2.778526589,3.280767818,-3.271740723,-0.503736264,0.498621747
0.3694,-2.691542799,2.698534056,3.158047813,-3.149162768,-0.461136719,0.455997006
0.36945,-2.61577089,2.622847599,3.042252604,-3.033504765,-0.421150298,0.415988582
0.3695,-2.544315215,2.551474391,2.933247179,-2.924631975,-0.383635137,0.378454411
0.36955,-2.477199681,2.48443851,2.830884518,-2.82239764,-0.348420448,0.343223519
0.3696,-2.414440263,2.421756102,2.735021011,-2.726658413,-0.31534678,0.31013628
0.36965,-2.356044286,2.363434664,2.645517478,-2.637275363,-0.284267747,0.279046143
0.3697,-2.302017701,2.309480316,2.562234474,-2.554109295,-0.255038071,0.24980768
0.36975,-2.252366482,2.259899205,2.485031195,-2.477019645,-0.227511078,0.222274076
0.3698,-2.207094643,2.214695516,2.413766798,-2.405865805,-0.201542005,0.196300439
0.36985,-2.166203486,2.17387072,2.348300985,-2.340507708,-0.176989344,0.171745143
0.3699,-2.129692057,2.137424034,2.288493712,-2.280805533,-0.153714084,0.148469071
0.36995,-2.097557408,2.105352679,2.23420499,-2.226619509,-0.131579255,0.126335156
0.37,-2.069794482,2.077651768,2.185294998,-2.177810027,-0.110450159,0.105208616
0.37005,-2.046395998,2.054314189,2.141624199,-2.134237756,-0.090194595,0.084957173
0.3701,-2.027352464,2.035330617,2.103053364,-2.095763669,-0.070682877,0.065451076
0.37015,-2.012652203,2.020689542,2.069443591,-2.062249058,-0.051787818,0.046563085
0.3702,-2.002281349,2.010377264,2.040656347,-2.033555579,-0.033384789,0.028168523
0.37025,-1.996223837,2.004377885,2.016553523,-2.009545308,-0.015351772,0.010145336
0.3703,-1.994464211,2.002676111,1.996994655,-1.990077958,0.002426162,-0.007623934
0.37035,-1.996973428,2.005243065,1.981851178,-1.975025135,0.020077385,-0.025262674
0.3704,-2.003737895,2.012065315,1.970977565,-1.964241481,0.03770634,-0.042877827
0.37045,-2.014729082,2.023114491,1.964241716,-1.957595056,0.055425213,-0.060581588
0.3705,-2.029920767,2.038364531,1.961507668,-1.954950054,0.073343815,-0.078483761
0.37055,-2.049283973,2.057786615,1.962640849,-1.956172052,0.091567752,-0.096689935
0.3706,-2.072787392,2.081349593,1.967507748,-1.961127684,0.110199245,-0.115302308
0.37065,-2.100397827,2.109020424,1.975975508,-1.969684232,0.129337979,-0.134420533
0.3707,-2.132080135,2.140764117,1.987912067,-1.98170977,0.149080899,-0.154141516
0.37075,-2.167797132,2.176543639,2.003186366,-1.997073367,0.169521916,-0.174559122
0.3708,-2.207509642,2.216319966,2.02166839,-2.015645131,0.190751909,-0.195764178
0.37085,-2.251176582,2.26005216,2.043229178,-2.03729622,0.212858799,-0.217844545
0.3709,-2.298754996,2.307697415,2.067740878,-2.061898895,0.235927534,-0.240885103
0.37095,-2.350200094,2.359211082,2.095076822,-2.089326596,0.260040045,-0.264967713
0.371,-2.405465295,2.414546724,2.125111575,-2.119453992,0.285275244,-0.290171208
0.37105,-2.464502281,2.473656162,2.157720992,-2.152157036,0.31170902,-0.316571393
0.3711,-2.52726105,2.536489531,2.192782272,-2.187313019,0.339414242,-0.344241048
0.37115,-2.593689966,2.602995334,2.230174004,-2.224800621,0.368460754,-0.373249921
0.3712,-2.663735819,2.673120491,2.269776229,-2.264499966,0.398915378,-0.403664737
0.37125,-2.737343879,2.746810403,2.311470487,-2.306292671,0.430841924,-0.4355492
0.3713,-2.814457955,2.82400901,2.355139862,-2.350061897,0.464301198,-0.468964007
0.37135,-2.895020458,2.904658847,2.40066904,-2.395692397,0.499351012,-0.503966857
0.3714,-2.978972461,2.988701113,2.447944344,-2.443070562,0.536046201,-0.540612468
0.37145,-3.066253765,3.076075728,2.49685379,-2.492084467,0.57443864,-0.578952596
0.3715,-3.156802958,3.166721399,2.547287122,-2.542623914,0.614577268,-0.619036052
0.37155,-3.250557485,3.260575686,2.599135858,-2.594580473,0.656508107,-0.660908733
0.3716,-3.34745371,3.357575069,2.652293328,-2.647847521,0.70027429,-0.70461364
0.37165,-3.447426987,3.457655011,2.706654713,-2.702320284,0.745916089,-0.750190911
0.3717,-3.550411723,3.560750027,2.762117078,-2.757895866,0.79347095,-0.797677856
0.37175,-3.656341447,3.666793751,2.818579407,-2.814473287,0.84297352,-0.847108984
0.3718,-3.765148877,3.775719004,2.875942634,-2.871953514,0.894455689,-0.898516043
0.37185,-3.876765988,3.88745786,2.934109673,-2.93023949,0.947946627,-0.951928058
0.3719,-3.991124081,4.001941717,2.992985446,-2.989236158,1.00347282,-1.007371374
0.37195,-4.108153847,4.11910136,3.052476901,-3.04885049,1.061058121,-1.064869695
0.372,-4.227785437,4.238867031,3.112493044,-3.108991509,1.120723786,-1.12444413
0.37205,-4.349948528,4.361168495,3.172944951,-3.169570304,1.182488526,-1.186113241
0.3721,-4.474572386,4.485935105,3.233745791,-3.230500056,1.246368553,-1.24989309
0.37215,-4.601585939,4.613095868,3.294810839,-3.291696045,1.312377632,-1.31579729
0.3722,-4.730917832,4.742579513,3.356057489,-3.353075672,1.380527128,-1.383837056
0.37225,-4.862496499,4.874314548,3.417405267,-3.41455846,1.450826063,-1.454021258
0.3723,-4.996250221,5.008229329,3.478775834,-3.476066073,1.523281168,-1.526356474
0.37235,-5.042854776,5.054915693,3.478161915,-3.475590841,1.577139866,-1.580090396
0.3724,-4.979041761,4.991076031,3.405397503,-3.402962818,1.57945486,-1.582279288
0.37245,-4.917100581,4.929108263,3.33566529,-3.333363897,1.587296575,-1.589994458
0.3725,-4.860283079,4.872264231,3.267496927,-3.265325903,1.598632383,-1.60120325
0.37255,-4.807876134,4.819830816,3.203058969,-3.201015537,1.610650132,-1.613093457
0.3726,-4.759672412,4.771600682,3.142853683,-3.140935208,1.62264008,-1.624955268
0.37265,-4.715746223,4.727648139,3.086256898,-3.084460881,1.635300669,-1.63748706
0.3727,-4.617423884,4.629299503,3.006052394,-3.004425667,1.610543487,-1.612600436
0.37275,-4.453120917,4.464970299,2.852659396,-2.851258193,1.606189387,-1.608118709
0.3728,-4.296683548,4.308506751,2.713567094,-2.712380558,1.588719255,-1.590523161
0.37285,-4.146993386,4.158790467,2.590648732,-2.589666507,1.561894038,-1.563574569
0.3729,-4.005829692,4.01760071,2.474593907,-2.473806239,1.536735559,-1.538294697
0.37295,-3.873432854,3.885177866,2.363015918,-2.362413663,1.515870728,-1.517310411
0.373,-3.749297795,3.761016858,2.257943111,-2.257517683,1.49676589,-1.498087968
0.37305,-3.63317007,3.644863242,2.160297942,-2.160041286,1.478243939,-1.479450144
0.3731,-3.525042159,3.536709497,2.069400081,-2.069304655,1.460977488,-1.462069433
0.37315,-3.424883429,3.436524991,1.984571714,-1.984630476,1.44561353,-1.4465927
0.3732,-3.332591315,3.344207157,1.905629474,-1.905835866,1.432232693,-1.433100439
0.37325,-3.248054323,3.259644502,1.832486044,-1.832833967,1.420810646,-1.421568167
0.3733,-3.171175025,3.182739598,1.764921361,-1.765405158,1.411469884,-1.41211822
0.37335,-3.101857292,3.113396315,1.702663765,-1.703278206,1.404385806,-1.40492583
0.3734,-3.039998681,3.051512211,1.645475116,-1.646215375,1.399693997,-1.400126405
0.37345,-2.985492676,2.99698077,1.593140307,-1.594001947,1.397502946,-1.397828246
0.3735,-2.938230824,2.949693537,1.545439488,-1.546418442,1.397923962,-1.398142468
0.37355,-2.898102458,2.909539847,1.502147098,-1.50323965,1.401071868,-1.401183689
0.3736,-2.864994236,2.876406356,1.463040397,-1.464243167,1.407055996,-1.407061032
0.37365,-2.838790234,2.850177142,1.427901163,-1.429211088,1.415978597,-1.415876528
0.3737,-2.819372116,2.830733867,1.396513461,-1.397927777,1.427937231,-1.427727513
0.37375,-2.80661919,2.81795584,1.368662978,-1.370179207,1.443025496,-1.442707349
0.3738,-2.800408469,2.811720073,1.344137771,-1.345753697,1.461332333,-1.46090474
0.37385,-2.800614752,2.811901365,1.322728717,-1.324442376,1.482941662,-1.482403361
0.3739,-2.807110718,2.818372396,1.304229495,-1.306039157,1.507932492,-1.50728197
0.37395,-2.819767019,2.831003817,1.2884366,-1.290340751,1.536378998,-1.535614487
0.374,-2.838452376,2.849664349,1.275149497,-1.277146824,1.568350467,-1.567469936
0.37405,-2.863033687,2.874220889,1.264170781,-1.266260158,1.60391124,-1.602912395
0.3741,-2.893376135,2.904538621,1.255306292,-1.257486764,1.643120712,-1.642000987
0.37415,-2.929343305,2.94048113,1.248365221,-1.250635987,1.686033334,-1.684789893
0.3742,-2.9707973,2.981910518,1.243160218,-1.24552062,1.732698626,-1.731328354
0.37425,-3.017598863,3.02868753,1.239507507,-1.241957011,1.783161186,-1.781660689
0.3743,-3.069607506,3.080671675,1.237226987,-1.239765175,1.837460708,-1.835826311
0.37435,-3.126681634,3.137721358,1.236142333,-1.238768882,1.895632018,-1.89385976
0.3744,-3.188678676,3.19969401,1.236081084,-1.238795758,1.957705104,-1.95579074
0.37445,-3.255455222,3.26644622,1.236874736,-1.239677372,2.023705169,-2.021644165
0.3745,-3.326867154,3.337833869,1.238358823,-1.241249315,2.093652675,-2.091440208
0.37455,-3.402769781,3.413712268,1.240372993,-1.243351284,2.167563407,-2.165194365
0.3746,-3.48301798,3.493936291,1.242761077,-1.245827143,2.245448533,-2.242917516
0.37465,-3.567466326,3.578360515,1.245371158,-1.248524999,2.327314684,-2.324616
0.3747,-3.655969235,3.666839355,1.248055623,-1.251297251,2.413164023,-2.410291692
0.37475,-3.748381097,3.759227201,1.250671222,-1.254000648,2.502994338,-2.49994209
0.3748,-3.844556413,3.855378554,1.253079106,-1.256496331,2.596799125,-2.593560403
0.37485,-3.944349927,3.955148158,1.25514487,-1.258649875,2.69456769,-2.691135649
0.3749,-4.047616761,4.058391135,1.256738583,-1.260331319,2.796285241,-2.792652754
0.37495,-4.154212548,4.164963117,1.257734815,-1.261415191,2.901933003,-2.898092656
0.375,-4.263993554,4.274720371,1.258012655,-1.261780531,3.011488318,-3.00743242
0.37505,-4.376816811,4.387519928,1.257455723,-1.261310902,3.124924768,-3.120645347
0.3751,-4.492540239,4.503219708,1.255952178,-1.259894394,3.242212283,-3.237701092
0.37515,-4.611022761,4.621678635,1.253394714,-1.257423626,3.363317268,-3.358565788
0.3752,-4.732124429,4.742756759,1.249680555,-1.253795742,3.488202724,-3.483202166
0.37525,-4.790241189,4.800850028,1.211412951,-1.215613862,3.578025542,-3.572826313
0.3753,-4.774549676,4.785135075,1.196196118,-1.200480201,3.584177522,-3.578854232
0.37535,-4.761076114,4.771638125,1.169443208,-1.173807667,3.59739986,-3.591952129
0.3754,-4.748357329,4.758896003,1.134285461,-1.138727676,3.619850823,-3.614278218
0.37545,-4.739062814,4.749578203,1.100220898,-1.104738313,3.644634334,-3.638936326
0.3755,-4.733885928,4.744378084,1.069695125,-1.074285219,3.669998285,-3.664174236
0.37555,-4.732127461,4.742596434,1.040529004,-1.045189308,3.697422631,-3.691471807
0.3756,-4.65005038,4.660418947,1.002360774,-1.007088557,3.660099706,-3.654021692
0.37565,-4.463761705,4.473934079,0.921295906,-0.926086132,3.548190362,-3.541988916
0.3757,-4.28370646,4.293690022,0.850847838,-0.85569511,3.438587016,-3.432266749
0.37575,-4.113096778,4.122898602,0.788589295,-0.793488491,3.330176135,-3.323741467
0.3758,-3.950284034,3.959910878,0.729846932,-0.734793227,3.226049783,-3.219504968
0.37585,-3.794703001,3.804161311,0.67325806,-0.678246928,3.127005097,-3.120354226
0.3759,-3.646568966,3.655864883,0.619718329,-0.624745516,3.032361504,-3.025608501
0.37595,-3.505961381,3.515100749,0.569679343,-0.574740847,2.941746662,-2.934895278
0.376,-3.372679823,3.381668194,0.522800919,-0.52789298,2.855300151,-2.848353968
0.37605,-3.246501388,3.25534403,0.478697446,-0.483816534,2.773184504,-2.766146935
0.3761,-3.127286488,3.135988389,0.437216038,-0.442358842,2.695412855,-2.688287142
0.37615,-3.014920396,3.02348627,0.398268608,-0.403432022,2.621958412,-2.614747624
0.3762,-2.909267187,2.917701478,0.361711401,-0.366892512,2.552828857,-2.545535894
0.37625,-2.810178988,2.818485881,0.327372429,-0.332568504,2.488048173,-2.480675762
0.3763,-2.717512407,2.72569583,0.295093687,-0.300302161,2.427630845,-2.420181544
0.37635,-2.631128644,2.639192276,0.264730506,-0.269948973,2.371582623,-2.364058817
0.3764,-2.550888325,2.558835599,0.236138573,-0.241364772,2.319908338,-2.312312241
0.37645,-2.476650625,2.484484738,0.209172029,-0.214403831,2.272612923,-2.264946579
0.3765,-2.408274791,2.415998705,0.183687202,-0.188922603,2.229699205,-2.221964485
0.37655,-2.345620676,2.353237129,0.159543809,-0.164780916,2.191167237,-2.183365843
0.3766,-2.288548381,2.296059888,0.136604051,-0.141841072,2.15701484,-2.149148305
0.37665,-2.236918066,2.244326928,0.11473218,-0.119967413,2.127237858,-2.119307543
0.3767,-2.190590083,2.197898393,0.093794772,-0.099026595,2.101830005,-2.093837104
0.37675,-2.149425101,2.156634747,0.073660958,-0.07888782,2.080782766,-2.072728303
0.3768,-2.113284117,2.12039679,0.054202423,-0.05942283,2.06408541,-2.055970244
0.37685,-2.082028479,2.089045679,0.035293386,-0.040505897,2.051725027,-2.043549848
0.3769,-2.055519932,2.062442971,0.016810662,-0.022013875,2.043686517,-2.035451849
0.37695,-2.033620672,2.040450683,-0.00134402,-0.003821096,2.039952587,-2.031658791
0.377,-2.016193627,2.022931567,-0.019356954,0.014170835,2.040503441,-2.032150712
0.37705,-2.003101757,2.009748413,-0.037273246,0.032100494,2.045317763,-2.036906135
0.3771,-1.994208251,2.000764248,-0.055229823,0.050071769,2.054372374,-2.045901718
0.37715,-1.989378769,1.995844573,-0.073334566,0.068192546,2.067640212,-2.059110241
0.3772,-1.988478235,1.994854158,-0.091694735,0.086570098,2.08509348,-2.076503747
0.37725,-1.991372319,1.997658528,-0.110414734,0.105308847,2.106702263,-2.098052164
0.3773,-1.997927869,2.004124386,-0.12959538,0.124509639,2.13243425,-2.123723024
0.37735,-2.008012639,2.014119352,-0.149334513,0.144270351,2.162255062,-2.153481794
0.3774,-2.021495207,2.027511871,-0.169727229,0.16468612,2.196128401,-2.187292025
0.37745,-2.038245112,2.044171357,-0.190865693,0.18584916,2.234016011,-2.225115311
0.3775,-2.05813297,2.063968305,-0.212839027,0.207848652,2.275877673,-2.266911281
0.37755,-2.081030502,2.086774319,-0.235733344,0.23077077,2.321671266,-2.312637669
0.3776,-2.106810574,2.112462156,-0.259631756,0.254698697,2.371352823,-2.362250362
0.37765,-2.135347259,2.140905784,-0.284614368,0.279712612,2.424876574,-2.415703449
0.3777,-2.166515898,2.171980441,-0.310758248,0.305889665,2.482194992,-2.472949259
0.37775,-2.200193149,2.205562692,-0.338137436,0.333303982,2.543258841,-2.533938419
0.3778,-2.236257047,2.241530479,-0.366822943,0.362026667,2.608017231,-2.598619904
0.37785,-2.274587046,2.279763172,-0.396882751,0.392125798,2.676417677,-2.666941091
0.3779,-2.315064082,2.320141625,-0.42838182,0.423666439,2.748406148,-2.738847819
0.37795,-2.357570614,2.36254822,-0.461382099,0.456710644,2.823927132,-2.814284446
0.378,-2.401990677,2.406866921,-0.495942532,0.491317468,2.902923691,-2.893193908
0.37805,-2.448209929,2.452983318,-0.532119075,0.527542983,2.985337526,-2.97551778
0.3781,-2.496115696,2.500784674,-0.569964715,0.565440294,3.071109038,-3.061196341
0.37815,-2.545597015,2.550159968,-0.609529486,0.605059558,3.160177391,-3.150168635
0.3782,-2.596544678,2.600999937,-0.650860494,0.646448008,3.252480579,-3.242372539
0.37825,-2.648851272,2.653197119,-0.694001944,0.689649977,3.347955487,-3.337744825
0.3783,-2.702411215,2.706645885,-0.738995164,0.734706925,3.446537963,-3.436221227
0.37835,-2.757120797,2.761242484,-0.785878638,0.781657473,3.548162881,-3.537736511
0.3784,-2.812878208,2.81688507,-0.834688039,0.830537429,3.652764208,-3.642224538
0.37845,-2.869583578,2.873473735,-0.885456263,0.881379831,3.760275073,-3.749618333
0.3785,-2.927138998,2.930910543,-0.938213469,0.934214978,3.870627834,-3.859850153
0.37855,-2.985448555,2.989099554,-0.992987116,0.989070475,3.983754145,-3.972851555
0.3786,-3.044418355,3.047946852,-1.049802009,1.045971271,4.099585025,-4.088553462
0.37865,-3.103956547,3.107360565,-1.108680338,1.104939703,4.218050923,-4.20688623
0.3787,-3.16397334,3.167250889,-1.169641728,1.165995544,4.339081785,-4.327779716
0.37875,-3.224381028,3.227530104,-1.232703285,1.22915605,4.462607122,-4.451163345
0.3788,-3.285094002,3.288112593,-1.297879645,1.294436007,4.588556074,-4.576966174
0.37885,-3.346028766,3.348914853,-1.365183027,1.361847784,4.716857476,-4.705116955
0.3789,-3.407103947,3.409855511,-1.434623283,1.431401386,4.847439922,-4.835544205
0.37895,-3.468240306,3.470855327,-1.506207953,1.503104504,4.980231826,-4.968176264
0.379,-3.529360746,3.531837208,-1.57994232,1.576962572,5.115161488,-5.102941359
0.37905,-3.528778611,3.531114889,-1.634534773,1.631683706,5.162601569,-5.150297862
0.3791,-3.456167467,3.458365861,-1.637325807,1.634604785,5.099381883,-5.087105359
0.37915,-3.386627432,3.388691039,-1.645552265,1.642961758,5.037985259,-5.025735859
0.3792,-3.318666549,3.320598293,-1.657215646,1.654756154,4.981673913,-4.969451576
0.37925,-3.254376647,3.256179307,-1.669613557,1.667285635,4.929769667,-4.917574334
0.3793,-3.194261699,3.195937915,-1.682037146,1.679841422,4.882067713,-4.869899324
0.37935,-3.110644946,3.11214626,-1.656826805,1.654763893,4.779812406,-4.767670901
0.3794,-2.953832984,2.955101126,-1.652046695,1.650114773,4.611537895,-4.599423215
0.37945,-2.811073138,2.812119278,-1.63446584,1.632662689,4.451204545,-4.43911663
0.3795,-2.684463379,2.685298175,-1.607572579,1.60589614,4.297645745,-4.285584536
0.37955,-2.564961519,2.56559502,-1.582099348,1.580547619,4.152619034,-4.140584472
0.3796,-2.450089061,2.450530702,-1.560792742,1.559363763,4.016392121,-4.004384148
0.37965,-2.341745362,2.342004007,-1.541263773,1.539955669,3.888475127,-3.876493684
0.3797,-2.240872884,2.240956864,-1.522308029,1.521119033,3.768605892,-3.756650919
0.37975,-2.146847559,2.14676468,-1.504535744,1.50346421,3.656770377,-3.644841816
0.3798,-2.058993743,2.058751305,-1.488594311,1.487638714,3.55294014,-3.541037932
0.37985,-1.977107031,1.976711845,-1.474588959,1.473747905,3.457015826,-3.445139914
0.3799,-1.901095676,1.900554082,-1.462500599,1.461772842,3.368886436,-3.357036762
0.37995,-1.830746569,1.830064459,-1.452444847,1.451829295,3.288454333,-3.276630838
0.38,-1.765790778,1.764973614,-1.44459519,1.444090916,3.215623936,-3.203826562
0.38005,-1.70598805,1.705040877,-1.439090431,1.438696682,3.150293675,-3.138522365
0.3801,-1.65112184,1.650049311,-1.4360414,1.435757605,3.09235773,-3.080612426
0.38015,-1.600972603,1.599778992,-1.435559882,1.435385664,3.041708248,-3.029988893
0.3802,-1.555315045,1.554004266,-1.437761232,1.437696412,2.998235209,-2.986541746
0.38025,-1.513926034,1.512501662,-1.442755981,1.442800589,2.961825948,-2.950158318
0.3803,-1.476586808,1.475052091,-1.450647687,1.450801967,2.932365203,-2.92072335
0.38035,-1.443081033,1.441438914,-1.46153504,1.461799462,2.909735291,-2.898119159
0.3804,-1.413194,1.411447132,-1.475512739,1.475888001,2.893816171,-2.882225702
0.38045,-1.386713259,1.384864021,-1.492670905,1.493157941,2.884485495,-2.872920632
0.3805,-1.363429099,1.361479614,-1.513094682,1.513694669,2.881618689,-2.870079376
0.38055,-1.343134572,1.341086724,-1.536864307,1.537578671,2.885089046,-2.873575227
0.3806,-1.325625502,1.323480951,-1.564055188,1.564885608,2.894767815,-2.883279433
0.38065,-1.310700626,1.308460823,-1.594737864,1.595686276,2.910524295,-2.899061294
0.3807,-1.298161752,1.295827957,-1.628977944,1.63004655,2.93222594,-2.920788263
0.38075,-1.287813883,1.285387179,-1.666836097,1.668027366,2.959738466,-2.948326059
0.3808,-1.279465321,1.276946627,-1.708368062,1.709684732,2.992925968,-2.981538774
0.38085,-1.272927774,1.270317866,-1.753624648,1.755069733,3.031651029,-3.020288992
0.3809,-1.268016476,1.265315994,-1.802651747,1.80422854,3.075774846,-3.064437911
0.38095,-1.264550286,1.261759753,-1.85549035,1.857202424,3.125157351,-3.113845463
0.381,-1.262351789,1.259471624,-1.91217658,1.914027789,3.17965734,-3.168370443
0.38105,-1.261247392,1.258277923,-1.97274172,1.974736206,3.239132601,-3.22787064
0.3811,-1.26106741,1.258008887,-2.037212262,2.039354451,3.303440045,-3.292202965
0.38115,-1.261646156,1.258498763,-2.105609952,2.107904558,3.372435842,-3.361223588
0.3812,-1.262822012,1.259585884,-2.177951849,2.180403876,3.445975552,-3.434788069
0.38125,-1.264437508,1.261112737,-2.254250388,2.256865127,3.523914264,-3.512751498
0.3813,-1.266339385,1.262926036,-2.33451345,2.337296483,3.606106729,-3.594968626
0.38135,-1.268378654,1.264876777,-2.418744439,2.421701634,3.6924075,-3.681294004
0.3814,-1.270410654,1.266820292,-2.506942361,2.510079879,3.782671064,-3.771582122
0.38145,-1.272295096,1.268616297,-2.599101919,2.602426204,3.876751979,-3.865687536
0.3815,-1.273896102,1.270128932,-2.6952136,2.698731385,3.974505008,-3.963465011
0.38155,-1.275082246,1.271226795,-2.795263777,2.798982081,4.075785253,-4.064769647
0.3816,-1.275726575,1.271782971,-2.899234815,2.903160936,4.180448282,-4.169457014
0.38165,-1.275706632,1.271675047,-3.007105171,3.011246692,4.288350264,-4.277383279
0.3817,-1.274904475,1.270785135,-3.118849517,3.123214296,4.399348089,-4.388405335
0.38175,-1.273206679,1.268999873,-3.234438845,3.23903502,4.513299497,-4.50238092
0.3818,-1.270504339,1.26621043,-3.353840595,3.358676574,4.630063197,-4.619168743
0.38185,-1.266693072,1.262312498,-3.477018774,3.482103236,4.749498982,-4.738628598
0.3819,-1.228228381,1.223761707,-3.565474302,3.570756851,4.806140078,-4.795293712
0.38195,-1.212724343,1.208174146,-3.570522587,3.575928716,4.789074435,-4.778252034
0.382,-1.185750563,1.181119668,-3.582639858,3.588169913,4.774294934,-4.763496444
0.38205,-1.150408592,1.145699644,-3.604002265,3.609656643,4.760326464,-4.749551833
0.3821,-1.116146837,1.111362413,-3.627726527,3.633505723,4.749801736,-4.739050911
0.38215,-1.085435776,1.080578416,-3.652036768,3.657941385,4.743415281,-4.732688209
0.3822,-1.056126979,1.05119917,-3.678396308,3.684427046,4.740482009,-4.729778639
0.38225,-1.017573648,1.012578138,-3.640116298,3.646273538,4.657021358,-4.646418861
0.3823,-0.936012915,0.930954787,-3.527298098,3.533578053,4.469192133,-4.458786189
0.38235,-0.865037896,0.859922593,-3.416810092,3.423208126,4.287597652,-4.277380826
0.3824,-0.80224228,0.797074968,-3.307525378,3.314037043,4.115457247,-4.105422414
0.38245,-0.743015022,0.737800568,-3.202504924,3.209125937,3.95115305,-3.941293401
0.3825,-0.685993762,0.680736731,-3.102549096,3.109275339,3.794122944,-3.784431984
0.38255,-0.632051589,0.626756269,-3.006990177,3.013817697,3.644572097,-3.635043636
0.3826,-0.581636623,0.576307049,-2.915456956,2.922381972,3.502577227,-3.493205373
0.38265,-0.534416129,0.529056092,-2.828084958,2.835103858,3.367940942,-3.358720096
0.3827,-0.490006822,0.484619876,-2.745036147,2.752145489,3.240441742,-3.231366592
0.38275,-0.448253409,0.44284289,-2.666325537,2.673522051,3.119939187,-3.111004701
0.3828,-0.409066375,0.403635409,-2.591927417,2.599208001,3.00631789,-2.997519312
0.38285,-0.372302292,0.366853812,-2.521849578,2.529211303,2.899442071,-2.890774914
0.3829,-0.337789417,0.33232617,-2.456116234,2.46355634,2.799164062,-2.7906241
0.38295,-0.305369346,0.299893909,-2.394742459,2.40225836,2.705340404,-2.69692367
0.383,-0.274896907,0.269411697,-2.337734613,2.345323892,2.617832166,-2.609534944
0.38305,-0.246227442,0.240734727,-2.285098038,2.292758449,2.536499919,-2.528318738
0.3831,-0.219214771,0.213716684,-2.236838158,2.244567627,2.461202806,-2.453134434
0.38315,-0.193714817,0.188213365,-2.192958329,2.200754952,2.391800012,-2.383841451
0.3832,-0.16958684,0.164083916,-2.153459149,2.161321194,2.328151309,-2.32029979
0.38325,-0.146692571,0.141189964,-2.118338981,2.126264883,2.270116713,-2.262369686
0.3833,-0.124895768,0.119395175,-2.087594205,2.095582571,2.217556293,-2.209911426
0.38335,-0.10406249,0.098565525,-2.061219077,2.069268683,2.170330301,-2.162785474
0.3834,-0.084061317,0.078569522,-2.039205626,2.047315414,2.128299292,-2.120852586
0.38345,-0.064763354,0.05927821,-2.021543665,2.029712747,2.091324139,-2.083973836
0.3835,-0.046042224,0.040565158,-2.008220824,2.016448479,2.059266055,-2.05201063
0.38355,-0.027774114,0.022306513,-1.999222544,2.007508215,2.031986636,-2.02482475
0.3836,-0.009837842,0.004381058,-1.994532068,2.002875365,2.009347917,-2.002278416
0.38365,0.007878085,-0.013343666,-1.994134263,2.002534959,1.991208516,-1.984230419
0.3837,0.025500594,-0.030952669,-1.997996718,2.006454749,1.977442876,-1.970555373
0.38375,0.043139544,-0.048576806,-2.006106227,2.01462169,1.967904559,-1.961107007
0.3838,0.060907221,-0.06632836,-2.018436126,2.027009281,1.962458956,-1.955750869
0.38385,0.07890792,-0.084311617,-2.034957313,2.043588576,1.960972652,-1.9543537
0.3839,0.097245597,-0.102630512,-2.055639809,2.064329756,1.963311727,-1.956781728
0.38395,0.116022879,-0.121387648,-2.08045228,2.089201641,1.96934224,-1.962901154
0.384,0.135338863,-0.140682087,-2.109361034,2.118170694,1.978931425,-1.972579352
0.38405,0.155289198,-0.160609437,-2.142330119,2.151201118,1.991947715,-1.985684886
0.3841,0.175966725,-0.18126249,-2.179321668,2.188255196,2.008260438,-2.002087211
0.38415,0.197461483,-0.202731232,-2.220295942,2.229293336,2.027739853,-2.021656709
0.3842,0.219860496,-0.225102622,-2.265211275,2.274274023,2.050257322,-2.044264857
0.38425,0.243247732,-0.248460563,-2.314024117,2.32315385,2.075685374,-2.069784298
0.3843,0.267704154,-0.272885943,-2.3666891,2.375887593,2.103897734,-2.098088862
0.38435,0.293307724,-0.298456644,-2.423159088,2.432428259,2.134769365,-2.129053614
0.3844,0.320133381,-0.325247518,-2.483385228,2.492727133,2.168176539,-2.162554923
0.38445,0.348253035,-0.353330384,-2.547316994,2.556733825,2.203996888,-2.198470513
0.3845,0.37773557,-0.382774032,-2.614902243,2.624396331,2.242109457,-2.236679515
0.38455,0.408646856,-0.413644229,-2.686087279,2.695661083,2.282394755,-2.277062522
0.3846,0.441049751,-0.446003727,-2.760816901,2.770473012,2.324734803,-2.319501631
0.38465,0.47500411,-0.479912273,-2.839034469,2.848775607,2.36901319,-2.363880503
0.3847,0.510566803,-0.51542662,-2.920681964,2.930510973,2.41511511,-2.410084404
0.38475,0.547791724,-0.552600545,-3.005700048,3.015619894,2.462927421,-2.458000251
0.3848,0.586729818,-0.591484871,-3.094028129,3.104041901,2.512338678,-2.507516663
0.38485,0.627429095,-0.632127482,-3.185604426,3.195715329,2.563239183,-2.558523994
0.3849,0.669934661,-0.674573355,-3.280366034,3.290577388,2.615521022,-2.610914383
0.38495,0.714288739,-0.718864582,-3.37824899,3.388564227,2.669078107,-2.664581788
0.385,0.760530702,-0.765040401,-3.479188337,3.489611001,2.723806211,-2.719422023
0.38505,0.808697106,-0.813137231,-3.583118198,3.593651937,2.779603001,-2.775332797
0.3851,0.858821721,-0.863188701,-3.689971835,3.700620405,2.836368076,-2.832213741
0.38515,0.91093557,-0.915225694,-3.799681724,3.81044898,2.894002994,-2.889966445
0.3852,0.965066969,-0.969276381,-3.912179618,3.923069513,2.952411301,-2.94849448
0.38525,1.021241564,-1.025366263,-4.027396614,4.038413199,3.011498555,-3.007703431
0.3853,1.079482379,-1.083518219,-4.145263226,4.156410644,3.071172356,-3.067500915
0.38535,1.139809861,-1.143752545,-4.265709445,4.276991929,3.13134236,-3.127796607
0.3854,1.202241922,-1.206087004,-4.388664809,4.40008668,3.191920307,-3.188502256
0.38545,1.266793993,-1.270536878,-4.51405847,4.525624134,3.252820028,-3.249531705
0.3855,1.333479071,-1.337115012,-4.641819257,4.6535332,3.313957468,-3.310800906
0.38555,1.402307773,-1.405831873,-4.77187574,4.783742528,3.375250694,-3.372227927
0.3856,1.47328839,-1.476695597,-4.904156296,4.91618057,3.436619908,-3.433732971
0.38565,1.546426937,-1.549712049,-5.038589171,5.050775645,3.497987452,-3.495238377
0.3857,1.600706012,-1.603864098,-5.085742328,5.098011069,3.497502704,-3.494893132
0.38575,1.60331638,-1.606346096,-5.022410379,5.034652014,3.424924478,-3.422452116
0.3858,1.611412132,-1.614313022,-4.960924284,4.973138873,3.35539381,-3.353055569
0.38585,1.622976102,-1.625747683,-4.904540747,4.916728349,3.287431752,-3.285224712
0.3859,1.635248302,-1.637890032,-4.852563648,4.864724323,3.223169695,-3.221091087
0.38595,1.64752016,-1.650031431,-4.804787091,4.816920899,3.163110177,-3.161157367
0.386,1.660471288,-1.662851422,-4.761280056,4.773387057,3.106642527,-3.104813021
0.38605,1.635966155,-1.638214493,-4.663539771,4.675620023,3.026768385,-3.025109357
0.3861,1.631819212,-1.633937553,-4.499900748,4.51195431,2.873832304,-2.872400457
0.38615,1.614656426,-1.616646966,-4.344160507,4.356187439,2.735129909,-2.733914414
0.3862,1.588186871,-1.590051636,-4.195186398,4.207186758,2.612572055,-2.611562585
0.38625,1.563350778,-1.565091731,-4.054720851,4.066694699,2.496893107,-2.496079934
0.3863,1.542813246,-1.544432305,-3.923004604,3.934951998,2.385668525,-2.385042525
0.38635,1.524087098,-1.52558609,-3.79954418,3.811465179,2.280891781,-2.28044439
0.3864,1.505983088,-1.507363721,-3.68408534,3.695980001,2.183497676,-2.183220855
0.38645,1.489149656,-1.490413516,-3.576615701,3.588484083,2.092825195,-2.092711417
0.3865,1.474233221,-1.475381766,-3.477102946,3.488945108,2.008195416,-2.008237652
0.38655,1.461322967,-1.462357517,-3.385444917,3.397260916,1.929416824,-1.929608524
0.3866,1.450395235,-1.451316959,-3.301529814,3.313319708,1.856401127,-1.856736201
0.38665,1.441568223,-1.442378131,-3.225259167,3.237023014,1.788931516,-1.789404311
0.3867,1.435015158,-1.435714088,-3.156535938,3.168273795,1.726737599,-1.727342887
0.38675,1.43087164,-1.431460252,-3.095257036,3.10696896,1.669580575,-1.670313529
0.3868,1.429245736,-1.429724503,-3.041315315,3.053001364,1.617245129,-1.61810131
0.38685,1.430247463,-1.43061666,-2.994601646,3.006261878,1.569512033,-1.570487368
0.3869,1.43399036,-1.434250059,-2.955004705,2.966639176,1.526156348,-1.527247115
0.38695,1.440582774,-1.440732836,-2.92241053,2.934019297,1.486955705,-1.488158513
0.387,1.450126002,-1.450166066,-2.896702608,2.908285728,1.451692247,-1.453004021
0.38705,1.462716547,-1.462646027,-2.877762036,2.889319566,1.420150533,-1.421568495
0.3871,1.47844692,-1.478264996,-2.865467587,2.876999583,1.3921168,-1.393638454
0.38715,1.497405004,-1.497110616,-2.859695762,2.871202281,1.367379655,-1.369002767
0.3872,1.519673677,-1.519265521,-2.860320881,2.871801979,1.345730538,-1.347453124
0.38725,1.545330901,-1.54480742,-2.867215178,2.878670911,1.326963732,-1.328784037
0.3873,1.574449801,-1.573809183,-2.880248887,2.891679311,1.310876364,-1.31279285
0.38735,1.607098625,-1.606338795,-2.899290344,2.910695515,1.297268556,-1.299279883
0.3874,1.643340685,-1.642459303,-2.924206095,2.935586069,1.285943581,-1.288048596
0.38745,1.683234353,-1.68222881,-2.954861007,2.966215839,1.276707984,-1.278905699
0.3875,1.726833073,-1.725700488,-2.991118378,3.002448124,1.269371679,-1.271661261
0.38755,1.77418537,-1.772922583,-3.03284006,3.044144775,1.263748063,-1.266128819
0.3876,1.825334859,-1.823938433,-3.079886579,3.09116632,1.259654122,-1.262125484
0.38765,1.880320272,-1.878786486,-3.132117263,3.143372084,1.256910539,-1.259472049
0.3877,1.939175487,-1.937500336,-3.189390368,3.200620323,1.255341785,-1.257993083
0.38775,2.001929566,-2.000108761,-3.251563208,3.262768353,1.254776213,-1.257517021
0.3878,2.068606805,-2.066635768,-3.318492291,3.32967268,1.255046143,-1.257876256
0.38785,2.139226781,-2.137100648,-3.39003345,3.401189138,1.255987945,-1.258907215
0.3879,2.213804417,-2.211518033,-3.466041979,3.477173021,1.257442113,-1.260450437
0.38795,2.292350046,-2.289897967,-3.546372771,3.557479221,1.259253335,-1.262350644
0.388,2.374869485,-2.372245978,-3.630880452,3.641962364,1.261270552,-1.2644568
0.38805,2.461364112,-2.458563157,-3.719419516,3.730476944,1.263347021,-1.26662217
0.3881,2.551830957,-2.548846242,-3.811844465,3.822877464,1.265340359,-1.268704371
0.38815,2.646262785,-2.643087715,-3.90800994,3.919018563,1.267112588,-1.270565416
0.3882,2.744648198,-2.74127589,-4.007770857,4.018755158,1.268530177,-1.272071749
0.38825,2.846971734,-2.843395022,-4.110982535,4.121942567,1.269464065,-1.273094281
0.3883,2.953213972,-2.949425408,-4.21750083,4.228436648,1.269789691,-1.273508407
0.38835,3.063351646,-3.059343499,-4.327182264,4.338093921,1.269387008,-1.273194032
0.3884,3.17735775,-3.173122017,-4.439884144,4.450771692,1.268140495,-1.272035575
0.38845,3.295201667,-3.290730066,-4.55546469,4.566328183,1.265939162,-1.269921978
0.3885,3.416849281,-3.412133261,-4.673783152,4.684622643,1.262676548,-1.266746706
0.38855,3.542263104,-3.537293844,-4.794699926,4.805515468,1.258250712,-1.262407734
0.3886,3.632356752,-3.627185526,-4.852530405,4.86332205,1.219427174,-1.223670454
0.38865,3.638710661,-3.633413246,-4.836471539,4.847239341,1.203641672,-1.207968624
0.3887,3.651994672,-3.64657069,-4.822656275,4.833400285,1.176486015,-1.180893807
0.38875,3.674435512,-3.668884533,-4.809600587,4.820320859,1.141002136,-1.145488112
0.3888,3.699285614,-3.693607109,-4.799933364,4.81062995,1.106498937,-1.111060509
0.38885,3.724760071,-3.718953405,-4.794365504,4.805038457,1.075472364,-1.080106976
0.3889,3.684808146,-3.678872996,-4.708649274,4.719220384,1.03629255,-1.040997371
0.38895,3.570515756,-3.564455962,-4.518562584,4.528934893,0.953810725,-0.958580566
0.389,3.458883587,-3.45270384,-4.334572581,4.344753627,0.881454849,-0.886284163
0.38905,3.348502071,-3.342206874,-4.160028665,4.170025675,0.817230939,-0.822114463
0.3891,3.24227729,-3.235870979,-3.99340509,4.003224972,0.75677451,-0.761707283
0.38915,3.141062816,-3.134549565,-3.834119883,3.84376923,0.698649683,-0.703627049
0.3892,3.044253722,-3.037637537,-3.682342957,3.691828056,0.643631086,-0.648648668
0.38925,2.951476804,-2.944761521,-3.538149958,3.547476794,0.592167372,-0.597221055
0.3893,2.862847995,-2.856037281,-3.401355323,3.410529586,0.543956859,-0.549042774
0.38935,2.77852659,-2.771623941,-3.271740724,3.280767819,0.498621747,-0.503736264
0.3894,2.698534057,-2.6915428,-3.149162768,3.158047813,0.455997006,-0.461136719
0.38945,2.6228476,-2.615770891,-3.033504766,3.042252605,0.415988582,-0.421150298
0.3895,2.551474392,-2.544315216,-2.924631975,2.93324718,0.378454411,-0.383635137
0.38955,2.484438511,-2.477199682,-2.822397641,2.830884518,0.343223519,-0.348420448
0.3896,2.421756103,-2.414440263,-2.726658414,2.735021012,0.31013628,-0.31534678
0.38965,2.363434665,-2.356044287,-2.637275364,2.645517478,0.279046143,-0.284267747
0.3897,2.309480317,-2.302017701,-2.554109296,2.562234475,0.24980768,-0.255038071
0.38975,2.259899206,-2.252366482,-2.477019646,2.485031196,0.222274076,-0.227511078
0.3898,2.214695517,-2.207094644,-2.405865806,2.413766799,0.196300439,-0.201542005
0.38985,2.173870721,-2.166203487,-2.340507709,2.348300986,0.171745143,-0.176989344
0.3899,2.137424034,-2.129692057,-2.280805533,2.288493713,0.148469071,-0.153714084
0.38995,2.10535268,-2.097557409,-2.226619509,2.234204991,0.126335156,-0.131579255
0.39,2.077651769,-2.069794483,-2.177810028,2.185294999,0.105208616,-0.110450159
0.39005,2.054314189,-2.046395999,-2.134237757,2.1416242,0.084957173,-0.090194595
0.3901,2.035330617,-2.027352465,-2.09576367,2.103053365,0.065451076,-0.070682877
0.39015,2.020689543,-2.012652204,-2.062249059,2.069443592,0.046563085,-0.051787818
0.3902,2.010377265,-2.00228135,-2.03355558,2.040656347,0.028168523,-0.033384789
0.39025,2.004377886,-1.996223838,-2.009545308,2.016553524,0.010145336,-0.015351772
0.3903,2.002676112,-1.994464211,-1.990077958,1.996994656,-0.007623934,0.002426162
0.39035,2.005243066,-1.996973428,-1.975025135,1.981851178,-0.025262674,0.020077385
0.3904,2.012065316,-2.003737896,-1.964241482,1.970977565,-0.042877827,0.03770634
0.39045,2.023114491,-2.014729083,-1.957595057,1.964241717,-0.060581588,0.055425213
0.3905,2.038364531,-2.029920768,-1.954950055,1.961507669,-0.078483761,0.073343815
0.39055,2.057786616,-2.049283974,-1.956172053,1.96264085,-0.096689935,0.091567752
0.3906,2.081349594,-2.072787392,-1.961127685,1.967507749,-0.115302308,0.110199245
0.39065,2.109020425,-2.100397828,-1.969684233,1.975975508,-0.134420533,0.129337979
0.3907,2.140764118,-2.132080136,-1.981709771,1.987912067,-0.154141517,0.149080899
0.39075,2.17654364,-2.167797133,-1.997073367,2.003186366,-0.174559123,0.169521916
0.3908,2.216319966,-2.207509643,-2.015645132,2.02166839,-0.195764178,0.190751909
0.39085,2.260052161,-2.251176582,-2.03729622,2.043229178,-0.217844545,0.2128588
0.3909,2.307697415,-2.298754997,-2.061898896,2.067740879,-0.240885103,0.235927534
0.39095,2.359211083,-2.350200095,-2.089326596,2.095076822,-0.264967713,0.260040045
0.391,2.414546724,-2.405465296,-2.119453992,2.125111575,-0.290171208,0.285275244
0.39105,2.473656162,-2.464502282,-2.152157037,2.157720993,-0.316571394,0.31170902
0.3911,2.536489532,-2.527261051,-2.18731302,2.192782272,-0.344241048,0.339414242
0.39115,2.602995335,-2.593689967,-2.224800622,2.230174004,-0.373249921,0.368460754
0.3912,2.673120492,-2.66373582,-2.264499967,2.26977623,-0.403664737,0.398915378
0.39125,2.746810404,-2.73734388,-2.306292671,2.311470487,-0.4355492,0.430841925
0.3913,2.824009011,-2.814457955,-2.350061897,2.355139863,-0.468964007,0.464301198
0.39135,2.904658848,-2.895020458,-2.395692397,2.40066904,-0.503966857,0.499351012
0.3914,2.988701114,-2.978972462,-2.443070563,2.447944345,-0.540612468,0.536046201
0.39145,3.076075729,-3.066253766,-2.492084468,2.49685379,-0.578952596,0.57443864
0.3915,3.166721399,-3.156802959,-2.542623915,2.547287122,-0.619036053,0.614577269
0.39155,3.260575687,-3.250557485,-2.594580473,2.599135858,-0.660908733,0.656508107
0.3916,3.35757507,-3.347453711,-2.647847522,2.652293329,-0.70461364,0.70027429
0.39165,3.457655012,-3.447426988,-2.702320285,2.706654714,-0.750190912,0.74591609
0.3917,3.560750028,-3.550411724,-2.757895866,2.762117078,-0.797677856,0.79347095
0.39175,3.666793752,-3.656341448,-2.814473288,2.818579407,-0.847108984,0.84297352
0.3918,3.775719004,-3.765148878,-2.871953515,2.875942634,-0.898516043,0.89445569
0.39185,3.887457861,-3.876765989,-2.93023949,2.934109674,-0.951928059,0.947946627
0.3919,4.001941718,-3.991124082,-2.989236158,2.992985446,-1.007371375,1.00347282
0.39195,4.119101361,-4.108153848,-3.048850491,3.052476901,-1.064869696,1.061058121
0.392,4.238867032,-4.227785438,-3.108991509,3.112493044,-1.124444131,1.120723786
0.39205,4.361168495,-4.349948528,-3.169570305,3.172944951,-1.186113242,1.182488526
0.3921,4.485935105,-4.474572387,-3.230500056,3.233745792,-1.249893091,1.246368554
0.39215,4.613095869,-4.60158594,-3.291696046,3.29481084,-1.315797291,1.312377632
0.3922,4.742579514,-4.730917833,-3.353075672,3.35605749,-1.383837056,1.380527128
0.39225,4.874314549,-4.8624965,-3.414558461,3.417405267,-1.454021258,1.450826063
0.3923,5.00822933,-4.996250222,-3.476066074,3.478775835,-1.526356474,1.523281169
0.39235,5.054915694,-5.042854777,-3.475590842,3.478161916,-1.580090397,1.577139866
0.3924,4.991076032,-4.979041762,-3.402962818,3.405397503,-1.582279289,1.579454861
0.39245,4.929108264,-4.917100582,-3.333363898,3.33566529,-1.589994459,1.587296576
0.3925,4.872264232,-4.86028308,-3.265325903,3.267496927,-1.601203251,1.598632384
0.39255,4.819830817,-4.807876135,-3.201015538,3.203058969,-1.613093457,1.610650133
0.3926,4.771600682,-4.759672413,-3.140935208,3.142853684,-1.624955268,1.622640081
0.39265,4.72764814,-4.715746224,-3.084460881,3.086256899,-1.63748706,1.635300669
0.3927,4.629299504,-4.617423885,-3.004425667,3.006052395,-1.612600437,1.610543487
0.39275,4.4649703,-4.453120918,-2.851258193,2.852659396,-1.60811871,1.606189387
0.3928,4.308506751,-4.296683549,-2.712380558,2.713567094,-1.590523161,1.588719256
0.39285,4.158790468,-4.146993387,-2.589666507,2.590648732,-1.563574569,1.561894038
0.3929,4.017600711,-4.005829693,-2.47380624,2.474593907,-1.538294697,1.536735559
0.39295,3.885177867,-3.873432855,-2.362413663,2.363015919,-1.517310412,1.515870729
0.393,3.761016859,-3.749297795,-2.257517684,2.257943111,-1.498087968,1.496765891
0.39305,3.644863243,-3.633170071,-2.160041287,2.160297943,-1.479450145,1.47824394
0.3931,3.536709498,-3.52504216,-2.069304655,2.069400081,-1.462069433,1.460977488
0.39315,3.436524992,-3.42488343,-1.984630477,1.984571715,-1.4465927,1.44561353
0.3932,3.344207158,-3.332591316,-1.905835866,1.905629474,-1.433100439,1.432232694
0.39325,3.259644502,-3.248054323,-1.832833967,1.832486045,-1.421568167,1.420810647
0.3933,3.182739599,-3.171175026,-1.765405159,1.764921361,-1.412118221,1.411469884
0.39335,3.113396316,-3.101857293,-1.703278206,1.702663765,-1.404925831,1.404385806
0.3934,3.051512212,-3.039998682,-1.646215375,1.645475116,-1.400126405,1.399693998
0.39345,2.996980771,-2.985492677,-1.594001947,1.593140307,-1.397828247,1.397502947
0.3935,2.949693538,-2.938230825,-1.546418442,1.545439489,-1.398142468,1.397923963
0.39355,2.909539847,-2.898102458,-1.50323965,1.502147098,-1.40118369,1.401071868
0.3936,2.876406357,-2.864994237,-1.464243167,1.463040397,-1.407061033,1.407055996
0.39365,2.850177142,-2.838790235,-1.429211088,1.427901163,-1.415876529,1.415978597
0.3937,2.830733867,-2.819372116,-1.397927778,1.396513461,-1.427727513,1.427937232
0.39375,2.817955841,-2.806619191,-1.370179207,1.368662979,-1.44270735,1.443025497
0.3938,2.811720074,-2.80040847,-1.345753698,1.344137772,-1.460904741,1.461332333
0.39385,2.811901366,-2.800614753,-1.324442377,1.322728717,-1.482403362,1.482941662
0.3939,2.818372397,-2.807110719,-1.306039157,1.304229495,-1.507281971,1.507932492
0.39395,2.831003818,-2.81976702,-1.290340751,1.288436601,-1.535614487,1.536378998
0.394,2.84966435,-2.838452377,-1.277146825,1.275149498,-1.567469937,1.568350467
0.39405,2.87422089,-2.863033687,-1.266260159,1.264170781,-1.602912396,1.603911241
0.3941,2.904538622,-2.893376135,-1.257486764,1.255306293,-1.642000988,1.643120712
0.39415,2.940481131,-2.929343305,-1.250635988,1.248365221,-1.684789893,1.686033334
0.3942,2.981910519,-2.9707973,-1.24552062,1.243160218,-1.731328355,1.732698627
0.39425,3.028687531,-3.017598864,-1.241957012,1.239507507,-1.78166069,1.783161186
0.3943,3.080671675,-3.069607507,-1.239765175,1.237226987,-1.835826311,1.837460709
0.39435,3.137721359,-3.126681635,-1.238768882,1.236142333,-1.89385976,1.895632018
0.3944,3.199694011,-3.188678677,-1.238795758,1.236081084,-1.95579074,1.957705105
0.39445,3.266446221,-3.255455223,-1.239677372,1.236874736,-2.021644165,2.02370517
0.3945,3.33783387,-3.326867155,-1.241249316,1.238358824,-2.091440209,2.093652676
0.39455,3.413712268,-3.402769782,-1.243351284,1.240372993,-2.165194366,2.167563407
0.3946,3.493936291,-3.48301798,-1.245827143,1.242761077,-2.242917517,2.245448534
0.39465,3.578360515,-3.567466327,-1.248524999,1.245371158,-2.324616001,2.327314684
0.3947,3.666839356,-3.655969236,-1.251297251,1.248055624,-2.410291693,2.413164024
0.39475,3.759227202,-3.748381098,-1.254000648,1.250671222,-2.499942091,2.502994338
0.3948,3.855378555,-3.844556414,-1.256496332,1.253079106,-2.593560404,2.596799126
0.39485,3.955148158,-3.944349927,-1.258649875,1.25514487,-2.69113565,2.69456769
0.3949,4.058391136,-4.047616762,-1.260331319,1.256738583,-2.792652754,2.796285242
0.39495,4.164963118,-4.154212548,-1.261415191,1.257734815,-2.898092657,2.901933003
0.395,4.274720371,-4.263993555,-1.261780531,1.258012655,-3.007432421,3.011488319
0.39505,4.387519929,-4.376816812,-1.261310902,1.257455723,-3.120645347,3.124924768
0.3951,4.503219709,-4.492540239,-1.259894394,1.255952178,-3.237701092,3.242212283
0.39515,4.621678636,-4.611022762,-1.257423627,1.253394714,-3.358565788,3.363317268
0.3952,4.74275676,-4.732124429,-1.253795742,1.249680555,-3.483202167,3.488202725
0.39525,4.800850029,-4.79024119,-1.215613862,1.211412952,-3.572826314,3.578025542
0.3953,4.785135075,-4.774549677,-1.200480201,1.196196118,-3.578854233,3.584177522
0.39535,4.771638126,-4.761076115,-1.173807667,1.169443208,-3.591952129,3.59739986
0.3954,4.758896004,-4.748357329,-1.138727676,1.134285461,-3.614278219,3.619850823
0.39545,4.749578204,-4.739062814,-1.104738313,1.100220898,-3.638936327,3.644634335
0.3955,4.744378084,-4.733885928,-1.074285219,1.069695125,-3.664174237,3.669998286
0.39555,4.742596435,-4.732127462,-1.045189308,1.040529004,-3.691471808,3.697422632
0.3956,4.660418947,-4.65005038,-1.007088558,1.002360774,-3.654021693,3.660099707
0.39565,4.47393408,-4.463761706,-0.926086132,0.921295906,-3.541988917,3.548190362
0.3957,4.293690023,-4.283706461,-0.85569511,0.850847838,-3.432266749,3.438587016
0.39575,4.122898603,-4.113096778,-0.793488491,0.788589295,-3.323741468,3.330176136
0.3958,3.959910879,-3.950284034,-0.734793228,0.729846933,-3.219504969,3.226049784
0.39585,3.804161311,-3.794703002,-0.678246928,0.673258061,-3.120354227,3.127005098
0.3959,3.655864884,-3.646568967,-0.624745516,0.619718329,-3.025608501,3.032361505
0.39595,3.515100749,-3.505961382,-0.574740847,0.569679343,-2.934895279,2.941746663
0.396,3.381668195,-3.372679824,-0.52789298,0.522800919,-2.848353969,2.855300151
0.39605,3.255344031,-3.246501388,-0.483816534,0.478697446,-2.766146935,2.773184504
0.3961,3.13598839,-3.127286488,-0.442358842,0.437216038,-2.688287142,2.695412856
0.39615,3.02348627,-3.014920397,-0.403432022,0.398268608,-2.614747625,2.621958413
0.3962,2.917701479,-2.909267187,-0.366892512,0.361711401,-2.545535894,2.552828858
0.39625,2.818485881,-2.810178988,-0.332568504,0.327372429,-2.480675763,2.488048173
0.3963,2.725695831,-2.717512407,-0.300302161,0.295093687,-2.420181545,2.427630846
0.39635,2.639192276,-2.631128644,-0.269948973,0.264730506,-2.364058818,2.371582623
0.3964,2.5588356,-2.550888325,-0.241364772,0.236138573,-2.312312241,2.319908338
0.39645,2.484484738,-2.476650626,-0.214403831,0.209172029,-2.264946579,2.272612924
0.3965,2.415998705,-2.408274791,-0.188922603,0.183687202,-2.221964486,2.229699206
0.39655,2.353237129,-2.345620677,-0.164780916,0.159543809,-2.183365844,2.191167237
0.3966,2.296059888,-2.288548382,-0.141841072,0.136604051,-2.149148306,2.157014841
0.39665,2.244326928,-2.236918066,-0.119967413,0.11473218,-2.119307544,2.127237859
0.3967,2.197898394,-2.190590084,-0.099026595,0.093794772,-2.093837105,2.101830006
0.39675,2.156634747,-2.149425101,-0.07888782,0.073660958,-2.072728304,2.080782766
0.3968,2.120396791,-2.113284117,-0.05942283,0.054202423,-2.055970244,2.064085411
0.39685,2.08904568,-2.082028479,-0.040505897,0.035293386,-2.043549848,2.051725027
0.3969,2.062442972,-2.055519932,-0.022013875,0.016810662,-2.03545185,2.043686518
0.39695,2.040450684,-2.033620673,-0.003821096,-0.00134402,-2.031658791,2.039952588
0.397,2.022931568,-2.016193628,0.014170835,-0.019356954,-2.032150712,2.040503441
0.39705,2.009748414,-2.003101757,0.032100494,-0.037273246,-2.036906135,2.045317764
0.3971,2.000764249,-1.994208252,0.050071769,-0.055229823,-2.045901719,2.054372374
0.39715,1.995844574,-1.98937877,0.068192546,-0.073334566,-2.059110242,2.067640213
0.3972,1.994854159,-1.988478235,0.086570098,-0.091694736,-2.076503747,2.08509348
0.39725,1.997658528,-1.99137232,0.105308847,-0.110414734,-2.098052164,2.106702264
0.3973,2.004124387,-1.997927869,0.124509639,-0.12959538,-2.123723024,2.132434251
0.39735,2.014119353,-2.00801264,0.144270351,-0.149334513,-2.153481795,2.162255062
0.3974,2.027511871,-2.021495207,0.16468612,-0.169727229,-2.187292026,2.196128401
0.39745,2.044171358,-2.038245113,0.18584916,-0.190865693,-2.225115311,2.234016012
0.3975,2.063968305,-2.05813297,0.207848652,-0.212839027,-2.266911282,2.275877674
0.39755,2.08677432,-2.081030502,0.23077077,-0.235733344,-2.312637669,2.321671266
0.3976,2.112462157,-2.106810574,0.254698698,-0.259631757,-2.362250363,2.371352823
0.39765,2.140905784,-2.13534726,0.279712612,-0.284614368,-2.415703449,2.424876575
0.3977,2.171980441,-2.166515898,0.305889665,-0.310758248,-2.47294926,2.482194992
0.39775,2.205562692,-2.20019315,0.333303982,-0.338137436,-2.53393842,2.543258841
0.3978,2.241530479,-2.236257047,0.362026667,-0.366822943,-2.598619904,2.608017232
0.39785,2.279763173,-2.274587047,0.392125798,-0.396882751,-2.666941091,2.676417677
0.3979,2.320141625,-2.315064083,0.42366644,-0.428381821,-2.73884782,2.748406148
0.39795,2.36254822,-2.357570614,0.456710644,-0.4613821,-2.814284447,2.823927132
0.398,2.406866921,-2.401990678,0.491317468,-0.495942532,-2.893193908,2.902923691
0.39805,2.452983318,-2.44820993,0.527542983,-0.532119076,-2.97551778,2.985337526
0.3981,2.500784674,-2.496115696,0.565440294,-0.569964715,-3.061196341,3.071109038
0.39815,2.550159968,-2.545597015,0.605059558,-0.609529486,-3.150168636,3.160177392
0.3982,2.600999937,-2.596544679,0.646448008,-0.650860495,-3.24237254,3.252480579
0.39825,2.653197119,-2.648851272,0.689649977,-0.694001944,-3.337744825,3.347955488
0.3983,2.706645886,-2.702411216,0.734706926,-0.738995164,-3.436221228,3.446537964
0.39835,2.761242485,-2.757120797,0.781657473,-0.785878638,-3.537736512,3.548162881
0.3984,2.81688507,-2.812878209,0.830537429,-0.834688039,-3.642224538,3.652764208
0.39845,2.873473735,-2.869583578,0.881379831,-0.885456263,-3.749618333,3.760275073
0.3985,2.930910543,-2.927138998,0.934214978,-0.938213469,-3.859850154,3.870627834
0.39855,2.989099554,-2.985448555,0.989070475,-0.992987116,-3.972851556,3.983754146
0.3986,3.047946852,-3.044418356,1.045971271,-1.049802009,-4.088553462,4.099585026
0.39865,3.107360565,-3.103956547,1.104939703,-1.108680338,-4.20688623,4.218050924
0.3987,3.167250889,-3.16397334,1.165995544,-1.169641728,-4.327779717,4.339081785
0.39875,3.227530104,-3.224381029,1.22915605,-1.232703285,-4.451163346,4.462607122
0.3988,3.288112593,-3.285094003,1.294436007,-1.297879646,-4.576966174,4.588556074
0.39885,3.348914854,-3.346028766,1.361847785,-1.365183027,-4.705116956,4.716857477
0.3989,3.409855511,-3.407103947,1.431401386,-1.434623283,-4.835544206,4.847439922
0.39895,3.470855327,-3.468240307,1.503104504,-1.506207953,-4.968176265,4.980231826
0.399,3.531837208,-3.529360746,1.576962572,-1.57994232,-5.102941359,5.115161488
0.39905,3.531114889,-3.528778612,1.631683706,-1.634534773,-5.150297862,5.162601569
0.3991,3.458365861,-3.456167467,1.634604785,-1.637325807,-5.08710536,5.099381883
0.39915,3.388691039,-3.386627433,1.642961758,-1.645552265,-5.025735859,5.03798526
0.3992,3.320598293,-3.318666549,1.654756154,-1.657215647,-4.969451576,4.981673913
0.39925,3.256179307,-3.254376647,1.667285635,-1.669613557,-4.917574334,4.929769668
0.3993,3.195937915,-3.194261699,1.679841422,-1.682037146,-4.869899324,4.882067714
0.39935,3.11214626,-3.110644946,1.654763893,-1.656826805,-4.767670901,4.779812406
0.3994,2.955101126,-2.953832984,1.650114773,-1.652046695,-4.599423215,4.611537895
0.39945,2.812119278,-2.811073138,1.632662689,-1.63446584,-4.439116631,4.451204546
0.3995,2.685298175,-2.68446338,1.60589614,-1.60757258,-4.285584537,4.297645745
0.39955,2.56559502,-2.56496152,1.580547619,-1.582099348,-4.140584473,4.152619034
0.3996,2.450530702,-2.450089062,1.559363764,-1.560792742,-4.004384148,4.016392121
0.39965,2.342004007,-2.341745362,1.539955669,-1.541263773,-3.876493684,3.888475128
0.3997,2.240956864,-2.240872885,1.521119034,-1.522308029,-3.756650919,3.768605892
0.39975,2.14676468,-2.146847559,1.503464211,-1.504535744,-3.644841817,3.656770377
0.3998,2.058751305,-2.058993743,1.487638714,-1.488594311,-3.541037933,3.55294014
0.39985,1.976711845,-1.977107032,1.473747905,-1.474588959,-3.445139914,3.457015826
0.3999,1.900554082,-1.901095676,1.461772842,-1.462500599,-3.357036762,3.368886437
0.39995,1.83006446,-1.830746569,1.451829295,-1.452444847,-3.276630838,3.288454333
0.4,1.764973614,-1.765790778,1.444090916,-1.444595191,-3.203826563,3.215623936
0.40005,1.705040877,-1.70598805,1.438696682,-1.439090431,-3.138522365,3.150293675
0.4001,1.650049311,-1.65112184,1.435757605,-1.4360414,-3.080612426,3.09235773
0.40015,1.599778992,-1.600972603,1.435385664,-1.435559883,-3.029988893,3.041708248
0.4002,1.554004266,-1.555315045,1.437696412,-1.437761232,-2.986541746,2.99823521
0.40025,1.512501662,-1.513926034,1.442800589,-1.442755982,-2.950158318,2.961825948
0.4003,1.475052091,-1.476586808,1.450801967,-1.450647687,-2.920723351,2.932365203
0.40035,1.441438914,-1.443081033,1.461799463,-1.461535041,-2.898119159,2.909735292
0.4004,1.411447132,-1.413194001,1.475888001,-1.47551274,-2.882225702,2.893816172
0.40045,1.384864022,-1.38671326,1.493157941,-1.492670905,-2.872920632,2.884485495
0.4005,1.361479614,-1.363429099,1.51369467,-1.513094682,-2.870079376,2.881618689
0.40055,1.341086724,-1.343134572,1.537578671,-1.536864307,-2.873575227,2.885089047
0.4006,1.323480951,-1.325625502,1.564885608,-1.564055188,-2.883279434,2.894767816
0.40065,1.308460823,-1.310700626,1.595686277,-1.594737864,-2.899061294,2.910524296
0.4007,1.295827957,-1.298161752,1.63004655,-1.628977944,-2.920788264,2.93222594
0.40075,1.285387179,-1.287813884,1.668027366,-1.666836097,-2.948326059,2.959738467
0.4008,1.276946628,-1.279465321,1.709684732,-1.708368062,-2.981538774,2.992925968
0.40085,1.270317866,-1.272927774,1.755069733,-1.753624648,-3.020288993,3.031651029
0.4009,1.265315994,-1.268016476,1.80422854,-1.802651747,-3.064437912,3.075774846
0.40095,1.261759754,-1.264550286,1.857202424,-1.855490351,-3.113845463,3.125157351
0.401,1.259471625,-1.262351789,1.91402779,-1.91217658,-3.168370443,3.17965734
0.40105,1.258277923,-1.261247392,1.974736206,-1.972741721,-3.22787064,3.239132601
0.4011,1.258008887,-1.26106741,2.039354451,-2.037212262,-3.292202966,3.303440045
0.40115,1.258498763,-1.261646156,2.107904559,-2.105609952,-3.361223588,3.372435842
0.4012,1.259585884,-1.262822012,2.180403876,-2.177951849,-3.43478807,3.445975552
0.40125,1.261112737,-1.264437508,2.256865128,-2.254250389,-3.512751498,3.523914264
0.4013,1.262926037,-1.266339385,2.337296483,-2.334513451,-3.594968626,3.606106729
0.40135,1.264876777,-1.268378654,2.421701635,-2.418744439,-3.681294005,3.6924075
0.4014,1.266820292,-1.270410654,2.510079879,-2.506942361,-3.771582122,3.782671064
0.40145,1.268616297,-1.272295096,2.602426204,-2.599101919,-3.865687536,3.876751979
0.4015,1.270128932,-1.273896102,2.698731386,-2.6952136,-3.963465011,3.974505009
0.40155,1.271226795,-1.275082246,2.798982081,-2.795263778,-4.064769647,4.075785253
0.4016,1.271782971,-1.275726575,2.903160936,-2.899234815,-4.169457014,4.180448283
0.40165,1.271675047,-1.275706633,3.011246692,-3.007105172,-4.277383279,4.288350264
0.4017,1.270785135,-1.274904475,3.123214296,-3.118849517,-4.388405335,4.399348089
0.40175,1.268999874,-1.273206679,3.23903502,-3.234438845,-4.50238092,4.513299497
0.4018,1.26621043,-1.270504339,3.358676575,-3.353840596,-4.619168743,4.630063197
0.40185,1.262312498,-1.266693072,3.482103237,-3.477018774,-4.738628599,4.749498982
0.4019,1.223761707,-1.228228381,3.570756851,-3.565474302,-4.795293713,4.806140078
0.40195,1.208174146,-1.212724343,3.575928716,-3.570522587,-4.778252034,4.789074436
0.402,1.181119668,-1.185750563,3.588169913,-3.582639858,-4.763496444,4.774294934
0.40205,1.145699644,-1.150408592,3.609656643,-3.604002265,-4.749551834,4.760326465
0.4021,1.111362413,-1.116146838,3.633505724,-3.627726528,-4.739050911,4.749801736
0.40215,1.080578416,-1.085435776,3.657941385,-3.652036768,-4.73268821,4.743415281
0.4022,1.05119917,-1.056126979,3.684427046,-3.678396308,-4.729778639,4.740482009
0.40225,1.012578138,-1.017573648,3.646273538,-3.640116298,-4.646418861,4.657021358
0.4023,0.930954787,-0.936012915,3.533578053,-3.527298098,-4.458786189,4.469192133
0.40235,0.859922593,-0.865037896,3.423208126,-3.416810092,-4.277380826,4.287597652
0.4024,0.797074968,-0.80224228,3.314037043,-3.307525379,-4.105422414,4.115457247
0.40245,0.737800569,-0.743015022,3.209125937,-3.202504924,-3.941293401,3.95115305
0.4025,0.680736731,-0.685993762,3.109275339,-3.102549096,-3.784431984,3.794122944
0.40255,0.62675627,-0.632051589,3.013817697,-3.006990177,-3.635043636,3.644572097
0.4026,0.576307049,-0.581636623,2.922381972,-2.915456957,-3.493205374,3.502577227
0.40265,0.529056092,-0.534416129,2.835103858,-2.828084958,-3.358720096,3.367940942
0.4027,0.484619876,-0.490006822,2.752145489,-2.745036147,-3.231366592,3.240441742
0.40275,0.44284289,-0.448253409,2.673522051,-2.666325537,-3.111004701,3.119939187
0.4028,0.403635409,-0.409066375,2.599208001,-2.591927417,-2.997519312,3.00631789
0.40285,0.366853812,-0.372302292,2.529211303,-2.521849578,-2.890774914,2.899442071
0.4029,0.33232617,-0.337789417,2.463556341,-2.456116234,-2.7906241,2.799164062
0.40295,0.299893909,-0.305369346,2.40225836,-2.394742459,-2.69692367,2.705340404
0.403,0.269411697,-0.274896907,2.345323892,-2.337734614,-2.609534944,2.617832166
0.40305,0.240734727,-0.246227442,2.292758449,-2.285098038,-2.528318738,2.536499919
0.4031,0.213716684,-0.219214771,2.244567627,-2.236838158,-2.453134434,2.461202806
0.40315,0.188213365,-0.193714817,2.200754953,-2.192958329,-2.383841451,2.391800012
0.4032,0.164083916,-0.16958684,2.161321194,-2.153459149,-2.32029979,2.32815131
0.40325,0.141189964,-0.146692571,2.126264883,-2.118338981,-2.262369686,2.270116713
0.4033,0.119395175,-0.124895768,2.095582571,-2.087594205,-2.209911427,2.217556293
0.40335,0.098565525,-0.10406249,2.069268683,-2.061219078,-2.162785474,2.170330302
0.4034,0.078569522,-0.084061317,2.047315414,-2.039205626,-2.120852586,2.128299292
0.40345,0.05927821,-0.064763354,2.029712747,-2.021543665,-2.083973836,2.09132414
0.4035,0.040565158,-0.046042224,2.016448479,-2.008220824,-2.05201063,2.059266055
0.40355,0.022306513,-0.027774114,2.007508215,-1.999222544,-2.02482475,2.031986636
0.4036,0.004381058,-0.009837842,2.002875365,-1.994532068,-2.002278416,2.009347917
0.40365,-0.013343666,0.007878085,2.002534959,-1.994134263,-1.984230419,1.991208516
0.4037,-0.030952669,0.025500594,2.006454749,-1.997996718,-1.970555373,1.977442876
0.40375,-0.048576806,0.043139544,2.01462169,-2.006106227,-1.961107007,1.96790456
0.4038,-0.06632836,0.060907221,2.027009281,-2.018436126,-1.955750869,1.962458956
0.40385,-0.084311617,0.07890792,2.043588576,-2.034957313,-1.9543537,1.960972652
0.4039,-0.102630512,0.097245597,2.064329756,-2.055639809,-1.956781728,1.963311727
0.40395,-0.121387648,0.116022879,2.089201641,-2.08045228,-1.962901154,1.96934224
0.404,-0.140682087,0.135338863,2.118170694,-2.109361033,-1.972579352,1.978931425
0.40405,-0.160609437,0.155289198,2.151201118,-2.142330119,-1.985684886,1.991947715
0.4041,-0.18126249,0.175966725,2.188255195,-2.179321668,-2.00208721,2.008260438
0.40415,-0.202731232,0.197461483,2.229293336,-2.220295941,-2.021656708,2.027739853
0.4042,-0.225102622,0.219860496,2.274274022,-2.265211275,-2.044264857,2.050257322
0.40425,-0.248460563,0.243247731,2.32315385,-2.314024117,-2.069784298,2.075685374
0.4043,-0.272885943,0.267704154,2.375887593,-2.366689099,-2.098088861,2.103897734
0.40435,-0.298456644,0.293307724,2.432428259,-2.423159088,-2.129053614,2.134769365
0.4044,-0.325247518,0.320133381,2.492727133,-2.483385228,-2.162554923,2.168176539
0.40445,-0.353330384,0.348253035,2.556733825,-2.547316993,-2.198470513,2.203996887
0.4045,-0.382774032,0.37773557,2.624396331,-2.614902243,-2.236679515,2.242109457
0.40455,-0.413644229,0.408646856,2.695661082,-2.686087279,-2.277062521,2.282394755
0.4046,-0.446003727,0.441049751,2.770473012,-2.760816901,-2.319501631,2.324734803
0.40465,-0.479912273,0.47500411,2.848775607,-2.839034469,-2.363880503,2.369013189
0.4047,-0.51542662,0.510566803,2.930510972,-2.920681964,-2.410084404,2.41511511
0.40475,-0.552600545,0.547791724,3.015619894,-3.005700048,-2.458000251,2.462927421
0.4048,-0.591484871,0.586729818,3.1040419,-3.094028129,-2.507516663,2.512338678
0.40485,-0.632127482,0.627429095,3.195715328,-3.185604426,-2.558523994,2.563239183
0.4049,-0.674573355,0.669934661,3.290577387,-3.280366034,-2.610914383,2.615521022
0.40495,-0.718864582,0.714288739,3.388564226,-3.378248989,-2.664581787,2.669078107
0.405,-0.765040401,0.760530702,3.489611,-3.479188337,-2.719422023,2.72380621
0.40505,-0.813137231,0.808697106,3.593651937,-3.583118197,-2.775332797,2.779603001
0.4051,-0.863188701,0.858821721,3.700620405,-3.689971835,-2.832213741,2.836368076
0.40515,-0.915225694,0.91093557,3.810448979,-3.799681724,-2.889966445,2.894002994
0.4052,-0.96927638,0.965066968,3.923069512,-3.912179617,-2.94849448,2.9524113
0.40525,-1.025366263,1.021241563,4.038413199,-4.027396614,-3.007703431,3.011498555
0.4053,-1.083518219,1.079482379,4.156410643,-4.145263226,-3.067500915,3.071172355
0.40535,-1.143752545,1.139809861,4.276991929,-4.265709444,-3.127796607,3.13134236
0.4054,-1.206087004,1.202241922,4.40008668,-4.388664809,-3.188502256,3.191920306
0.40545,-1.270536878,1.266793992,4.525624133,-4.51405847,-3.249531705,3.252820027
0.4055,-1.337115012,1.33347907,4.653533199,-4.641819256,-3.310800905,3.313957467
0.40555,-1.405831872,1.402307773,4.783742527,-4.771875739,-3.372227927,3.375250694
0.4056,-1.476695597,1.47328839,4.91618057,-4.904156296,-3.433732971,3.436619908
0.40565,-1.549712049,1.546426937,5.050775644,-5.03858917,-3.495238377,3.497987451
0.4057,-1.603864098,1.600706012,5.098011069,-5.085742327,-3.494893132,3.497502704
0.40575,-1.606346095,1.603316379,5.034652013,-5.022410378,-3.422452116,3.424924478
0.4058,-1.614313022,1.611412131,4.973138872,-4.960924283,-3.353055568,3.35539381
0.40585,-1.625747683,1.622976102,4.916728349,-4.904540746,-3.285224712,3.287431752
0.4059,-1.637890032,1.635248301,4.864724323,-4.852563647,-3.221091087,3.223169695
0.40595,-1.65003143,1.64752016,4.816920899,-4.80478709,-3.161157367,3.163110177
0.406,-1.662851422,1.660471287,4.773387056,-4.761280056,-3.104813021,3.106642526
0.40605,-1.638214492,1.635966155,4.675620022,-4.66353977,-3.025109357,3.026768385
0.4061,-1.633937553,1.631819211,4.51195431,-4.499900747,-2.872400457,2.873832304
0.40615,-1.616646965,1.614656426,4.356187439,-4.344160507,-2.733914414,2.735129909
0.4062,-1.590051636,1.588186871,4.207186757,-4.195186397,-2.611562584,2.612572054
0.40625,-1.565091731,1.563350777,4.066694698,-4.054720851,-2.496079933,2.496893107
0.4063,-1.544432305,1.542813246,3.934951998,-3.923004604,-2.385042525,2.385668525
0.40635,-1.525586089,1.524087098,3.811465178,-3.79954418,-2.280444389,2.280891781
0.4064,-1.507363721,1.505983088,3.69598,-3.684085339,-2.183220854,2.183497676
0.40645,-1.490413515,1.489149656,3.588484083,-3.5766157,-2.092711417,2.092825195
0.4065,-1.475381765,1.47423322,3.488945107,-3.477102946,-2.008237652,2.008195416
0.40655,-1.462357517,1.461322967,3.397260915,-3.385444917,-1.929608524,1.929416824
0.4066,-1.451316959,1.450395234,3.313319707,-3.301529814,-1.8567362,1.856401127
0.40665,-1.442378131,1.441568223,3.237023013,-3.225259167,-1.789404311,1.788931515
0.4067,-1.435714088,1.435015158,3.168273794,-3.156535937,-1.727342887,1.726737599
0.40675,-1.431460251,1.43087164,3.10696896,-3.095257035,-1.670313529,1.669580575
0.4068,-1.429724502,1.429245736,3.053001364,-3.041315314,-1.61810131,1.617245129
0.40685,-1.43061666,1.430247463,3.006261877,-2.994601646,-1.570487368,1.569512033
0.4069,-1.434250059,1.433990359,2.966639176,-2.955004705,-1.527247114,1.526156348
0.40695,-1.440732835,1.440582773,2.934019297,-2.92241053,-1.488158513,1.486955705
0.407,-1.450166066,1.450126001,2.908285727,-2.896702607,-1.45300402,1.451692247
0.40705,-1.462646027,1.462716547,2.889319565,-2.877762035,-1.421568494,1.420150532
0.4071,-1.478264995,1.478446919,2.876999582,-2.865467586,-1.393638454,1.3921168
0.40715,-1.497110616,1.497405003,2.87120228,-2.859695761,-1.369002767,1.367379655
0.4072,-1.519265521,1.519673677,2.871801979,-2.860320881,-1.347453124,1.345730538
0.40725,-1.544807419,1.5453309,2.878670911,-2.867215178,-1.328784037,1.326963731
0.4073,-1.573809182,1.574449801,2.89167931,-2.880248886,-1.31279285,1.310876364
0.40735,-1.606338794,1.607098625,2.910695515,-2.899290343,-1.299279883,1.297268555
0.4074,-1.642459302,1.643340684,2.935586069,-2.924206095,-1.288048595,1.285943581
0.40745,-1.68222881,1.683234352,2.966215839,-2.954861006,-1.278905698,1.276707984
0.4075,-1.725700488,1.726833073,3.002448123,-2.991118377,-1.271661261,1.269371679
0.40755,-1.772922583,1.774185369,3.044144775,-3.032840059,-1.266128818,1.263748063
0.4076,-1.823938432,1.825334859,3.091166319,-3.079886578,-1.262125484,1.259654122
0.40765,-1.878786485,1.880320272,3.143372083,-3.132117263,-1.259472049,1.256910539
0.4077,-1.937500336,1.939175486,3.200620322,-3.189390367,-1.257993082,1.255341785
0.40775,-2.000108761,2.001929566,3.262768352,-3.251563208,-1.257517021,1.254776213
0.4078,-2.066635768,2.068606804,3.32967268,-3.31849229,-1.257876256,1.255046142
0.40785,-2.137100647,2.13922678,3.401189137,-3.390033449,-1.258907214,1.255987944
0.4079,-2.211518032,2.213804417,3.47717302,-3.466041979,-1.260450437,1.257442113
0.40795,-2.289897966,2.292350046,3.55747922,-3.546372771,-1.262350644,1.259253335
0.408,-2.372245977,2.374869484,3.641962363,-3.630880451,-1.2644568,1.261270552
0.40805,-2.458563156,2.461364112,3.730476944,-3.719419515,-1.26662217,1.263347021
0.4081,-2.548846242,2.551830956,3.822877463,-3.811844464,-1.268704371,1.265340358
0.40815,-2.643087714,2.646262784,3.919018563,-3.90800994,-1.270565416,1.267112588
0.4082,-2.741275889,2.744648197,4.018755157,-4.007770856,-1.272071749,1.268530177
0.40825,-2.843395021,2.846971733,4.121942567,-4.110982534,-1.273094281,1.269464065
0.4083,-2.949425407,2.953213972,4.228436648,-4.21750083,-1.273508407,1.269789691
0.40835,-3.059343499,3.063351645,4.33809392,-4.327182263,-1.273194032,1.269387008
0.4084,-3.173122016,3.17735775,4.450771692,-4.439884143,-1.272035575,1.268140494
0.40845,-3.290730066,3.295201667,4.566328183,-4.555464689,-1.269921978,1.265939161
0.4085,-3.41213326,3.416849281,4.684622642,-4.673783151,-1.266746706,1.262676547
0.40855,-3.537293843,3.542263104,4.805515467,-4.794699926,-1.262407734,1.258250712
0.4086,-3.627185526,3.632356751,4.863322049,-4.852530404,-1.223670454,1.219427173
0.40865,-3.633413245,3.63871066,4.84723934,-4.836471539,-1.207968624,1.203641672
0.4087,-3.646570689,3.651994671,4.833400285,-4.822656274,-1.180893807,1.176486015
0.40875,-3.668884532,3.674435512,4.820320858,-4.809600586,-1.145488112,1.141002135
0.4088,-3.693607108,3.699285613,4.81062995,-4.799933364,-1.111060509,1.106498937
0.40885,-3.718953404,3.724760071,4.805038456,-4.794365504,-1.080106976,1.075472363
0.4089,-3.678872995,3.684808145,4.719220383,-4.708649273,-1.040997371,1.03629255
0.40895,-3.564455961,3.570515755,4.528934892,-4.518562583,-0.958580566,0.953810725
0.409,-3.45270384,3.458883586,4.344753626,-4.334572581,-0.886284163,0.881454848
0.40905,-3.342206874,3.34850207,4.170025674,-4.160028665,-0.822114463,0.817230939
0.4091,-3.235870978,3.242277289,4.003224971,-3.993405089,-0.761707283,0.75677451
0.40915,-3.134549564,3.141062815,3.843769229,-3.834119882,-0.703627049,0.698649683
0.4092,-3.037637536,3.044253721,3.691828055,-3.682342957,-0.648648668,0.643631086
0.40925,-2.94476152,2.951476803,3.547476793,-3.538149958,-0.597221055,0.592167372
0.4093,-2.85603728,2.862847994,3.410529586,-3.401355322,-0.549042774,0.543956859
0.40935,-2.77162394,2.778526589,3.280767818,-3.271740723,-0.503736264,0.498621747
0.4094,-2.691542799,2.698534056,3.158047813,-3.149162768,-0.461136719,0.455997006
0.40945,-2.61577089,2.622847599,3.042252604,-3.033504765,-0.421150298,0.415988582
0.4095,-2.544315215,2.551474391,2.933247179,-2.924631975,-0.383635137,0.378454411
0.40955,-2.477199681,2.48443851,2.830884518,-2.82239764,-0.348420448,0.343223519
0.4096,-2.414440263,2.421756102,2.735021011,-2.726658413,-0.31534678,0.31013628
0.40965,-2.356044286,2.363434664,2.645517478,-2.637275363,-0.284267747,0.279046143
0.4097,-2.302017701,2.309480316,2.562234474,-2.554109295,-0.255038071,0.24980768
0.40975,-2.252366482,2.259899205,2.485031195,-2.477019645,-0.227511078,0.222274076
0.4098,-2.207094643,2.214695516,2.413766798,-2.405865805,-0.201542005,0.196300439
0.40985,-2.166203486,2.17387072,2.348300985,-2.340507708,-0.176989344,0.171745143
0.4099,-2.129692057,2.137424034,2.288493712,-2.280805533,-0.153714084,0.148469071
0.40995,-2.097557408,2.105352679,2.23420499,-2.226619509,-0.131579255,0.126335156
0.41,-2.069794482,2.077651768,2.185294998,-2.177810027,-0.110450159,0.105208616
0.41005,-2.046395998,2.054314189,2.141624199,-2.134237756,-0.090194595,0.084957173
0.4101,-2.027352464,2.035330617,2.103053364,-2.095763669,-0.070682877,0.065451076
0.41015,-2.012652203,2.020689542,2.069443591,-2.062249058,-0.051787818,0.046563085
0.4102,-2.002281349,2.010377264,2.040656347,-2.033555579,-0.033384789,0.028168523
0.41025,-1.996223837,2.004377885,2.016553523,-2.009545308,-0.015351772,0.010145336
0.4103,-1.994464211,2.002676111,1.996994655,-1.990077958,0.002426162,-0.007623934
0.41035,-1.996973428,2.005243065,1.981851178,-1.975025135,0.020077385,-0.025262674
0.4104,-2.003737895,2.012065315,1.970977565,-1.964241481,0.03770634,-0.042877827
0.41045,-2.014729082,2.023114491,1.964241716,-1.957595056,0.055425213,-0.060581588
0.4105,-2.029920767,2.038364531,1.961507668,-1.954950054,0.073343815,-0.078483761
0.41055,-2.049283973,2.057786615,1.962640849,-1.956172052,0.091567752,-0.096689935
0.4106,-2.072787392,2.081349593,1.967507748,-1.961127684,0.110199245,-0.115302308
0.41065,-2.100397827,2.109020424,1.975975508,-1.969684232,0.129337979,-0.134420533
0.4107,-2.132080135,2.140764117,1.987912067,-1.98170977,0.149080899,-0.154141516
0.41075,-2.167797132,2.176543639,2.003186366,-1.997073367,0.169521916,-0.174559122
0.4108,-2.207509642,2.216319966,2.02166839,-2.015645131,0.190751909,-0.195764178
0.41085,-2.251176582,2.26005216,2.043229178,-2.03729622,0.212858799,-0.217844545
0.4109,-2.298754996,2.307697415,2.067740878,-2.061898895,0.235927534,-0.240885103
0.41095,-2.350200094,2.359211082,2.095076822,-2.089326596,0.260040045,-0.264967713
0.411,-2.405465295,2.414546724,2.125111575,-2.119453992,0.285275244,-0.290171208
0.41105,-2.464502281,2.473656162,2.157720992,-2.152157036,0.31170902,-0.316571393
0.4111,-2.52726105,2.536489531,2.192782272,-2.187313019,0.339414242,-0.344241048
0.41115,-2.593689966,2.602995334,2.230174004,-2.224800621,0.368460754,-0.373249921
0.4112,-2.663735819,2.673120491,2.269776229,-2.264499966,0.398915378,-0.403664737
0.41125,-2.737343879,2.746810403,2.311470487,-2.306292671,0.430841924,-0.4355492
0.4113,-2.814457955,2.82400901,2.355139862,-2.350061897,0.464301198,-0.468964007
0.41135,-2.895020458,2.904658847,2.40066904,-2.395692397,0.499351012,-0.503966857
0.4114,-2.978972461,2.988701113,2.447944344,-2.443070562,0.536046201,-0.540612468
0.41145,-3.066253765,3.076075728,2.49685379,-2.492084467,0.57443864,-0.578952596
0.4115,-3.156802958,3.166721399,2.547287122,-2.542623914,0.614577268,-0.619036052
0.41155,-3.250557485,3.260575686,2.599135858,-2.594580473,0.656508107,-0.660908733
0.4116,-3.34745371,3.357575069,2.652293328,-2.647847521,0.70027429,-0.70461364
0.41165,-3.447426987,3.457655011,2.706654713,-2.702320284,0.745916089,-0.750190911
0.4117,-3.550411723,3.560750027,2.762117078,-2.757895866,0.79347095,-0.797677856
0.41175,-3.656341447,3.666793751,2.818579407,-2.814473287,0.84297352,-0.847108984
0.4118,-3.765148877,3.775719004,2.875942634,-2.871953514,0.894455689,-0.898516043
0.41185,-3.876765988,3.88745786,2.934109673,-2.93023949,0.947946627,-0.951928058
0.4119,-3.991124081,4.001941717,2.992985446,-2.989236158,1.00347282,-1.007371374
0.41195,-4.108153847,4.11910136,3.052476901,-3.04885049,1.061058121,-1.064869695
0.412,-4.227785437,4.238867031,3.112493044,-3.108991509,1.120723786,-1.12444413
0.41205,-4.349948528,4.361168495,3.172944951,-3.169570304,1.182488526,-1.186113241
0.4121,-4.474572386,4.485935105,3.233745791,-3.230500056,1.246368553,-1.24989309
0.41215,-4.601585939,4.613095868,3.294810839,-3.291696045,1.312377632,-1.31579729
0.4122,-4.730917832,4.742579513,3.356057489,-3.353075672,1.380527128,-1.383837056
0.41225,-4.862496499,4.874314548,3.417405267,-3.41455846,1.450826063,-1.454021258
0.4123,-4.996250221,5.008229329,3.478775834,-3.476066073,1.523281168,-1.526356474
0.41235,-5.042854776,5.054915693,3.478161915,-3.475590841,1.577139866,-1.580090396
0.4124,-4.979041761,4.991076031,3.405397503,-3.402962818,1.57945486,-1.582279288
0.41245,-4.917100581,4.929108263,3.33566529,-3.333363897,1.587296575,-1.589994458
0.4125,-4.860283079,4.872264231,3.267496927,-3.265325903,1.598632383,-1.60120325
0.41255,-4.807876134,4.819830816,3.203058969,-3.201015537,1.610650132,-1.613093457
0.4126,-4.759672412,4.771600682,3.142853683,-3.140935208,1.62264008,-1.624955268
0.41265,-4.715746223,4.727648139,3.086256898,-3.084460881,1.635300669,-1.63748706
0.4127,-4.617423884,4.629299503,3.006052394,-3.004425667,1.610543487,-1.612600436
0.41275,-4.453120917,4.464970299,2.852659396,-2.851258193,1.606189387,-1.608118709
0.4128,-4.296683548,4.308506751,2.713567094,-2.712380558,1.588719255,-1.590523161
0.41285,-4.146993386,4.158790467,2.590648732,-2.589666507,1.561894038,-1.563574569
0.4129,-4.005829692,4.01760071,2.474593907,-2.473806239,1.536735559,-1.538294697
0.41295,-3.873432854,3.885177866,2.363015918,-2.362413663,1.515870728,-1.517310411
0.413,-3.749297795,3.761016858,2.257943111,-2.257517683,1.49676589,-1.498087968
0.41305,-3.63317007,3.644863242,2.160297942,-2.160041286,1.478243939,-1.479450144
0.4131,-3.525042159,3.536709497,2.069400081,-2.069304655,1.460977488,-1.462069433
0.41315,-3.424883429,3.436524991,1.984571714,-1.984630476,1.44561353,-1.4465927
0.4132,-3.332591315,3.344207157,1.905629474,-1.905835866,1.432232693,-1.433100439
0.41325,-3.248054323,3.259644502,1.832486044,-1.832833967,1.420810646,-1.421568167
0.4133,-3.171175025,3.182739598,1.764921361,-1.765405158,1.411469884,-1.41211822
0.41335,-3.101857292,3.113396315,1.702663765,-1.703278206,1.404385806,-1.40492583
0.4134,-3.039998681,3.051512211,1.645475116,-1.646215375,1.399693997,-1.400126405
0.41345,-2.985492676,2.99698077,1.593140307,-1.594001947,1.397502946,-1.397828246
0.4135,-2.938230824,2.949693537,1.545439488,-1.546418442,1.397923962,-1.398142468
0.41355,-2.898102458,2.909539847,1.502147098,-1.50323965,1.401071868,-1.401183689
0.4136,-2.864994236,2.876406356,1.463040397,-1.464243167,1.407055996,-1.407061032
0.41365,-2.838790234,2.850177142,1.427901163,-1.429211088,1.415978597,-1.415876528
0.4137,-2.819372116,2.830733867,1.396513461,-1.397927777,1.427937231,-1.427727513
0.41375,-2.80661919,2.81795584,1.368662978,-1.370179207,1.443025496,-1.442707349
0.4138,-2.800408469,2.811720073,1.344137771,-1.345753697,1.461332333,-1.46090474
0.41385,-2.800614752,2.811901365,1.322728717,-1.324442376,1.482941662,-1.482403361
0.4139,-2.807110718,2.818372396,1.304229495,-1.306039157,1.507932492,-1.50728197
0.41395,-2.819767019,2.831003817,1.2884366,-1.290340751,1.536378998,-1.535614487
0.414,-2.838452376,2.849664349,1.275149497,-1.277146824,1.568350467,-1.567469936
0.41405,-2.863033687,2.874220889,1.264170781,-1.266260158,1.60391124,-1.602912395
0.4141,-2.893376135,2.904538621,1.255306292,-1.257486764,1.643120712,-1.642000987
0.41415,-2.929343305,2.94048113,1.248365221,-1.250635987,1.686033334,-1.684789893
0.4142,-2.9707973,2.981910518,1.243160218,-1.24552062,1.732698626,-1.731328354
0.41425,-3.017598863,3.02868753,1.239507507,-1.241957011,1.783161186,-1.781660689
0.4143,-3.069607506,3.080671675,1.237226987,-1.239765175,1.837460708,-1.835826311
0.41435,-3.126681634,3.137721358,1.236142333,-1.238768882,1.895632018,-1.89385976
0.4144,-3.188678676,3.19969401,1.236081084,-1.238795758,1.957705104,-1.95579074
0.41445,-3.255455222,3.26644622,1.236874736,-1.239677372,2.023705169,-2.021644165
0.4145,-3.326867154,3.337833869,1.238358823,-1.241249315,2.093652675,-2.091440208
0.41455,-3.402769781,3.413712268,1.240372993,-1.243351284,2.167563407,-2.165194365
0.4146,-3.48301798,3.493936291,1.242761077,-1.245827143,2.245448533,-2.242917516
0.41465,-3.567466326,3.578360515,1.245371158,-1.248524999,2.327314684,-2.324616
0.4147,-3.655969235,3.666839355,1.248055623,-1.251297251,2.413164023,-2.410291692
0.41475,-3.748381097,3.759227201,1.250671222,-1.254000648,2.502994338,-2.49994209
0.4148,-3.844556413,3.855378554,1.253079106,-1.256496331,2.596799125,-2.593560403
0.41485,-3.944349927,3.955148158,1.25514487,-1.258649875,2.69456769,-2.691135649
0.4149,-4.047616761,4.058391135,1.256738583,-1.260331319,2.796285241,-2.792652754
0.41495,-4.154212548,4.164963117,1.257734815,-1.261415191,2.901933003,-2.898092656
0.415,-4.263993554,4.274720371,1.258012655,-1.261780531,3.011488318,-3.00743242
0.41505,-4.376816811,4.387519928,1.257455723,-1.261310902,3.124924768,-3.120645347
0.4151,-4.492540239,4.503219708,1.255952178,-1.259894394,3.242212283,-3.237701092
0.41515,-4.611022761,4.621678635,1.253394714,-1.257423626,3.363317268,-3.358565788
0.4152,-4.732124429,4.742756759,1.249680555,-1.253795742,3.488202724,-3.483202166
0.41525,-4.790241189,4.800850028,1.211412951,-1.215613862,3.578025542,-3.572826313
0.4153,-4.774549676,4.785135075,1.196196118,-1.200480201,3.584177522,-3.578854232
0.41535,-4.761076114,4.771638125,1.169443208,-1.173807667,3.59739986,-3.591952129
0.4154,-4.748357329,4.758896003,1.134285461,-1.138727676,3.619850823,-3.614278218
0.41545,-4.739062814,4.749578203,1.100220898,-1.104738313,3.644634334,-3.638936326
0.4155,-4.733885928,4.744378084,1.069695125,-1.074285219,3.669998285,-3.664174236
0.41555,-4.732127461,4.742596434,1.040529004,-1.045189308,3.697422631,-3.691471807
0.4156,-4.65005038,4.660418947,1.002360774,-1.007088557,3.660099706,-3.654021692
0.41565,-4.463761705,4.473934079,0.921295906,-0.926086132,3.548190362,-3.541988916
0.4157,-4.28370646,4.293690022,0.850847838,-0.85569511,3.438587016,-3.432266749
0.41575,-4.113096778,4.122898602,0.788589295,-0.793488491,3.330176135,-3.323741467
0.4158,-3.950284034,3.959910878,0.729846932,-0.734793227,3.226049783,-3.219504968
0.41585,-3.794703001,3.804161311,0.67325806,-0.678246928,3.127005097,-3.120354226
0.4159,-3.646568966,3.655864883,0.619718329,-0.624745516,3.032361504,-3.025608501
0.41595,-3.505961381,3.515100749,0.569679343,-0.574740847,2.941746662,-2.934895278
0.416,-3.372679823,3.381668194,0.522800919,-0.52789298,2.855300151,-2.848353968
0.41605,-3.246501388,3.25534403,0.478697446,-0.483816534,2.773184504,-2.766146935
0.4161,-3.127286488,3.135988389,0.437216038,-0.442358842,2.695412855,-2.688287142
0.41615,-3.014920396,3.02348627,0.398268608,-0.403432022,2.621958412,-2.614747624
0.4162,-2.909267187,2.917701478,0.361711401,-0.366892512,2.552828857,-2.545535894
0.41625,-2.810178988,2.818485881,0.327372429,-0.332568504,2.488048173,-2.480675762
0.4163,-2.717512407,2.72569583,0.295093687,-0.300302161,2.427630845,-2.420181544
0.41635,-2.631128644,2.639192276,0.264730506,-0.269948973,2.371582623,-2.364058817
0.4164,-2.550888325,2.558835599,0.236138573,-0.241364772,2.319908338,-2.312312241
0.41645,-2.476650625,2.484484738,0.209172029,-0.214403831,2.272612923,-2.264946579
0.4165,-2.408274791,2.415998705,0.183687202,-0.188922603,2.229699205,-2.221964485
0.41655,-2.345620676,2.353237129,0.159543809,-0.164780916,2.191167237,-2.183365843
0.4166,-2.288548381,2.296059888,0.136604051,-0.141841072,2.15701484,-2.149148305
0.41665,-2.236918066,2.244326928,0.11473218,-0.119967413,2.127237858,-2.119307543
0.4167,-2.190590083,2.197898393,0.093794772,-0.099026595,2.101830005,-2.093837104
0.41675,-2.149425101,2.156634747,0.073660958,-0.07888782,2.080782766,-2.072728303
0.4168,-2.113284117,2.12039679,0.054202423,-0.05942283,2.06408541,-2.055970244
0.41685,-2.082028479,2.089045679,0.035293386,-0.040505897,2.051725027,-2.043549848
0.4169,-2.055519932,2.062442971,0.016810662,-0.022013875,2.043686517,-2.035451849
0.41695,-2.033620672,2.040450683,-0.00134402,-0.003821096,2.039952587,-2.031658791
0.417,-2.016193627,2.022931567,-0.019356954,0.014170835,2.040503441,-2.032150712
0.41705,-2.003101757,2.009748413,-0.037273246,0.032100494,2.045317763,-2.036906135
0.4171,-1.994208251,2.000764248,-0.055229823,0.050071769,2.054372374,-2.045901718
0.41715,-1.989378769,1.995844573,-0.073334566,0.068192546,2.067640212,-2.059110241
0.4172,-1.988478235,1.994854158,-0.091694735,0.086570098,2.08509348,-2.076503747
0.41725,-1.991372319,1.997658528,-0.110414734,0.105308847,2.106702263,-2.098052164
0.4173,-1.997927869,2.004124386,-0.12959538,0.124509639,2.13243425,-2.123723024
0.41735,-2.008012639,2.014119352,-0.149334513,0.144270351,2.162255062,-2.153481794
0.4174,-2.021495207,2.027511871,-0.169727229,0.16468612,2.196128401,-2.187292025
0.41745,-2.038245112,2.044171357,-0.190865693,0.18584916,2.234016011,-2.225115311
0.4175,-2.05813297,2.063968305,-0.212839027,0.207848652,2.275877673,-2.266911281
0.41755,-2.081030502,2.086774319,-0.235733344,0.23077077,2.321671266,-2.312637669
0.4176,-2.106810574,2.112462156,-0.259631756,0.254698697,2.371352823,-2.362250362
0.41765,-2.135347259,2.140905784,-0.284614368,0.279712612,2.424876574,-2.415703449
0.4177,-2.166515898,2.171980441,-0.310758248,0.305889665,2.482194992,-2.472949259
0.41775,-2.200193149,2.205562692,-0.338137436,0.333303982,2.543258841,-2.533938419
0.4178,-2.236257047,2.241530479,-0.366822943,0.362026667,2.608017231,-2.598619904
0.41785,-2.274587046,2.279763172,-0.396882751,0.392125798,2.676417677,-2.666941091
0.4179,-2.315064082,2.320141625,-0.42838182,0.423666439,2.748406148,-2.738847819
0.41795,-2.357570614,2.36254822,-0.461382099,0.456710644,2.823927132,-2.814284446
0.418,-2.401990677,2.406866921,-0.495942532,0.491317468,2.902923691,-2.893193908
0.41805,-2.448209929,2.452983318,-0.532119075,0.527542983,2.985337526,-2.97551778
0.4181,-2.496115696,2.500784674,-0.569964715,0.565440294,3.071109038,-3.061196341
0.41815,-2.545597015,2.550159968,-0.609529486,0.605059558,3.160177391,-3.150168635
0.4182,-2.596544678,2.600999937,-0.650860494,0.646448008,3.252480579,-3.242372539
0.41825,-2.648851272,2.653197119,-0.694001944,0.689649977,3.347955487,-3.337744825
0.4183,-2.702411215,2.706645885,-0.738995164,0.734706925,3.446537963,-3.436221227
0.41835,-2.757120797,2.761242484,-0.785878638,0.781657473,3.548162881,-3.537736511
0.4184,-2.812878208,2.81688507,-0.834688039,0.830537429,3.652764208,-3.642224538
0.41845,-2.869583578,2.873473735,-0.885456263,0.881379831,3.760275073,-3.749618333
0.4185,-2.927138998,2.930910543,-0.938213469,0.934214978,3.870627834,-3.859850153
0.41855,-2.985448555,2.989099554,-0.992987116,0.989070475,3.983754145,-3.972851555
0.4186,-3.044418355,3.047946852,-1.049802009,1.045971271,4.099585025,-4.088553462
0.41865,-3.103956547,3.107360565,-1.108680338,1.104939703,4.218050923,-4.20688623
0.4187,-3.16397334,3.167250889,-1.169641728,1.165995544,4.339081785,-4.327779716
0.41875,-3.224381028,3.227530104,-1.232703285,1.22915605,4.462607122,-4.451163345
0.4188,-3.285094002,3.288112593,-1.297879645,1.294436007,4.588556074,-4.576966174
0.41885,-3.346028766,3.348914853,-1.365183027,1.361847784,4.716857476,-4.705116955
0.4189,-3.407103947,3.409855511,-1.434623283,1.431401386,4.847439922,-4.835544205
0.41895,-3.468240306,3.470855327,-1.506207953,1.503104504,4.980231826,-4.968176264
0.419,-3.529360746,3.531837208,-1.57994232,1.576962572,5.115161488,-5.102941359
0.41905,-3.528778611,3.531114889,-1.634534773,1.631683706,5.162601569,-5.150297862
0.4191,-3.456167467,3.458365861,-1.637325807,1.634604785,5.099381883,-5.087105359
0.41915,-3.386627432,3.388691039,-1.645552265,1.642961758,5.037985259,-5.025735859
0.4192,-3.318666549,3.320598293,-1.657215646,1.654756154,4.981673913,-4.969451576
0.41925,-3.254376647,3.256179307,-1.669613557,1.667285635,4.929769667,-4.917574334
0.4193,-3.194261699,3.195937915,-1.682037146,1.679841422,4.882067713,-4.869899324
0.41935,-3.110644946,3.11214626,-1.656826805,1.654763893,4.779812406,-4.767670901
0.4194,-2.953832984,2.955101126,-1.652046695,1.650114773,4.611537895,-4.599423215
0.41945,-2.811073138,2.812119278,-1.63446584,1.632662689,4.451204545,-4.43911663
0.4195,-2.684463379,2.685298175,-1.607572579,1.60589614,4.297645745,-4.285584536
0.41955,-2.564961519,2.56559502,-1.582099348,1.580547619,4.152619034,-4.140584472
0.4196,-2.450089061,2.450530702,-1.560792742,1.559363763,4.016392121,-4.004384148
0.41965,-2.341745362,2.342004007,-1.541263773,1.539955669,3.888475127,-3.876493684
0.4197,-2.240872884,2.240956864,-1.522308029,1.521119033,3.768605892,-3.756650919
0.41975,-2.146847559,2.14676468,-1.504535744,1.50346421,3.656770377,-3.644841816
0.4198,-2.058993743,2.058751305,-1.488594311,1.487638714,3.55294014,-3.541037932
0.41985,-1.977107031,1.976711845,-1.474588959,1.473747905,3.457015826,-3.445139914
0.4199,-1.901095676,1.900554082,-1.462500599,1.461772842,3.368886436,-3.357036762
0.41995,-1.830746569,1.830064459,-1.452444847,1.451829295,3.288454333,-3.276630838
0.42,-1.765790778,1.764973614,-1.44459519,1.444090916,3.215623936,-3.203826562
0.42005,-1.70598805,1.705040877,-1.439090431,1.438696682,3.150293675,-3.138522365
0.4201,-1.65112184,1.650049311,-1.4360414,1.435757605,3.09235773,-3.080612426
0.42015,-1.600972603,1.599778992,-1.435559882,1.435385664,3.041708248,-3.029988893
0.4202,-1.555315045,1.554004266,-1.437761232,1.437696412,2.998235209,-2.986541746
0.42025,-1.513926034,1.512501662,-1.442755981,1.442800589,2.961825948,-2.950158318
0.4203,-1.476586808,1.475052091,-1.450647687,1.450801967,2.932365203,-2.92072335
0.42035,-1.443081033,1.441438914,-1.46153504,1.461799462,2.909735291,-2.898119159
0.4204,-1.413194,1.411447132,-1.475512739,1.475888001,2.893816171,-2.882225702
0.42045,-1.386713259,1.384864021,-1.492670905,1.493157941,2.884485495,-2.872920632
0.4205,-1.363429099,1.361479614,-1.513094682,1.513694669,2.881618689,-2.870079376
0.42055,-1.343134572,1.341086724,-1.536864307,1.537578671,2.885089046,-2.873575227
0.4206,-1.325625502,1.323480951,-1.564055188,1.564885608,2.894767815,-2.883279433
0.42065,-1.310700626,1.308460823,-1.594737864,1.595686276,2.910524295,-2.899061294
0.4207,-1.298161752,1.295827957,-1.628977944,1.63004655,2.93222594,-2.920788263
0.42075,-1.287813883,1.285387179,-1.666836097,1.668027366,2.959738466,-2.948326059
0.4208,-1.279465321,1.276946627,-1.708368062,1.709684732,2.992925968,-2.981538774
0.42085,-1.272927774,1.270317866,-1.753624648,1.755069733,3.031651029,-3.020288992
0.4209,-1.268016476,1.265315994,-1.802651747,1.80422854,3.075774846,-3.064437911
0.42095,-1.264550286,1.261759753,-1.85549035,1.857202424,3.125157351,-3.113845463
0.421,-1.262351789,1.259471624,-1.91217658,1.914027789,3.17965734,-3.168370443
0.42105,-1.261247392,1.258277923,-1.97274172,1.974736206,3.239132601,-3.22787064
0.4211,-1.26106741,1.258008887,-2.037212262,2.039354451,3.303440045,-3.292202965
0.42115,-1.261646156,1.258498763,-2.105609952,2.107904558,3.372435842,-3.361223588
0.4212,-1.262822012,1.259585884,-2.177951849,2.180403876,3.445975552,-3.434788069
0.42125,-1.264437508,1.261112737,-2.254250388,2.256865127,3.523914264,-3.512751498
0.4213,-1.266339385,1.262926036,-2.33451345,2.337296483,3.606106729,-3.594968626
0.42135,-1.268378654,1.264876777,-2.418744439,2.421701634,3.6924075,-3.681294004
0.4214,-1.270410654,1.266820292,-2.506942361,2.510079879,3.782671064,-3.771582122
0.42145,-1.272295096,1.268616297,-2.599101919,2.602426204,3.876751979,-3.865687536
0.4215,-1.273896102,1.270128932,-2.6952136,2.698731385,3.974505008,-3.963465011
0.42155,-1.275082246,1.271226795,-2.795263777,2.798982081,4.075785253,-4.064769647
0.4216,-1.275726575,1.271782971,-2.899234815,2.903160936,4.180448282,-4.169457014
0.42165,-1.275706632,1.271675047,-3.007105171,3.011246692,4.288350264,-4.277383279
0.4217,-1.274904475,1.270785135,-3.118849517,3.123214296,4.399348089,-4.388405335
0.42175,-1.273206679,1.268999873,-3.234438845,3.23903502,4.513299497,-4.50238092
0.4218,-1.270504339,1.26621043,-3.353840595,3.358676574,4.630063197,-4.619168743
0.42185,-1.266693072,1.262312498,-3.477018774,3.482103236,4.749498982,-4.738628598
0.4219,-1.228228381,1.223761707,-3.565474302,3.570756851,4.806140078,-4.795293712
0.42195,-1.212724343,1.208174146,-3.570522587,3.575928716,4.789074435,-4.778252034
0.422,-1.185750563,1.181119668,-3.582639858,3.588169913,4.774294934,-4.763496444
0.42205,-1.150408592,1.145699644,-3.604002265,3.609656643,4.760326464,-4.749551833
0.4221,-1.116146837,1.111362413,-3.627726527,3.633505723,4.749801736,-4.739050911
0.42215,-1.085435776,1.080578416,-3.652036768,3.657941385,4.743415281,-4.732688209
0.4222,-1.056126979,1.05119917,-3.678396308,3.684427046,4.740482009,-4.729778639
0.42225,-1.017573648,1.012578138,-3.640116298,3.646273538,4.657021358,-4.646418861
0.4223,-0.936012915,0.930954787,-3.527298098,3.533578053,4.469192133,-4.458786189
0.42235,-0.865037896,0.859922593,-3.416810092,3.423208126,4.287597652,-4.277380826
0.4224,-0.80224228,0.797074968,-3.307525378,3.314037043,4.115457247,-4.105422414
0.42245,-0.743015022,0.737800568,-3.202504924,3.209125937,3.95115305,-3.941293401
0.4225,-0.685993762,0.680736731,-3.102549096,3.109275339,3.794122944,-3.784431984
0.42255,-0.632051589,0.626756269,-3.006990177,3.013817697,3.644572097,-3.635043636
0.4226,-0.581636623,0.576307049,-2.915456956,2.922381972,3.502577227,-3.493205373
0.42265,-0.534416129,0.529056092,-2.828084958,2.835103858,3.367940942,-3.358720096
0.4227,-0.490006822,0.484619876,-2.745036147,2.752145489,3.240441742,-3.231366592
0.42275,-0.448253409,0.44284289,-2.666325537,2.673522051,3.119939187,-3.111004701
0.4228,-0.409066375,0.403635409,-2.591927417,2.599208001,3.00631789,-2.997519312
0.42285,-0.372302292,0.366853812,-2.521849578,2.529211303,2.899442071,-2.890774914
0.4229,-0.337789417,0.33232617,-2.456116234,2.46355634,2.799164062,-2.7906241
0.42295,-0.305369346,0.299893909,-2.394742459,2.40225836,2.705340404,-2.69692367
0.423,-0.274896907,0.269411697,-2.337734613,2.345323892,2.617832166,-2.609534944
0.42305,-0.246227442,0.240734727,-2.285098038,2.292758449,2.536499919,-2.528318738
0.4231,-0.219214771,0.213716684,-2.236838158,2.244567627,2.461202806,-2.453134434
0.42315,-0.193714817,0.188213365,-2.192958329,2.200754952,2.391800012,-2.383841451
0.4232,-0.16958684,0.164083916,-2.153459149,2.161321194,2.328151309,-2.32029979
0.42325,-0.146692571,0.141189964,-2.118338981,2.126264883,2.270116713,-2.262369686
0.4233,-0.124895768,0.119395175,-2.087594205,2.095582571,2.217556293,-2.209911426
0.42335,-0.10406249,0.098565525,-2.061219077,2.069268683,2.170330301,-2.162785474
0.4234,-0.084061317,0.078569522,-2.039205626,2.047315414,2.128299292,-2.120852586
0.42345,-0.064763354,0.05927821,-2.021543665,2.029712747,2.091324139,-2.083973836
0.4235,-0.046042224,0.040565158,-2.008220824,2.016448479,2.059266055,-2.05201063
0.42355,-0.027774114,0.022306513,-1.999222544,2.007508215,2.031986636,-2.02482475
0.4236,-0.009837842,0.004381058,-1.994532068,2.002875365,2.009347917,-2.002278416
0.42365,0.007878085,-0.013343666,-1.994134263,2.002534959,1.991208516,-1.984230419
0.4237,0.025500594,-0.030952669,-1.997996718,2.006454749,1.977442876,-1.970555373
0.42375,0.043139544,-0.048576806,-2.006106227,2.01462169,1.967904559,-1.961107007
0.4238,0.060907221,-0.06632836,-2.018436126,2.027009281,1.962458956,-1.955750869
0.42385,0.07890792,-0.084311617,-2.034957313,2.043588576,1.960972652,-1.9543537
0.4239,0.097245597,-0.102630512,-2.055639809,2.064329756,1.963311727,-1.956781728
0.42395,0.116022879,-0.121387648,-2.08045228,2.089201641,1.96934224,-1.962901154
0.424,0.135338863,-0.140682087,-2.109361034,2.118170694,1.978931425,-1.972579352
0.42405,0.155289198,-0.160609437,-2.142330119,2.151201118,1.991947715,-1.985684886
0.4241,0.175966725,-0.18126249,-2.179321668,2.188255196,2.008260438,-2.002087211
0.42415,0.197461483,-0.202731232,-2.220295942,2.229293336,2.027739853,-2.021656709
0.4242,0.219860496,-0.225102622,-2.265211275,2.274274023,2.050257322,-2.044264857
0.42425,0.243247732,-0.248460563,-2.314024117,2.32315385,2.075685374,-2.069784298
0.4243,0.267704154,-0.272885943,-2.3666891,2.375887593,2.103897734,-2.098088862
0.42435,0.293307724,-0.298456644,-2.423159088,2.432428259,2.134769365,-2.129053614
0.4244,0.320133381,-0.325247518,-2.483385228,2.492727133,2.168176539,-2.162554923
0.42445,0.348253035,-0.353330384,-2.547316994,2.556733825,2.203996888,-2.198470513
0.4245,0.37773557,-0.382774032,-2.614902243,2.624396331,2.242109457,-2.236679515
0.42455,0.408646856,-0.413644229,-2.686087279,2.695661083,2.282394755,-2.277062522
0.4246,0.441049751,-0.446003727,-2.760816901,2.770473012,2.324734803,-2.319501631
0.42465,0.47500411,-0.479912273,-2.839034469,2.848775607,2.36901319,-2.363880503
0.4247,0.510566803,-0.51542662,-2.920681964,2.930510973,2.41511511,-2.410084404
0.42475,0.547791724,-0.552600545,-3.005700048,3.015619894,2.462927421,-2.458000251
0.4248,0.586729818,-0.591484871,-3.094028129,3.104041901,2.512338678,-2.507516663
0.42485,0.627429095,-0.632127482,-3.185604426,3.195715329,2.563239183,-2.558523994
0.4249,0.669934661,-0.674573355,-3.280366034,3.290577388,2.615521022,-2.610914383
0.42495,0.714288739,-0.718864582,-3.37824899,3.388564227,2.669078107,-2.664581788
0.425,0.760530702,-0.765040401,-3.479188337,3.489611001,2.723806211,-2.719422023
0.42505,0.808697106,-0.813137231,-3.583118198,3.593651937,2.779603001,-2.775332797
0.4251,0.858821721,-0.863188701,-3.689971835,3.700620405,2.836368076,-2.832213741
0.42515,0.91093557,-0.915225694,-3.799681724,3.81044898,2.894002994,-2.889966445
0.4252,0.965066969,-0.969276381,-3.912179618,3.923069513,2.952411301,-2.94849448
0.42525,1.021241564,-1.025366263,-4.027396614,4.038413199,3.011498555,-3.007703431
0.4253,1.079482379,-1.083518219,-4.145263226,4.156410644,3.071172356,-3.067500915
0.42535,1.139809861,-1.143752545,-4.265709445,4.276991929,3.13134236,-3.127796607
0.4254,1.202241922,-1.206087004,-4.388664809,4.40008668,3.191920307,-3.188502256
0.42545,1.266793993,-1.270536878,-4.51405847,4.525624134,3.252820028,-3.249531705
0.4255,1.333479071,-1.337115012,-4.641819257,4.6535332,3.313957468,-3.310800906
0.42555,1.402307773,-1.405831873,-4.77187574,4.783742528,3.375250694,-3.372227927
0.4256,1.47328839,-1.476695597,-4.904156296,4.91618057,3.436619908,-3.433732971
0.42565,1.546426937,-1.549712049,-5.038589171,5.050775645,3.497987452,-3.495238377
0.4257,1.600706012,-1.603864098,-5.085742328,5.098011069,3.497502704,-3.494893132
0.42575,1.60331638,-1.606346096,-5.022410379,5.034652014,3.424924478,-3.422452116
0.4258,1.611412132,-1.614313022,-4.960924284,4.973138873,3.35539381,-3.353055569
0.42585,1.622976102,-1.625747683,-4.904540747,4.916728349,3.287431752,-3.285224712
0.4259,1.635248302,-1.637890032,-4.852563648,4.864724323,3.223169695,-3.221091087
0.42595,1.64752016,-1.650031431,-4.804787091,4.816920899,3.163110177,-3.161157367
0.426,1.660471288,-1.662851422,-4.761280056,4.773387057,3.106642527,-3.104813021
0.42605,1.635966155,-1.638214493,-4.663539771,4.675620023,3.026768385,-3.025109357
0.4261,1.631819212,-1.633937553,-4.499900748,4.51195431,2.873832304,-2.872400457
0.42615,1.614656426,-1.616646966,-4.344160507,4.356187439,2.735129909,-2.733914414
0.4262,1.588186871,-1.590051636,-4.195186398,4.207186758,2.612572055,-2.611562585
0.42625,1.563350778,-1.565091731,-4.054720851,4.066694699,2.496893107,-2.496079934
0.4263,1.542813246,-1.544432305,-3.923004604,3.934951998,2.385668525,-2.385042525
0.42635,1.524087098,-1.52558609,-3.79954418,3.811465179,2.280891781,-2.28044439
0.4264,1.505983088,-1.507363721,-3.68408534,3.695980001,2.183497676,-2.183220855
0.42645,1.489149656,-1.490413516,-3.576615701,3.588484083,2.092825195,-2.092711417
0.4265,1.474233221,-1.475381766,-3.477102946,3.488945108,2.008195416,-2.008237652
0.42655,1.461322967,-1.462357517,-3.385444917,3.397260916,1.929416824,-1.929608524
0.4266,1.450395235,-1.451316959,-3.301529814,3.313319708,1.856401127,-1.856736201
0.42665,1.441568223,-1.442378131,-3.225259167,3.237023014,1.788931516,-1.789404311
0.4267,1.435015158,-1.435714088,-3.156535938,3.168273795,1.726737599,-1.727342887
0.42675,1.43087164,-1.431460252,-3.095257036,3.10696896,1.669580575,-1.670313529
0.4268,1.429245736,-1.429724503,-3.041315315,3.053001364,1.617245129,-1.61810131
0.42685,1.430247463,-1.43061666,-2.994601646,3.006261878,1.569512033,-1.570487368
0.4269,1.43399036,-1.434250059,-2.955004705,2.966639176,1.526156348,-1.527247115
0.42695,1.440582774,-1.440732836,-2.92241053,2.934019297,1.486955705,-1.488158513
0.427,1.450126002,-1.450166066,-2.896702608,2.908285728,1.451692247,-1.453004021
0.42705,1.462716547,-1.462646027,-2.877762036,2.889319566,1.420150533,-1.421568495
0.4271,1.47844692,-1.478264996,-2.865467587,2.876999583,1.3921168,-1.393638454
0.42715,1.497405004,-1.497110616,-2.859695762,2.871202281,1.367379655,-1.369002767
0.4272,1.519673677,-1.519265521,-2.860320881,2.871801979,1.345730538,-1.347453124
0.42725,1.545330901,-1.54480742,-2.867215178,2.878670911,1.326963732,-1.328784037
0.4273,1.574449801,-1.573809183,-2.880248887,2.891679311,1.310876364,-1.31279285
0.42735,1.607098625,-1.606338795,-2.899290344,2.910695515,1.297268556,-1.299279883
0.4274,1.643340685,-1.642459303,-2.924206095,2.935586069,1.285943581,-1.288048596
0.42745,1.683234353,-1.68222881,-2.954861007,2.966215839,1.276707984,-1.278905699
0.4275,1.726833073,-1.725700488,-2.991118378,3.002448124,1.269371679,-1.271661261
0.42755,1.77418537,-1.772922583,-3.03284006,3.044144775,1.263748063,-1.266128819
0.4276,1.825334859,-1.823938433,-3.079886579,3.09116632,1.259654122,-1.262125484
0.42765,1.880320272,-1.878786486,-3.132117263,3.143372084,1.256910539,-1.259472049
0.4277,1.939175487,-1.937500336,-3.189390368,3.200620323,1.255341785,-1.257993083
0.42775,2.001929566,-2.000108761,-3.251563208,3.262768353,1.254776213,-1.257517021
0.4278,2.068606805,-2.066635768,-3.318492291,3.32967268,1.255046143,-1.257876256
0.42785,2.139226781,-2.137100648,-3.39003345,3.401189138,1.255987945,-1.258907215
0.4279,2.213804417,-2.211518033,-3.466041979,3.477173021,1.257442113,-1.260450437
0.42795,2.292350046,-2.289897967,-3.546372771,3.557479221,1.259253335,-1.262350644
0.428,2.374869485,-2.372245978,-3.630880452,3.641962364,1.261270552,-1.2644568
0.42805,2.461364112,-2.458563157,-3.719419516,3.730476944,1.263347021,-1.26662217
0.4281,2.551830957,-2.548846242,-3.811844465,3.822877464,1.265340359,-1.268704371
0.42815,2.646262785,-2.643087715,-3.90800994,3.919018563,1.267112588,-1.270565416
0.4282,2.744648198,-2.74127589,-4.007770857,4.018755158,1.268530177,-1.272071749
0.42825,2.846971734,-2.843395022,-4.110982535,4.121942567,1.269464065,-1.273094281
0.4283,2.953213972,-2.949425408,-4.21750083,4.228436648,1.269789691,-1.273508407
0.42835,3.063351646,-3.059343499,-4.327182264,4.338093921,1.269387008,-1.273194032
0.4284,3.17735775,-3.173122017,-4.439884144,4.450771692,1.268140495,-1.272035575
0.42845,3.295201667,-3.290730066,-4.55546469,4.566328183,1.265939162,-1.269921978
0.4285,3.416849281,-3.412133261,-4.673783152,4.684622643,1.262676548,-1.266746706
0.42855,3.542263104,-3.537293844,-4.794699926,4.805515468,1.258250712,-1.262407734
0.4286,3.632356752,-3.627185526,-4.852530405,4.86332205,1.219427174,-1.223670454
0.42865,3.638710661,-3.633413246,-4.836471539,4.847239341,1.203641672,-1.207968624
0.4287,3.651994672,-3.64657069,-4.822656275,4.833400285,1.176486015,-1.180893807
0.42875,3.674435512,-3.668884533,-4.809600587,4.820320859,1.141002136,-1.145488112
0.4288,3.699285614,-3.693607109,-4.799933364,4.81062995,1.106498937,-1.111060509
0.42885,3.724760071,-3.718953405,-4.794365504,4.805038457,1.075472364,-1.080106976
0.4289,3.684808146,-3.678872996,-4.708649274,4.719220384,1.03629255,-1.040997371
0.42895,3.570515756,-3.564455962,-4.518562584,4.528934893,0.953810725,-0.958580566
0.429,3.458883587,-3.45270384,-4.334572581,4.344753627,0.881454849,-0.886284163
0.42905,3.348502071,-3.342206874,-4.160028665,4.170025675,0.817230939,-0.822114463
0.4291,3.24227729,-3.235870979,-3.99340509,4.003224972,0.75677451,-0.761707283
0.42915,3.141062816,-3.134549565,-3.834119883,3.84376923,0.698649683,-0.703627049
0.4292,3.044253722,-3.037637537,-3.682342957,3.691828056,0.643631086,-0.648648668
0.42925,2.951476804,-2.944761521,-3.538149958,3.547476794,0.592167372,-0.597221055
0.4293,2.862847995,-2.856037281,-3.401355323,3.410529586,0.543956859,-0.549042774
0.42935,2.77852659,-2.771623941,-3.271740724,3.280767819,0.498621747,-0.503736264
0.4294,2.698534057,-2.6915428,-3.149162768,3.158047813,0.455997006,-0.461136719
0.42945,2.6228476,-2.615770891,-3.033504766,3.042252605,0.415988582,-0.421150298
0.4295,2.551474392,-2.544315216,-2.924631975,2.93324718,0.378454411,-0.383635137
0.42955,2.484438511,-2.477199682,-2.822397641,2.830884518,0.343223519,-0.348420448
0.4296,2.421756103,-2.414440263,-2.726658414,2.735021012,0.31013628,-0.31534678
0.42965,2.363434665,-2.356044287,-2.637275364,2.645517478,0.279046143,-0.284267747
0.4297,2.309480317,-2.302017701,-2.554109296,2.562234475,0.24980768,-0.255038071
0.42975,2.259899206,-2.252366482,-2.477019646,2.485031196,0.222274076,-0.227511078
0.4298,2.214695517,-2.207094644,-2.405865806,2.413766799,0.196300439,-0.201542005
0.42985,2.173870721,-2.166203487,-2.340507709,2.348300986,0.171745143,-0.176989344
0.4299,2.137424034,-2.129692057,-2.280805533,2.288493713,0.148469071,-0.153714084
0.42995,2.10535268,-2.097557409,-2.226619509,2.234204991,0.126335156,-0.131579255
0.43,2.077651769,-2.069794483,-2.177810028,2.185294999,0.105208616,-0.110450159
0.43005,2.054314189,-2.046395999,-2.134237757,2.1416242,0.084957173,-0.090194595
0.4301,2.035330617,-2.027352465,-2.09576367,2.103053365,0.065451076,-0.070682877
0.43015,2.020689543,-2.012652204,-2.062249059,2.069443592,0.046563085,-0.051787818
0.4302,2.010377265,-2.00228135,-2.03355558,2.040656347,0.028168523,-0.033384789
0.43025,2.004377886,-1.996223838,-2.009545308,2.016553524,0.010145336,-0.015351772
0.4303,2.002676112,-1.994464211,-1.990077958,1.996994656,-0.007623934,0.002426162
0.43035,2.005243066,-1.996973428,-1.975025135,1.981851178,-0.025262674,0.020077385
0.4304,2.012065316,-2.003737896,-1.964241482,1.970977565,-0.042877827,0.03770634
0.43045,2.023114491,-2.014729083,-1.957595057,1.964241717,-0.060581588,0.055425213
0.4305,2.038364531,-2.029920768,-1.954950055,1.961507669,-0.078483761,0.073343815
0.43055,2.057786616,-2.049283974,-1.956172053,1.96264085,-0.096689935,0.091567752
0.4306,2.081349594,-2.072787392,-1.961127685,1.967507749,-0.115302308,0.110199245
0.43065,2.109020425,-2.100397828,-1.969684233,1.975975508,-0.134420533,0.129337979
0.4307,2.140764118,-2.132080136,-1.981709771,1.987912067,-0.154141517,0.149080899
0.43075,2.17654364,-2.167797133,-1.997073367,2.003186366,-0.174559123,0.169521916
0.4308,2.216319966,-2.207509643,-2.015645132,2.02166839,-0.195764178,0.190751909
0.43085,2.260052161,-2.251176582,-2.03729622,2.043229178,-0.217844545,0.2128588
0.4309,2.307697415,-2.298754997,-2.061898896,2.067740879,-0.240885103,0.235927534
0.43095,2.359211083,-2.350200095,-2.089326596,2.095076822,-0.264967713,0.260040045
0.431,2.414546724,-2.405465296,-2.119453992,2.125111575,-0.290171208,0.285275244
0.43105,2.473656162,-2.464502282,-2.152157037,2.157720993,-0.316571394,0.31170902
0.4311,2.536489532,-2.527261051,-2.18731302,2.192782272,-0.344241048,0.339414242
0.43115,2.602995335,-2.593689967,-2.224800622,2.230174004,-0.373249921,0.368460754
0.4312,2.673120492,-2.66373582,-2.264499967,2.26977623,-0.403664737,0.398915378
0.43125,2.746810404,-2.73734388,-2.306292671,2.311470487,-0.4355492,0.430841925
0.4313,2.824009011,-2.814457955,-2.350061897,2.355139863,-0.468964007,0.464301198
0.43135,2.904658848,-2.895020458,-2.395692397,2.40066904,-0.503966857,0.499351012
0.4314,2.988701114,-2.978972462,-2.443070563,2.447944345,-0.540612468,0.536046201
0.43145,3.076075729,-3.066253766,-2.492084468,2.49685379,-0.578952596,0.57443864
0.4315,3.166721399,-3.156802959,-2.542623915,2.547287122,-0.619036053,0.614577269
0.43155,3.260575687,-3.250557485,-2.594580473,2.599135858,-0.660908733,0.656508107
0.4316,3.35757507,-3.347453711,-2.647847522,2.652293329,-0.70461364,0.70027429
0.43165,3.457655012,-3.447426988,-2.702320285,2.706654714,-0.750190912,0.74591609
0.4317,3.560750028,-3.550411724,-2.757895866,2.762117078,-0.797677856,0.79347095
0.43175,3.666793752,-3.656341448,-2.814473288,2.818579407,-0.847108984,0.84297352
0.4318,3.775719004,-3.765148878,-2.871953515,2.875942634,-0.898516043,0.89445569
0.43185,3.887457861,-3.876765989,-2.93023949,2.934109674,-0.951928059,0.947946627
0.4319,4.001941718,-3.991124082,-2.989236158,2.992985446,-1.007371375,1.00347282
0.43195,4.119101361,-4.108153848,-3.048850491,3.052476901,-1.064869696,1.061058121
0.432,4.238867032,-4.227785438,-3.108991509,3.112493044,-1.124444131,1.120723786
0.43205,4.361168495,-4.349948528,-3.169570305,3.172944951,-1.186113242,1.182488526
0.4321,4.485935105,-4.474572387,-3.230500056,3.233745792,-1.249893091,1.246368554
0.43215,4.613095869,-4.60158594,-3.291696046,3.29481084,-1.315797291,1.312377632
0.4322,4.742579514,-4.730917833,-3.353075672,3.35605749,-1.383837056,1.380527128
0.43225,4.874314549,-4.8624965,-3.414558461,3.417405267,-1.454021258,1.450826063
0.4323,5.00822933,-4.996250222,-3.476066074,3.478775835,-1.526356474,1.523281169
0.43235,5.054915694,-5.042854777,-3.475590842,3.478161916,-1.580090397,1.577139866
0.4324,4.991076032,-4.979041762,-3.402962818,3.405397503,-1.582279289,1.579454861
0.43245,4.929108264,-4.917100582,-3.333363898,3.33566529,-1.589994459,1.587296576
0.4325,4.872264232,-4.86028308,-3.265325903,3.267496927,-1.601203251,1.598632384
0.43255,4.819830817,-4.807876135,-3.201015538,3.203058969,-1.613093457,1.610650133
0.4326,4.771600682,-4.759672413,-3.140935208,3.142853684,-1.624955268,1.622640081
0.43265,4.72764814,-4.715746224,-3.084460881,3.086256899,-1.63748706,1.635300669
0.4327,4.629299504,-4.617423885,-3.004425667,3.006052395,-1.612600437,1.610543487
0.43275,4.4649703,-4.453120918,-2.851258193,2.852659396,-1.60811871,1.606189387
0.4328,4.308506751,-4.296683549,-2.712380558,2.713567094,-1.590523161,1.588719256
0.43285,4.158790468,-4.146993387,-2.589666507,2.590648732,-1.563574569,1.561894038
0.4329,4.017600711,-4.005829693,-2.47380624,2.474593907,-1.538294697,1.536735559
0.43295,3.885177867,-3.873432855,-2.362413663,2.363015919,-1.517310412,1.515870729
0.433,3.761016859,-3.749297795,-2.257517684,2.257943111,-1.498087968,1.496765891
0.43305,3.644863243,-3.633170071,-2.160041287,2.160297943,-1.479450145,1.47824394
0.4331,3.536709498,-3.52504216,-2.069304655,2.069400081,-1.462069433,1.460977488
0.43315,3.436524992,-3.42488343,-1.984630477,1.984571715,-1.4465927,1.44561353
0.4332,3.344207158,-3.332591316,-1.905835866,1.905629474,-1.433100439,1.432232694
0.43325,3.259644502,-3.248054323,-1.832833967,1.832486045,-1.421568167,1.420810647
0.4333,3.182739599,-3.171175026,-1.765405159,1.764921361,-1.412118221,1.411469884
0.43335,3.113396316,-3.101857293,-1.703278206,1.702663765,-1.404925831,1.404385806
0.4334,3.051512212,-3.039998682,-1.646215375,1.645475116,-1.400126405,1.399693998
0.43345,2.996980771,-2.985492677,-1.594001947,1.593140307,-1.397828247,1.397502947
0.4335,2.949693538,-2.938230825,-1.546418442,1.545439489,-1.398142468,1.397923963
0.43355,2.909539847,-2.898102458,-1.50323965,1.502147098,-1.40118369,1.401071868
0.4336,2.876406357,-2.864994237,-1.464243167,1.463040397,-1.407061033,1.407055996
0.43365,2.850177142,-2.838790235,-1.429211088,1.427901163,-1.415876529,1.415978597
0.4337,2.830733867,-2.819372116,-1.397927778,1.396513461,-1.427727513,1.427937232
0.43375,2.817955841,-2.806619191,-1.370179207,1.368662979,-1.44270735,1.443025497
0.4338,2.811720074,-2.80040847,-1.345753698,1.344137772,-1.460904741,1.461332333
0.43385,2.811901366,-2.800614753,-1.324442377,1.322728717,-1.482403362,1.482941662
0.4339,2.818372397,-2.807110719,-1.306039157,1.304229495,-1.507281971,1.507932492
0.43395,2.831003818,-2.81976702,-1.290340751,1.288436601,-1.535614487,1.536378998
0.434,2.84966435,-2.838452377,-1.277146825,1.275149498,-1.567469937,1.568350467
0.43405,2.87422089,-2.863033687,-1.266260159,1.264170781,-1.602912396,1.603911241
0.4341,2.904538622,-2.893376135,-1.257486764,1.255306293,-1.642000988,1.643120712
0.43415,2.940481131,-2.929343305,-1.250635988,1.248365221,-1.684789893,1.686033334
0.4342,2.981910519,-2.9707973,-1.24552062,1.243160218,-1.731328355,1.732698627
0.43425,3.028687531,-3.017598864,-1.241957012,1.239507507,-1.78166069,1.783161186
0.4343,3.080671675,-3.069607507,-1.239765175,1.237226987,-1.835826311,1.837460709
0.43435,3.137721359,-3.126681635,-1.238768882,1.236142333,-1.89385976,1.895632018
0.4344,3.199694011,-3.188678677,-1.238795758,1.236081084,-1.95579074,1.957705105
0.43445,3.266446221,-3.255455223,-1.239677372,1.236874736,-2.021644165,2.02370517
0.4345,3.33783387,-3.326867155,-1.241249316,1.238358824,-2.091440209,2.093652676
0.43455,3.413712268,-3.402769782,-1.243351284,1.240372993,-2.165194366,2.167563407
0.4346,3.493936291,-3.48301798,-1.245827143,1.242761077,-2.242917517,2.245448534
0.43465,3.578360515,-3.567466327,-1.248524999,1.245371158,-2.324616001,2.327314684
0.4347,3.666839356,-3.655969236,-1.251297251,1.248055624,-2.410291693,2.413164024
0.43475,3.759227202,-3.748381098,-1.254000648,1.250671222,-2.499942091,2.502994338
0.4348,3.855378555,-3.844556414,-1.256496332,1.253079106,-2.593560404,2.596799126
0.43485,3.955148158,-3.944349927,-1.258649875,1.25514487,-2.69113565,2.69456769
0.4349,4.058391136,-4.047616762,-1.260331319,1.256738583,-2.792652754,2.796285242
0.43495,4.164963118,-4.154212548,-1.261415191,1.257734815,-2.898092657,2.901933003
0.435,4.274720371,-4.263993555,-1.261780531,1.258012655,-3.007432421,3.011488319
0.43505,4.387519929,-4.376816812,-1.261310902,1.257455723,-3.120645347,3.124924768
0.4351,4.503219709,-4.492540239,-1.259894394,1.255952178,-3.237701092,3.242212283
0.43515,4.621678636,-4.611022762,-1.257423627,1.253394714,-3.358565788,3.363317268
0.4352,4.74275676,-4.732124429,-1.253795742,1.249680555,-3.483202167,3.488202725
0.43525,4.800850029,-4.79024119,-1.215613862,1.211412952,-3.572826314,3.578025542
0.4353,4.785135075,-4.774549677,-1.200480201,1.196196118,-3.578854233,3.584177522
0.43535,4.771638126,-4.761076115,-1.173807667,1.169443208,-3.591952129,3.59739986
0.4354,4.758896004,-4.748357329,-1.138727676,1.134285461,-3.614278219,3.619850823
0.43545,4.749578204,-4.739062814,-1.104738313,1.100220898,-3.638936327,3.644634335
0.4355,4.744378084,-4.733885928,-1.074285219,1.069695125,-3.664174237,3.669998286
0.43555,4.742596435,-4.732127462,-1.045189308,1.040529004,-3.691471808,3.697422632
0.4356,4.660418947,-4.65005038,-1.007088558,1.002360774,-3.654021693,3.660099707
0.43565,4.47393408,-4.463761706,-0.926086132,0.921295906,-3.541988917,3.548190362
0.4357,4.293690023,-4.283706461,-0.85569511,0.850847838,-3.432266749,3.438587016
0.43575,4.122898603,-4.113096778,-0.793488491,0.788589295,-3.323741468,3.330176136
0.4358,3.959910879,-3.950284034,-0.734793228,0.729846933,-3.219504969,3.226049784
0.43585,3.804161311,-3.794703002,-0.678246928,0.673258061,-3.120354227,3.127005098
0.4359,3.655864884,-3.646568967,-0.624745516,0.619718329,-3.025608501,3.032361505
0.43595,3.515100749,-3.505961382,-0.574740847,0.569679343,-2.934895279,2.941746663
0.436,3.381668195,-3.372679824,-0.52789298,0.522800919,-2.848353969,2.855300151
0.43605,3.255344031,-3.246501388,-0.483816534,0.478697446,-2.766146935,2.773184504
0.4361,3.13598839,-3.127286488,-0.442358842,0.437216038,-2.688287142,2.695412856
0.43615,3.02348627,-3.014920397,-0.403432022,0.398268608,-2.614747625,2.621958413
0.4362,2.917701479,-2.909267187,-0.366892512,0.361711401,-2.545535894,2.552828858
0.43625,2.818485881,-2.810178988,-0.332568504,0.327372429,-2.480675763,2.488048173
0.4363,2.725695831,-2.717512407,-0.300302161,0.295093687,-2.420181545,2.427630846
0.43635,2.639192276,-2.631128644,-0.269948973,0.264730506,-2.364058818,2.371582623
0.4364,2.5588356,-2.550888325,-0.241364772,0.236138573,-2.312312241,2.319908338
0.43645,2.484484738,-2.476650626,-0.214403831,0.209172029,-2.264946579,2.272612924
0.4365,2.415998705,-2.408274791,-0.188922603,0.183687202,-2.221964486,2.229699206
0.43655,2.353237129,-2.345620677,-0.164780916,0.159543809,-2.183365844,2.191167237
0.4366,2.296059888,-2.288548382,-0.141841072,0.136604051,-2.149148306,2.157014841
0.43665,2.244326928,-2.236918066,-0.119967413,0.11473218,-2.119307544,2.127237859
0.4367,2.197898394,-2.190590084,-0.099026595,0.093794772,-2.093837105,2.101830006
0.43675,2.156634747,-2.149425101,-0.07888782,0.073660958,-2.072728304,2.080782766
0.4368,2.120396791,-2.113284117,-0.05942283,0.054202423,-2.055970244,2.064085411
0.43685,2.08904568,-2.082028479,-0.040505897,0.035293386,-2.043549848,2.051725027
0.4369,2.062442972,-2.055519932,-0.022013875,0.016810662,-2.03545185,2.043686518
0.43695,2.040450684,-2.033620673,-0.003821096,-0.00134402,-2.031658791,2.039952588
0.437,2.022931568,-2.016193628,0.014170835,-0.019356954,-2.032150712,2.040503441
0.43705,2.009748414,-2.003101757,0.032100494,-0.037273246,-2.036906135,2.045317764
0.4371,2.000764249,-1.994208252,0.050071769,-0.055229823,-2.045901719,2.054372374
0.43715,1.995844574,-1.98937877,0.068192546,-0.073334566,-2.059110242,2.067640213
0.4372,1.994854159,-1.988478235,0.086570098,-0.091694736,-2.076503747,2.08509348
0.43725,1.997658528,-1.99137232,0.105308847,-0.110414734,-2.098052164,2.106702264
0.4373,2.004124387,-1.997927869,0.124509639,-0.12959538,-2.123723024,2.132434251
0.43735,2.014119353,-2.00801264,0.144270351,-0.149334513,-2.153481795,2.162255062
0.4374,2.027511871,-2.021495207,0.16468612,-0.169727229,-2.187292026,2.196128401
0.43745,2.044171358,-2.038245113,0.18584916,-0.190865693,-2.225115311,2.234016012
0.4375,2.063968305,-2.05813297,0.207848652,-0.212839027,-2.266911282,2.275877674
0.43755,2.08677432,-2.081030502,0.23077077,-0.235733344,-2.312637669,2.321671266
0.4376,2.112462157,-2.106810574,0.254698698,-0.259631757,-2.362250363,2.371352823
0.43765,2.140905784,-2.13534726,0.279712612,-0.284614368,-2.415703449,2.424876575
0.4377,2.171980441,-2.166515898,0.305889665,-0.310758248,-2.47294926,2.482194992
0.43775,2.205562692,-2.20019315,0.333303982,-0.338137436,-2.53393842,2.543258841
0.4378,2.241530479,-2.236257047,0.362026667,-0.366822943,-2.598619904,2.608017232
0.43785,2.279763173,-2.274587047,0.392125798,-0.396882751,-2.666941091,2.676417677
0.4379,2.320141625,-2.315064083,0.42366644,-0.428381821,-2.73884782,2.748406148
0.43795,2.36254822,-2.357570614,0.456710644,-0.4613821,-2.814284447,2.823927132
0.438,2.406866921,-2.401990678,0.491317468,-0.495942532,-2.893193908,2.902923691
0.43805,2.452983318,-2.44820993,0.527542983,-0.532119076,-2.97551778,2.985337526
0.4381,2.500784674,-2.496115696,0.565440294,-0.569964715,-3.061196341,3.071109038
0.43815,2.550159968,-2.545597015,0.605059558,-0.609529486,-3.150168636,3.160177392
0.4382,2.600999937,-2.596544679,0.646448008,-0.650860495,-3.24237254,3.252480579
0.43825,2.653197119,-2.648851272,0.689649977,-0.694001944,-3.337744825,3.347955488
0.4383,2.706645886,-2.702411216,0.734706926,-0.738995164,-3.436221228,3.446537964
0.43835,2.761242485,-2.757120797,0.781657473,-0.785878638,-3.537736512,3.548162881
0.4384,2.81688507,-2.812878209,0.830537429,-0.834688039,-3.642224538,3.652764208
0.43845,2.873473735,-2.869583578,0.881379831,-0.885456263,-3.749618333,3.760275073
0.4385,2.930910543,-2.927138998,0.934214978,-0.938213469,-3.859850154,3.870627834
0.43855,2.989099554,-2.985448555,0.989070475,-0.992987116,-3.972851556,3.983754146
0.4386,3.047946852,-3.044418356,1.045971271,-1.049802009,-4.088553462,4.099585026
0.43865,3.107360565,-3.103956547,1.104939703,-1.108680338,-4.20688623,4.218050924
0.4387,3.167250889,-3.16397334,1.165995544,-1.169641728,-4.327779717,4.339081785
0.43875,3.227530104,-3.224381029,1.22915605,-1.232703285,-4.451163346,4.462607122
0.4388,3.288112593,-3.285094003,1.294436007,-1.297879646,-4.576966174,4.588556074
0.43885,3.348914854,-3.346028766,1.361847785,-1.365183027,-4.705116956,4.716857477
0.4389,3.409855511,-3.407103947,1.431401386,-1.434623283,-4.835544206,4.847439922
0.43895,3.470855327,-3.468240307,1.503104504,-1.506207953,-4.968176265,4.980231826
0.439,3.531837208,-3.529360746,1.576962572,-1.57994232,-5.102941359,5.115161488
0.43905,3.531114889,-3.528778612,1.631683706,-1.634534773,-5.150297862,5.162601569
0.4391,3.458365861,-3.456167467,1.634604785,-1.637325807,-5.08710536,5.099381883
0.43915,3.388691039,-3.386627433,1.642961758,-1.645552265,-5.025735859,5.03798526
0.4392,3.320598293,-3.318666549,1.654756154,-1.657215647,-4.969451576,4.981673913
0.43925,3.256179307,-3.254376647,1.667285635,-1.669613557,-4.917574334,4.929769668
0.4393,3.195937915,-3.194261699,1.679841422,-1.682037146,-4.869899324,4.882067714
0.43935,3.11214626,-3.110644946,1.654763893,-1.656826805,-4.767670901,4.779812406
0.4394,2.955101126,-2.953832984,1.650114773,-1.652046695,-4.599423215,4.611537895
0.43945,2.812119278,-2.811073138,1.632662689,-1.63446584,-4.439116631,4.451204546
0.4395,2.685298175,-2.68446338,1.60589614,-1.60757258,-4.285584537,4.297645745
0.43955,2.56559502,-2.56496152,1.580547619,-1.582099348,-4.140584473,4.152619034
0.4396,2.450530702,-2.450089062,1.559363764,-1.560792742,-4.004384148,4.016392121
0.43965,2.342004007,-2.341745362,1.539955669,-1.541263773,-3.876493684,3.888475128
0.4397,2.240956864,-2.240872885,1.521119034,-1.522308029,-3.756650919,3.768605892
0.43975,2.14676468,-2.146847559,1.503464211,-1.504535744,-3.644841817,3.656770377
0.4398,2.058751305,-2.058993743,1.487638714,-1.488594311,-3.541037933,3.55294014
0.43985,1.976711845,-1.977107032,1.473747905,-1.474588959,-3.445139914,3.457015826
0.4399,1.900554082,-1.901095676,1.461772842,-1.462500599,-3.357036762,3.368886437
0.43995,1.83006446,-1.830746569,1.451829295,-1.452444847,-3.276630838,3.288454333
0.44,1.764973614,-1.765790778,1.444090916,-1.444595191,-3.203826563,3.215623936
0.44005,1.705040877,-1.70598805,1.438696682,-1.439090431,-3.138522365,3.150293675
0.4401,1.650049311,-1.65112184,1.435757605,-1.4360414,-3.080612426,3.09235773
0.44015,1.599778992,-1.600972603,1.435385664,-1.435559883,-3.029988893,3.041708248
0.4402,1.554004266,-1.555315045,1.437696412,-1.437761232,-2.986541746,2.99823521
0.44025,1.512501662,-1.513926034,1.442800589,-1.442755982,-2.950158318,2.961825948
0.4403,1.475052091,-1.476586808,1.450801967,-1.450647687,-2.920723351,2.932365203
0.44035,1.441438914,-1.443081033,1.461799463,-1.461535041,-2.898119159,2.909735292
0.4404,1.411447132,-1.413194001,1.475888001,-1.47551274,-2.882225702,2.893816172
0.44045,1.384864022,-1.38671326,1.493157941,-1.492670905,-2.872920632,2.884485495
0.4405,1.361479614,-1.363429099,1.51369467,-1.513094682,-2.870079376,2.881618689
0.44055,1.341086724,-1.343134572,1.537578671,-1.536864307,-2.873575227,2.885089047
0.4406,1.323480951,-1.325625502,1.564885608,-1.564055188,-2.883279434,2.894767816
0.44065,1.308460823,-1.310700626,1.595686277,-1.594737864,-2.899061294,2.910524296
0.4407,1.295827957,-1.298161752,1.63004655,-1.628977944,-2.920788264,2.93222594
0.44075,1.285387179,-1.287813884,1.668027366,-1.666836097,-2.948326059,2.959738467
0.4408,1.276946628,-1.279465321,1.709684732,-1.708368062,-2.981538774,2.992925968
0.44085,1.270317866,-1.272927774,1.755069733,-1.753624648,-3.020288993,3.031651029
0.4409,1.265315994,-1.268016476,1.80422854,-1.802651747,-3.064437912,3.075774846
0.44095,1.261759754,-1.264550286,1.857202424,-1.855490351,-3.113845463,3.125157351
0.441,1.259471625,-1.262351789,1.91402779,-1.91217658,-3.168370443,3.17965734
0.44105,1.258277923,-1.261247392,1.974736206,-1.972741721,-3.22787064,3.239132601
0.4411,1.258008887,-1.26106741,2.039354451,-2.037212262,-3.292202966,3.303440045
0.44115,1.258498763,-1.261646156,2.107904559,-2.105609952,-3.361223588,3.372435842
0.4412,1.259585884,-1.262822012,2.180403876,-2.177951849,-3.43478807,3.445975552
0.44125,1.261112737,-1.264437508,2.256865128,-2.254250389,-3.512751498,3.523914264
0.4413,1.262926037,-1.266339385,2.337296483,-2.334513451,-3.594968626,3.606106729
0.44135,1.264876777,-1.268378654,2.421701635,-2.418744439,-3.681294005,3.6924075
0.4414,1.266820292,-1.270410654,2.510079879,-2.506942361,-3.771582122,3.782671064
0.44145,1.268616297,-1.272295096,2.602426204,-2.599101919,-3.865687536,3.876751979
0.4415,1.270128932,-1.273896102,2.698731386,-2.6952136,-3.963465011,3.974505009
0.44155,1.271226795,-1.275082246,2.798982081,-2.795263778,-4.064769647,4.075785253
0.4416,1.271782971,-1.275726575,2.903160936,-2.899234815,-4.169457014,4.180448283
0.44165,1.271675047,-1.275706633,3.011246692,-3.007105172,-4.277383279,4.288350264
0.4417,1.270785135,-1.274904475,3.123214296,-3.118849517,-4.388405335,4.399348089
0.44175,1.268999874,-1.273206679,3.23903502,-3.234438845,-4.50238092,4.513299497
0.4418,1.26621043,-1.270504339,3.358676575,-3.353840596,-4.619168743,4.630063197
0.44185,1.262312498,-1.266693072,3.482103237,-3.477018774,-4.738628599,4.749498982
0.4419,1.223761707,-1.228228381,3.570756851,-3.565474302,-4.795293713,4.806140078
0.44195,1.208174146,-1.212724343,3.575928716,-3.570522587,-4.778252034,4.789074436
0.442,1.181119668,-1.185750563,3.588169913,-3.582639858,-4.763496444,4.774294934
0.44205,1.145699644,-1.150408592,3.609656643,-3.604002265,-4.749551834,4.760326465
0.4421,1.111362413,-1.116146838,3.633505724,-3.627726528,-4.739050911,4.749801736
0.44215,1.080578416,-1.085435776,3.657941385,-3.652036768,-4.73268821,4.743415281
0.4422,1.05119917,-1.056126979,3.684427046,-3.678396308,-4.729778639,4.740482009
0.44225,1.012578138,-1.017573648,3.646273538,-3.640116298,-4.646418861,4.657021358
0.4423,0.930954787,-0.936012915,3.533578053,-3.527298098,-4.458786189,4.469192133
0.44235,0.859922593,-0.865037896,3.423208126,-3.416810092,-4.277380826,4.287597652
0.4424,0.797074968,-0.80224228,3.314037043,-3.307525379,-4.105422414,4.115457247
0.44245,0.737800569,-0.743015022,3.209125937,-3.202504924,-3.941293401,3.95115305
0.4425,0.680736731,-0.685993762,3.109275339,-3.102549096,-3.784431984,3.794122944
0.44255,0.62675627,-0.632051589,3.013817697,-3.006990177,-3.635043636,3.644572097
0.4426,0.576307049,-0.581636623,2.922381972,-2.915456957,-3.493205374,3.502577227
0.44265,0.529056092,-0.534416129,2.835103858,-2.828084958,-3.358720096,3.367940942
0.4427,0.484619876,-0.490006822,2.752145489,-2.745036147,-3.231366592,3.240441742
0.44275,0.44284289,-0.448253409,2.673522051,-2.666325537,-3.111004701,3.119939187
0.4428,0.403635409,-0.409066375,2.599208001,-2.591927417,-2.997519312,3.00631789
0.44285,0.366853812,-0.372302292,2.529211303,-2.521849578,-2.890774914,2.899442071
0.4429,0.33232617,-0.337789417,2.463556341,-2.456116234,-2.7906241,2.799164062
0.44295,0.299893909,-0.305369346,2.40225836,-2.394742459,-2.69692367,2.705340404
0.443,0.269411697,-0.274896907,2.345323892,-2.337734614,-2.609534944,2.617832166
0.44305,0.240734727,-0.246227442,2.292758449,-2.285098038,-2.528318738,2.536499919
0.4431,0.213716684,-0.219214771,2.244567627,-2.236838158,-2.453134434,2.461202806
0.44315,0.188213365,-0.193714817,2.200754953,-2.192958329,-2.383841451,2.391800012
0.4432,0.164083916,-0.16958684,2.161321194,-2.153459149,-2.32029979,2.32815131
0.44325,0.141189964,-0.146692571,2.126264883,-2.118338981,-2.262369686,2.270116713
0.4433,0.119395175,-0.124895768,2.095582571,-2.087594205,-2.209911427,2.217556293
0.44335,0.098565525,-0.10406249,2.069268683,-2.061219078,-2.162785474,2.170330302
0.4434,0.078569522,-0.084061317,2.047315414,-2.039205626,-2.120852586,2.128299292
0.44345,0.05927821,-0.064763354,2.029712747,-2.021543665,-2.083973836,2.09132414
0.4435,0.040565158,-0.046042224,2.016448479,-2.008220824,-2.05201063,2.059266055
0.44355,0.022306513,-0.027774114,2.007508215,-1.999222544,-2.02482475,2.031986636
0.4436,0.004381058,-0.009837842,2.002875365,-1.994532068,-2.002278416,2.009347917
0.44365,-0.013343666,0.007878085,2.002534959,-1.994134263,-1.984230419,1.991208516
0.4437,-0.030952669,0.025500594,2.006454749,-1.997996718,-1.970555373,1.977442876
0.44375,-0.048576806,0.043139544,2.01462169,-2.006106227,-1.961107007,1.96790456
0.4438,-0.06632836,0.060907221,2.027009281,-2.018436126,-1.955750869,1.962458956
0.44385,-0.084311617,0.07890792,2.043588576,-2.034957313,-1.9543537,1.960972652
0.4439,-0.102630512,0.097245597,2.064329756,-2.055639809,-1.956781728,1.963311727
0.44395,-0.121387648,0.116022879,2.089201641,-2.08045228,-1.962901154,1.96934224
0.444,-0.140682087,0.135338863,2.118170694,-2.109361033,-1.972579352,1.978931425
0.44405,-0.160609437,0.155289198,2.151201118,-2.142330119,-1.985684886,1.991947715
0.4441,-0.18126249,0.175966725,2.188255195,-2.179321668,-2.00208721,2.008260438
0.44415,-0.202731232,0.197461483,2.229293336,-2.220295941,-2.021656708,2.027739853
0.4442,-0.225102622,0.219860496,2.274274022,-2.265211275,-2.044264857,2.050257322
0.44425,-0.248460563,0.243247731,2.32315385,-2.314024117,-2.069784298,2.075685374
0.4443,-0.272885943,0.267704154,2.375887593,-2.366689099,-2.098088861,2.103897734
0.44435,-0.298456644,0.293307724,2.432428259,-2.423159088,-2.129053614,2.134769365
0.4444,-0.325247518,0.320133381,2.492727133,-2.483385228,-2.162554923,2.168176539
0.44445,-0.353330384,0.348253035,2.556733825,-2.547316993,-2.198470513,2.203996887
0.4445,-0.382774032,0.37773557,2.624396331,-2.614902243,-2.236679515,2.242109457
0.44455,-0.413644229,0.408646856,2.695661082,-2.686087279,-2.277062521,2.282394755
0.4446,-0.446003727,0.441049751,2.770473012,-2.760816901,-2.319501631,2.324734803
0.44465,-0.479912273,0.47500411,2.848775607,-2.839034469,-2.363880503,2.369013189
0.4447,-0.51542662,0.510566803,2.930510972,-2.920681964,-2.410084404,2.41511511
0.44475,-0.552600545,0.547791724,3.015619894,-3.005700048,-2.458000251,2.462927421
0.4448,-0.591484871,0.586729818,3.1040419,-3.094028129,-2.507516663,2.512338678
0.44485,-0.632127482,0.627429095,3.195715328,-3.185604426,-2.558523994,2.563239183
0.4449,-0.674573355,0.669934661,3.290577387,-3.280366034,-2.610914383,2.615521022
0.44495,-0.718864582,0.714288739,3.388564226,-3.378248989,-2.664581787,2.669078107
0.445,-0.765040401,0.760530702,3.489611,-3.479188337,-2.719422023,2.72380621
0.44505,-0.813137231,0.808697106,3.593651937,-3.583118197,-2.775332797,2.779603001
0.4451,-0.863188701,0.858821721,3.700620405,-3.689971835,-2.832213741,2.836368076
0.44515,-0.915225694,0.91093557,3.810448979,-3.799681724,-2.889966445,2.894002994
0.4452,-0.96927638,0.965066968,3.923069512,-3.912179617,-2.94849448,2.9524113
0.44525,-1.025366263,1.021241563,4.038413199,-4.027396614,-3.007703431,3.011498555
0.4453,-1.083518219,1.079482379,4.156410643,-4.145263226,-3.067500915,3.071172355
0.44535,-1.143752545,1.139809861,4.276991929,-4.265709444,-3.127796607,3.13134236
0.4454,-1.206087004,1.202241922,4.40008668,-4.388664809,-3.188502256,3.191920306
0.44545,-1.270536878,1.266793992,4.525624133,-4.51405847,-3.249531705,3.252820027
0.4455,-1.337115012,1.33347907,4.653533199,-4.641819256,-3.310800905,3.313957467
0.44555,-1.405831872,1.402307773,4.783742527,-4.771875739,-3.372227927,3.375250694
0.4456,-1.476695597,1.47328839,4.91618057,-4.904156296,-3.433732971,3.436619908
0.44565,-1.549712049,1.546426937,5.050775644,-5.03858917,-3.495238377,3.497987451
0.4457,-1.603864098,1.600706012,5.098011069,-5.085742327,-3.494893132,3.497502704
0.44575,-1.606346095,1.603316379,5.034652013,-5.022410378,-3.422452116,3.424924478
0.4458,-1.614313022,1.611412131,4.973138872,-4.960924283,-3.353055568,3.35539381
0.44585,-1.625747683,1.622976102,4.916728349,-4.904540746,-3.285224712,3.287431752
0.4459,-1.637890032,1.635248301,4.864724323,-4.852563647,-3.221091087,3.223169695
0.44595,-1.65003143,1.64752016,4.816920899,-4.80478709,-3.161157367,3.163110177
0.446,-1.662851422,1.660471287,4.773387056,-4.761280056,-3.104813021,3.106642526
0.44605,-1.638214492,1.635966155,4.675620022,-4.66353977,-3.025109357,3.026768385
0.4461,-1.633937553,1.631819211,4.51195431,-4.499900747,-2.872400457,2.873832304
0.44615,-1.616646965,1.614656426,4.356187439,-4.344160507,-2.733914414,2.735129909
0.4462,-1.590051636,1.588186871,4.207186757,-4.195186397,-2.611562584,2.612572054
0.44625,-1.565091731,1.563350777,4.066694698,-4.054720851,-2.496079933,2.496893107
0.4463,-1.544432305,1.542813246,3.934951998,-3.923004604,-2.385042525,2.385668525
0.44635,-1.525586089,1.524087098,3.811465178,-3.79954418,-2.280444389,2.280891781
0.4464,-1.507363721,1.505983088,3.69598,-3.684085339,-2.183220854,2.183497676
0.44645,-1.490413515,1.489149656,3.588484083,-3.5766157,-2.092711417,2.092825195
0.4465,-1.475381765,1.47423322,3.488945107,-3.477102946,-2.008237652,2.008195416
0.44655,-1.462357517,1.461322967,3.397260915,-3.385444917,-1.929608524,1.929416824
0.4466,-1.451316959,1.450395234,3.313319707,-3.301529814,-1.8567362,1.856401127
0.44665,-1.442378131,1.441568223,3.237023013,-3.225259167,-1.789404311,1.788931515
0.4467,-1.435714088,1.435015158,3.168273794,-3.156535937,-1.727342887,1.726737599
0.44675,-1.431460251,1.43087164,3.10696896,-3.095257035,-1.670313529,1.669580575
0.4468,-1.429724502,1.429245736,3.053001364,-3.041315314,-1.61810131,1.617245129
0.44685,-1.43061666,1.430247463,3.006261877,-2.994601646,-1.570487368,1.569512033
0.4469,-1.434250059,1.433990359,2.966639176,-2.955004705,-1.527247114,1.526156348
0.44695,-1.440732835,1.440582773,2.934019297,-2.92241053,-1.488158513,1.486955705
0.447,-1.450166066,1.450126001,2.908285727,-2.896702607,-1.45300402,1.451692247
0.44705,-1.462646027,1.462716547,2.889319565,-2.877762035,-1.421568494,1.420150532
0.4471,-1.478264995,1.478446919,2.876999582,-2.865467586,-1.393638454,1.3921168
0.44715,-1.497110616,1.497405003,2.87120228,-2.859695761,-1.369002767,1.367379655
0.4472,-1.519265521,1.519673677,2.871801979,-2.860320881,-1.347453124,1.345730538
0.44725,-1.544807419,1.5453309,2.878670911,-2.867215178,-1.328784037,1.326963731
0.4473,-1.573809182,1.574449801,2.89167931,-2.880248886,-1.31279285,1.310876364
0.44735,-1.606338794,1.607098625,2.910695515,-2.899290343,-1.299279883,1.297268555
0.4474,-1.642459302,1.643340684,2.935586069,-2.924206095,-1.288048595,1.285943581
0.44745,-1.68222881,1.683234352,2.966215839,-2.954861006,-1.278905698,1.276707984
0.4475,-1.725700488,1.726833073,3.002448123,-2.991118377,-1.271661261,1.269371679
0.44755,-1.772922583,1.774185369,3.044144775,-3.032840059,-1.266128818,1.263748063
0.4476,-1.823938432,1.825334859,3.091166319,-3.079886578,-1.262125484,1.259654122
0.44765,-1.878786485,1.880320272,3.143372083,-3.132117263,-1.259472049,1.256910539
0.4477,-1.937500336,1.939175486,3.200620322,-3.189390367,-1.257993082,1.255341785
0.44775,-2.000108761,2.001929566,3.262768352,-3.251563208,-1.257517021,1.254776213
0.4478,-2.066635768,2.068606804,3.32967268,-3.31849229,-1.257876256,1.255046142
0.44785,-2.137100647,2.13922678,3.401189137,-3.390033449,-1.258907214,1.255987944
0.4479,-2.211518032,2.213804417,3.47717302,-3.466041979,-1.260450437,1.257442113
0.44795,-2.289897966,2.292350046,3.55747922,-3.546372771,-1.262350644,1.259253335
0.448,-2.372245977,2.374869484,3.641962363,-3.630880451,-1.2644568,1.261270552
0.44805,-2.458563156,2.461364112,3.730476944,-3.719419515,-1.26662217,1.263347021
0.4481,-2.548846242,2.551830956,3.822877463,-3.811844464,-1.268704371,1.265340358
0.44815,-2.643087714,2.646262784,3.919018563,-3.90800994,-1.270565416,1.267112588
0.4482,-2.741275889,2.744648197,4.018755157,-4.007770856,-1.272071749,1.268530177
0.44825,-2.843395021,2.846971733,4.121942567,-4.110982534,-1.273094281,1.269464065
0.4483,-2.949425407,2.953213972,4.228436648,-4.21750083,-1.273508407,1.269789691
0.44835,-3.059343499,3.063351645,4.33809392,-4.327182263,-1.273194032,1.269387008
0.4484,-3.173122016,3.17735775,4.450771692,-4.439884143,-1.272035575,1.268140494
0.44845,-3.290730066,3.295201667,4.566328183,-4.555464689,-1.269921978,1.265939161
0.4485,-3.41213326,3.416849281,4.684622642,-4.673783151,-1.266746706,1.262676547
0.44855,-3.537293843,3.542263104,4.805515467,-4.794699926,-1.262407734,1.258250712
0.4486,-3.627185526,3.632356751,4.863322049,-4.852530404,-1.223670454,1.219427173
0.44865,-3.633413245,3.63871066,4.84723934,-4.836471539,-1.207968624,1.203641672
0.4487,-3.646570689,3.651994671,4.833400285,-4.822656274,-1.180893807,1.176486015
0.44875,-3.668884532,3.674435512,4.820320858,-4.809600586,-1.145488112,1.141002135
0.4488,-3.693607108,3.699285613,4.81062995,-4.799933364,-1.111060509,1.106498937
0.44885,-3.718953404,3.724760071,4.805038456,-4.794365504,-1.080106976,1.075472363
0.4489,-3.678872995,3.684808145,4.719220383,-4.708649273,-1.040997371,1.03629255
0.44895,-3.564455961,3.570515755,4.528934892,-4.518562583,-0.958580566,0.953810725
0.449,-3.45270384,3.458883586,4.344753626,-4.334572581,-0.886284163,0.881454848
0.44905,-3.342206874,3.34850207,4.170025674,-4.160028665,-0.822114463,0.817230939
0.4491,-3.235870978,3.242277289,4.003224971,-3.993405089,-0.761707283,0.75677451
0.44915,-3.134549564,3.141062815,3.843769229,-3.834119882,-0.703627049,0.698649683
0.4492,-3.037637536,3.044253721,3.691828055,-3.682342957,-0.648648668,0.643631086
0.44925,-2.94476152,2.951476803,3.547476793,-3.538149958,-0.597221055,0.592167372
0.4493,-2.85603728,2.862847994,3.410529586,-3.401355322,-0.549042774,0.543956859
0.44935,-2.77162394,2.778526589,3.280767818,-3.271740723,-0.503736264,0.498621747
0.4494,-2.691542799,2.698534056,3.158047813,-3.149162768,-0.461136719,0.455997006
0.44945,-2.61577089,2.622847599,3.042252604,-3.033504765,-0.421150298,0.415988582
0.4495,-2.544315215,2.551474391,2.933247179,-2.924631975,-0.383635137,0.378454411
0.44955,-2.477199681,2.48443851,2.830884518,-2.82239764,-0.348420448,0.343223519
0.4496,-2.414440263,2.421756102,2.735021011,-2.726658413,-0.31534678,0.31013628
0.44965,-2.356044286,2.363434664,2.645517478,-2.637275363,-0.284267747,0.279046143
0.4497,-2.302017701,2.309480316,2.562234474,-2.554109295,-0.255038071,0.24980768
0.44975,-2.252366482,2.259899205,2.485031195,-2.477019645,-0.227511078,0.222274076
0.4498,-2.207094643,2.214695516,2.413766798,-2.405865805,-0.201542005,0.196300439
0.44985,-2.166203486,2.17387072,2.348300985,-2.340507708,-0.176989344,0.171745143
0.4499,-2.129692057,2.137424034,2.288493712,-2.280805533,-0.153714084,0.148469071
0.44995,-2.097557408,2.105352679,2.23420499,-2.226619509,-0.131579255,0.126335156
0.45,-2.069794482,2.077651768,2.185294998,-2.177810027,-0.110450159,0.105208616
0.45005,-2.046395998,2.054314189,2.141624199,-2.134237756,-0.090194595,0.084957173
0.4501,-2.027352464,2.035330617,2.103053364,-2.095763669,-0.070682877,0.065451076
0.45015,-2.012652203,2.020689542,2.069443591,-2.062249058,-0.051787818,0.046563085
0.4502,-2.002281349,2.010377264,2.040656347,-2.033555579,-0.033384789,0.028168523
0.45025,-1.996223837,2.004377885,2.016553523,-2.009545308,-0.015351772,0.010145336
0.4503,-1.994464211,2.002676111,1.996994655,-1.990077958,0.002426162,-0.007623934
0.45035,-1.996973428,2.005243065,1.981851178,-1.975025135,0.020077385,-0.025262674
0.4504,-2.003737895,2.012065315,1.970977565,-1.964241481,0.03770634,-0.042877827
0.45045,-2.014729082,2.023114491,1.964241716,-1.957595056,0.055425213,-0.060581588
0.4505,-2.029920767,2.038364531,1.961507668,-1.954950054,0.073343815,-0.078483761
0.45055,-2.049283973,2.057786615,1.962640849,-1.956172052,0.091567752,-0.096689935
0.4506,-2.072787392,2.081349593,1.967507748,-1.961127684,0.110199245,-0.115302308
0.45065,-2.100397827,2.109020424,1.975975508,-1.969684232,0.129337979,-0.134420533
0.4507,-2.132080135,2.140764117,1.987912067,-1.98170977,0.149080899,-0.154141516
0.45075,-2.167797132,2.176543639,2.003186366,-1.997073367,0.169521916,-0.174559122
0.4508,-2.207509642,2.216319966,2.02166839,-2.015645131,0.190751909,-0.195764178
0.45085,-2.251176582,2.26005216,2.043229178,-2.03729622,0.212858799,-0.217844545
0.4509,-2.298754996,2.307697415,2.067740878,-2.061898895,0.235927534,-0.240885103
0.45095,-2.350200094,2.359211082,2.095076822,-2.089326596,0.260040045,-0.264967713
0.451,-2.405465295,2.414546724,2.125111575,-2.119453992,0.285275244,-0.290171208
0.45105,-2.464502281,2.473656162,2.157720992,-2.152157036,0.31170902,-0.316571393
0.4511,-2.52726105,2.536489531,2.192782272,-2.187313019,0.339414242,-0.344241048
0.45115,-2.593689966,2.602995334,2.230174004,-2.224800621,0.368460754,-0.373249921
0.4512,-2.663735819,2.673120491,2.269776229,-2.264499966,0.398915378,-0.403664737
0.45125,-2.737343879,2.746810403,2.311470487,-2.306292671,0.430841924,-0.4355492
0.4513,-2.814457955,2.82400901,2.355139862,-2.350061897,0.464301198,-0.468964007
0.45135,-2.895020458,2.904658847,2.40066904,-2.395692397,0.499351012,-0.503966857
0.4514,-2.978972461,2.988701113,2.447944344,-2.443070562,0.536046201,-0.540612468
0.45145,-3.066253765,3.076075728,2.49685379,-2.492084467,0.57443864,-0.578952596
0.4515,-3.156802958,3.166721399,2.547287122,-2.542623914,0.614577268,-0.619036052
0.45155,-3.250557485,3.260575686,2.599135858,-2.594580473,0.656508107,-0.660908733
0.4516,-3.34745371,3.357575069,2.652293328,-2.647847521,0.70027429,-0.70461364
0.45165,-3.447426987,3.457655011,2.706654713,-2.702320284,0.745916089,-0.750190911
0.4517,-3.550411723,3.560750027,2.762117078,-2.757895866,0.79347095,-0.797677856
0.45175,-3.656341447,3.666793751,2.818579407,-2.814473287,0.84297352,-0.847108984
0.4518,-3.765148877,3.775719004,2.875942634,-2.871953514,0.894455689,-0.898516043
0.45185,-3.876765988,3.88745786,2.934109673,-2.93023949,0.947946627,-0.951928058
0.4519,-3.991124081,4.001941717,2.992985446,-2.989236158,1.00347282,-1.007371374
0.45195,-4.108153847,4.11910136,3.052476901,-3.04885049,1.061058121,-1.064869695
0.452,-4.227785437,4.238867031,3.112493044,-3.108991509,1.120723786,-1.12444413
0.45205,-4.349948528,4.361168495,3.172944951,-3.169570304,1.182488526,-1.186113241
0.4521,-4.474572386,4.485935105,3.233745791,-3.230500056,1.246368553,-1.24989309
0.45215,-4.601585939,4.613095868,3.294810839,-3.291696045,1.312377632,-1.31579729
0.4522,-4.730917832,4.742579513,3.356057489,-3.353075672,1.380527128,-1.383837056
0.45225,-4.862496499,4.874314548,3.417405267,-3.41455846,1.450826063,-1.454021258
0.4523,-4.996250221,5.008229329,3.478775834,-3.476066073,1.523281168,-1.526356474
0.45235,-5.042854776,5.054915693,3.478161915,-3.475590841,1.577139866,-1.580090396
0.4524,-4.979041761,4.991076031,3.405397503,-3.402962818,1.57945486,-1.582279288
0.45245,-4.917100581,4.929108263,3.33566529,-3.333363897,1.587296575,-1.589994458
0.4525,-4.860283079,4.872264231,3.267496927,-3.265325903,1.598632383,-1.60120325
0.45255,-4.807876134,4.819830816,3.203058969,-3.201015537,1.610650132,-1.613093457
0.4526,-4.759672412,4.771600682,3.142853683,-3.140935208,1.62264008,-1.624955268
0.45265,-4.715746223,4.727648139,3.086256898,-3.084460881,1.635300669,-1.63748706
0.4527,-4.617423884,4.629299503,3.006052394,-3.004425667,1.610543487,-1.612600436
0.45275,-4.453120917,4.464970299,2.852659396,-2.851258193,1.606189387,-1.608118709
0.4528,-4.296683548,4.308506751,2.713567094,-2.712380558,1.588719255,-1.590523161
0.45285,-4.146993386,4.158790467,2.590648732,-2.589666507,1.561894038,-1.563574569
0.4529,-4.005829692,4.01760071,2.474593907,-2.473806239,1.536735559,-1.538294697
0.45295,-3.873432854,3.885177866,2.363015918,-2.362413663,1.515870728,-1.517310411
0.453,-3.749297795,3.761016858,2.257943111,-2.257517683,1.49676589,-1.498087968
0.45305,-3.63317007,3.644863242,2.160297942,-2.160041286,1.478243939,-1.479450144
0.4531,-3.525042159,3.536709497,2.069400081,-2.069304655,1.460977488,-1.462069433
0.45315,-3.424883429,3.436524991,1.984571714,-1.984630476,1.44561353,-1.4465927
0.4532,-3.332591315,3.344207157,1.905629474,-1.905835866,1.432232693,-1.433100439
0.45325,-3.248054323,3.259644502,1.832486044,-1.832833967,1.420810646,-1.421568167
0.4533,-3.171175025,3.182739598,1.764921361,-1.765405158,1.411469884,-1.41211822
0.45335,-3.101857292,3.113396315,1.702663765,-1.703278206,1.404385806,-1.40492583
0.4534,-3.039998681,3.051512211,1.645475116,-1.646215375,1.399693997,-1.400126405
0.45345,-2.985492676,2.99698077,1.593140307,-1.594001947,1.397502946,-1.397828246
0.4535,-2.938230824,2.949693537,1.545439488,-1.546418442,1.397923962,-1.398142468
0.45355,-2.898102458,2.909539847,1.502147098,-1.50323965,1.401071868,-1.401183689
0.4536,-2.864994236,2.876406356,1.463040397,-1.464243167,1.407055996,-1.407061032
0.45365,-2.838790234,2.850177142,1.427901163,-1.429211088,1.415978597,-1.415876528
0.4537,-2.819372116,2.830733867,1.396513461,-1.397927777,1.427937231,-1.427727513
0.45375,-2.80661919,2.81795584,1.368662978,-1.370179207,1.443025496,-1.442707349
0.4538,-2.800408469,2.811720073,1.344137771,-1.345753697,1.461332333,-1.46090474
0.45385,-2.800614752,2.811901365,1.322728717,-1.324442376,1.482941662,-1.482403361
0.4539,-2.807110718,2.818372396,1.304229495,-1.306039157,1.507932492,-1.50728197
0.45395,-2.819767019,2.831003817,1.2884366,-1.290340751,1.536378998,-1.535614487
0.454,-2.838452376,2.849664349,1.275149497,-1.277146824,1.568350467,-1.567469936
0.45405,-2.863033687,2.874220889,1.264170781,-1.266260158,1.60391124,-1.602912395
0.4541,-2.893376135,2.904538621,1.255306292,-1.257486764,1.643120712,-1.642000987
0.45415,-2.929343305,2.94048113,1.248365221,-1.250635987,1.686033334,-1.684789893
0.4542,-2.9707973,2.981910518,1.243160218,-1.24552062,1.732698626,-1.731328354
0.45425,-3.017598863,3.02868753,1.239507507,-1.241957011,1.783161186,-1.781660689
0.4543,-3.069607506,3.080671675,1.237226987,-1.239765175,1.837460708,-1.835826311
0.45435,-3.126681634,3.137721358,1.236142333,-1.238768882,1.895632018,-1.89385976
0.4544,-3.188678676,3.19969401,1.236081084,-1.238795758,1.957705104,-1.95579074
0.45445,-3.255455222,3.26644622,1.236874736,-1.239677372,2.023705169,-2.021644165
0.4545,-3.326867154,3.337833869,1.238358823,-1.241249315,2.093652675,-2.091440208
0.45455,-3.402769781,3.413712268,1.240372993,-1.243351284,2.167563407,-2.165194365
0.4546,-3.48301798,3.493936291,1.242761077,-1.245827143,2.245448533,-2.242917516
0.45465,-3.567466326,3.578360515,1.245371158,-1.248524999,2.327314684,-2.324616
0.4547,-3.655969235,3.666839355,1.248055623,-1.251297251,2.413164023,-2.410291692
0.45475,-3.748381097,3.759227201,1.250671222,-1.254000648,2.502994338,-2.49994209
0.4548,-3.844556413,3.855378554,1.253079106,-1.256496331,2.596799125,-2.593560403
0.45485,-3.944349927,3.955148158,1.25514487,-1.258649875,2.69456769,-2.691135649
0.4549,-4.047616761,4.058391135,1.256738583,-1.260331319,2.796285241,-2.792652754
0.45495,-4.154212548,4.164963117,1.257734815,-1.261415191,2.901933003,-2.898092656
0.455,-4.263993554,4.274720371,1.258012655,-1.261780531,3.011488318,-3.00743242
0.45505,-4.376816811,4.387519928,1.257455723,-1.261310902,3.124924768,-3.120645347
0.4551,-4.492540239,4.503219708,1.255952178,-1.259894394,3.242212283,-3.237701092
0.45515,-4.611022761,4.621678635,1.253394714,-1.257423626,3.363317268,-3.358565788
0.4552,-4.732124429,4.742756759,1.249680555,-1.253795742,3.488202724,-3.483202166
0.45525,-4.790241189,4.800850028,1.211412951,-1.215613862,3.578025542,-3.572826313
0.4553,-4.774549676,4.785135075,1.196196118,-1.200480201,3.584177522,-3.578854232
0.45535,-4.761076114,4.771638125,1.169443208,-1.173807667,3.59739986,-3.591952129
0.4554,-4.748357329,4.758896003,1.134285461,-1.138727676,3.619850823,-3.614278218
0.45545,-4.739062814,4.749578203,1.100220898,-1.104738313,3.644634334,-3.638936326
0.4555,-4.733885928,4.744378084,1.069695125,-1.074285219,3.669998285,-3.664174236
0.45555,-4.732127461,4.742596434,1.040529004,-1.045189308,3.697422631,-3.691471807
0.4556,-4.65005038,4.660418947,1.002360774,-1.007088557,3.660099706,-3.654021692
0.45565,-4.463761705,4.473934079,0.921295906,-0.926086132,3.548190362,-3.541988916
0.4557,-4.28370646,4.293690022,0.850847838,-0.85569511,3.438587016,-3.432266749
0.45575,-4.113096778,4.122898602,0.788589295,-0.793488491,3.330176135,-3.323741467
0.4558,-3.950284034,3.959910878,0.729846932,-0.734793227,3.226049783,-3.219504968
0.45585,-3.794703001,3.804161311,0.67325806,-0.678246928,3.127005097,-3.120354226
0.4559,-3.646568966,3.655864883,0.619718329,-0.624745516,3.032361504,-3.025608501
0.45595,-3.505961381,3.515100749,0.569679343,-0.574740847,2.941746662,-2.934895278
0.456,-3.372679823,3.381668194,0.522800919,-0.52789298,2.855300151,-2.848353968
0.45605,-3.246501388,3.25534403,0.478697446,-0.483816534,2.773184504,-2.766146935
0.4561,-3.127286488,3.135988389,0.437216038,-0.442358842,2.695412855,-2.688287142
0.45615,-3.014920396,3.02348627,0.398268608,-0.403432022,2.621958412,-2.614747624
0.4562,-2.909267187,2.917701478,0.361711401,-0.366892512,2.552828857,-2.545535894
0.45625,-2.810178988,2.818485881,0.327372429,-0.332568504,2.488048173,-2.480675762
0.4563,-2.717512407,2.72569583,0.295093687,-0.300302161,2.427630845,-2.420181544
0.45635,-2.631128644,2.639192276,0.264730506,-0.269948973,2.371582623,-2.364058817
0.4564,-2.550888325,2.558835599,0.236138573,-0.241364772,2.319908338,-2.312312241
0.45645,-2.476650625,2.484484738,0.209172029,-0.214403831,2.272612923,-2.264946579
0.4565,-2.408274791,2.415998705,0.183687202,-0.188922603,2.229699205,-2.221964485
0.45655,-2.345620676,2.353237129,0.159543809,-0.164780916,2.191167237,-2.183365843
0.4566,-2.288548381,2.296059888,0.136604051,-0.141841072,2.15701484,-2.149148305
0.45665,-2.236918066,2.244326928,0.11473218,-0.119967413,2.127237858,-2.119307543
0.4567,-2.190590083,2.197898393,0.093794772,-0.099026595,2.101830005,-2.093837104
0.45675,-2.149425101,2.156634747,0.073660958,-0.07888782,2.080782766,-2.072728303
0.4568,-2.113284117,2.12039679,0.054202423,-0.05942283,2.06408541,-2.055970244
0.45685,-2.082028479,2.089045679,0.035293386,-0.040505897,2.051725027,-2.043549848
0.4569,-2.055519932,2.062442971,0.016810662,-0.022013875,2.043686517,-2.035451849
0.45695,-2.033620672,2.040450683,-0.00134402,-0.003821096,2.039952587,-2.031658791
0.457,-2.016193627,2.022931567,-0.019356954,0.014170835,2.040503441,-2.032150712
0.45705,-2.003101757,2.009748413,-0.037273246,0.032100494,2.045317763,-2.036906135
0.4571,-1.994208251,2.000764248,-0.055229823,0.050071769,2.054372374,-2.045901718
0.45715,-1.989378769,1.995844573,-0.073334566,0.068192546,2.067640212,-2.059110241
0.4572,-1.988478235,1.994854158,-0.091694735,0.086570098,2.08509348,-2.076503747
0.45725,-1.991372319,1.997658528,-0.110414734,0.105308847,2.106702263,-2.098052164
0.4573,-1.997927869,2.004124386,-0.12959538,0.124509639,2.13243425,-2.123723024
0.45735,-2.008012639,2.014119352,-0.149334513,0.144270351,2.162255062,-2.153481794
0.4574,-2.021495207,2.027511871,-0.169727229,0.16468612,2.196128401,-2.187292025
0.45745,-2.038245112,2.044171357,-0.190865693,0.18584916,2.234016011,-2.225115311
0.4575,-2.05813297,2.063968305,-0.212839027,0.207848652,2.275877673,-2.266911281
0.45755,-2.081030502,2.086774319,-0.235733344,0.23077077,2.321671266,-2.312637669
0.4576,-2.106810574,2.112462156,-0.259631756,0.254698697,2.371352823,-2.362250362
0.45765,-2.135347259,2.140905784,-0.284614368,0.279712612,2.424876574,-2.415703449
0.4577,-2.166515898,2.171980441,-0.310758248,0.305889665,2.482194992,-2.472949259
0.45775,-2.200193149,2.205562692,-0.338137436,0.333303982,2.543258841,-2.533938419
0.4578,-2.236257047,2.241530479,-0.366822943,0.362026667,2.608017231,-2.598619904
0.45785,-2.274587046,2.279763172,-0.396882751,0.392125798,2.676417677,-2.666941091
0.4579,-2.315064082,2.320141625,-0.42838182,0.423666439,2.748406148,-2.738847819
0.45795,-2.357570614,2.36254822,-0.461382099,0.456710644,2.823927132,-2.814284446
0.458,-2.401990677,2.406866921,-0.495942532,0.491317468,2.902923691,-2.893193908
0.45805,-2.448209929,2.452983318,-0.532119075,0.527542983,2.985337526,-2.97551778
0.4581,-2.496115696,2.500784674,-0.569964715,0.565440294,3.071109038,-3.061196341
0.45815,-2.545597015,2.550159968,-0.609529486,0.605059558,3.160177391,-3.150168635
0.4582,-2.596544678,2.600999937,-0.650860494,0.646448008,3.252480579,-3.242372539
0.45825,-2.648851272,2.653197119,-0.694001944,0.689649977,3.347955487,-3.337744825
0.4583,-2.702411215,2.706645885,-0.738995164,0.734706925,3.446537963,-3.436221227
0.45835,-2.757120797,2.761242484,-0.785878638,0.781657473,3.548162881,-3.537736511
0.4584,-2.812878208,2.81688507,-0.834688039,0.830537429,3.652764208,-3.642224538
0.45845,-2.869583578,2.873473735,-0.885456263,0.881379831,3.760275073,-3.749618333
0.4585,-2.927138998,2.930910543,-0.938213469,0.934214978,3.870627834,-3.859850153
0.45855,-2.985448555,2.989099554,-0.992987116,0.989070475,3.983754145,-3.972851555
0.4586,-3.044418355,3.047946852,-1.049802009,1.045971271,4.099585025,-4.088553462
0.45865,-3.103956547,3.107360565,-1.108680338,1.104939703,4.218050923,-4.20688623
0.4587,-3.16397334,3.167250889,-1.169641728,1.165995544,4.339081785,-4.327779716
0.45875,-3.224381028,3.227530104,-1.232703285,1.22915605,4.462607122,-4.451163345
0.4588,-3.285094002,3.288112593,-1.297879645,1.294436007,4.588556074,-4.576966174
0.45885,-3.346028766,3.348914853,-1.365183027,1.361847784,4.716857476,-4.705116955
0.4589,-3.407103947,3.409855511,-1.434623283,1.431401386,4.847439922,-4.835544205
0.45895,-3.468240306,3.470855327,-1.506207953,1.503104504,4.980231826,-4.968176264
0.459,-3.529360746,3.531837208,-1.57994232,1.576962572,5.115161488,-5.102941359
0.45905,-3.528778611,3.531114889,-1.634534773,1.631683706,5.162601569,-5.150297862
0.4591,-3.456167467,3.458365861,-1.637325807,1.634604785,5.099381883,-5.087105359
0.45915,-3.386627432,3.388691039,-1.645552265,1.642961758,5.037985259,-5.025735859
0.4592,-3.318666549,3.320598293,-1.657215646,1.654756154,4.981673913,-4.969451576
0.45925,-3.254376647,3.256179307,-1.669613557,1.667285635,4.929769667,-4.917574334
0.4593,-3.194261699,3.195937915,-1.682037146,1.679841422,4.882067713,-4.869899324
0.45935,-3.110644946,3.11214626,-1.656826805,1.654763893,4.779812406,-4.767670901
0.4594,-2.953832984,2.955101126,-1.652046695,1.650114773,4.611537895,-4.599423215
0.45945,-2.811073138,2.812119278,-1.63446584,1.632662689,4.451204545,-4.43911663
0.4595,-2.684463379,2.685298175,-1.607572579,1.60589614,4.297645745,-4.285584536
0.45955,-2.564961519,2.56559502,-1.582099348,1.580547619,4.152619034,-4.140584472
0.4596,-2.450089061,2.450530702,-1.560792742,1.559363763,4.016392121,-4.004384148
0.45965,-2.341745362,2.342004007,-1.541263773,1.539955669,3.888475127,-3.876493684
0.4597,-2.240872884,2.240956864,-1.522308029,1.521119033,3.768605892,-3.756650919
0.45975,-2.146847559,2.14676468,-1.504535744,1.50346421,3.656770377,-3.644841816
0.4598,-2.058993743,2.058751305,-1.488594311,1.487638714,3.55294014,-3.541037932
0.45985,-1.977107031,1.976711845,-1.474588959,1.473747905,3.457015826,-3.445139914
0.4599,-1.901095676,1.900554082,-1.462500599,1.461772842,3.368886436,-3.357036762
0.45995,-1.830746569,1.830064459,-1.452444847,1.451829295,3.288454333,-3.276630838
0.46,-1.765790778,1.764973614,-1.44459519,1.444090916,3.215623936,-3.203826562
0.46005,-1.70598805,1.705040877,-1.439090431,1.438696682,3.150293675,-3.138522365
0.4601,-1.65112184,1.650049311,-1.4360414,1.435757605,3.09235773,-3.080612426
0.46015,-1.600972603,1.599778992,-1.435559882,1.435385664,3.041708248,-3.029988893
0.4602,-1.555315045,1.554004266,-1.437761232,1.437696412,2.998235209,-2.986541746
0.46025,-1.513926034,1.512501662,-1.442755981,1.442800589,2.961825948,-2.950158318
0.4603,-1.476586808,1.475052091,-1.450647687,1.450801967,2.932365203,-2.92072335
0.46035,-1.443081033,1.441438914,-1.46153504,1.461799462,2.909735291,-2.898119159
0.4604,-1.413194,1.411447132,-1.475512739,1.475888001,2.893816171,-2.882225702
0.46045,-1.386713259,1.384864021,-1.492670905,1.493157941,2.884485495,-2.872920632
0.4605,-1.363429099,1.361479614,-1.513094682,1.513694669,2.881618689,-2.870079376
0.46055,-1.343134572,1.341086724,-1.536864307,1.537578671,2.885089046,-2.873575227
0.4606,-1.325625502,1.323480951,-1.564055188,1.564885608,2.894767815,-2.883279433
0.46065,-1.310700626,1.308460823,-1.594737864,1.595686276,2.910524295,-2.899061294
0.4607,-1.298161752,1.295827957,-1.628977944,1.63004655,2.93222594,-2.920788263
0.46075,-1.287813883,1.285387179,-1.666836097,1.668027366,2.959738466,-2.948326059
0.4608,-1.279465321,1.276946627,-1.708368062,1.709684732,2.992925968,-2.981538774
0.46085,-1.272927774,1.270317866,-1.753624648,1.755069733,3.031651029,-3.020288992
0.4609,-1.268016476,1.265315994,-1.802651747,1.80422854,3.075774846,-3.064437911
0.46095,-1.264550286,1.261759753,-1.85549035,1.857202424,3.125157351,-3.113845463
0.461,-1.262351789,1.259471624,-1.91217658,1.914027789,3.17965734,-3.168370443
0.46105,-1.261247392,1.258277923,-1.97274172,1.974736206,3.239132601,-3.22787064
0.4611,-1.26106741,1.258008887,-2.037212262,2.039354451,3.303440045,-3.292202965
0.46115,-1.261646156,1.258498763,-2.105609952,2.107904558,3.372435842,-3.361223588
0.4612,-1.262822012,1.259585884,-2.177951849,2.180403876,3.445975552,-3.434788069
0.46125,-1.264437508,1.261112737,-2.254250388,2.256865127,3.523914264,-3.512751498
0.4613,-1.266339385,1.262926036,-2.33451345,2.337296483,3.606106729,-3.594968626
0.46135,-1.268378654,1.264876777,-2.418744439,2.421701634,3.6924075,-3.681294004
0.4614,-1.270410654,1.266820292,-2.506942361,2.510079879,3.782671064,-3.771582122
0.46145,-1.272295096,1.268616297,-2.599101919,2.602426204,3.876751979,-3.865687536
0.4615,-1.273896102,1.270128932,-2.6952136,2.698731385,3.974505008,-3.963465011
0.46155,-1.275082246,1.271226795,-2.795263777,2.798982081,4.075785253,-4.064769647
0.4616,-1.275726575,1.271782971,-2.899234815,2.903160936,4.180448282,-4.169457014
0.46165,-1.275706632,1.271675047,-3.007105171,3.011246692,4.288350264,-4.277383279
0.4617,-1.274904475,1.270785135,-3.118849517,3.123214296,4.399348089,-4.388405335
0.46175,-1.273206679,1.268999873,-3.234438845,3.23903502,4.513299497,-4.50238092
0.4618,-1.270504339,1.26621043,-3.353840595,3.358676574,4.630063197,-4.619168743
0.46185,-1.266693072,1.262312498,-3.477018774,3.482103236,4.749498982,-4.738628598
0.4619,-1.228228381,1.223761707,-3.565474302,3.570756851,4.806140078,-4.795293712
0.46195,-1.212724343,1.208174146,-3.570522587,3.575928716,4.789074435,-4.778252034
0.462,-1.185750563,1.181119668,-3.582639858,3.588169913,4.774294934,-4.763496444
0.46205,-1.150408592,1.145699644,-3.604002265,3.609656643,4.760326464,-4.749551833
0.4621,-1.116146837,1.111362413,-3.627726527,3.633505723,4.749801736,-4.739050911
0.46215,-1.085435776,1.080578416,-3.652036768,3.657941385,4.743415281,-4.732688209
0.4622,-1.056126979,1.05119917,-3.678396308,3.684427046,4.740482009,-4.729778639
0.46225,-1.017573648,1.012578138,-3.640116298,3.646273538,4.657021358,-4.646418861
0.4623,-0.936012915,0.930954787,-3.527298098,3.533578053,4.469192133,-4.458786189
0.46235,-0.865037896,0.859922593,-3.416810092,3.423208126,4.287597652,-4.277380826
0.4624,-0.80224228,0.797074968,-3.307525378,3.314037043,4.115457247,-4.105422414
0.46245,-0.743015022,0.737800568,-3.202504924,3.209125937,3.95115305,-3.941293401
0.4625,-0.685993762,0.680736731,-3.102549096,3.109275339,3.794122944,-3.784431984
0.46255,-0.632051589,0.626756269,-3.006990177,3.013817697,3.644572097,-3.635043636
0.4626,-0.581636623,0.576307049,-2.915456956,2.922381972,3.502577227,-3.493205373
0.46265,-0.534416129,0.529056092,-2.828084958,2.835103858,3.367940942,-3.358720096
0.4627,-0.490006822,0.484619876,-2.745036147,2.752145489,3.240441742,-3.231366592
0.46275,-0.448253409,0.44284289,-2.666325537,2.673522051,3.119939187,-3.111004701
0.4628,-0.409066375,0.403635409,-2.591927417,2.599208001,3.00631789,-2.997519312
0.46285,-0.372302292,0.366853812,-2.521849578,2.529211303,2.899442071,-2.890774914
0.4629,-0.337789417,0.33232617,-2.456116234,2.46355634,2.799164062,-2.7906241
0.46295,-0.305369346,0.299893909,-2.394742459,2.40225836,2.705340404,-2.69692367
0.463,-0.274896907,0.269411697,-2.337734613,2.345323892,2.617832166,-2.609534944
0.46305,-0.246227442,0.240734727,-2.285098038,2.292758449,2.536499919,-2.528318738
0.4631,-0.219214771,0.213716684,-2.236838158,2.244567627,2.461202806,-2.453134434
0.46315,-0.193714817,0.188213365,-2.192958329,2.200754952,2.391800012,-2.383841451
0.4632,-0.16958684,0.164083916,-2.153459149,2.161321194,2.328151309,-2.32029979
0.46325,-0.146692571,0.141189964,-2.118338981,2.126264883,2.270116713,-2.262369686
0.4633,-0.124895768,0.119395175,-2.087594205,2.095582571,2.217556293,-2.209911426
0.46335,-0.10406249,0.098565525,-2.061219077,2.069268683,2.170330301,-2.162785474
0.4634,-0.084061317,0.078569522,-2.039205626,2.047315414,2.128299292,-2.120852586
0.46345,-0.064763354,0.05927821,-2.021543665,2.029712747,2.091324139,-2.083973836
0.4635,-0.046042224,0.040565158,-2.008220824,2.016448479,2.059266055,-2.05201063
0.46355,-0.027774114,0.022306513,-1.999222544,2.007508215,2.031986636,-2.02482475
0.4636,-0.009837842,0.004381058,-1.994532068,2.002875365,2.009347917,-2.002278416
0.46365,0.007878085,-0.013343666,-1.994134263,2.002534959,1.991208516,-1.984230419
0.4637,0.025500594,-0.030952669,-1.997996718,2.006454749,1.977442876,-1.970555373
0.46375,0.043139544,-0.048576806,-2.006106227,2.01462169,1.967904559,-1.961107007
0.4638,0.060907221,-0.06632836,-2.018436126,2.027009281,1.962458956,-1.955750869
0.46385,0.07890792,-0.084311617,-2.034957313,2.043588576,1.960972652,-1.9543537
0.4639,0.097245597,-0.102630512,-2.055639809,2.064329756,1.963311727,-1.956781728
0.46395,0.116022879,-0.121387648,-2.08045228,2.089201641,1.96934224,-1.962901154
0.464,0.135338863,-0.140682087,-2.109361034,2.118170694,1.978931425,-1.972579352
0.46405,0.155289198,-0.160609437,-2.142330119,2.151201118,1.991947715,-1.985684886
0.4641,0.175966725,-0.18126249,-2.179321668,2.188255196,2.008260438,-2.002087211
0.46415,0.197461483,-0.202731232,-2.220295942,2.229293336,2.027739853,-2.021656709
0.4642,0.219860496,-0.225102622,-2.265211275,2.274274023,2.050257322,-2.044264857
0.46425,0.243247732,-0.248460563,-2.314024117,2.32315385,2.075685374,-2.069784298
0.4643,0.267704154,-0.272885943,-2.3666891,2.375887593,2.103897734,-2.098088862
0.46435,0.293307724,-0.298456644,-2.423159088,2.432428259,2.134769365,-2.129053614
0.4644,0.320133381,-0.325247518,-2.483385228,2.492727133,2.168176539,-2.162554923
0.46445,0.348253035,-0.353330384,-2.547316994,2.556733825,2.203996888,-2.198470513
0.4645,0.37773557,-0.382774032,-2.614902243,2.624396331,2.242109457,-2.236679515
0.46455,0.408646856,-0.413644229,-2.686087279,2.695661083,2.282394755,-2.277062522
0.4646,0.441049751,-0.446003727,-2.760816901,2.770473012,2.324734803,-2.319501631
0.46465,0.47500411,-0.479912273,-2.839034469,2.848775607,2.36901319,-2.363880503
0.4647,0.510566803,-0.51542662,-2.920681964,2.930510973,2.41511511,-2.410084404
0.46475,0.547791724,-0.552600545,-3.005700048,3.015619894,2.462927421,-2.458000251
0.4648,0.586729818,-0.591484871,-3.094028129,3.104041901,2.512338678,-2.507516663
0.46485,0.627429095,-0.632127482,-3.185604426,3.195715329,2.563239183,-2.558523994
0.4649,0.669934661,-0.674573355,-3.280366034,3.290577388,2.615521022,-2.610914383
0.46495,0.714288739,-0.718864582,-3.37824899,3.388564227,2.669078107,-2.664581788
0.465,0.760530702,-0.765040401,-3.479188337,3.489611001,2.723806211,-2.719422023
0.46505,0.808697106,-0.813137231,-3.583118198,3.593651937,2.779603001,-2.775332797
0.4651,0.858821721,-0.863188701,-3.689971835,3.700620405,2.836368076,-2.832213741
0.46515,0.91093557,-0.915225694,-3.799681724,3.81044898,2.894002994,-2.889966445
0.4652,0.965066969,-0.969276381,-3.912179618,3.923069513,2.952411301,-2.94849448
0.46525,1.021241564,-1.025366263,-4.027396614,4.038413199,3.011498555,-3.007703431
0.4653,1.079482379,-1.083518219,-4.145263226,4.156410644,3.071172356,-3.067500915
0.46535,1.139809861,-1.143752545,-4.265709445,4.276991929,3.13134236,-3.127796607
0.4654,1.202241922,-1.206087004,-4.388664809,4.40008668,3.191920307,-3.188502256
0.46545,1.266793993,-1.270536878,-4.51405847,4.525624134,3.252820028,-3.249531705
0.4655,1.333479071,-1.337115012,-4.641819257,4.6535332,3.313957468,-3.310800906
0.46555,1.402307773,-1.405831873,-4.77187574,4.783742528,3.375250694,-3.372227927
0.4656,1.47328839,-1.476695597,-4.904156296,4.91618057,3.436619908,-3.433732971
0.46565,1.546426937,-1.549712049,-5.038589171,5.050775645,3.497987452,-3.495238377
0.4657,1.600706012,-1.603864098,-5.085742328,5.098011069,3.497502704,-3.494893132
0.46575,1.60331638,-1.606346096,-5.022410379,5.034652014,3.424924478,-3.422452116
0.4658,1.611412132,-1.614313022,-4.960924284,4.973138873,3.35539381,-3.353055569
0.46585,1.622976102,-1.625747683,-4.904540747,4.916728349,3.287431752,-3.285224712
0.4659,1.635248302,-1.637890032,-4.852563648,4.864724323,3.223169695,-3.221091087
0.46595,1.64752016,-1.650031431,-4.804787091,4.816920899,3.163110177,-3.161157367
0.466,1.660471288,-1.662851422,-4.761280056,4.773387057,3.106642527,-3.104813021
0.46605,1.635966155,-1.638214493,-4.663539771,4.675620023,3.026768385,-3.025109357
0.4661,1.631819212,-1.633937553,-4.499900748,4.51195431,2.873832304,-2.872400457
0.46615,1.614656426,-1.616646966,-4.344160507,4.356187439,2.735129909,-2.733914414
0.4662,1.588186871,-1.590051636,-4.195186398,4.207186758,2.612572055,-2.611562585
0.46625,1.563350778,-1.565091731,-4.054720851,4.066694699,2.496893107,-2.496079934
0.4663,1.542813246,-1.544432305,-3.923004604,3.934951998,2.385668525,-2.385042525
0.46635,1.524087098,-1.52558609,-3.79954418,3.811465179,2.280891781,-2.28044439
0.4664,1.505983088,-1.507363721,-3.68408534,3.695980001,2.183497676,-2.183220855
0.46645,1.489149656,-1.490413516,-3.576615701,3.588484083,2.092825195,-2.092711417
0.4665,1.474233221,-1.475381766,-3.477102946,3.488945108,2.008195416,-2.008237652
0.46655,1.461322967,-1.462357517,-3.385444917,3.397260916,1.929416824,-1.929608524
0.4666,1.450395235,-1.451316959,-3.301529814,3.313319708,1.856401127,-1.856736201
0.46665,1.441568223,-1.442378131,-3.225259167,3.237023014,1.788931516,-1.789404311
0.4667,1.435015158,-1.435714088,-3.156535938,3.168273795,1.726737599,-1.727342887
0.46675,1.43087164,-1.431460252,-3.095257036,3.10696896,1.669580575,-1.670313529
0.4668,1.429245736,-1.429724503,-3.041315315,3.053001364,1.617245129,-1.61810131
0.46685,1.430247463,-1.43061666,-2.994601646,3.006261878,1.569512033,-1.570487368
0.4669,1.43399036,-1.434250059,-2.955004705,2.966639176,1.526156348,-1.527247115
0.46695,1.440582774,-1.440732836,-2.92241053,2.934019297,1.486955705,-1.488158513
0.467,1.450126002,-1.450166066,-2.896702608,2.908285728,1.451692247,-1.453004021
0.46705,1.462716547,-1.462646027,-2.877762036,2.889319566,1.420150533,-1.421568495
0.4671,1.47844692,-1.478264996,-2.865467587,2.876999583,1.3921168,-1.393638454
0.46715,1.497405004,-1.497110616,-2.859695762,2.871202281,1.367379655,-1.369002767
0.4672,1.519673677,-1.519265521,-2.860320881,2.871801979,1.345730538,-1.347453124
0.46725,1.545330901,-1.54480742,-2.867215178,2.878670911,1.326963732,-1.328784037
0.4673,1.574449801,-1.573809183,-2.880248887,2.891679311,1.310876364,-1.31279285
0.46735,1.607098625,-1.606338795,-2.899290344,2.910695515,1.297268556,-1.299279883
0.4674,1.643340685,-1.642459303,-2.924206095,2.935586069,1.285943581,-1.288048596
0.46745,1.683234353,-1.68222881,-2.954861007,2.966215839,1.276707984,-1.278905699
0.4675,1.726833073,-1.725700488,-2.991118378,3.002448124,1.269371679,-1.271661261
0.46755,1.77418537,-1.772922583,-3.03284006,3.044144775,1.263748063,-1.266128819
0.4676,1.825334859,-1.823938433,-3.079886579,3.09116632,1.259654122,-1.262125484
0.46765,1.880320272,-1.878786486,-3.132117263,3.143372084,1.256910539,-1.259472049
0.4677,1.939175487,-1.937500336,-3.189390368,3.200620323,1.255341785,-1.257993083
0.46775,2.001929566,-2.000108761,-3.251563208,3.262768353,1.254776213,-1.257517021
0.4678,2.068606805,-2.066635768,-3.318492291,3.32967268,1.255046143,-1.257876256
0.46785,2.139226781,-2.137100648,-3.39003345,3.401189138,1.255987945,-1.258907215
0.4679,2.213804417,-2.211518033,-3.466041979,3.477173021,1.257442113,-1.260450437
0.46795,2.292350046,-2.289897967,-3.546372771,3.557479221,1.259253335,-1.262350644
0.468,2.374869485,-2.372245978,-3.630880452,3.641962364,1.261270552,-1.2644568
0.46805,2.461364112,-2.458563157,-3.719419516,3.730476944,1.263347021,-1.26662217
0.4681,2.551830957,-2.548846242,-3.811844465,3.822877464,1.265340359,-1.268704371
0.46815,2.646262785,-2.643087715,-3.90800994,3.919018563,1.267112588,-1.270565416
0.4682,2.744648198,-2.74127589,-4.007770857,4.018755158,1.268530177,-1.272071749
0.46825,2.846971734,-2.843395022,-4.110982535,4.121942567,1.269464065,-1.273094281
0.4683,2.953213972,-2.949425408,-4.21750083,4.228436648,1.269789691,-1.273508407
0.46835,3.063351646,-3.059343499,-4.327182264,4.338093921,1.269387008,-1.273194032
0.4684,3.17735775,-3.173122017,-4.439884144,4.450771692,1.268140495,-1.272035575
0.46845,3.295201667,-3.290730066,-4.55546469,4.566328183,1.265939162,-1.269921978
0.4685,3.416849281,-3.412133261,-4.673783152,4.684622643,1.262676548,-1.266746706
0.46855,3.542263104,-3.537293844,-4.794699926,4.805515468,1.258250712,-1.262407734
0.4686,3.632356752,-3.627185526,-4.852530405,4.86332205,1.219427174,-1.223670454
0.46865,3.638710661,-3.633413246,-4.836471539,4.847239341,1.203641672,-1.207968624
0.4687,3.651994672,-3.64657069,-4.822656275,4.833400285,1.176486015,-1.180893807
0.46875,3.674435512,-3.668884533,-4.809600587,4.820320859,1.141002136,-1.145488112
0.4688,3.699285614,-3.693607109,-4.799933364,4.81062995,1.106498937,-1.111060509
0.46885,3.724760071,-3.718953405,-4.794365504,4.805038457,1.075472364,-1.080106976
0.4689,3.684808146,-3.678872996,-4.708649274,4.719220384,1.03629255,-1.040997371
0.46895,3.570515756,-3.564455962,-4.518562584,4.528934893,0.953810725,-0.958580566
0.469,3.458883587,-3.45270384,-4.334572581,4.344753627,0.881454849,-0.886284163
0.46905,3.348502071,-3.342206874,-4.160028665,4.170025675,0.817230939,-0.822114463
0.4691,3.24227729,-3.235870979,-3.99340509,4.003224972,0.75677451,-0.761707283
0.46915,3.141062816,-3.134549565,-3.834119883,3.84376923,0.698649683,-0.703627049
0.4692,3.044253722,-3.037637537,-3.682342957,3.691828056,0.643631086,-0.648648668
0.46925,2.951476804,-2.944761521,-3.538149958,3.547476794,0.592167372,-0.597221055
0.4693,2.862847995,-2.856037281,-3.401355323,3.410529586,0.543956859,-0.549042774
0.46935,2.77852659,-2.771623941,-3.271740724,3.280767819,0.498621747,-0.503736264
0.4694,2.698534057,-2.6915428,-3.149162768,3.158047813,0.455997006,-0.461136719
0.46945,2.6228476,-2.615770891,-3.033504766,3.042252605,0.415988582,-0.421150298
0.4695,2.551474392,-2.544315216,-2.924631975,2.93324718,0.378454411,-0.383635137
0.46955,2.484438511,-2.477199682,-2.822397641,2.830884518,0.343223519,-0.348420448
0.4696,2.421756103,-2.414440263,-2.726658414,2.735021012,0.31013628,-0.31534678
0.46965,2.363434665,-2.356044287,-2.637275364,2.645517478,0.279046143,-0.284267747
0.4697,2.309480317,-2.302017701,-2.554109296,2.562234475,0.24980768,-0.255038071
0.46975,2.259899206,-2.252366482,-2.477019646,2.485031196,0.222274076,-0.227511078
0.4698,2.214695517,-2.207094644,-2.405865806,2.413766799,0.196300439,-0.201542005
0.46985,2.173870721,-2.166203487,-2.340507709,2.348300986,0.171745143,-0.176989344
0.4699,2.137424034,-2.129692057,-2.280805533,2.288493713,0.148469071,-0.153714084
0.46995,2.10535268,-2.097557409,-2.226619509,2.234204991,0.126335156,-0.131579255
0.47,2.077651769,-2.069794483,-2.177810028,2.185294999,0.105208616,-0.110450159
0.47005,2.054314189,-2.046395999,-2.134237757,2.1416242,0.084957173,-0.090194595
0.4701,2.035330617,-2.027352465,-2.09576367,2.103053365,0.065451076,-0.070682877
0.47015,2.020689543,-2.012652204,-2.062249059,2.069443592,0.046563085,-0.051787818
0.4702,2.010377265,-2.00228135,-2.03355558,2.040656347,0.028168523,-0.033384789
0.47025,2.004377886,-1.996223838,-2.009545308,2.016553524,0.010145336,-0.015351772
0.4703,2.002676112,-1.994464211,-1.990077958,1.996994656,-0.007623934,0.002426162
0.47035,2.005243066,-1.996973428,-1.975025135,1.981851178,-0.025262674,0.020077385
0.4704,2.012065316,-2.003737896,-1.964241482,1.970977565,-0.042877827,0.03770634
0.47045,2.023114491,-2.014729083,-1.957595057,1.964241717,-0.060581588,0.055425213
0.4705,2.038364531,-2.029920768,-1.954950055,1.961507669,-0.078483761,0.073343815
0.47055,2.057786616,-2.049283974,-1.956172053,1.96264085,-0.096689935,0.091567752
0.4706,2.081349594,-2.072787392,-1.961127685,1.967507749,-0.115302308,0.110199245
0.47065,2.109020425,-2.100397828,-1.969684233,1.975975508,-0.134420533,0.129337979
0.4707,2.140764118,-2.132080136,-1.981709771,1.987912067,-0.154141517,0.149080899
0.47075,2.17654364,-2.167797133,-1.997073367,2.003186366,-0.174559123,0.169521916
0.4708,2.216319966,-2.207509643,-2.015645132,2.02166839,-0.195764178,0.190751909
0.47085,2.260052161,-2.251176582,-2.03729622,2.043229178,-0.217844545,0.2128588
0.4709,2.307697415,-2.298754997,-2.061898896,2.067740879,-0.240885103,0.235927534
0.47095,2.359211083,-2.350200095,-2.089326596,2.095076822,-0.264967713,0.260040045
0.471,2.414546724,-2.405465296,-2.119453992,2.125111575,-0.290171208,0.285275244
0.47105,2.473656162,-2.464502282,-2.152157037,2.157720993,-0.316571394,0.31170902
0.4711,2.536489532,-2.527261051,-2.18731302,2.192782272,-0.344241048,0.339414242
0.47115,2.602995335,-2.593689967,-2.224800622,2.230174004,-0.373249921,0.368460754
0.4712,2.673120492,-2.66373582,-2.264499967,2.26977623,-0.403664737,0.398915378
0.47125,2.746810404,-2.73734388,-2.306292671,2.311470487,-0.4355492,0.430841925
0.4713,2.824009011,-2.814457955,-2.350061897,2.355139863,-0.468964007,0.464301198
0.47135,2.904658848,-2.895020458,-2.395692397,2.40066904,-0.503966857,0.499351012
0.4714,2.988701114,-2.978972462,-2.443070563,2.447944345,-0.540612468,0.536046201
0.47145,3.076075729,-3.066253766,-2.492084468,2.49685379,-0.578952596,0.57443864
0.4715,3.166721399,-3.156802959,-2.542623915,2.547287122,-0.619036053,0.614577269
0.47155,3.260575687,-3.250557485,-2.594580473,2.599135858,-0.660908733,0.656508107
0.4716,3.35757507,-3.347453711,-2.647847522,2.652293329,-0.70461364,0.70027429
0.47165,3.457655012,-3.447426988,-2.702320285,2.706654714,-0.750190912,0.74591609
0.4717,3.560750028,-3.550411724,-2.757895866,2.762117078,-0.797677856,0.79347095
0.47175,3.666793752,-3.656341448,-2.814473288,2.818579407,-0.847108984,0.84297352
0.4718,3.775719004,-3.765148878,-2.871953515,2.875942634,-0.898516043,0.89445569
0.47185,3.887457861,-3.876765989,-2.93023949,2.934109674,-0.951928059,0.947946627
0.4719,4.001941718,-3.991124082,-2.989236158,2.992985446,-1.007371375,1.00347282
0.47195,4.119101361,-4.108153848,-3.048850491,3.052476901,-1.064869696,1.061058121
0.472,4.238867032,-4.227785438,-3.108991509,3.112493044,-1.124444131,1.120723786
0.47205,4.361168495,-4.349948528,-3.169570305,3.172944951,-1.186113242,1.182488526
0.4721,4.485935105,-4.474572387,-3.230500056,3.233745792,-1.249893091,1.246368554
0.47215,4.613095869,-4.60158594,-3.291696046,3.29481084,-1.315797291,1.312377632
0.4722,4.742579514,-4.730917833,-3.353075672,3.35605749,-1.383837056,1.380527128
0.47225,4.874314549,-4.8624965,-3.414558461,3.417405267,-1.454021258,1.450826063
0.4723,5.00822933,-4.996250222,-3.476066074,3.478775835,-1.526356474,1.523281169
0.47235,5.054915694,-5.042854777,-3.475590842,3.478161916,-1.580090397,1.577139866
0.4724,4.991076032,-4.979041762,-3.402962818,3.405397503,-1.582279289,1.579454861
0.47245,4.929108264,-4.917100582,-3.333363898,3.33566529,-1.589994459,1.587296576
0.4725,4.872264232,-4.86028308,-3.265325903,3.267496927,-1.601203251,1.598632384
0.47255,4.819830817,-4.807876135,-3.201015538,3.203058969,-1.613093457,1.610650133
0.4726,4.771600682,-4.759672413,-3.140935208,3.142853684,-1.624955268,1.622640081
0.47265,4.72764814,-4.715746224,-3.084460881,3.086256899,-1.63748706,1.635300669
0.4727,4.629299504,-4.617423885,-3.004425667,3.006052395,-1.612600437,1.610543487
0.47275,4.4649703,-4.453120918,-2.851258193,2.852659396,-1.60811871,1.606189387
0.4728,4.308506751,-4.296683549,-2.712380558,2.713567094,-1.590523161,1.588719256
0.47285,4.158790468,-4.146993387,-2.589666507,2.590648732,-1.563574569,1.561894038
0.4729,4.017600711,-4.005829693,-2.47380624,2.474593907,-1.538294697,1.536735559
0.47295,3.885177867,-3.873432855,-2.362413663,2.363015919,-1.517310412,1.515870729
0.473,3.761016859,-3.749297795,-2.257517684,2.257943111,-1.498087968,1.496765891
0.47305,3.644863243,-3.633170071,-2.160041287,2.160297943,-1.479450145,1.47824394
0.4731,3.536709498,-3.52504216,-2.069304655,2.069400081,-1.462069433,1.460977488
0.47315,3.436524992,-3.42488343,-1.984630477,1.984571715,-1.4465927,1.44561353
0.4732,3.344207158,-3.332591316,-1.905835866,1.905629474,-1.433100439,1.432232694
0.47325,3.259644502,-3.248054323,-1.832833967,1.832486045,-1.421568167,1.420810647
0.4733,3.182739599,-3.171175026,-1.765405159,1.764921361,-1.412118221,1.411469884
0.47335,3.113396316,-3.101857293,-1.703278206,1.702663765,-1.404925831,1.404385806
0.4734,3.051512212,-3.039998682,-1.646215375,1.645475116,-1.400126405,1.399693998
0.47345,2.996980771,-2.985492677,-1.594001947,1.593140307,-1.397828247,1.397502947
0.4735,2.949693538,-2.938230825,-1.546418442,1.545439489,-1.398142468,1.397923963
0.47355,2.909539847,-2.898102458,-1.50323965,1.502147098,-1.40118369,1.401071868
0.4736,2.876406357,-2.864994237,-1.464243167,1.463040397,-1.407061033,1.407055996
0.47365,2.850177142,-2.838790235,-1.429211088,1.427901163,-1.415876529,1.415978597
0.4737,2.830733867,-2.819372116,-1.397927778,1.396513461,-1.427727513,1.427937232
0.47375,2.817955841,-2.806619191,-1.370179207,1.368662979,-1.44270735,1.443025497
0.4738,2.811720074,-2.80040847,-1.345753698,1.344137772,-1.460904741,1.461332333
0.47385,2.811901366,-2.800614753,-1.324442377,1.322728717,-1.482403362,1.482941662
0.4739,2.818372397,-2.807110719,-1.306039157,1.304229495,-1.507281971,1.507932492
0.47395,2.831003818,-2.81976702,-1.290340751,1.288436601,-1.535614487,1.536378998
0.474,2.84966435,-2.838452377,-1.277146825,1.275149498,-1.567469937,1.568350467
0.47405,2.87422089,-2.863033687,-1.266260159,1.264170781,-1.602912396,1.603911241
0.4741,2.904538622,-2.893376135,-1.257486764,1.255306293,-1.642000988,1.643120712
0.47415,2.940481131,-2.929343305,-1.250635988,1.248365221,-1.684789893,1.686033334
0.4742,2.981910519,-2.9707973,-1.24552062,1.243160218,-1.731328355,1.732698627
0.47425,3.028687531,-3.017598864,-1.241957012,1.239507507,-1.78166069,1.783161186
0.4743,3.080671675,-3.069607507,-1.239765175,1.237226987,-1.835826311,1.837460709
0.47435,3.137721359,-3.126681635,-1.238768882,1.236142333,-1.89385976,1.895632018
0.4744,3.199694011,-3.188678677,-1.238795758,1.236081084,-1.95579074,1.957705105
0.47445,3.266446221,-3.255455223,-1.239677372,1.236874736,-2.021644165,2.02370517
0.4745,3.33783387,-3.326867155,-1.241249316,1.238358824,-2.091440209,2.093652676
0.47455,3.413712268,-3.402769782,-1.243351284,1.240372993,-2.165194366,2.167563407
0.4746,3.493936291,-3.48301798,-1.245827143,1.242761077,-2.242917517,2.245448534
0.47465,3.578360515,-3.567466327,-1.248524999,1.245371158,-2.324616001,2.327314684
0.4747,3.666839356,-3.655969236,-1.251297251,1.248055624,-2.410291693,2.413164024
0.47475,3.759227202,-3.748381098,-1.254000648,1.250671222,-2.499942091,2.502994338
0.4748,3.855378555,-3.844556414,-1.256496332,1.253079106,-2.593560404,2.596799126
0.47485,3.955148158,-3.944349927,-1.258649875,1.25514487,-2.69113565,2.69456769
0.4749,4.058391136,-4.047616762,-1.260331319,1.256738583,-2.792652754,2.796285242
0.47495,4.164963118,-4.154212548,-1.261415191,1.257734815,-2.898092657,2.901933003
0.475,4.274720371,-4.263993555,-1.261780531,1.258012655,-3.007432421,3.011488319
0.47505,4.387519929,-4.376816812,-1.261310902,1.257455723,-3.120645347,3.124924768
0.4751,4.503219709,-4.492540239,-1.259894394,1.255952178,-3.237701092,3.242212283
0.47515,4.621678636,-4.611022762,-1.257423627,1.253394714,-3.358565788,3.363317268
0.4752,4.74275676,-4.732124429,-1.253795742,1.249680555,-3.483202167,3.488202725
0.47525,4.800850029,-4.79024119,-1.215613862,1.211412952,-3.572826314,3.578025542
0.4753,4.785135075,-4.774549677,-1.200480201,1.196196118,-3.578854233,3.584177522
0.47535,4.771638126,-4.761076115,-1.173807667,1.169443208,-3.591952129,3.59739986
0.4754,4.758896004,-4.748357329,-1.138727676,1.134285461,-3.614278219,3.619850823
0.47545,4.749578204,-4.739062814,-1.104738313,1.100220898,-3.638936327,3.644634335
0.4755,4.744378084,-4.733885928,-1.074285219,1.069695125,-3.664174237,3.669998286
0.47555,4.742596435,-4.732127462,-1.045189308,1.040529004,-3.691471808,3.697422632
0.4756,4.660418947,-4.65005038,-1.007088558,1.002360774,-3.654021693,3.660099707
0.47565,4.47393408,-4.463761706,-0.926086132,0.921295906,-3.541988917,3.548190362
0.4757,4.293690023,-4.283706461,-0.85569511,0.850847838,-3.432266749,3.438587016
0.47575,4.122898603,-4.113096778,-0.793488491,0.788589295,-3.323741468,3.330176136
0.4758,3.959910879,-3.950284034,-0.734793228,0.729846933,-3.219504969,3.226049784
0.47585,3.804161311,-3.794703002,-0.678246928,0.673258061,-3.120354227,3.127005098
0.4759,3.655864884,-3.646568967,-0.624745516,0.619718329,-3.025608501,3.032361505
0.47595,3.515100749,-3.505961382,-0.574740847,0.569679343,-2.934895279,2.941746663
0.476,3.381668195,-3.372679824,-0.52789298,0.522800919,-2.848353969,2.855300151
0.47605,3.255344031,-3.246501388,-0.483816534,0.478697446,-2.766146935,2.773184504
0.4761,3.13598839,-3.127286488,-0.442358842,0.437216038,-2.688287142,2.695412856
0.47615,3.02348627,-3.014920397,-0.403432022,0.398268608,-2.614747625,2.621958413
0.4762,2.917701479,-2.909267187,-0.366892512,0.361711401,-2.545535894,2.552828858
0.47625,2.818485881,-2.810178988,-0.332568504,0.327372429,-2.480675763,2.488048173
0.4763,2.725695831,-2.717512407,-0.300302161,0.295093687,-2.420181545,2.427630846
0.47635,2.639192276,-2.631128644,-0.269948973,0.264730506,-2.364058818,2.371582623
0.4764,2.5588356,-2.550888325,-0.241364772,0.236138573,-2.312312241,2.319908338
0.47645,2.484484738,-2.476650626,-0.214403831,0.209172029,-2.264946579,2.272612924
0.4765,2.415998705,-2.408274791,-0.188922603,0.183687202,-2.221964486,2.229699206
0.47655,2.353237129,-2.345620677,-0.164780916,0.159543809,-2.183365844,2.191167237
0.4766,2.296059888,-2.288548382,-0.141841072,0.136604051,-2.149148306,2.157014841
0.47665,2.244326928,-2.236918066,-0.119967413,0.11473218,-2.119307544,2.127237859
0.4767,2.197898394,-2.190590084,-0.099026595,0.093794772,-2.093837105,2.101830006
0.47675,2.156634747,-2.149425101,-0.07888782,0.073660958,-2.072728304,2.080782766
0.4768,2.120396791,-2.113284117,-0.05942283,0.054202423,-2.055970244,2.064085411
0.47685,2.08904568,-2.082028479,-0.040505897,0.035293386,-2.043549848,2.051725027
0.4769,2.062442972,-2.055519932,-0.022013875,0.016810662,-2.03545185,2.043686518
0.47695,2.040450684,-2.033620673,-0.003821096,-0.00134402,-2.031658791,2.039952588
0.477,2.022931568,-2.016193628,0.014170835,-0.019356954,-2.032150712,2.040503441
0.47705,2.009748414,-2.003101757,0.032100494,-0.037273246,-2.036906135,2.045317764
0.4771,2.000764249,-1.994208252,0.050071769,-0.055229823,-2.045901719,2.054372374
0.47715,1.995844574,-1.98937877,0.068192546,-0.073334566,-2.059110242,2.067640213
0.4772,1.994854159,-1.988478235,0.086570098,-0.091694736,-2.076503747,2.08509348
0.47725,1.997658528,-1.99137232,0.105308847,-0.110414734,-2.098052164,2.106702264
0.4773,2.004124387,-1.997927869,0.124509639,-0.12959538,-2.123723024,2.132434251
0.47735,2.014119353,-2.00801264,0.144270351,-0.149334513,-2.153481795,2.162255062
0.4774,2.027511871,-2.021495207,0.16468612,-0.169727229,-2.187292026,2.196128401
0.47745,2.044171358,-2.038245113,0.18584916,-0.190865693,-2.225115311,2.234016012
0.4775,2.063968305,-2.05813297,0.207848652,-0.212839027,-2.266911282,2.275877674
0.47755,2.08677432,-2.081030502,0.23077077,-0.235733344,-2.312637669,2.321671266
0.4776,2.112462157,-2.106810574,0.254698698,-0.259631757,-2.362250363,2.371352823
0.47765,2.140905784,-2.13534726,0.279712612,-0.284614368,-2.415703449,2.424876575
0.4777,2.171980441,-2.166515898,0.305889665,-0.310758248,-2.47294926,2.482194992
0.47775,2.205562692,-2.20019315,0.333303982,-0.338137436,-2.53393842,2.543258841
0.4778,2.241530479,-2.236257047,0.362026667,-0.366822943,-2.598619904,2.608017232
0.47785,2.279763173,-2.274587047,0.392125798,-0.396882751,-2.666941091,2.676417677
0.4779,2.320141625,-2.315064083,0.42366644,-0.428381821,-2.73884782,2.748406148
0.47795,2.36254822,-2.357570614,0.456710644,-0.4613821,-2.814284447,2.823927132
0.478,2.406866921,-2.401990678,0.491317468,-0.495942532,-2.893193908,2.902923691
0.47805,2.452983318,-2.44820993,0.527542983,-0.532119076,-2.97551778,2.985337526
0.4781,2.500784674,-2.496115696,0.565440294,-0.569964715,-3.061196341,3.071109038
0.47815,2.550159968,-2.545597015,0.605059558,-0.609529486,-3.150168636,3.160177392
0.4782,2.600999937,-2.596544679,0.646448008,-0.650860495,-3.24237254,3.252480579
0.47825,2.653197119,-2.648851272,0.689649977,-0.694001944,-3.337744825,3.347955488
0.4783,2.706645886,-2.702411216,0.734706926,-0.738995164,-3.436221228,3.446537964
0.47835,2.761242485,-2.757120797,0.781657473,-0.785878638,-3.537736512,3.548162881
0.4784,2.81688507,-2.812878209,0.830537429,-0.834688039,-3.642224538,3.652764208
0.47845,2.873473735,-2.869583578,0.881379831,-0.885456263,-3.749618333,3.760275073
0.4785,2.930910543,-2.927138998,0.934214978,-0.938213469,-3.859850154,3.870627834
0.47855,2.989099554,-2.985448555,0.989070475,-0.992987116,-3.972851556,3.983754146
0.4786,3.047946852,-3.044418356,1.045971271,-1.049802009,-4.088553462,4.099585026
0.47865,3.107360565,-3.103956547,1.104939703,-1.108680338,-4.20688623,4.218050924
0.4787,3.167250889,-3.16397334,1.165995544,-1.169641728,-4.327779717,4.339081785
0.47875,3.227530104,-3.224381029,1.22915605,-1.232703285,-4.451163346,4.462607122
0.4788,3.288112593,-3.285094003,1.294436007,-1.297879646,-4.576966174,4.588556074
0.47885,3.348914854,-3.346028766,1.361847785,-1.365183027,-4.705116956,4.716857477
0.4789,3.409855511,-3.407103947,1.431401386,-1.434623283,-4.835544206,4.847439922
0.47895,3.470855327,-3.468240307,1.503104504,-1.506207953,-4.968176265,4.980231826
0.479,3.531837208,-3.529360746,1.576962572,-1.57994232,-5.102941359,5.115161488
0.47905,3.531114889,-3.528778612,1.631683706,-1.634534773,-5.150297862,5.162601569
0.4791,3.458365861,-3.456167467,1.634604785,-1.637325807,-5.08710536,5.099381883
0.47915,3.388691039,-3.386627433,1.642961758,-1.645552265,-5.025735859,5.03798526
0.4792,3.320598293,-3.318666549,1.654756154,-1.657215647,-4.969451576,4.981673913
0.47925,3.256179307,-3.254376647,1.667285635,-1.669613557,-4.917574334,4.929769668
0.4793,3.195937915,-3.194261699,1.679841422,-1.682037146,-4.869899324,4.882067714
0.47935,3.11214626,-3.110644946,1.654763893,-1.656826805,-4.767670901,4.779812406
0.4794,2.955101126,-2.953832984,1.650114773,-1.652046695,-4.599423215,4.611537895
0.47945,2.812119278,-2.811073138,1.632662689,-1.63446584,-4.439116631,4.451204546
0.4795,2.685298175,-2.68446338,1.60589614,-1.60757258,-4.285584537,4.297645745
0.47955,2.56559502,-2.56496152,1.580547619,-1.582099348,-4.140584473,4.152619034
0.4796,2.450530702,-2.450089062,1.559363764,-1.560792742,-4.004384148,4.016392121
0.47965,2.342004007,-2.341745362,1.539955669,-1.541263773,-3.876493684,3.888475128
0.4797,2.240956864,-2.240872885,1.521119034,-1.522308029,-3.756650919,3.768605892
0.47975,2.14676468,-2.146847559,1.503464211,-1.504535744,-3.644841817,3.656770377
0.4798,2.058751305,-2.058993743,1.487638714,-1.488594311,-3.541037933,3.55294014
0.47985,1.976711845,-1.977107032,1.473747905,-1.474588959,-3.445139914,3.457015826
0.4799,1.900554082,-1.901095676,1.461772842,-1.462500599,-3.357036762,3.368886437
0.47995,1.83006446,-1.830746569,1.451829295,-1.452444847,-3.276630838,3.288454333
0.48,1.764973614,-1.765790778,1.444090916,-1.444595191,-3.203826563,3.215623936
0.48005,1.705040877,-1.70598805,1.438696682,-1.439090431,-3.138522365,3.150293675
0.4801,1.650049311,-1.65112184,1.435757605,-1.4360414,-3.080612426,3.09235773
0.48015,1.599778992,-1.600972603,1.435385664,-1.435559883,-3.029988893,3.041708248
0.4802,1.554004266,-1.555315045,1.437696412,-1.437761232,-2.986541746,2.99823521
0.48025,1.512501662,-1.513926034,1.442800589,-1.442755982,-2.950158318,2.961825948
0.4803,1.475052091,-1.476586808,1.450801967,-1.450647687,-2.920723351,2.932365203
0.48035,1.441438914,-1.443081033,1.461799463,-1.461535041,-2.898119159,2.909735292
0.4804,1.411447132,-1.413194001,1.475888001,-1.47551274,-2.882225702,2.893816172
0.48045,1.384864022,-1.38671326,1.493157941,-1.492670905,-2.872920632,2.884485495
0.4805,1.361479614,-1.363429099,1.51369467,-1.513094682,-2.870079376,2.881618689
0.48055,1.341086724,-1.343134572,1.537578671,-1.536864307,-2.873575227,2.885089047
0.4806,1.323480951,-1.325625502,1.564885608,-1.564055188,-2.883279434,2.894767816
0.48065,1.308460823,-1.310700626,1.595686277,-1.594737864,-2.899061294,2.910524296
0.4807,1.295827957,-1.298161752,1.63004655,-1.628977944,-2.920788264,2.93222594
0.48075,1.285387179,-1.287813884,1.668027366,-1.666836097,-2.948326059,2.959738467
0.4808,1.276946628,-1.279465321,1.709684732,-1.708368062,-2.981538774,2.992925968
0.48085,1.270317866,-1.272927774,1.755069733,-1.753624648,-3.020288993,3.031651029
0.4809,1.265315994,-1.268016476,1.80422854,-1.802651747,-3.064437912,3.075774846
0.48095,1.261759754,-1.264550286,1.857202424,-1.855490351,-3.113845463,3.125157351
0.481,1.259471625,-1.262351789,1.91402779,-1.91217658,-3.168370443,3.17965734
0.48105,1.258277923,-1.261247392,1.974736206,-1.972741721,-3.22787064,3.239132601
0.4811,1.258008887,-1.26106741,2.039354451,-2.037212262,-3.292202966,3.303440045
0.48115,1.258498763,-1.261646156,2.107904559,-2.105609952,-3.361223588,3.372435842
0.4812,1.259585884,-1.262822012,2.180403876,-2.177951849,-3.43478807,3.445975552
0.48125,1.261112737,-1.264437508,2.256865128,-2.254250389,-3.512751498,3.523914264
0.4813,1.262926037,-1.266339385,2.337296483,-2.334513451,-3.594968626,3.606106729
0.48135,1.264876777,-1.268378654,2.421701635,-2.418744439,-3.681294005,3.6924075
0.4814,1.266820292,-1.270410654,2.510079879,-2.506942361,-3.771582122,3.782671064
0.48145,1.268616297,-1.272295096,2.602426204,-2.599101919,-3.865687536,3.876751979
0.4815,1.270128932,-1.273896102,2.698731386,-2.6952136,-3.963465011,3.974505009
0.48155,1.271226795,-1.275082246,2.798982081,-2.795263778,-4.064769647,4.075785253
0.4816,1.271782971,-1.275726575,2.903160936,-2.899234815,-4.169457014,4.180448283
0.48165,1.271675047,-1.275706633,3.011246692,-3.007105172,-4.277383279,4.288350264
0.4817,1.270785135,-1.274904475,3.123214296,-3.118849517,-4.388405335,4.399348089
0.48175,1.268999874,-1.273206679,3.23903502,-3.234438845,-4.50238092,4.513299497
0.4818,1.26621043,-1.270504339,3.358676575,-3.353840596,-4.619168743,4.630063197
0.48185,1.262312498,-1.266693072,3.482103237,-3.477018774,-4.738628599,4.749498982
0.4819,1.223761707,-1.228228381,3.570756851,-3.565474302,-4.795293713,4.806140078
0.48195,1.208174146,-1.212724343,3.575928716,-3.570522587,-4.778252034,4.789074436
0.482,1.181119668,-1.185750563,3.588169913,-3.582639858,-4.763496444,4.774294934
0.48205,1.145699644,-1.150408592,3.609656643,-3.604002265,-4.749551834,4.760326465
0.4821,1.111362413,-1.116146838,3.633505724,-3.627726528,-4.739050911,4.749801736
0.48215,1.080578416,-1.085435776,3.657941385,-3.652036768,-4.73268821,4.743415281
0.4822,1.05119917,-1.056126979,3.684427046,-3.678396308,-4.729778639,4.740482009
0.48225,1.012578138,-1.017573648,3.646273538,-3.640116298,-4.646418861,4.657021358
0.4823,0.930954787,-0.936012915,3.533578053,-3.527298098,-4.458786189,4.469192133
0.48235,0.859922593,-0.865037896,3.423208126,-3.416810092,-4.277380826,4.287597652
0.4824,0.797074968,-0.80224228,3.314037043,-3.307525379,-4.105422414,4.115457247
0.48245,0.737800569,-0.743015022,3.209125937,-3.202504924,-3.941293401,3.95115305
0.4825,0.680736731,-0.685993762,3.109275339,-3.102549096,-3.784431984,3.794122944
0.48255,0.62675627,-0.632051589,3.013817697,-3.006990177,-3.635043636,3.644572097
0.4826,0.576307049,-0.581636623,2.922381972,-2.915456957,-3.493205374,3.502577227
0.48265,0.529056092,-0.534416129,2.835103858,-2.828084958,-3.358720096,3.367940942
0.4827,0.484619876,-0.490006822,2.752145489,-2.745036147,-3.231366592,3.240441742
0.48275,0.44284289,-0.448253409,2.673522051,-2.666325537,-3.111004701,3.119939187
0.4828,0.403635409,-0.409066375,2.599208001,-2.591927417,-2.997519312,3.00631789
0.48285,0.366853812,-0.372302292,2.529211303,-2.521849578,-2.890774914,2.899442071
0.4829,0.33232617,-0.337789417,2.463556341,-2.456116234,-2.7906241,2.799164062
0.48295,0.299893909,-0.305369346,2.40225836,-2.394742459,-2.69692367,2.705340404
0.483,0.269411697,-0.274896907,2.345323892,-2.337734614,-2.609534944,2.617832166
0.48305,0.240734727,-0.246227442,2.292758449,-2.285098038,-2.528318738,2.536499919
0.4831,0.213716684,-0.219214771,2.244567627,-2.236838158,-2.453134434,2.461202806
0.48315,0.188213365,-0.193714817,2.200754953,-2.192958329,-2.383841451,2.391800012
0.4832,0.164083916,-0.16958684,2.161321194,-2.153459149,-2.32029979,2.32815131
0.48325,0.141189964,-0.146692571,2.126264883,-2.118338981,-2.262369686,2.270116713
0.4833,0.119395175,-0.124895768,2.095582571,-2.087594205,-2.209911427,2.217556293
0.48335,0.098565525,-0.10406249,2.069268683,-2.061219078,-2.162785474,2.170330302
0.4834,0.078569522,-0.084061317,2.047315414,-2.039205626,-2.120852586,2.128299292
0.48345,0.05927821,-0.064763354,2.029712747,-2.021543665,-2.083973836,2.09132414
0.4835,0.040565158,-0.046042224,2.016448479,-2.008220824,-2.05201063,2.059266055
0.48355,0.022306513,-0.027774114,2.007508215,-1.999222544,-2.02482475,2.031986636
0.4836,0.004381058,-0.009837842,2.002875365,-1.994532068,-2.002278416,2.009347917
0.48365,-0.013343666,0.007878085,2.002534959,-1.994134263,-1.984230419,1.991208516
0.4837,-0.030952669,0.025500594,2.006454749,-1.997996718,-1.970555373,1.977442876
0.48375,-0.048576806,0.043139544,2.01462169,-2.006106227,-1.961107007,1.96790456
0.4838,-0.06632836,0.060907221,2.027009281,-2.018436126,-1.955750869,1.962458956
0.48385,-0.084311617,0.07890792,2.043588576,-2.034957313,-1.9543537,1.960972652
0.4839,-0.102630512,0.097245597,2.064329756,-2.055639809,-1.956781728,1.963311727
0.48395,-0.121387648,0.116022879,2.089201641,-2.08045228,-1.962901154,1.96934224
0.484,-0.140682087,0.135338863,2.118170694,-2.109361033,-1.972579352,1.978931425
0.48405,-0.160609437,0.155289198,2.151201118,-2.142330119,-1.985684886,1.991947715
0.4841,-0.18126249,0.175966725,2.188255195,-2.179321668,-2.00208721,2.008260438
0.48415,-0.202731232,0.197461483,2.229293336,-2.220295941,-2.021656708,2.027739853
0.4842,-0.225102622,0.219860496,2.274274022,-2.265211275,-2.044264857,2.050257322
0.48425,-0.248460563,0.243247731,2.32315385,-2.314024117,-2.069784298,2.075685374
0.4843,-0.272885943,0.267704154,2.375887593,-2.366689099,-2.098088861,2.103897734
0.48435,-0.298456644,0.293307724,2.432428259,-2.423159088,-2.129053614,2.134769365
0.4844,-0.325247518,0.320133381,2.492727133,-2.483385228,-2.162554923,2.168176539
0.48445,-0.353330384,0.348253035,2.556733825,-2.547316993,-2.198470513,2.203996887
0.4845,-0.382774032,0.37773557,2.624396331,-2.614902243,-2.236679515,2.242109457
0.48455,-0.413644229,0.408646856,2.695661082,-2.686087279,-2.277062521,2.282394755
0.4846,-0.446003727,0.441049751,2.770473012,-2.760816901,-2.319501631,2.324734803
0.48465,-0.479912273,0.47500411,2.848775607,-2.839034469,-2.363880503,2.369013189
0.4847,-0.51542662,0.510566803,2.930510972,-2.920681964,-2.410084404,2.41511511
0.48475,-0.552600545,0.547791724,3.015619894,-3.005700048,-2.458000251,2.462927421
0.4848,-0.591484871,0.586729818,3.1040419,-3.094028129,-2.507516663,2.512338678
0.48485,-0.632127482,0.627429095,3.195715328,-3.185604426,-2.558523994,2.563239183
0.4849,-0.674573355,0.669934661,3.290577387,-3.280366034,-2.610914383,2.615521022
0.48495,-0.718864582,0.714288739,3.388564226,-3.378248989,-2.664581787,2.669078107
0.485,-0.765040401,0.760530702,3.489611,-3.479188337,-2.719422023,2.72380621
0.48505,-0.813137231,0.808697106,3.593651937,-3.583118197,-2.775332797,2.779603001
0.4851,-0.863188701,0.858821721,3.700620405,-3.689971835,-2.832213741,2.836368076
0.48515,-0.915225694,0.91093557,3.810448979,-3.799681724,-2.889966445,2.894002994
0.4852,-0.96927638,0.965066968,3.923069512,-3.912179617,-2.94849448,2.9524113
0.48525,-1.025366263,1.021241563,4.038413199,-4.027396614,-3.007703431,3.011498555
0.4853,-1.083518219,1.079482379,4.156410643,-4.145263226,-3.067500915,3.071172355
0.48535,-1.143752545,1.139809861,4.276991929,-4.265709444,-3.127796607,3.13134236
0.4854,-1.206087004,1.202241922,4.40008668,-4.388664809,-3.188502256,3.191920306
0.48545,-1.270536878,1.266793992,4.525624133,-4.51405847,-3.249531705,3.252820027
0.4855,-1.337115012,1.33347907,4.653533199,-4.641819256,-3.310800905,3.313957467
0.48555,-1.405831872,1.402307773,4.783742527,-4.771875739,-3.372227927,3.375250694
0.4856,-1.476695597,1.47328839,4.91618057,-4.904156296,-3.433732971,3.436619908
0.48565,-1.549712049,1.546426937,5.050775644,-5.03858917,-3.495238377,3.497987451
0.4857,-1.603864098,1.600706012,5.098011069,-5.085742327,-3.494893132,3.497502704
0.48575,-1.606346095,1.603316379,5.034652013,-5.022410378,-3.422452116,3.424924478
0.4858,-1.614313022,1.611412131,4.973138872,-4.960924283,-3.353055568,3.35539381
0.48585,-1.625747683,1.622976102,4.916728349,-4.904540746,-3.285224712,3.287431752
0.4859,-1.637890032,1.635248301,4.864724323,-4.852563647,-3.221091087,3.223169695
0.48595,-1.65003143,1.64752016,4.816920899,-4.80478709,-3.161157367,3.163110177
0.486,-1.662851422,1.660471287,4.773387056,-4.761280056,-3.104813021,3.106642526
0.48605,-1.638214492,1.635966155,4.675620022,-4.66353977,-3.025109357,3.026768385
0.4861,-1.633937553,1.631819211,4.51195431,-4.499900747,-2.872400457,2.873832304
0.48615,-1.616646965,1.614656426,4.356187439,-4.344160507,-2.733914414,2.735129909
0.4862,-1.590051636,1.588186871,4.207186757,-4.195186397,-2.611562584,2.612572054
0.48625,-1.565091731,1.563350777,4.066694698,-4.054720851,-2.496079933,2.496893107
0.4863,-1.544432305,1.542813246,3.934951998,-3.923004604,-2.385042525,2.385668525
0.48635,-1.525586089,1.524087098,3.811465178,-3.79954418,-2.280444389,2.280891781
0.4864,-1.507363721,1.505983088,3.69598,-3.684085339,-2.183220854,2.183497676
0.48645,-1.490413515,1.489149656,3.588484083,-3.5766157,-2.092711417,2.092825195
0.4865,-1.475381765,1.47423322,3.488945107,-3.477102946,-2.008237652,2.008195416
0.48655,-1.462357517,1.461322967,3.397260915,-3.385444917,-1.929608524,1.929416824
0.4866,-1.451316959,1.450395234,3.313319707,-3.301529814,-1.8567362,1.856401127
0.48665,-1.442378131,1.441568223,3.237023013,-3.225259167,-1.789404311,1.788931515
0.4867,-1.435714088,1.435015158,3.168273794,-3.156535937,-1.727342887,1.726737599
0.48675,-1.431460251,1.43087164,3.10696896,-3.095257035,-1.670313529,1.669580575
0.4868,-1.429724502,1.429245736,3.053001364,-3.041315314,-1.61810131,1.617245129
0.48685,-1.43061666,1.430247463,3.006261877,-2.994601646,-1.570487368,1.569512033
0.4869,-1.434250059,1.433990359,2.966639176,-2.955004705,-1.527247114,1.526156348
0.48695,-1.440732835,1.440582773,2.934019297,-2.92241053,-1.488158513,1.486955705
0.487,-1.450166066,1.450126001,2.908285727,-2.896702607,-1.45300402,1.451692247
0.48705,-1.462646027,1.462716547,2.889319565,-2.877762035,-1.421568494,1.420150532
0.4871,-1.478264995,1.478446919,2.876999582,-2.865467586,-1.393638454,1.3921168
0.48715,-1.497110616,1.497405003,2.87120228,-2.859695761,-1.369002767,1.367379655
0.4872,-1.519265521,1.519673677,2.871801979,-2.860320881,-1.347453124,1.345730538
0.48725,-1.544807419,1.5453309,2.878670911,-2.867215178,-1.328784037,1.326963731
0.4873,-1.573809182,1.574449801,2.89167931,-2.880248886,-1.31279285,1.310876364
0.48735,-1.606338794,1.607098625,2.910695515,-2.899290343,-1.299279883,1.297268555
0.4874,-1.642459302,1.643340684,2.935586069,-2.924206095,-1.288048595,1.285943581
0.48745,-1.68222881,1.683234352,2.966215839,-2.954861006,-1.278905698,1.276707984
0.4875,-1.725700488,1.726833073,3.002448123,-2.991118377,-1.271661261,1.269371679
0.48755,-1.772922583,1.774185369,3.044144775,-3.032840059,-1.266128818,1.263748063
0.4876,-1.823938432,1.825334859,3.091166319,-3.079886578,-1.262125484,1.259654122
0.48765,-1.878786485,1.880320272,3.143372083,-3.132117263,-1.259472049,1.256910539
0.4877,-1.937500336,1.939175486,3.200620322,-3.189390367,-1.257993082,1.255341785
0.48775,-2.000108761,2.001929566,3.262768352,-3.251563208,-1.257517021,1.254776213
0.4878,-2.066635768,2.068606804,3.32967268,-3.31849229,-1.257876256,1.255046142
0.48785,-2.137100647,2.13922678,3.401189137,-3.390033449,-1.258907214,1.255987944
0.4879,-2.211518032,2.213804417,3.47717302,-3.466041979,-1.260450437,1.257442113
0.48795,-2.289897966,2.292350046,3.55747922,-3.546372771,-1.262350644,1.259253335
0.488,-2.372245977,2.374869484,3.641962363,-3.630880451,-1.2644568,1.261270552
0.48805,-2.458563156,2.461364112,3.730476944,-3.719419515,-1.26662217,1.263347021
0.4881,-2.548846242,2.551830956,3.822877463,-3.811844464,-1.268704371,1.265340358
0.48815,-2.643087714,2.646262784,3.919018563,-3.90800994,-1.270565416,1.267112588
0.4882,-2.741275889,2.744648197,4.018755157,-4.007770856,-1.272071749,1.268530177
0.48825,-2.843395021,2.846971733,4.121942567,-4.110982534,-1.273094281,1.269464065
0.4883,-2.949425407,2.953213972,4.228436648,-4.21750083,-1.273508407,1.269789691
0.48835,-3.059343499,3.063351645,4.33809392,-4.327182263,-1.273194032,1.269387008
0.4884,-3.173122016,3.17735775,4.450771692,-4.439884143,-1.272035575,1.268140494
0.48845,-3.290730066,3.295201667,4.566328183,-4.555464689,-1.269921978,1.265939161
0.4885,-3.41213326,3.416849281,4.684622642,-4.673783151,-1.266746706,1.262676547
0.48855,-3.537293843,3.542263104,4.805515467,-4.794699926,-1.262407734,1.258250712
0.4886,-3.627185526,3.632356751,4.863322049,-4.852530404,-1.223670454,1.219427173
0.48865,-3.633413245,3.63871066,4.84723934,-4.836471539,-1.207968624,1.203641672
0.4887,-3.646570689,3.651994671,4.833400285,-4.822656274,-1.180893807,1.176486015
0.48875,-3.668884532,3.674435512,4.820320858,-4.809600586,-1.145488112,1.141002135
0.4888,-3.693607108,3.699285613,4.81062995,-4.799933364,-1.111060509,1.106498937
0.48885,-3.718953404,3.724760071,4.805038456,-4.794365504,-1.080106976,1.075472363
0.4889,-3.678872995,3.684808145,4.719220383,-4.708649273,-1.040997371,1.03629255
0.48895,-3.564455961,3.570515755,4.528934892,-4.518562583,-0.958580566,0.953810725
0.489,-3.45270384,3.458883586,4.344753626,-4.334572581,-0.886284163,0.881454848
0.48905,-3.342206874,3.34850207,4.170025674,-4.160028665,-0.822114463,0.817230939
0.4891,-3.235870978,3.242277289,4.003224971,-3.993405089,-0.761707283,0.75677451
0.48915,-3.134549564,3.141062815,3.843769229,-3.834119882,-0.703627049,0.698649683
0.4892,-3.037637536,3.044253721,3.691828055,-3.682342957,-0.648648668,0.643631086
0.48925,-2.94476152,2.951476803,3.547476793,-3.538149958,-0.597221055,0.592167372
0.4893,-2.85603728,2.862847994,3.410529586,-3.401355322,-0.549042774,0.543956859
0.48935,-2.77162394,2.778526589,3.280767818,-3.271740723,-0.503736264,0.498621747
0.4894,-2.691542799,2.698534056,3.158047813,-3.149162768,-0.461136719,0.455997006
0.48945,-2.61577089,2.622847599,3.042252604,-3.033504765,-0.421150298,0.415988582
0.4895,-2.544315215,2.551474391,2.933247179,-2.924631975,-0.383635137,0.378454411
0.48955,-2.477199681,2.48443851,2.830884518,-2.82239764,-0.348420448,0.343223519
0.4896,-2.414440263,2.421756102,2.735021011,-2.726658413,-0.31534678,0.31013628
0.48965,-2.356044286,2.363434664,2.645517478,-2.637275363,-0.284267747,0.279046143
0.4897,-2.302017701,2.309480316,2.562234474,-2.554109295,-0.255038071,0.24980768
0.48975,-2.252366482,2.259899205,2.485031195,-2.477019645,-0.227511078,0.222274076
0.4898,-2.207094643,2.214695516,2.413766798,-2.405865805,-0.201542005,0.196300439
0.48985,-2.166203486,2.17387072,2.348300985,-2.340507708,-0.176989344,0.171745143
0.4899,-2.129692057,2.137424034,2.288493712,-2.280805533,-0.153714084,0.148469071
0.48995,-2.097557408,2.105352679,2.23420499,-2.226619509,-0.131579255,0.126335156
0.49,-2.069794482,2.077651768,2.185294998,-2.177810027,-0.110450159,0.105208616
0.49005,-2.046395998,2.054314189,2.141624199,-2.134237756,-0.090194595,0.084957173
0.4901,-2.027352464,2.035330617,2.103053364,-2.095763669,-0.070682877,0.065451076
0.49015,-2.012652203,2.020689542,2.069443591,-2.062249058,-0.051787818,0.046563085
0.4902,-2.002281349,2.010377264,2.040656347,-2.033555579,-0.033384789,0.028168523
0.49025,-1.996223837,2.004377885,2.016553523,-2.009545308,-0.015351772,0.010145336
0.4903,-1.994464211,2.002676111,1.996994655,-1.990077958,0.002426162,-0.007623934
0.49035,-1.996973428,2.005243065,1.981851178,-1.975025135,0.020077385,-0.025262674
0.4904,-2.003737895,2.012065315,1.970977565,-1.964241481,0.03770634,-0.042877827
0.49045,-2.014729082,2.023114491,1.964241716,-1.957595056,0.055425213,-0.060581588
0.4905,-2.029920767,2.038364531,1.961507668,-1.954950054,0.073343815,-0.078483761
0.49055,-2.049283973,2.057786615,1.962640849,-1.956172052,0.091567752,-0.096689935
0.4906,-2.072787392,2.081349593,1.967507748,-1.961127684,0.110199245,-0.115302308
0.49065,-2.100397827,2.109020424,1.975975508,-1.969684232,0.129337979,-0.134420533
0.4907,-2.132080135,2.140764117,1.987912067,-1.98170977,0.149080899,-0.154141516
0.49075,-2.167797132,2.176543639,2.003186366,-1.997073367,0.169521916,-0.174559122
0.4908,-2.207509642,2.216319966,2.02166839,-2.015645131,0.190751909,-0.195764178
0.49085,-2.251176582,2.26005216,2.043229178,-2.03729622,0.212858799,-0.217844545
0.4909,-2.298754996,2.307697415,2.067740878,-2.061898895,0.235927534,-0.240885103
0.49095,-2.350200094,2.359211082,2.095076822,-2.089326596,0.260040045,-0.264967713
0.491,-2.405465295,2.414546724,2.125111575,-2.119453992,0.285275244,-0.290171208
0.49105,-2.464502281,2.473656162,2.157720992,-2.152157036,0.31170902,-0.316571393
0.4911,-2.52726105,2.536489531,2.192782272,-2.187313019,0.339414242,-0.344241048
0.49115,-2.593689966,2.602995334,2.230174004,-2.224800621,0.368460754,-0.373249921
0.4912,-2.663735819,2.673120491,2.269776229,-2.264499966,0.398915378,-0.403664737
0.49125,-2.737343879,2.746810403,2.311470487,-2.306292671,0.430841924,-0.4355492
0.4913,-2.814457955,2.82400901,2.355139862,-2.350061897,0.464301198,-0.468964007
0.49135,-2.895020458,2.904658847,2.40066904,-2.395692397,0.499351012,-0.503966857
0.4914,-2.978972461,2.988701113,2.447944344,-2.443070562,0.536046201,-0.540612468
0.49145,-3.066253765,3.076075728,2.49685379,-2.492084467,0.57443864,-0.578952596
0.4915,-3.156802958,3.166721399,2.547287122,-2.542623914,0.614577268,-0.619036052
0.49155,-3.250557485,3.260575686,2.599135858,-2.594580473,0.656508107,-0.660908733
0.4916,-3.34745371,3.357575069,2.652293328,-2.647847521,0.70027429,-0.70461364
0.49165,-3.447426987,3.457655011,2.706654713,-2.702320284,0.745916089,-0.750190911
0.4917,-3.550411723,3.560750027,2.762117078,-2.757895866,0.79347095,-0.797677856
0.49175,-3.656341447,3.666793751,2.818579407,-2.814473287,0.84297352,-0.847108984
0.4918,-3.765148877,3.775719004,2.875942634,-2.871953514,0.894455689,-0.898516043
0.49185,-3.876765988,3.88745786,2.934109673,-2.93023949,0.947946627,-0.951928058
0.4919,-3.991124081,4.001941717,2.992985446,-2.989236158,1.00347282,-1.007371374
0.49195,-4.108153847,4.11910136,3.052476901,-3.04885049,1.061058121,-1.064869695
0.492,-4.227785437,4.238867031,3.112493044,-3.108991509,1.120723786,-1.12444413
0.49205,-4.349948528,4.361168495,3.172944951,-3.169570304,1.182488526,-1.186113241
0.4921,-4.474572386,4.485935105,3.233745791,-3.230500056,1.246368553,-1.24989309
0.49215,-4.601585939,4.613095868,3.294810839,-3.291696045,1.312377632,-1.31579729
0.4922,-4.730917832,4.742579513,3.356057489,-3.353075672,1.380527128,-1.383837056
0.49225,-4.862496499,4.874314548,3.417405267,-3.41455846,1.450826063,-1.454021258
0.4923,-4.996250221,5.008229329,3.478775834,-3.476066073,1.523281168,-1.526356474
0.49235,-5.042854776,5.054915693,3.478161915,-3.475590841,1.577139866,-1.580090396
0.4924,-4.979041761,4.991076031,3.405397503,-3.402962818,1.57945486,-1.582279288
0.49245,-4.917100581,4.929108263,3.33566529,-3.333363897,1.587296575,-1.589994458
0.4925,-4.860283079,4.872264231,3.267496927,-3.265325903,1.598632383,-1.60120325
0.49255,-4.807876134,4.819830816,3.203058969,-3.201015537,1.610650132,-1.613093457
0.4926,-4.759672412,4.771600682,3.142853683,-3.140935208,1.62264008,-1.624955268
0.49265,-4.715746223,4.727648139,3.086256898,-3.084460881,1.635300669,-1.63748706
0.4927,-4.617423884,4.629299503,3.006052394,-3.004425667,1.610543487,-1.612600436
0.49275,-4.453120917,4.464970299,2.852659396,-2.851258193,1.606189387,-1.608118709
0.4928,-4.296683548,4.308506751,2.713567094,-2.712380558,1.588719255,-1.590523161
0.49285,-4.146993386,4.158790467,2.590648732,-2.589666507,1.561894038,-1.563574569
0.4929,-4.005829692,4.01760071,2.474593907,-2.473806239,1.536735559,-1.538294697
0.49295,-3.873432854,3.885177866,2.363015918,-2.362413663,1.515870728,-1.517310411
0.493,-3.749297795,3.761016858,2.257943111,-2.257517683,1.49676589,-1.498087968
0.49305,-3.63317007,3.644863242,2.160297942,-2.160041286,1.478243939,-1.479450144
0.4931,-3.525042159,3.536709497,2.069400081,-2.069304655,1.460977488,-1.462069433
0.49315,-3.424883429,3.436524991,1.984571714,-1.984630476,1.44561353,-1.4465927
0.4932,-3.332591315,3.344207157,1.905629474,-1.905835866,1.432232693,-1.433100439
0.49325,-3.248054323,3.259644502,1.832486044,-1.832833967,1.420810646,-1.421568167
0.4933,-3.171175025,3.182739598,1.764921361,-1.765405158,1.411469884,-1.41211822
0.49335,-3.101857292,3.113396315,1.702663765,-1.703278206,1.404385806,-1.40492583
0.4934,-3.039998681,3.051512211,1.645475116,-1.646215375,1.399693997,-1.400126405
0.49345,-2.985492676,2.99698077,1.593140307,-1.594001947,1.397502946,-1.397828246
0.4935,-2.938230824,2.949693537,1.545439488,-1.546418442,1.397923962,-1.398142468
0.49355,-2.898102458,2.909539847,1.502147098,-1.50323965,1.401071868,-1.401183689
0.4936,-2.864994236,2.876406356,1.463040397,-1.464243167,1.407055996,-1.407061032
0.49365,-2.838790234,2.850177142,1.427901163,-1.429211088,1.415978597,-1.415876528
0.4937,-2.819372116,2.830733867,1.396513461,-1.397927777,1.427937231,-1.427727513
0.49375,-2.80661919,2.81795584,1.368662978,-1.370179207,1.443025496,-1.442707349
0.4938,-2.800408469,2.811720073,1.344137771,-1.345753697,1.461332333,-1.46090474
0.49385,-2.800614752,2.811901365,1.322728717,-1.324442376,1.482941662,-1.482403361
0.4939,-2.807110718,2.818372396,1.304229495,-1.306039157,1.507932492,-1.50728197
0.49395,-2.819767019,2.831003817,1.2884366,-1.290340751,1.536378998,-1.535614487
0.494,-2.838452376,2.849664349,1.275149497,-1.277146824,1.568350467,-1.567469936
0.49405,-2.863033687,2.874220889,1.264170781,-1.266260158,1.60391124,-1.602912395
0.4941,-2.893376135,2.904538621,1.255306292,-1.257486764,1.643120712,-1.642000987
0.49415,-2.929343305,2.94048113,1.248365221,-1.250635987,1.686033334,-1.684789893
0.4942,-2.9707973,2.981910518,1.243160218,-1.24552062,1.732698626,-1.731328354
0.49425,-3.017598863,3.02868753,1.239507507,-1.241957011,1.783161186,-1.781660689
0.4943,-3.069607506,3.080671675,1.237226987,-1.239765175,1.837460708,-1.835826311
0.49435,-3.126681634,3.137721358,1.236142333,-1.238768882,1.895632018,-1.89385976
0.4944,-3.188678676,3.19969401,1.236081084,-1.238795758,1.957705104,-1.95579074
0.49445,-3.255455222,3.26644622,1.236874736,-1.239677372,2.023705169,-2.021644165
0.4945,-3.326867154,3.337833869,1.238358823,-1.241249315,2.093652675,-2.091440208
0.49455,-3.402769781,3.413712268,1.240372993,-1.243351284,2.167563407,-2.165194365
0.4946,-3.48301798,3.493936291,1.242761077,-1.245827143,2.245448533,-2.242917516
0.49465,-3.567466326,3.578360515,1.245371158,-1.248524999,2.327314684,-2.324616
0.4947,-3.655969235,3.666839355,1.248055623,-1.251297251,2.413164023,-2.410291692
0.49475,-3.748381097,3.759227201,1.250671222,-1.254000648,2.502994338,-2.49994209
0.4948,-3.844556413,3.855378554,1.253079106,-1.256496331,2.596799125,-2.593560403
0.49485,-3.944349927,3.955148158,1.25514487,-1.258649875,2.69456769,-2.691135649
0.4949,-4.047616761,4.058391135,1.256738583,-1.260331319,2.796285241,-2.792652754
0.49495,-4.154212548,4.164963117,1.257734815,-1.261415191,2.901933003,-2.898092656
0.495,-4.263993554,4.274720371,1.258012655,-1.261780531,3.011488318,-3.00743242
0.49505,-4.376816811,4.387519928,1.257455723,-1.261310902,3.124924768,-3.120645347
0.4951,-4.492540239,4.503219708,1.255952178,-1.259894394,3.242212283,-3.237701092
0.49515,-4.611022761,4.621678635,1.253394714,-1.257423626,3.363317268,-3.358565788
0.4952,-4.732124429,4.742756759,1.249680555,-1.253795742,3.488202724,-3.483202166
0.49525,-4.790241189,4.800850028,1.211412951,-1.215613862,3.578025542,-3.572826313
0.4953,-4.774549676,4.785135075,1.196196118,-1.200480201,3.584177522,-3.578854232
0.49535,-4.761076114,4.771638125,1.169443208,-1.173807667,3.59739986,-3.591952129
0.4954,-4.748357329,4.758896003,1.134285461,-1.138727676,3.619850823,-3.614278218
0.49545,-4.739062814,4.749578203,1.100220898,-1.104738313,3.644634334,-3.638936326
0.4955,-4.733885928,4.744378084,1.069695125,-1.074285219,3.669998285,-3.664174236
0.49555,-4.732127461,4.742596434,1.040529004,-1.045189308,3.697422631,-3.691471807
0.4956,-4.65005038,4.660418947,1.002360774,-1.007088557,3.660099706,-3.654021692
0.49565,-4.463761705,4.473934079,0.921295906,-0.926086132,3.548190362,-3.541988916
0.4957,-4.28370646,4.293690022,0.850847838,-0.85569511,3.438587016,-3.432266749
0.49575,-4.113096778,4.122898602,0.788589295,-0.793488491,3.330176135,-3.323741467
0.4958,-3.950284034,3.959910878,0.729846932,-0.734793227,3.226049783,-3.219504968
0.49585,-3.794703001,3.804161311,0.67325806,-0.678246928,3.127005097,-3.120354226
0.4959,-3.646568966,3.655864883,0.619718329,-0.624745516,3.032361504,-3.025608501
0.49595,-3.505961381,3.515100749,0.569679343,-0.574740847,2.941746662,-2.934895278
0.496,-3.372679823,3.381668194,0.522800919,-0.52789298,2.855300151,-2.848353968
0.49605,-3.246501388,3.25534403,0.478697446,-0.483816534,2.773184504,-2.766146935
0.4961,-3.127286488,3.135988389,0.437216038,-0.442358842,2.695412855,-2.688287142
0.49615,-3.014920396,3.02348627,0.398268608,-0.403432022,2.621958412,-2.614747624
0.4962,-2.909267187,2.917701478,0.361711401,-0.366892512,2.552828857,-2.545535894
0.49625,-2.810178988,2.818485881,0.327372429,-0.332568504,2.488048173,-2.480675762
0.4963,-2.717512407,2.72569583,0.295093687,-0.300302161,2.427630845,-2.420181544
0.49635,-2.631128644,2.639192276,0.264730506,-0.269948973,2.371582623,-2.364058817
0.4964,-2.550888325,2.558835599,0.236138573,-0.241364772,2.319908338,-2.312312241
0.49645,-2.476650625,2.484484738,0.209172029,-0.214403831,2.272612923,-2.264946579
0.4965,-2.408274791,2.415998705,0.183687202,-0.188922603,2.229699205,-2.221964485
0.49655,-2.345620676,2.353237129,0.159543809,-0.164780916,2.191167237,-2.183365843
0.4966,-2.288548381,2.296059888,0.136604051,-0.141841072,2.15701484,-2.149148305
0.49665,-2.236918066,2.244326928,0.11473218,-0.119967413,2.127237858,-2.119307543
0.4967,-2.190590083,2.197898393,0.093794772,-0.099026595,2.101830005,-2.093837104
0.49675,-2.149425101,2.156634747,0.073660958,-0.07888782,2.080782766,-2.072728303
0.4968,-2.113284117,2.12039679,0.054202423,-0.05942283,2.06408541,-2.055970244
0.49685,-2.082028479,2.089045679,0.035293386,-0.040505897,2.051725027,-2.043549848
0.4969,-2.055519932,2.062442971,0.016810662,-0.022013875,2.043686517,-2.035451849
0.49695,-2.033620672,2.040450683,-0.00134402,-0.003821096,2.039952587,-2.031658791
0.497,-2.016193627,2.022931567,-0.019356954,0.014170835,2.040503441,-2.032150712
0.49705,-2.003101757,2.009748413,-0.037273246,0.032100494,2.045317763,-2.036906135
0.4971,-1.994208251,2.000764248,-0.055229823,0.050071769,2.054372374,-2.045901718
0.49715,-1.989378769,1.995844573,-0.073334566,0.068192546,2.067640212,-2.059110241
0.4972,-1.988478235,1.994854158,-0.091694735,0.086570098,2.08509348,-2.076503747
0.49725,-1.991372319,1.997658528,-0.110414734,0.105308847,2.106702263,-2.098052164
0.4973,-1.997927869,2.004124386,-0.12959538,0.124509639,2.13243425,-2.123723024
0.49735,-2.008012639,2.014119352,-0.149334513,0.144270351,2.162255062,-2.153481794
0.4974,-2.021495207,2.027511871,-0.169727229,0.16468612,2.196128401,-2.187292025
0.49745,-2.038245112,2.044171357,-0.190865693,0.18584916,2.234016011,-2.225115311
0.4975,-2.05813297,2.063968305,-0.212839027,0.207848652,2.275877673,-2.266911281
0.49755,-2.081030502,2.086774319,-0.235733344,0.23077077,2.321671266,-2.312637669
0.4976,-2.106810574,2.112462156,-0.259631756,0.254698697,2.371352823,-2.362250362
0.49765,-2.135347259,2.140905784,-0.284614368,0.279712612,2.424876574,-2.415703449
0.4977,-2.166515898,2.171980441,-0.310758248,0.305889665,2.482194992,-2.472949259
0.49775,-2.200193149,2.205562692,-0.338137436,0.333303982,2.543258841,-2.533938419
0.4978,-2.236257047,2.241530479,-0.366822943,0.362026667,2.608017231,-2.598619904
0.49785,-2.274587046,2.279763172,-0.396882751,0.392125798,2.676417677,-2.666941091
0.4979,-2.315064082,2.320141625,-0.42838182,0.423666439,2.748406148,-2.738847819
0.49795,-2.357570614,2.36254822,-0.461382099,0.456710644,2.823927132,-2.814284446
0.498,-2.401990677,2.406866921,-0.495942532,0.491317468,2.902923691,-2.893193908
0.49805,-2.448209929,2.452983318,-0.532119075,0.527542983,2.985337526,-2.97551778
0.4981,-2.496115696,2.500784674,-0.569964715,0.565440294,3.071109038,-3.061196341
0.49815,-2.545597015,2.550159968,-0.609529486,0.605059558,3.160177391,-3.150168635
0.4982,-2.596544678,2.600999937,-0.650860494,0.646448008,3.252480579,-3.242372539
0.49825,-2.648851272,2.653197119,-0.694001944,0.689649977,3.347955487,-3.337744825
0.4983,-2.702411215,2.706645885,-0.738995164,0.734706925,3.446537963,-3.436221227
0.49835,-2.757120797,2.761242484,-0.785878638,0.781657473,3.548162881,-3.537736511
0.4984,-2.812878208,2.81688507,-0.834688039,0.830537429,3.652764208,-3.642224538
0.49845,-2.869583578,2.873473735,-0.885456263,0.881379831,3.760275073,-3.749618333
0.4985,-2.927138998,2.930910543,-0.938213469,0.934214978,3.870627834,-3.859850153
0.49855,-2.985448555,2.989099554,-0.992987116,0.989070475,3.983754145,-3.972851555
0.4986,-3.044418355,3.047946852,-1.049802009,1.045971271,4.099585025,-4.088553462
0.49865,-3.103956547,3.107360565,-1.108680338,1.104939703,4.218050923,-4.20688623
0.4987,-3.16397334,3.167250889,-1.169641728,1.165995544,4.339081785,-4.327779716
0.49875,-3.224381028,3.227530104,-1.232703285,1.22915605,4.462607122,-4.451163345
0.4988,-3.285094002,3.288112593,-1.297879645,1.294436007,4.588556074,-4.576966174
0.49885,-3.346028766,3.348914853,-1.365183027,1.361847784,4.716857476,-4.705116955
0.4989,-3.407103947,3.409855511,-1.434623283,1.431401386,4.847439922,-4.835544205
0.49895,-3.468240306,3.470855327,-1.506207953,1.503104504,4.980231826,-4.968176264
0.499,-3.529360746,3.531837208,-1.57994232,1.576962572,5.115161488,-5.102941359
0.49905,-3.528778611,3.531114889,-1.634534773,1.631683706,5.162601569,-5.150297862
0.4991,-3.456167467,3.458365861,-1.637325807,1.634604785,5.099381883,-5.087105359
0.49915,-3.386627432,3.388691039,-1.645552265,1.642961758,5.037985259,-5.025735859
0.4992,-3.318666549,3.320598293,-1.657215646,1.654756154,4.981673913,-4.969451576
0.49925,-3.254376647,3.256179307,-1.669613557,1.667285635,4.929769667,-4.917574334
0.4993,-3.194261699,3.195937915,-1.682037146,1.679841422,4.882067713,-4.869899324
0.49935,-3.110644946,3.11214626,-1.656826805,1.654763893,4.779812406,-4.767670901
0.4994,-2.953832984,2.955101126,-1.652046695,1.650114773,4.611537895,-4.599423215
0.49945,-2.811073138,2.812119278,-1.63446584,1.632662689,4.451204545,-4.43911663
0.4995,-2.684463379,2.685298175,-1.607572579,1.60589614,4.297645745,-4.285584536
0.49955,-2.564961519,2.56559502,-1.582099348,1.580547619,4.152619034,-4.140584472
0.4996,-2.450089061,2.450530702,-1.560792742,1.559363763,4.016392121,-4.004384148
0.49965,-2.341745362,2.342004007,-1.541263773,1.539955669,3.888475127,-3.876493684
0.4997,-2.240872884,2.240956864,-1.522308029,1.521119033,3.768605892,-3.756650919
0.49975,-2.146847559,2.14676468,-1.504535744,1.50346421,3.656770377,-3.644841816
0.4998,-2.058993743,2.058751305,-1.488594311,1.487638714,3.55294014,-3.541037932
0.49985,-1.977107031,1.976711845,-1.474588959,1.473747905,3.457015826,-3.445139914
0.4999,-1.901095676,1.900554082,-1.462500599,1.461772842,3.368886436,-3.357036762
0.49995,-1.830746569,1.830064459,-1.452444847,1.451829295,3.288454333,-3.276630838
