0,1.283060673,-1.280759755,0.129165468,-0.130931665,-1.410320042,1.41359752
5.00E-05,1.311482872,-1.309236184,0.152563707,-0.154315298,-1.462136662,1.4654614
1.00E-04,1.344555796,-1.342364379,0.177975622,-0.179710783,-1.520616297,1.523990282
1.50E-04,1.38199004,-1.37985511,0.205625832,-0.207342593,-1.585694057,1.589119518
2.00E-04,1.423568751,-1.421491681,0.235611814,-0.237308043,-1.657250439,1.660729849
2.50E-04,1.469086922,-1.467069239,0.26801151,-0.269684899,-1.73515825,1.73869432
3.00E-04,1.518295683,-1.516339052,0.30297224,-0.304620291,-1.819315795,1.822911471
3.50E-04,1.570891638,-1.568997853,0.340721129,-0.342341142,-1.909646653,1.91330511
4.00E-04,1.626550683,-1.624721657,0.381506907,-0.383095966,-2.006075287,2.009799926
4.50E-04,1.684972878,-1.683210632,0.425530775,-0.427085736,-2.108502788,2.112297234
5.00E-04,1.745902769,-1.74420942,0.472919996,-0.474437476,-2.216800784,2.220668877
5.50E-04,1.809114513,-1.807492266,0.523754964,-0.525231329,-2.33082364,2.334769432
6.00E-04,1.874380091,-1.872831228,0.578117925,-0.579549285,-2.45042539,2.454453139
6.50E-04,1.94144897,-1.939975841,0.63612119,-0.637503389,-2.575467613,2.579581776
7.00E-04,2.010053724,-2.008658736,0.697896871,-0.699225479,-2.705814789,2.710020021
7.50E-04,2.079932834,-2.078618442,0.763564094,-0.764834402,-2.841324315,2.845625455
8.00E-04,2.150849152,-2.149617851,0.833204886,-0.834411898,-2.981840857,2.98624293
8.50E-04,2.222589534,-2.22144385,0.90686712,-0.908005549,-3.127198924,3.131707128
9.00E-04,2.23717145,-2.236113577,0.958751567,-0.959816333,-3.18703702,3.191603359
9.50E-04,2.166913394,-2.165941492,0.978103717,-0.979092828,-3.142759251,3.147315503
0.001,2.108108335,-2.107219852,0.994096733,-0.995009141,-3.099888249,3.104434436
0.00105,2.057664164,-2.056856778,1.007020269,-1.007854895,-3.062374404,3.066910549
0.0011,1.965201371,-1.964505012,1.006125978,-1.006881443,-2.975644541,2.980170666
0.00115,1.846020713,-1.84547024,0.970778992,-0.971456956,-2.814538153,2.81905428
0.0012,1.717362339,-1.716947488,0.955416319,-0.956018446,-2.670619336,2.675125487
0.00125,1.588240972,-1.587952155,0.954022659,-0.954550372,-2.540134984,2.544631182
0.0013,1.472079443,-1.471907838,0.95023165,-0.95068624,-2.420209453,2.424695719
0.00135,1.376402634,-1.376340275,0.935505404,-0.935888138,-2.309830048,2.314306404
0.0014,1.298073919,-1.298113692,0.913870809,-0.914182934,-2.209887443,2.214353912
0.00145,1.228376731,-1.228512279,0.895299474,-0.895542112,-2.121636997,2.126093599
0.0015,1.161004575,-1.161230181,0.886507662,-0.886681693,-2.045488676,2.049935435
0.00155,1.095929826,-1.09624035,0.887060052,-0.887166058,-1.980979675,1.985416612
0.0016,1.037381354,-1.037772219,0.892065947,-0.892104213,-1.927448299,1.931875435
0.00165,0.989147197,-0.989614405,0.8974052,-0.897375746,-1.884562595,1.888979953
0.0017,0.951485166,-0.952025284,0.902829777,-0.902732356,-1.852332492,1.856740091
0.00175,0.921495506,-0.922105624,0.911288454,-0.911122522,-1.830807121,1.835204985
0.0018,0.895737525,-0.896415188,0.926083631,-0.92584829,-1.819848242,1.824236392
0.00185,0.872566577,-0.873309726,0.948565015,-0.948258971,-1.819160916,1.823539374
0.0019,0.852550571,-0.853357505,0.977882372,-0.977503914,-1.828462788,1.832831574
0.00195,0.837154391,-0.838023748,1.012396771,-1.011943772,-1.847579774,1.85193891
0.002,0.827092441,-0.828023175,1.051269913,-1.050739823,-1.876387922,1.88073743
0.00205,0.821639202,-0.822630553,1.095030769,-1.094420608,-1.914690616,1.919030516
0.0021,0.819173626,-0.820225083,1.144979012,-1.144285343,-1.962166375,1.966496689
0.00215,0.818265667,-0.819376914,1.202163473,-1.201382383,-2.018433844,2.022754593
0.0022,0.81837522,-0.819546101,1.266793341,-1.265920422,-2.08316194,2.087473145
0.00225,0.819729696,-0.820960183,1.338407923,-1.337438264,-2.156117192,2.160418874
0.0023,0.82265398,-0.823944149,1.416492063,-1.415420251,-2.237109131,2.241401312
0.00235,0.826980735,-0.828330739,1.500967711,-1.499787823,-2.325892154,2.330174854
0.0024,0.831978029,-0.833388068,1.592217755,-1.590923359,-2.422116986,2.426390226
0.00245,0.83674493,-0.838215217,1.690732214,-1.689316354,-2.525372457,2.529636258
0.0025,0.840669632,-0.84220036,1.796738308,-1.795193503,-2.63527371,2.639528093
0.00255,0.843571567,-0.845162881,1.910110599,-1.908428837,-2.751514449,2.755759434
0.0026,0.845472999,-0.847124975,2.030572354,-2.028745098,-2.873839909,2.878075517
0.00265,0.84625917,-0.84797179,2.15796159,-2.15597978,-3.001973039,3.006199291
0.0027,0.832117839,-0.833891222,2.239966976,-2.237858798,-3.076415234,3.08063215
0.00275,0.784691836,-0.786523319,2.28219044,-2.280001305,-3.064587989,3.06879559
0.0028,0.755419075,-0.757306104,2.311382339,-2.309111326,-3.064565957,3.068764263
0.00285,0.740703332,-0.742643627,2.335141187,-2.332787299,-3.073598783,3.077787815
0.0029,0.704447603,-0.706438573,2.304320577,-2.301883055,-2.999929309,3.004059095
0.00295,0.637214138,-0.639250899,2.192462324,-2.189944548,-2.827498214,2.831508163
0.003,0.56135177,-0.563428908,2.09816524,-2.095571311,-2.65731003,2.661206969
0.00305,0.486900141,-0.489012576,2.011458249,-2.008792023,-2.49618631,2.499976671
0.0031,0.425673503,-0.427816592,1.924463988,-1.921729121,-2.347996703,2.351686502
0.00315,0.379367431,-0.381537022,1.836284412,-1.833484387,-2.213539211,2.217134042
0.0032,0.340914086,-0.343106468,1.751650007,-1.748788114,-2.090476814,2.093981861
0.00325,0.302459283,-0.304671077,1.675484374,-1.672563681,-1.97587918,1.979299235
0.0033,0.261533741,-0.263761825,1.609089273,-1.606112602,-1.868578979,1.871918463
0.00335,0.221153088,-0.223394572,1.550375581,-1.547345511,-1.76950289,1.772765863
0.0034,0.185663047,-0.187915293,1.496605324,-1.493524195,-1.68025885,1.683449008
0.00345,0.156810733,-0.159071367,1.446738069,-1.443607997,-1.601553743,1.604674423
0.0035,0.132927989,-0.13519488,1.401758254,-1.398581121,-1.532704028,1.535758216
0.00355,0.110891386,-0.113162595,1.363398271,-1.360175718,-1.472318814,1.475309155
0.0036,0.088586729,-0.090860466,1.332710338,-1.329443756,-1.419336236,1.422265053
0.00365,0.065935044,-0.068209628,1.309569848,-1.306260372,-1.373552794,1.376422098
0.0037,0.04416095,-0.046434801,1.293169171,-1.289817682,-1.335385553,1.338197051
0.00375,0.024335418,-0.026607041,1.282838339,-1.279445466,-1.30523558,1.307990684
0.0038,0.006436145,-0.008704121,1.278511305,-1.275077427,-1.283014582,1.285714416
0.00385,-0.010554434,0.008318539,1.28062666,-1.277151902,-1.268128062,1.270773471
0.0039,-0.027870635,0.025641048,1.289665599,-1.286149833,-1.259856059,1.262447625
0.00395,-0.046242608,0.044020691,1.305849788,-1.302292626,-1.257670531,1.260208585
0.004,-0.065712686,0.063499834,1.32904591,-1.325446709,-1.261397734,1.263882365
0.00405,-0.085972399,0.083770059,1.35896641,-1.355324271,-1.271058578,1.273489644
0.0041,-0.1068544,0.10466408,1.395404149,-1.391717921,-1.286613224,1.288990365
0.00415,-0.128594581,0.126417872,1.438337523,-1.434605803,-1.307804115,1.310126758
0.0042,-0.151738234,0.149576829,1.487869291,-1.484090427,-1.33418864,1.336456014
0.00425,-0.176844491,0.174700203,1.544088851,-1.540260944,-1.365296977,1.367508123
0.0043,-0.204246547,0.202121331,1.606975764,-1.603096667,-1.400775383,1.402929169
0.00435,-0.234023969,0.231919938,1.676400945,-1.67246827,-1.44041509,1.442510218
0.0044,-0.26615644,0.264075876,1.752198078,-1.748209197,-1.484069971,1.486104988
0.00445,-0.300706047,0.298651419,1.834235592,-1.830187642,-1.531546228,1.533519541
0.0045,-0.337889306,0.335863277,1.922437695,-1.918327582,-1.582551407,1.584461287
0.00455,-0.378010884,0.376016329,2.01675302,-2.012577424,-1.636729316,1.638573915
0.0046,-0.421338576,0.419378591,2.117107898,-2.112863274,-1.693738324,1.695515681
0.00465,-0.468025815,0.466103734,2.22338307,-2.219065657,-1.753305562,1.755013615
0.0047,-0.518130242,0.516249645,2.335425472,-2.331031295,-1.815220141,1.816856739
0.00475,-0.571693804,0.569858522,2.453077435,-2.448602312,-1.879282254,1.880845166
0.0048,-0.628809212,0.627023339,2.576196736,-2.571636284,-1.945256773,1.946743696
0.00485,-0.68962301,0.687890911,2.704654565,-2.700004204,-2.012868139,2.014276709
0.0049,-0.754285632,0.752611947,2.838318961,-2.833573921,-2.081833751,2.083161553
0.00495,-0.82289988,0.821289533,2.977041073,-2.972196402,-2.151901743,2.153146319
0.005,-0.895511117,0.89396932,3.120655131,-3.115705697,-2.222860767,2.224019625
0.00505,-0.946590727,0.945122485,3.178867533,-3.173861191,-2.236578541,2.23764952
0.0051,-0.965555582,0.964162852,3.13312182,-3.128126537,-2.16526081,2.166245791
0.00515,-0.98098543,0.97966923,3.088747045,-3.083762796,-2.10553249,2.106434066
0.0052,-0.993244596,0.992005968,3.049719506,-3.044746267,-2.054252916,2.055073446
0.00525,-0.991763229,0.990603514,2.961327907,-2.956365653,-1.960757883,1.961467531
0.0053,-0.955998554,0.954916062,2.798287054,-2.793335762,-1.840139296,1.840703371
0.00535,-0.940207546,0.939200582,2.652511904,-2.647571549,-1.710123109,1.710551985
0.0054,-0.938228732,0.937295834,2.520202575,-2.515273132,-1.579823883,1.580127249
0.00545,-0.933631782,0.932771615,2.398425566,-2.393507011,-1.462671203,1.462857977
0.0055,-0.91796712,0.917178364,2.286157668,-2.281249978,-1.366091964,1.366170198
0.00555,-0.895398257,0.894679607,2.184322001,-2.179425152,-1.286846199,1.286823089
0.0056,-0.875945514,0.875295786,2.094211229,-2.089325196,-1.216206574,1.216088551
0.00565,-0.866257845,0.865676092,2.016250118,-2.011374877,-1.147949105,1.147741953
0.0057,-0.865799602,0.865285172,1.949967904,-1.945103432,-1.082138819,1.081847742
0.00575,-0.869641114,0.869193643,1.894687984,-1.889834257,-1.023028929,1.022658554
0.0058,-0.873705584,0.873324971,1.850071159,-1.845228153,-0.974357192,0.973911566
0.00585,-0.877818289,0.877504694,1.816132098,-1.811299789,-0.936313156,0.935795749
0.0059,-0.884967581,0.884721457,1.792932038,-1.788110403,-0.905969824,0.905383578
0.00595,-0.89844175,0.898263902,1.780344788,-1.775533804,-0.879912771,0.879260168
0.006,-0.919550947,0.919442572,1.778082137,-1.773281779,-0.856543641,0.855826757
0.00605,-0.947420591,0.947383298,1.785862063,-1.781072308,-0.836454968,0.835675515
0.0061,-0.98041989,0.980455704,1.803507264,-1.798728089,-0.821100206,0.820259552
0.00615,-1.017737954,1.017849318,1.830891589,-1.82612297,-0.81116405,0.810263237
0.0062,-1.059925995,1.060115782,1.867820431,-1.863062345,-0.80590061,0.804940389
0.00625,-1.108287857,1.108559393,1.913978269,-1.909230693,-0.803690422,0.80267129
0.0063,-1.16386409,1.164221176,1.968990375,-1.964253285,-0.803118072,0.802040322
0.00635,-1.226857106,1.227304038,2.032529373,-2.027802747,-0.803653607,0.802517369
0.0064,-1.296809134,1.297350708,2.104361567,-2.099645382,-0.80552092,0.804326187
0.00645,-1.373214829,1.373856346,2.184294486,-2.179588718,-0.809032685,0.807779343
0.0065,-1.456004821,1.456752087,2.272081973,-2.267386599,-0.814011906,0.812699758
0.00655,-1.545565106,1.546424439,2.367377022,-2.36269202,-0.81972535,0.818354146
0.0066,-1.642385533,1.643363775,2.469772022,-2.465097368,-0.825275305,0.823844777
0.00665,-1.746694832,1.74779935,2.578884219,-2.574219891,-0.830050016,0.828559911
0.0067,-1.858372571,1.859611264,2.694406718,-2.689752693,-0.833862734,0.832312843
0.00675,-1.977147816,1.97852911,2.816082783,-2.811439038,-0.836727357,0.835117537
0.0068,-2.102861642,2.104394487,2.943634382,-2.939000895,-0.838524476,0.836854672
0.00685,-2.183525309,2.185182308,3.017682131,-3.013058879,-0.825275412,0.823545433
0.0069,-2.224996933,2.226733803,3.005688062,-3.001075023,-0.778421607,0.776634066
0.00695,-2.253424204,2.255241839,3.005460104,-3.000857255,-0.749691266,0.747848673
0.007,-2.27634626,2.278245632,3.014292433,-3.009699751,-0.735592274,0.733696864
0.00705,-2.244688987,2.246670829,2.940320567,-2.935786973,-0.699897404,0.697951722
0.0071,-2.132098931,2.134159841,2.767386984,-2.762971686,-0.63297826,0.63098717
0.00715,-2.037072598,2.039208459,2.596780681,-2.592476843,-0.557503899,0.5554728
0.0072,-1.949723192,1.951930128,2.435235131,-2.43103631,-0.483342089,0.481276042
0.00725,-1.862160584,1.864434916,2.286572759,-2.282472928,-0.42227328,0.420176907
0.0073,-1.77337417,1.775712396,2.151639023,-2.147632579,-0.376153803,0.374031233
0.00735,-1.687995753,1.69039456,2.028183384,-2.024265137,-0.338101647,0.335956561
0.0074,-1.610962747,1.613419044,1.913309813,-1.909474964,-0.300283621,0.298119366
0.00745,-1.543686688,1.546197628,1.805802744,-1.802046868,-0.260072818,0.257892478
0.0075,-1.484180473,1.486743454,1.706510952,-1.702829985,-0.220305293,0.218111716
0.00755,-1.42971523,1.432327885,1.617010263,-1.613400506,-0.185285936,0.183081718
0.0076,-1.379172327,1.381832519,1.53804693,-1.534505044,-0.156879829,0.154667299
0.00765,-1.33344844,1.336154262,1.469007914,-1.465530913,-0.133577441,0.131358684
0.0077,-1.294251978,1.297001762,1.408541349,-1.40512659,-0.112318649,0.11009555
0.00775,-1.262684991,1.265477322,1.355564105,-1.352209268,-0.090918383,0.088692677
0.0078,-1.238696883,1.241530599,1.30981561,-1.306518688,-0.069166755,0.066940061
0.00785,-1.221518963,1.224393159,1.271670574,-1.268429865,-0.048207238,0.045981078
0.0079,-1.210463639,1.213377661,1.241534578,-1.238348678,-0.029133076,0.02690888
0.00795,-1.205415855,1.2083693,1.219361538,-1.216229332,-0.012013296,0.009792419
0.008,-1.206769508,1.209762226,1.204607599,-1.20152825,0.004097987,-0.006305221
0.00805,-1.215032542,1.21806464,1.196537177,-1.193510116,0.020424323,-0.022625676
0.0081,-1.230436337,1.233508177,1.194619103,-1.191644013,0.037743607,-0.039937789
0.00815,-1.25288408,1.255996282,1.198641031,-1.195717837,0.056167902,-0.058353592
0.0082,-1.282102514,1.285255955,1.208603118,-1.205731978,0.075423772,-0.077599601
0.00825,-1.317874325,1.321070136,1.224472967,-1.221654259,0.09532635,-0.097490884
0.0083,-1.360156781,1.363396344,1.246018797,-1.243253113,0.116064744,-0.118216471
0.00835,-1.409039344,1.412324292,1.272819548,-1.270107679,0.13814955,-0.140286858
0.0084,-1.464615147,1.46794736,1.304406327,-1.301749254,0.162142885,-0.164264041
0.00845,-1.526879251,1.530260858,1.340407163,-1.337806043,0.188411886,-0.190515016
0.0085,-1.595716894,1.599150266,1.38059178,-1.378047935,0.217072185,-0.21915526
0.00855,-1.67096537,1.67445312,1.424805494,-1.422320402,0.248115888,-0.250176706
0.0086,-1.752486324,1.756031301,1.472862929,-1.470438212,0.281590153,-0.283626331
0.00865,-1.840194749,1.843800033,1.524487252,-1.522124667,0.317686953,-0.319695909
0.0087,-1.934035752,1.937704652,1.5793309,-1.577032325,0.356699117,-0.358678061
0.00875,-2.033939869,2.037675919,1.637046989,-1.634814416,0.398904233,-0.400850149
0.0088,-2.139795377,2.143602327,1.697348557,-1.69518408,0.444477714,-0.446387353
0.00885,-2.251453898,2.255335717,1.760013272,-1.757919074,0.493493702,-0.495363567
0.0089,-2.368756855,2.372717716,1.824840349,-1.822818697,0.545994593,-0.547820933
0.00895,-2.491557719,2.495602002,1.891602288,-1.889655519,0.602061556,-0.603840358
0.009,-2.619724384,2.623856663,1.96003089,-1.958161405,0.661830887,-0.663557866
0.00905,-2.753125185,2.757350226,2.029843095,-2.028053346,0.725454187,-0.727124782
0.0091,-2.891614132,2.895936888,2.100778889,-2.09907137,0.793045698,-0.794655062
0.00915,-3.035027828,3.039453431,2.172617929,-2.170995171,0.864662581,-0.866205578
0.0092,-3.093205868,3.097687795,2.187125036,-2.185589239,0.914960118,-0.916431818
0.00925,-3.047661292,3.052133318,2.116394993,-2.114944306,0.933516751,-0.934915238
0.0093,-3.003488928,3.007951076,2.05723547,-2.05586733,0.948562144,-0.949886435
0.00935,-2.964649434,2.969101726,2.006580619,-2.005292695,0.960369955,-0.961619045
0.0094,-2.932200244,2.9366427,1.960328644,-1.959118813,0.974166906,-0.975339726
0.00945,-2.851302504,2.855735148,1.8699645,-1.868861297,0.977007664,-0.978102789
0.0095,-2.696158248,2.7005811,1.754384054,-1.753420586,0.944025053,-0.945044123
0.00955,-2.55752001,2.561933092,1.631596213,-1.630762645,0.92807467,-0.929019344
0.0096,-2.431991864,2.436395198,1.509646052,-1.508933231,0.924468027,-0.925339744
0.00965,-2.317191835,2.321585443,1.399928191,-1.399327723,0.919360654,-0.920160709
0.0097,-2.212264214,2.216648117,1.308953565,-1.308457884,0.905385622,-0.906115261
0.00975,-2.117914107,2.122288326,1.234174932,-1.233777294,0.885794895,-0.886455312
0.0098,-2.035152662,2.039517219,1.168128004,-1.167822403,0.869063613,-0.869655859
0.00985,-1.964305112,1.968660028,1.105192658,-1.104973718,0.861136941,-0.861661823
0.0099,-1.904979306,1.909324603,1.045040785,-1.044903703,0.8619507,-0.862408721
0.00995,-1.856612042,1.860947741,0.991114122,-0.991054643,0.867499827,-0.86789119
0.01,-1.818903009,1.823229131,0.946685829,-0.946700259,0.874210714,-0.874535337
0.01005,-1.791826954,1.79614352,0.912111796,-0.912196981,0.881702089,-0.881959608
0.0101,-1.77538577,1.779692802,0.884971432,-0.885124725,0.892396338,-0.892586076
0.01015,-1.769421947,1.773719465,0.862213807,-0.862432997,0.909186846,-0.909307763
0.0102,-1.773645644,1.777933669,0.84221243,-0.842495694,0.933410266,-0.933460923
0.01025,-1.78777914,1.792057695,0.82525737,-0.825603228,0.964498852,-0.964477385
0.0103,-1.811639738,1.815908841,0.812525289,-0.812932582,1.001093296,-1.000997413
0.01035,-1.84508962,1.849349294,0.804657164,-0.805125031,1.04241487,-1.042241849
0.0104,-1.887926653,1.892176918,0.801076254,-0.801604106,1.088838268,-1.088584944
0.01045,-1.939834335,1.944075212,0.800368224,-0.800955698,1.141461438,-1.141124186
0.0105,-2.000435939,2.004667448,0.801197121,-0.801844039,1.201243758,-1.200818468
0.01055,-2.06939373,2.073615892,0.802959488,-0.80366582,1.268451125,-1.267933188
0.0106,-2.146457356,2.150670192,0.805749164,-0.80651499,1.342739546,-1.342123848
0.01065,-2.231421074,2.235624604,0.809810051,-0.810635541,1.423659584,-1.422940501
0.0107,-2.324036197,2.328230443,0.815001561,-0.815886948,1.511103369,-1.510274763
0.01075,-2.423961724,2.428146705,0.820684822,-0.82163037,1.605369009,-1.604424228
0.0108,-2.53079512,2.534970857,0.826033201,-0.827039174,1.706880867,-1.705812735
0.01085,-2.644150169,2.648316682,0.830438678,-0.831505309,1.815861027,-1.814661838
0.0109,-2.763709059,2.767866368,0.833670662,-0.834798124,1.932222561,-1.930884079
0.01095,-2.889204838,2.893352964,0.835705407,-0.836893789,2.055722572,-2.054236035
0.011,-2.961534163,2.965673126,0.822661294,-0.82391083,2.134515231,-2.132907386
0.01105,-2.948279966,2.952409786,0.775848275,-0.777156361,2.174697156,-2.173011283
0.0111,-2.946763217,2.950883914,0.747201956,-0.748566093,2.201766224,-2.200001481
0.01115,-2.954324069,2.958435664,0.733306125,-0.734724094,2.223231447,-2.221386913
0.0112,-2.966568126,2.970670638,0.718247017,-0.719716761,2.250544604,-2.248619236
0.01125,-2.893200389,2.897245583,0.672254925,-0.673773915,2.2297628,-2.227755736
0.0113,-2.722045671,2.725975202,0.599002001,-0.600565417,2.125202236,-2.12311675
0.01135,-2.556036517,2.559857061,0.526690281,-0.528292844,2.031535285,-2.029375399
0.0114,-2.40103557,2.404753399,0.461535467,-0.463172315,1.941655837,-1.939425358
0.01145,-2.258473152,2.262094116,0.407741897,-0.40940862,1.852857105,-1.850559646
0.0115,-2.127690191,2.131219729,0.363089369,-0.364782002,1.766699783,-1.764338767
0.01155,-2.006832077,2.010275227,0.322360808,-0.324075764,1.686546047,-1.684124686
0.0116,-1.894491165,1.897852582,0.282082838,-0.283816835,1.6144614,-1.611982674
0.01165,-1.790558944,1.793842911,0.242462217,-0.244212241,1.550130372,-1.547597025
0.0117,-1.69582719,1.699037624,0.20590407,-0.207667365,1.491939421,-1.489353958
0.01175,-1.610987493,1.614127948,0.174304903,-0.176078973,1.438683435,-1.43604813
0.0118,-1.535960729,1.539034403,0.147532015,-0.149314611,1.390415806,-1.3877327
0.01185,-1.469975992,1.472985737,0.123855039,-0.125644126,1.348095834,-1.34536673
0.0119,-1.412141605,1.415089941,0.101423887,-0.103217608,1.312681798,-1.309908254
0.01195,-1.361957544,1.36484667,0.079409104,-0.081205739,1.284503024,-1.281686346
0.012,-1.319409107,1.322240911,0.058085685,-0.059883627,1.263269732,-1.260410973
0.01205,-1.284680938,1.287457005,0.038109222,-0.039906966,1.248510897,-1.245610857
0.0121,-1.257793762,1.260515385,0.019728734,-0.021524855,1.239998165,-1.237057392
0.01215,-1.238443285,1.241111471,0.002506889,-0.004300026,1.237864525,-1.234883315
0.0122,-1.226105927,1.228721412,-0.014416038,0.012594636,1.242429303,-1.239407695
0.01225,-1.220275304,1.222838563,-0.031756921,0.02994122,1.253937109,-1.250874889
0.0123,-1.220618415,1.223129675,-0.049906486,0.048097819,1.272427851,-1.269324544
0.01235,-1.226985229,1.229444478,-0.06887859,0.067078327,1.297765873,-1.294620751
0.0124,-1.239276994,1.241683991,-0.088602548,0.086812115,1.329781784,-1.326593864
0.01245,-1.257308208,1.259662497,-0.109176193,0.107397085,1.368387969,-1.365156014
0.0125,-1.280759755,1.283060673,-0.130931665,0.129165468,1.41359752,-1.410320042
0.01255,-1.309236184,1.311482872,-0.154315298,0.152563707,1.4654614,-1.462136661
0.0126,-1.342364379,1.344555795,-0.179710783,0.177975622,1.523990281,-1.520616297
0.01265,-1.379855109,1.38199004,-0.207342593,0.205625832,1.589119518,-1.585694057
0.0127,-1.421491681,1.42356875,-0.237308043,0.235611814,1.660729849,-1.657250439
0.01275,-1.467069238,1.469086922,-0.269684898,0.26801151,1.738694319,-1.735158249
0.0128,-1.516339051,1.518295683,-0.304620291,0.30297224,1.82291147,-1.819315795
0.01285,-1.568997853,1.570891638,-0.342341142,0.340721129,1.913305109,-1.909646653
0.0129,-1.624721657,1.626550683,-0.383095966,0.381506906,2.009799926,-2.006075286
0.01295,-1.683210632,1.684972878,-0.427085736,0.425530775,2.112297233,-2.108502787
0.013,-1.74420942,1.745902769,-0.474437475,0.472919996,2.220668876,-2.216800783
0.01305,-1.807492266,1.809114512,-0.525231329,0.523754964,2.334769431,-2.33082364
0.0131,-1.872831228,1.874380091,-0.579549285,0.578117925,2.454453138,-2.45042539
0.01315,-1.93997584,1.941448969,-0.637503389,0.63612119,2.579581776,-2.575467612
0.0132,-2.008658735,2.010053724,-0.699225479,0.69789687,2.71002002,-2.705814789
0.01325,-2.078618441,2.079932833,-0.764834402,0.763564093,2.845625455,-2.841324315
0.0133,-2.149617851,2.150849152,-0.834411898,0.833204886,2.986242929,-2.981840857
0.01335,-2.22144385,2.222589533,-0.908005548,0.90686712,3.131707128,-3.127198924
0.0134,-2.236113577,2.237171449,-0.959816333,0.958751567,3.191603358,-3.18703702
0.01345,-2.165941492,2.166913394,-0.979092828,0.978103717,3.147315503,-3.142759251
0.0135,-2.107219851,2.108108335,-0.995009141,0.994096733,3.104434436,-3.099888249
0.01355,-2.056856778,2.057664164,-1.007854895,1.007020269,3.066910549,-3.062374404
0.0136,-1.964505012,1.965201371,-1.006881443,1.006125977,2.980170665,-2.975644541
0.01365,-1.84547024,1.846020713,-0.971456956,0.970778991,2.819054279,-2.814538153
0.0137,-1.716947488,1.717362339,-0.956018446,0.955416319,2.675125487,-2.670619336
0.01375,-1.587952155,1.588240972,-0.954550372,0.954022658,2.544631181,-2.540134984
0.0138,-1.471907838,1.472079443,-0.95068624,0.95023165,2.424695718,-2.420209452
0.01385,-1.376340275,1.376402633,-0.935888138,0.935505404,2.314306403,-2.309830047
0.0139,-1.298113692,1.298073919,-0.914182934,0.913870809,2.214353911,-2.209887443
0.01395,-1.228512279,1.228376731,-0.895542112,0.895299474,2.126093599,-2.121636996
0.014,-1.161230181,1.161004575,-0.886681693,0.886507661,2.049935434,-2.045488676
0.01405,-1.09624035,1.095929826,-0.887166058,0.887060052,1.985416611,-1.980979675
0.0141,-1.037772219,1.037381354,-0.892104213,0.892065947,1.931875435,-1.927448299
0.01415,-0.989614405,0.989147197,-0.897375745,0.8974052,1.888979952,-1.884562595
0.0142,-0.952025284,0.951485165,-0.902732356,0.902829777,1.856740091,-1.852332491
0.01425,-0.922105624,0.921495506,-0.911122521,0.911288453,1.835204985,-1.83080712
0.0143,-0.896415188,0.895737525,-0.92584829,0.926083631,1.824236392,-1.819848242
0.01435,-0.873309726,0.872566577,-0.948258971,0.948565015,1.823539373,-1.819160916
0.0144,-0.853357505,0.852550571,-0.977503914,0.977882371,1.832831574,-1.828462787
0.01445,-0.838023748,0.837154391,-1.011943772,1.012396771,1.851938909,-1.847579773
0.0145,-0.828023174,0.827092441,-1.050739823,1.051269913,1.88073743,-1.876387922
0.01455,-0.822630553,0.821639201,-1.094420607,1.095030769,1.919030516,-1.914690615
0.0146,-0.820225083,0.819173626,-1.144285342,1.144979011,1.966496689,-1.962166374
0.01465,-0.819376914,0.818265667,-1.201382383,1.202163473,2.022754593,-2.018433844
0.0147,-0.819546101,0.81837522,-1.265920422,1.266793341,2.087473145,-2.08316194
0.01475,-0.820960183,0.819729696,-1.337438264,1.338407923,2.160418874,-2.156117192
0.0148,-0.823944149,0.82265398,-1.41542025,1.416492063,2.241401312,-2.237109131
0.01485,-0.828330739,0.826980735,-1.499787823,1.50096771,2.330174854,-2.325892154
0.0149,-0.833388068,0.831978029,-1.590923358,1.592217755,2.426390225,-2.422116986
0.01495,-0.838215217,0.83674493,-1.689316354,1.690732214,2.529636258,-2.525372457
0.015,-0.84220036,0.840669632,-1.795193503,1.796738308,2.639528092,-2.63527371
0.01505,-0.845162881,0.843571567,-1.908428836,1.910110599,2.755759434,-2.751514449
0.0151,-0.847124975,0.845472999,-2.028745098,2.030572354,2.878075517,-2.873839909
0.01515,-0.84797179,0.84625917,-2.15597978,2.15796159,3.006199291,-3.001973039
0.0152,-0.833891222,0.832117839,-2.237858797,2.239966976,3.080632149,-3.076415234
0.01525,-0.786523319,0.784691836,-2.280001305,2.28219044,3.068795589,-3.064587989
0.0153,-0.757306104,0.755419075,-2.309111325,2.311382339,3.068764262,-3.064565956
0.01535,-0.742643627,0.740703331,-2.332787299,2.335141187,3.077787815,-3.073598783
0.0154,-0.706438572,0.704447603,-2.301883054,2.304320577,3.004059095,-2.999929309
0.01545,-0.639250899,0.637214138,-2.189944548,2.192462323,2.831508163,-2.827498213
0.0155,-0.563428908,0.56135177,-2.095571311,2.09816524,2.661206969,-2.65731003
0.01555,-0.489012576,0.486900141,-2.008792022,2.011458249,2.499976671,-2.49618631
0.0156,-0.427816592,0.425673503,-1.921729121,1.924463988,2.351686502,-2.347996703
0.01565,-0.381537022,0.379367431,-1.833484387,1.836284412,2.217134042,-2.21353921
0.0157,-0.343106468,0.340914086,-1.748788114,1.751650007,2.093981861,-2.090476814
0.01575,-0.304671077,0.302459282,-1.672563681,1.675484374,1.979299235,-1.97587918
0.0158,-0.263761825,0.261533741,-1.606112602,1.609089273,1.871918463,-1.868578978
0.01585,-0.223394572,0.221153088,-1.54734551,1.550375581,1.772765862,-1.76950289
0.0159,-0.187915293,0.185663046,-1.493524195,1.496605323,1.683449008,-1.68025885
0.01595,-0.159071367,0.156810733,-1.443607997,1.446738069,1.604674423,-1.601553742
0.016,-0.13519488,0.132927989,-1.398581121,1.401758254,1.535758216,-1.532704028
0.01605,-0.113162595,0.110891386,-1.360175718,1.363398271,1.475309155,-1.472318814
0.0161,-0.090860466,0.088586729,-1.329443756,1.332710338,1.422265053,-1.419336236
0.01615,-0.068209628,0.065935044,-1.306260372,1.309569848,1.376422098,-1.373552794
0.0162,-0.046434801,0.04416095,-1.289817682,1.293169171,1.338197051,-1.335385553
0.01625,-0.026607041,0.024335418,-1.279445466,1.282838339,1.307990684,-1.30523558
0.0163,-0.008704121,0.006436145,-1.275077427,1.278511305,1.285714416,-1.283014582
0.01635,0.008318539,-0.010554434,-1.277151902,1.28062666,1.270773471,-1.268128062
0.0164,0.025641048,-0.027870635,-1.286149833,1.289665599,1.262447625,-1.259856059
0.01645,0.044020691,-0.046242608,-1.302292626,1.305849788,1.260208585,-1.257670531
0.0165,0.063499834,-0.065712686,-1.325446709,1.32904591,1.263882365,-1.261397734
0.01655,0.083770059,-0.085972399,-1.355324271,1.35896641,1.273489644,-1.271058578
0.0166,0.10466408,-0.1068544,-1.391717921,1.395404149,1.288990365,-1.286613224
0.01665,0.126417872,-0.128594581,-1.434605803,1.438337523,1.310126758,-1.307804115
0.0167,0.149576829,-0.151738234,-1.484090427,1.487869291,1.336456014,-1.33418864
0.01675,0.174700203,-0.176844491,-1.540260944,1.544088851,1.367508123,-1.365296977
0.0168,0.202121331,-0.204246547,-1.603096667,1.606975764,1.402929169,-1.400775383
0.01685,0.231919938,-0.234023969,-1.67246827,1.676400946,1.442510218,-1.440415091
0.0169,0.264075876,-0.26615644,-1.748209197,1.752198078,1.486104988,-1.484069971
0.01695,0.298651419,-0.300706047,-1.830187643,1.834235592,1.533519541,-1.531546228
0.017,0.335863277,-0.337889306,-1.918327582,1.922437695,1.584461287,-1.582551407
0.01705,0.376016329,-0.378010885,-2.012577424,2.01675302,1.638573915,-1.636729316
0.0171,0.419378591,-0.421338576,-2.112863275,2.117107898,1.695515681,-1.693738325
0.01715,0.466103735,-0.468025815,-2.219065657,2.22338307,1.755013615,-1.753305562
0.0172,0.516249645,-0.518130243,-2.331031296,2.335425472,1.816856739,-1.815220141
0.01725,0.569858523,-0.571693805,-2.448602313,2.453077435,1.880845166,-1.879282254
0.0173,0.627023339,-0.628809212,-2.571636284,2.576196736,1.946743696,-1.945256773
0.01735,0.687890911,-0.68962301,-2.700004204,2.704654565,2.014276709,-2.012868139
0.0174,0.752611947,-0.754285632,-2.833573922,2.838318961,2.083161553,-2.081833751
0.01745,0.821289533,-0.82289988,-2.972196402,2.977041073,2.153146319,-2.151901743
0.0175,0.89396932,-0.895511117,-3.115705697,3.120655132,2.224019625,-2.222860767
0.01755,0.945122486,-0.946590727,-3.173861192,3.178867534,2.23764952,-2.236578541
0.0176,0.964162852,-0.965555582,-3.128126537,3.133121821,2.166245791,-2.16526081
0.01765,0.97966923,-0.98098543,-3.083762796,3.088747045,2.106434067,-2.10553249
0.0177,0.992005968,-0.993244596,-3.044746267,3.049719506,2.055073446,-2.054252916
0.01775,0.990603514,-0.991763229,-2.956365653,2.961327907,1.961467531,-1.960757883
0.0178,0.954916062,-0.955998554,-2.793335762,2.798287054,1.840703371,-1.840139296
0.01785,0.939200582,-0.940207546,-2.647571549,2.652511905,1.710551985,-1.71012311
0.0179,0.937295834,-0.938228732,-2.515273132,2.520202575,1.58012725,-1.579823883
0.01795,0.932771615,-0.933631782,-2.393507012,2.398425566,1.462857977,-1.462671204
0.018,0.917178364,-0.91796712,-2.281249979,2.286157668,1.366170198,-1.366091964
0.01805,0.894679608,-0.895398257,-2.179425152,2.184322002,1.286823089,-1.2868462
0.0181,0.875295786,-0.875945514,-2.089325197,2.09421123,1.216088552,-1.216206575
0.01815,0.865676092,-0.866257845,-2.011374878,2.016250118,1.147741953,-1.147949105
0.0182,0.865285172,-0.865799602,-1.945103432,1.949967904,1.081847742,-1.082138819
0.01825,0.869193644,-0.869641114,-1.889834257,1.894687984,1.022658555,-1.023028929
0.0183,0.873324972,-0.873705584,-1.845228154,1.85007116,0.973911566,-0.974357192
0.01835,0.877504694,-0.877818289,-1.81129979,1.816132099,0.935795749,-0.936313156
0.0184,0.884721458,-0.884967581,-1.788110404,1.792932039,0.905383579,-0.905969824
0.01845,0.898263903,-0.898441751,-1.775533804,1.780344789,0.879260168,-0.879912772
0.0185,0.919442572,-0.919550947,-1.77328178,1.778082138,0.855826757,-0.856543641
0.01855,0.947383298,-0.947420591,-1.781072309,1.785862064,0.835675515,-0.836454968
0.0186,0.980455705,-0.98041989,-1.798728089,1.803507265,0.820259552,-0.821100207
0.01865,1.017849319,-1.017737954,-1.82612297,1.830891589,0.810263237,-0.81116405
0.0187,1.060115783,-1.059925995,-1.863062346,1.867820432,0.804940389,-0.805900611
0.01875,1.108559394,-1.108287858,-1.909230694,1.91397827,0.80267129,-0.803690422
0.0188,1.164221177,-1.16386409,-1.964253286,1.968990375,0.802040322,-0.803118072
0.01885,1.227304039,-1.226857106,-2.027802748,2.032529374,0.802517369,-0.803653607
0.0189,1.297350709,-1.296809134,-2.099645382,2.104361568,0.804326187,-0.80552092
0.01895,1.373856347,-1.37321483,-2.179588718,2.184294486,0.807779344,-0.809032685
0.019,1.456752087,-1.456004821,-2.2673866,2.272081974,0.812699758,-0.814011906
0.01905,1.54642444,-1.545565107,-2.36269202,2.367377023,0.818354146,-0.81972535
0.0191,1.643363775,-1.642385534,-2.465097369,2.469772023,0.823844777,-0.825275305
0.01915,1.747799351,-1.746694833,-2.574219891,2.578884219,0.828559911,-0.830050016
0.0192,1.859611264,-1.858372571,-2.689752694,2.694406719,0.832312843,-0.833862734
0.01925,1.978529111,-1.977147816,-2.811439039,2.816082783,0.835117538,-0.836727357
0.0193,2.104394488,-2.102861643,-2.939000896,2.943634383,0.836854672,-0.838524476
0.01935,2.185182308,-2.183525309,-3.01305888,3.017682132,0.823545433,-0.825275412
0.0194,2.226733803,-2.224996934,-3.001075024,3.005688063,0.776634066,-0.778421607
0.01945,2.25524184,-2.253424205,-3.000857256,3.005460105,0.747848673,-0.749691266
0.0195,2.278245632,-2.276346261,-3.009699752,3.014292434,0.733696864,-0.735592275
0.01955,2.24667083,-2.244688988,-2.935786973,2.940320567,0.697951722,-0.699897404
0.0196,2.134159842,-2.132098931,-2.762971687,2.767386984,0.63098717,-0.63297826
0.01965,2.039208459,-2.037072598,-2.592476844,2.596780682,0.5554728,-0.557503899
0.0197,1.951930128,-1.949723192,-2.431036311,2.435235132,0.481276042,-0.483342089
0.01975,1.864434917,-1.862160584,-2.282472929,2.286572759,0.420176907,-0.42227328
0.0198,1.775712396,-1.773374171,-2.14763258,2.151639023,0.374031233,-0.376153803
0.01985,1.69039456,-1.687995754,-2.024265138,2.028183384,0.335956561,-0.338101647
0.0199,1.613419044,-1.610962747,-1.909474965,1.913309813,0.298119366,-0.300283621
0.01995,1.546197629,-1.543686688,-1.802046868,1.805802745,0.257892478,-0.260072818
0.02,1.486743455,-1.484180474,-1.702829985,1.706510952,0.218111716,-0.220305293
0.02005,1.432327886,-1.42971523,-1.613400506,1.617010264,0.183081718,-0.185285936
0.0201,1.38183252,-1.379172328,-1.534505045,1.538046931,0.154667299,-0.156879829
0.02015,1.336154263,-1.333448441,-1.465530914,1.469007914,0.131358684,-0.133577441
0.0202,1.297001763,-1.294251978,-1.40512659,1.40854135,0.11009555,-0.112318649
0.02025,1.265477323,-1.262684992,-1.352209268,1.355564106,0.088692677,-0.090918383
0.0203,1.2415306,-1.238696883,-1.306518689,1.309815611,0.066940061,-0.069166755
0.02035,1.22439316,-1.221518963,-1.268429865,1.271670574,0.045981078,-0.048207238
0.0204,1.213377662,-1.210463639,-1.238348678,1.241534578,0.02690888,-0.029133076
0.02045,1.208369301,-1.205415856,-1.216229333,1.219361539,0.009792419,-0.012013296
0.0205,1.209762227,-1.206769508,-1.201528251,1.204607599,-0.006305221,0.004097987
0.02055,1.21806464,-1.215032543,-1.193510117,1.196537178,-0.022625676,0.020424323
0.0206,1.233508177,-1.230436338,-1.191644013,1.194619103,-0.039937789,0.037743607
0.02065,1.255996282,-1.25288408,-1.195717837,1.198641031,-0.058353592,0.056167902
0.0207,1.285255956,-1.282102515,-1.205731978,1.208603119,-0.077599601,0.075423773
0.02075,1.321070137,-1.317874326,-1.22165426,1.224472968,-0.097490884,0.09532635
0.0208,1.363396345,-1.360156782,-1.243253114,1.246018798,-0.118216471,0.116064744
0.02085,1.412324293,-1.409039345,-1.27010768,1.272819549,-0.140286858,0.138149551
0.0209,1.467947361,-1.464615148,-1.301749255,1.304406328,-0.164264041,0.162142886
0.02095,1.530260859,-1.526879252,-1.337806044,1.340407164,-0.190515016,0.188411886
0.021,1.599150267,-1.595716895,-1.378047936,1.380591781,-0.21915526,0.217072185
0.02105,1.674453121,-1.670965371,-1.422320402,1.424805494,-0.250176707,0.248115888
0.0211,1.756031301,-1.752486325,-1.470438212,1.472862929,-0.283626331,0.281590153
0.02115,1.843800033,-1.840194749,-1.522124667,1.524487253,-0.319695909,0.317686953
0.0212,1.937704653,-1.934035753,-1.577032326,1.579330901,-0.358678061,0.356699117
0.02125,2.037675919,-2.03393987,-1.634814417,1.63704699,-0.40085015,0.398904233
0.0213,2.143602328,-2.139795378,-1.695184081,1.697348558,-0.446387353,0.444477714
0.02135,2.255335718,-2.251453899,-1.757919075,1.760013272,-0.495363567,0.493493702
0.0214,2.372717717,-2.368756856,-1.822818698,1.82484035,-0.547820933,0.545994593
0.02145,2.495602002,-2.49155772,-1.88965552,1.891602288,-0.603840358,0.602061556
0.0215,2.623856664,-2.619724385,-1.958161405,1.96003089,-0.663557866,0.661830887
0.02155,2.757350227,-2.753125186,-2.028053346,2.029843096,-0.727124783,0.725454188
0.0216,2.895936889,-2.891614132,-2.099071371,2.100778889,-0.794655063,0.793045698
0.02165,3.039453431,-3.035027829,-2.170995171,2.172617929,-0.866205579,0.864662581
0.0217,3.097687796,-3.093205869,-2.18558924,2.187125037,-0.916431818,0.914960118
0.02175,3.052133319,-3.047661293,-2.114944307,2.116394993,-0.934915238,0.933516751
0.0218,3.007951077,-3.003488929,-2.055867331,2.057235471,-0.949886436,0.948562144
0.02185,2.969101726,-2.964649435,-2.005292695,2.006580619,-0.961619045,0.960369955
0.0219,2.936642701,-2.932200245,-1.959118813,1.960328645,-0.975339726,0.974166906
0.02195,2.855735148,-2.851302505,-1.868861297,1.8699645,-0.978102789,0.977007664
0.022,2.7005811,-2.696158249,-1.753420587,1.754384054,-0.945044123,0.944025053
0.02205,2.561933093,-2.557520011,-1.630762645,1.631596213,-0.929019344,0.92807467
0.0221,2.436395199,-2.431991865,-1.508933231,1.509646052,-0.925339744,0.924468027
0.02215,2.321585444,-2.317191836,-1.399327724,1.399928192,-0.920160709,0.919360654
0.0222,2.216648118,-2.212264215,-1.308457884,1.308953565,-0.906115261,0.905385622
0.02225,2.122288327,-2.117914107,-1.233777294,1.234174932,-0.886455312,0.885794895
0.0223,2.039517219,-2.035152662,-1.167822403,1.168128005,-0.86965586,0.869063614
0.02235,1.968660029,-1.964305113,-1.104973719,1.105192658,-0.861661823,0.861136942
0.0224,1.909324604,-1.904979307,-1.044903703,1.045040786,-0.862408721,0.8619507
0.02245,1.860947742,-1.856612043,-0.991054644,0.991114122,-0.86789119,0.867499828
0.0225,1.823229132,-1.81890301,-0.946700259,0.94668583,-0.874535338,0.874210715
0.02255,1.796143521,-1.791826955,-0.912196982,0.912111796,-0.881959609,0.881702089
0.0226,1.779692803,-1.775385771,-0.885124725,0.884971433,-0.892586077,0.892396339
0.02265,1.773719466,-1.769421948,-0.862432998,0.862213807,-0.909307764,0.909186846
0.0227,1.77793367,-1.773645644,-0.842495695,0.84221243,-0.933460923,0.933410267
0.02275,1.792057695,-1.787779141,-0.825603228,0.82525737,-0.964477385,0.964498853
0.0228,1.815908842,-1.811639739,-0.812932582,0.812525289,-1.000997413,1.001093296
0.02285,1.849349294,-1.845089621,-0.805125032,0.804657164,-1.042241849,1.04241487
0.0229,1.892176919,-1.887926654,-0.801604106,0.801076254,-1.088584944,1.088838268
0.02295,1.944075213,-1.939834336,-0.800955698,0.800368225,-1.141124186,1.141461439
0.023,2.004667449,-2.000435939,-0.80184404,0.801197121,-1.200818469,1.201243759
0.02305,2.073615893,-2.06939373,-0.80366582,0.802959489,-1.267933189,1.268451125
0.0231,2.150670193,-2.146457357,-0.80651499,0.805749164,-1.342123849,1.342739547
0.02315,2.235624605,-2.231421074,-0.810635542,0.809810051,-1.422940501,1.423659585
0.0232,2.328230444,-2.324036198,-0.815886948,0.815001561,-1.510274763,1.511103369
0.02325,2.428146706,-2.423961725,-0.82163037,0.820684823,-1.604424228,1.605369009
0.0233,2.534970858,-2.530795121,-0.827039174,0.826033201,-1.705812736,1.706880868
0.02335,2.648316683,-2.64415017,-0.831505309,0.830438678,-1.814661838,1.815861028
0.0234,2.767866369,-2.763709059,-0.834798124,0.833670663,-1.93088408,1.932222561
0.02345,2.893352965,-2.889204839,-0.836893789,0.835705407,-2.054236036,2.055722572
0.0235,2.965673127,-2.961534164,-0.82391083,0.822661294,-2.132907386,2.134515231
0.02355,2.952409787,-2.948279967,-0.777156361,0.775848275,-2.173011284,2.174697156
0.0236,2.950883915,-2.946763218,-0.748566093,0.747201956,-2.200001481,2.201766225
0.02365,2.958435665,-2.95432407,-0.734724095,0.733306125,-2.221386914,2.223231447
0.0237,2.970670639,-2.966568126,-0.719716761,0.718247017,-2.248619237,2.250544605
0.02375,2.897245584,-2.89320039,-0.673773915,0.672254925,-2.227755736,2.229762801
0.0238,2.725975203,-2.722045672,-0.600565417,0.599002001,-2.123116751,2.125202237
0.02385,2.559857062,-2.556036517,-0.528292844,0.526690281,-2.029375399,2.031535285
0.0239,2.404753399,-2.401035571,-0.463172315,0.461535467,-1.939425359,1.941655838
0.02395,2.262094117,-2.258473153,-0.409408621,0.407741897,-1.850559647,1.852857106
0.024,2.13121973,-2.127690192,-0.364782003,0.363089369,-1.764338767,1.766699783
0.02405,2.010275228,-2.006832078,-0.324075764,0.322360808,-1.684124686,1.686546048
0.0241,1.897852583,-1.894491165,-0.283816835,0.282082838,-1.611982674,1.6144614
0.02415,1.793842912,-1.790558945,-0.244212241,0.242462217,-1.547597025,1.550130373
0.0242,1.699037625,-1.695827191,-0.207667365,0.20590407,-1.489353959,1.491939422
0.02425,1.614127949,-1.610987494,-0.176078973,0.174304903,-1.436048131,1.438683436
0.0243,1.539034403,-1.53596073,-0.149314611,0.147532015,-1.387732701,1.390415806
0.02435,1.472985738,-1.469975992,-0.125644127,0.123855039,-1.345366731,1.348095834
0.0244,1.415089942,-1.412141605,-0.103217608,0.101423887,-1.309908255,1.312681798
0.02445,1.364846671,-1.361957544,-0.081205739,0.079409104,-1.281686347,1.284503025
0.0245,1.322240912,-1.319409108,-0.059883627,0.058085685,-1.260410974,1.263269733
0.02455,1.287457005,-1.284680938,-0.039906966,0.038109222,-1.245610857,1.248510897
0.0246,1.260515385,-1.257793763,-0.021524855,0.019728734,-1.237057393,1.239998166
0.02465,1.241111471,-1.238443285,-0.004300026,0.002506889,-1.234883316,1.237864526
0.0247,1.228721413,-1.226105928,0.012594636,-0.014416038,-1.239407696,1.242429303
0.02475,1.222838563,-1.220275304,0.02994122,-0.031756922,-1.250874889,1.25393711
0.0248,1.223129675,-1.220618416,0.048097819,-0.049906486,-1.269324545,1.272427851
0.02485,1.229444478,-1.22698523,0.067078327,-0.06887859,-1.294620752,1.297765873
0.0249,1.241683992,-1.239276994,0.086812115,-0.088602548,-1.326593865,1.329781785
0.02495,1.259662498,-1.257308208,0.107397085,-0.109176193,-1.365156014,1.368387969
0.025,1.283060673,-1.280759755,0.129165468,-0.130931665,-1.410320042,1.41359752
0.02505,1.311482872,-1.309236184,0.152563707,-0.154315298,-1.462136662,1.4654614
0.0251,1.344555796,-1.342364379,0.177975622,-0.179710783,-1.520616297,1.523990282
0.02515,1.38199004,-1.37985511,0.205625832,-0.207342593,-1.585694057,1.589119518
0.0252,1.423568751,-1.421491681,0.235611814,-0.237308043,-1.657250439,1.660729849
0.02525,1.469086922,-1.467069239,0.26801151,-0.269684899,-1.73515825,1.73869432
0.0253,1.518295683,-1.516339052,0.30297224,-0.304620291,-1.819315795,1.822911471
0.02535,1.570891638,-1.568997853,0.340721129,-0.342341142,-1.909646653,1.91330511
0.0254,1.626550683,-1.624721657,0.381506907,-0.383095966,-2.006075287,2.009799926
0.02545,1.684972878,-1.683210632,0.425530775,-0.427085736,-2.108502788,2.112297234
0.0255,1.745902769,-1.74420942,0.472919996,-0.474437476,-2.216800784,2.220668877
0.02555,1.809114513,-1.807492266,0.523754964,-0.525231329,-2.33082364,2.334769432
0.0256,1.874380091,-1.872831228,0.578117925,-0.579549285,-2.45042539,2.454453139
0.02565,1.94144897,-1.939975841,0.63612119,-0.637503389,-2.575467613,2.579581776
0.0257,2.010053724,-2.008658736,0.697896871,-0.699225479,-2.705814789,2.710020021
0.02575,2.079932834,-2.078618442,0.763564094,-0.764834402,-2.841324315,2.845625455
0.0258,2.150849152,-2.149617851,0.833204886,-0.834411898,-2.981840857,2.98624293
0.02585,2.222589534,-2.22144385,0.90686712,-0.908005549,-3.127198924,3.131707128
0.0259,2.23717145,-2.236113577,0.958751567,-0.959816333,-3.18703702,3.191603359
0.02595,2.166913394,-2.165941492,0.978103717,-0.979092828,-3.142759251,3.147315503
0.026,2.108108335,-2.107219852,0.994096733,-0.995009141,-3.099888249,3.104434436
0.02605,2.057664164,-2.056856778,1.007020269,-1.007854895,-3.062374404,3.066910549
0.0261,1.965201371,-1.964505012,1.006125978,-1.006881443,-2.975644541,2.980170666
0.02615,1.846020713,-1.84547024,0.970778992,-0.971456956,-2.814538153,2.81905428
0.0262,1.717362339,-1.716947488,0.955416319,-0.956018446,-2.670619336,2.675125487
0.02625,1.588240972,-1.587952155,0.954022659,-0.954550372,-2.540134984,2.544631182
0.0263,1.472079443,-1.471907838,0.95023165,-0.95068624,-2.420209453,2.424695719
0.02635,1.376402634,-1.376340275,0.935505404,-0.935888138,-2.309830048,2.314306404
0.0264,1.298073919,-1.298113692,0.913870809,-0.914182934,-2.209887443,2.214353912
0.02645,1.228376731,-1.228512279,0.895299474,-0.895542112,-2.121636997,2.126093599
0.0265,1.161004575,-1.161230181,0.886507662,-0.886681693,-2.045488676,2.049935435
0.02655,1.095929826,-1.09624035,0.887060052,-0.887166058,-1.980979675,1.985416612
0.0266,1.037381354,-1.037772219,0.892065947,-0.892104213,-1.927448299,1.931875435
0.02665,0.989147197,-0.989614405,0.8974052,-0.897375746,-1.884562595,1.888979953
0.0267,0.951485166,-0.952025284,0.902829777,-0.902732356,-1.852332492,1.856740091
0.02675,0.921495506,-0.922105624,0.911288454,-0.911122522,-1.830807121,1.835204985
0.0268,0.895737525,-0.896415188,0.926083631,-0.92584829,-1.819848242,1.824236392
0.02685,0.872566577,-0.873309726,0.948565015,-0.948258971,-1.819160916,1.823539374
0.0269,0.852550571,-0.853357505,0.977882372,-0.977503914,-1.828462788,1.832831574
0.02695,0.837154391,-0.838023748,1.012396771,-1.011943772,-1.847579774,1.85193891
0.027,0.827092441,-0.828023175,1.051269913,-1.050739823,-1.876387922,1.88073743
0.02705,0.821639202,-0.822630553,1.095030769,-1.094420608,-1.914690616,1.919030516
0.0271,0.819173626,-0.820225083,1.144979012,-1.144285343,-1.962166375,1.966496689
0.02715,0.818265667,-0.819376914,1.202163473,-1.201382383,-2.018433844,2.022754593
0.0272,0.81837522,-0.819546101,1.266793341,-1.265920422,-2.08316194,2.087473145
0.02725,0.819729696,-0.820960183,1.338407923,-1.337438264,-2.156117192,2.160418874
0.0273,0.82265398,-0.823944149,1.416492063,-1.415420251,-2.237109131,2.241401312
0.02735,0.826980735,-0.828330739,1.500967711,-1.499787823,-2.325892154,2.330174854
0.0274,0.831978029,-0.833388068,1.592217755,-1.590923359,-2.422116986,2.426390226
0.02745,0.83674493,-0.838215217,1.690732214,-1.689316354,-2.525372457,2.529636258
0.0275,0.840669632,-0.84220036,1.796738308,-1.795193503,-2.63527371,2.639528093
0.02755,0.843571567,-0.845162881,1.910110599,-1.908428837,-2.751514449,2.755759434
0.0276,0.845472999,-0.847124975,2.030572354,-2.028745098,-2.873839909,2.878075517
0.02765,0.84625917,-0.84797179,2.15796159,-2.15597978,-3.001973039,3.006199291
0.0277,0.832117839,-0.833891222,2.239966976,-2.237858798,-3.076415234,3.08063215
0.02775,0.784691836,-0.786523319,2.28219044,-2.280001305,-3.064587989,3.06879559
0.0278,0.755419075,-0.757306104,2.311382339,-2.309111326,-3.064565957,3.068764263
0.02785,0.740703332,-0.742643627,2.335141187,-2.332787299,-3.073598783,3.077787815
0.0279,0.704447603,-0.706438573,2.304320577,-2.301883055,-2.999929309,3.004059095
0.02795,0.637214138,-0.639250899,2.192462324,-2.189944548,-2.827498214,2.831508163
0.028,0.56135177,-0.563428908,2.09816524,-2.095571311,-2.65731003,2.661206969
0.02805,0.486900141,-0.489012576,2.011458249,-2.008792023,-2.49618631,2.499976671
0.0281,0.425673503,-0.427816592,1.924463988,-1.921729121,-2.347996703,2.351686502
0.02815,0.379367431,-0.381537022,1.836284412,-1.833484387,-2.213539211,2.217134042
0.0282,0.340914086,-0.343106468,1.751650007,-1.748788114,-2.090476814,2.093981861
0.02825,0.302459283,-0.304671077,1.675484374,-1.672563681,-1.97587918,1.979299235
0.0283,0.261533741,-0.263761825,1.609089273,-1.606112602,-1.868578979,1.871918463
0.02835,0.221153088,-0.223394572,1.550375581,-1.547345511,-1.76950289,1.772765863
0.0284,0.185663047,-0.187915293,1.496605324,-1.493524195,-1.68025885,1.683449008
0.02845,0.156810733,-0.159071367,1.446738069,-1.443607997,-1.601553743,1.604674423
0.0285,0.132927989,-0.13519488,1.401758254,-1.398581121,-1.532704028,1.535758216
0.02855,0.110891386,-0.113162595,1.363398271,-1.360175718,-1.472318814,1.475309155
0.0286,0.088586729,-0.090860466,1.332710338,-1.329443756,-1.419336236,1.422265053
0.02865,0.065935044,-0.068209628,1.309569848,-1.306260372,-1.373552794,1.376422098
0.0287,0.04416095,-0.046434801,1.293169171,-1.289817682,-1.335385553,1.338197051
0.02875,0.024335418,-0.026607041,1.282838339,-1.279445466,-1.30523558,1.307990684
0.0288,0.006436145,-0.008704121,1.278511305,-1.275077427,-1.283014582,1.285714416
0.02885,-0.010554434,0.008318539,1.28062666,-1.277151902,-1.268128062,1.270773471
0.0289,-0.027870635,0.025641048,1.289665599,-1.286149833,-1.259856059,1.262447625
0.02895,-0.046242608,0.044020691,1.305849788,-1.302292626,-1.257670531,1.260208585
0.029,-0.065712686,0.063499834,1.32904591,-1.325446709,-1.261397734,1.263882365
0.02905,-0.085972399,0.083770059,1.35896641,-1.355324271,-1.271058578,1.273489644
0.0291,-0.1068544,0.10466408,1.395404149,-1.391717921,-1.286613224,1.288990365
0.02915,-0.128594581,0.126417872,1.438337523,-1.434605803,-1.307804115,1.310126758
0.0292,-0.151738234,0.149576829,1.487869291,-1.484090427,-1.33418864,1.336456014
0.02925,-0.176844491,0.174700203,1.544088851,-1.540260944,-1.365296977,1.367508123
0.0293,-0.204246547,0.202121331,1.606975764,-1.603096667,-1.400775383,1.402929169
0.02935,-0.234023969,0.231919938,1.676400945,-1.67246827,-1.44041509,1.442510218
0.0294,-0.26615644,0.264075876,1.752198078,-1.748209197,-1.484069971,1.486104988
0.02945,-0.300706047,0.298651419,1.834235592,-1.830187642,-1.531546228,1.533519541
0.0295,-0.337889306,0.335863277,1.922437695,-1.918327582,-1.582551407,1.584461287
0.02955,-0.378010884,0.376016329,2.01675302,-2.012577424,-1.636729316,1.638573915
0.0296,-0.421338576,0.419378591,2.117107898,-2.112863274,-1.693738324,1.695515681
0.02965,-0.468025815,0.466103734,2.22338307,-2.219065657,-1.753305562,1.755013615
0.0297,-0.518130242,0.516249645,2.335425472,-2.331031295,-1.815220141,1.816856739
0.02975,-0.571693804,0.569858522,2.453077435,-2.448602312,-1.879282254,1.880845166
0.0298,-0.628809212,0.627023339,2.576196736,-2.571636284,-1.945256773,1.946743696
0.02985,-0.68962301,0.687890911,2.704654565,-2.700004204,-2.012868139,2.014276709
0.0299,-0.754285632,0.752611947,2.838318961,-2.833573921,-2.081833751,2.083161553
0.02995,-0.82289988,0.821289533,2.977041073,-2.972196402,-2.151901743,2.153146319
0.03,-0.895511117,0.89396932,3.120655131,-3.115705697,-2.222860767,2.224019625
0.03005,-0.946590727,0.945122485,3.178867533,-3.173861191,-2.236578541,2.23764952
0.0301,-0.965555582,0.964162852,3.13312182,-3.128126537,-2.16526081,2.166245791
0.03015,-0.98098543,0.97966923,3.088747045,-3.083762796,-2.10553249,2.106434066
0.0302,-0.993244596,0.992005968,3.049719506,-3.044746267,-2.054252916,2.055073446
0.03025,-0.991763229,0.990603514,2.961327907,-2.956365653,-1.960757883,1.961467531
0.0303,-0.955998554,0.954916062,2.798287054,-2.793335762,-1.840139296,1.840703371
0.03035,-0.940207546,0.939200582,2.652511904,-2.647571549,-1.710123109,1.710551985
0.0304,-0.938228732,0.937295834,2.520202575,-2.515273132,-1.579823883,1.580127249
0.03045,-0.933631782,0.932771615,2.398425566,-2.393507011,-1.462671203,1.462857977
0.0305,-0.91796712,0.917178364,2.286157668,-2.281249978,-1.366091964,1.366170198
0.03055,-0.895398257,0.894679607,2.184322001,-2.179425152,-1.286846199,1.286823089
0.0306,-0.875945514,0.875295786,2.094211229,-2.089325196,-1.216206574,1.216088551
0.03065,-0.866257845,0.865676092,2.016250118,-2.011374877,-1.147949105,1.147741953
0.0307,-0.865799602,0.865285172,1.949967904,-1.945103432,-1.082138819,1.081847742
0.03075,-0.869641114,0.869193643,1.894687984,-1.889834257,-1.023028929,1.022658554
0.0308,-0.873705584,0.873324971,1.850071159,-1.845228153,-0.974357192,0.973911566
0.03085,-0.877818289,0.877504694,1.816132098,-1.811299789,-0.936313156,0.935795749
0.0309,-0.884967581,0.884721457,1.792932038,-1.788110403,-0.905969824,0.905383578
0.03095,-0.89844175,0.898263902,1.780344788,-1.775533804,-0.879912771,0.879260168
0.031,-0.919550947,0.919442572,1.778082137,-1.773281779,-0.856543641,0.855826757
0.03105,-0.947420591,0.947383298,1.785862063,-1.781072308,-0.836454968,0.835675515
0.0311,-0.98041989,0.980455704,1.803507264,-1.798728089,-0.821100206,0.820259552
0.03115,-1.017737954,1.017849318,1.830891589,-1.82612297,-0.81116405,0.810263237
0.0312,-1.059925995,1.060115782,1.867820431,-1.863062345,-0.80590061,0.804940389
0.03125,-1.108287857,1.108559393,1.913978269,-1.909230693,-0.803690422,0.80267129
0.0313,-1.16386409,1.164221176,1.968990375,-1.964253285,-0.803118072,0.802040322
0.03135,-1.226857106,1.227304038,2.032529373,-2.027802747,-0.803653607,0.802517369
0.0314,-1.296809134,1.297350708,2.104361567,-2.099645382,-0.80552092,0.804326187
0.03145,-1.373214829,1.373856346,2.184294486,-2.179588718,-0.809032685,0.807779343
0.0315,-1.456004821,1.456752087,2.272081973,-2.267386599,-0.814011906,0.812699758
0.03155,-1.545565106,1.546424439,2.367377022,-2.36269202,-0.81972535,0.818354146
0.0316,-1.642385533,1.643363775,2.469772022,-2.465097368,-0.825275305,0.823844777
0.03165,-1.746694832,1.74779935,2.578884219,-2.574219891,-0.830050016,0.828559911
0.0317,-1.858372571,1.859611264,2.694406718,-2.689752693,-0.833862734,0.832312843
0.03175,-1.977147816,1.97852911,2.816082783,-2.811439038,-0.836727357,0.835117537
0.0318,-2.102861642,2.104394487,2.943634382,-2.939000895,-0.838524476,0.836854672
0.03185,-2.183525309,2.185182308,3.017682131,-3.013058879,-0.825275412,0.823545433
0.0319,-2.224996933,2.226733803,3.005688062,-3.001075023,-0.778421607,0.776634066
0.03195,-2.253424204,2.255241839,3.005460104,-3.000857255,-0.749691266,0.747848673
0.032,-2.27634626,2.278245632,3.014292433,-3.009699751,-0.735592274,0.733696864
0.03205,-2.244688987,2.246670829,2.940320567,-2.935786973,-0.699897404,0.697951722
0.0321,-2.132098931,2.134159841,2.767386984,-2.762971686,-0.63297826,0.63098717
0.03215,-2.037072598,2.039208459,2.596780681,-2.592476843,-0.557503899,0.5554728
0.0322,-1.949723192,1.951930128,2.435235131,-2.43103631,-0.483342089,0.481276042
0.03225,-1.862160584,1.864434916,2.286572759,-2.282472928,-0.42227328,0.420176907
0.0323,-1.77337417,1.775712396,2.151639023,-2.147632579,-0.376153803,0.374031233
0.03235,-1.687995753,1.69039456,2.028183384,-2.024265137,-0.338101647,0.335956561
0.0324,-1.610962747,1.613419044,1.913309813,-1.909474964,-0.300283621,0.298119366
0.03245,-1.543686688,1.546197628,1.805802744,-1.802046868,-0.260072818,0.257892478
0.0325,-1.484180473,1.486743454,1.706510952,-1.702829985,-0.220305293,0.218111716
0.03255,-1.42971523,1.432327885,1.617010263,-1.613400506,-0.185285936,0.183081718
0.0326,-1.379172327,1.381832519,1.53804693,-1.534505044,-0.156879829,0.154667299
0.03265,-1.33344844,1.336154262,1.469007914,-1.465530913,-0.133577441,0.131358684
0.0327,-1.294251978,1.297001762,1.408541349,-1.40512659,-0.112318649,0.11009555
0.03275,-1.262684991,1.265477322,1.355564105,-1.352209268,-0.090918383,0.088692677
0.0328,-1.238696883,1.241530599,1.30981561,-1.306518688,-0.069166755,0.066940061
0.03285,-1.221518963,1.224393159,1.271670574,-1.268429865,-0.048207238,0.045981078
0.0329,-1.210463639,1.213377661,1.241534578,-1.238348678,-0.029133076,0.02690888
0.03295,-1.205415855,1.2083693,1.219361538,-1.216229332,-0.012013296,0.009792419
0.033,-1.206769508,1.209762226,1.204607599,-1.20152825,0.004097987,-0.006305221
0.03305,-1.215032542,1.21806464,1.196537177,-1.193510116,0.020424323,-0.022625676
0.0331,-1.230436337,1.233508177,1.194619103,-1.191644013,0.037743607,-0.039937789
0.03315,-1.25288408,1.255996282,1.198641031,-1.195717837,0.056167902,-0.058353592
0.0332,-1.282102514,1.285255955,1.208603118,-1.205731978,0.075423772,-0.077599601
0.03325,-1.317874325,1.321070136,1.224472967,-1.221654259,0.09532635,-0.097490884
0.0333,-1.360156781,1.363396344,1.246018797,-1.243253113,0.116064744,-0.118216471
0.03335,-1.409039344,1.412324292,1.272819548,-1.270107679,0.13814955,-0.140286858
0.0334,-1.464615147,1.46794736,1.304406327,-1.301749254,0.162142885,-0.164264041
0.03345,-1.526879251,1.530260858,1.340407163,-1.337806043,0.188411886,-0.190515016
0.0335,-1.595716894,1.599150266,1.38059178,-1.378047935,0.217072185,-0.21915526
0.03355,-1.67096537,1.67445312,1.424805494,-1.422320402,0.248115888,-0.250176706
0.0336,-1.752486324,1.756031301,1.472862929,-1.470438212,0.281590153,-0.283626331
0.03365,-1.840194749,1.843800033,1.524487252,-1.522124667,0.317686953,-0.319695909
0.0337,-1.934035752,1.937704652,1.5793309,-1.577032325,0.356699117,-0.358678061
0.03375,-2.033939869,2.037675919,1.637046989,-1.634814416,0.398904233,-0.400850149
0.0338,-2.139795377,2.143602327,1.697348557,-1.69518408,0.444477714,-0.446387353
0.03385,-2.251453898,2.255335717,1.760013272,-1.757919074,0.493493702,-0.495363567
0.0339,-2.368756855,2.372717716,1.824840349,-1.822818697,0.545994593,-0.547820933
0.03395,-2.491557719,2.495602002,1.891602288,-1.889655519,0.602061556,-0.603840358
0.034,-2.619724384,2.623856663,1.96003089,-1.958161405,0.661830887,-0.663557866
0.03405,-2.753125185,2.757350226,2.029843095,-2.028053346,0.725454187,-0.727124782
0.0341,-2.891614132,2.895936888,2.100778889,-2.09907137,0.793045698,-0.794655062
0.03415,-3.035027828,3.039453431,2.172617929,-2.170995171,0.864662581,-0.866205578
0.0342,-3.093205868,3.097687795,2.187125036,-2.185589239,0.914960118,-0.916431818
0.03425,-3.047661292,3.052133318,2.116394993,-2.114944306,0.933516751,-0.934915238
0.0343,-3.003488928,3.007951076,2.05723547,-2.05586733,0.948562144,-0.949886435
0.03435,-2.964649434,2.969101726,2.006580619,-2.005292695,0.960369955,-0.961619045
0.0344,-2.932200244,2.9366427,1.960328644,-1.959118813,0.974166906,-0.975339726
0.03445,-2.851302504,2.855735148,1.8699645,-1.868861297,0.977007664,-0.978102789
0.0345,-2.696158248,2.7005811,1.754384054,-1.753420586,0.944025053,-0.945044123
0.03455,-2.55752001,2.561933092,1.631596213,-1.630762645,0.92807467,-0.929019344
0.0346,-2.431991864,2.436395198,1.509646052,-1.508933231,0.924468027,-0.925339744
0.03465,-2.317191835,2.321585443,1.399928191,-1.399327723,0.919360654,-0.920160709
0.0347,-2.212264214,2.216648117,1.308953565,-1.308457884,0.905385622,-0.906115261
0.03475,-2.117914107,2.122288326,1.234174932,-1.233777294,0.885794895,-0.886455312
0.0348,-2.035152662,2.039517219,1.168128004,-1.167822403,0.869063613,-0.869655859
0.03485,-1.964305112,1.968660028,1.105192658,-1.104973718,0.861136941,-0.861661823
0.0349,-1.904979306,1.909324603,1.045040785,-1.044903703,0.8619507,-0.862408721
0.03495,-1.856612042,1.860947741,0.991114122,-0.991054643,0.867499827,-0.86789119
0.035,-1.818903009,1.823229131,0.946685829,-0.946700259,0.874210714,-0.874535337
0.03505,-1.791826954,1.79614352,0.912111796,-0.912196981,0.881702089,-0.881959608
0.0351,-1.77538577,1.779692802,0.884971432,-0.885124725,0.892396338,-0.892586076
0.03515,-1.769421947,1.773719465,0.862213807,-0.862432997,0.909186846,-0.909307763
0.0352,-1.773645644,1.777933669,0.84221243,-0.842495694,0.933410266,-0.933460923
0.03525,-1.78777914,1.792057695,0.82525737,-0.825603228,0.964498852,-0.964477385
0.0353,-1.811639738,1.815908841,0.812525289,-0.812932582,1.001093296,-1.000997413
0.03535,-1.84508962,1.849349294,0.804657164,-0.805125031,1.04241487,-1.042241849
0.0354,-1.887926653,1.892176918,0.801076254,-0.801604106,1.088838268,-1.088584944
0.03545,-1.939834335,1.944075212,0.800368224,-0.800955698,1.141461438,-1.141124186
0.0355,-2.000435939,2.004667448,0.801197121,-0.801844039,1.201243758,-1.200818468
0.03555,-2.06939373,2.073615892,0.802959488,-0.80366582,1.268451125,-1.267933188
0.0356,-2.146457356,2.150670192,0.805749164,-0.80651499,1.342739546,-1.342123848
0.03565,-2.231421074,2.235624604,0.809810051,-0.810635541,1.423659584,-1.422940501
0.0357,-2.324036197,2.328230443,0.815001561,-0.815886948,1.511103369,-1.510274763
0.03575,-2.423961724,2.428146705,0.820684822,-0.82163037,1.605369009,-1.604424228
0.0358,-2.53079512,2.534970857,0.826033201,-0.827039174,1.706880867,-1.705812735
0.03585,-2.644150169,2.648316682,0.830438678,-0.831505309,1.815861027,-1.814661838
0.0359,-2.763709059,2.767866368,0.833670662,-0.834798124,1.932222561,-1.930884079
0.03595,-2.889204838,2.893352964,0.835705407,-0.836893789,2.055722572,-2.054236035
0.036,-2.961534163,2.965673126,0.822661294,-0.82391083,2.134515231,-2.132907386
0.03605,-2.948279966,2.952409786,0.775848275,-0.777156361,2.174697156,-2.173011283
0.0361,-2.946763217,2.950883914,0.747201956,-0.748566093,2.201766224,-2.200001481
0.03615,-2.954324069,2.958435664,0.733306125,-0.734724094,2.223231447,-2.221386913
0.0362,-2.966568126,2.970670638,0.718247017,-0.719716761,2.250544604,-2.248619236
0.03625,-2.893200389,2.897245583,0.672254925,-0.673773915,2.2297628,-2.227755736
0.0363,-2.722045671,2.725975202,0.599002001,-0.600565417,2.125202236,-2.12311675
0.03635,-2.556036517,2.559857061,0.526690281,-0.528292844,2.031535285,-2.029375399
0.0364,-2.40103557,2.404753399,0.461535467,-0.463172315,1.941655837,-1.939425358
0.03645,-2.258473152,2.262094116,0.407741897,-0.40940862,1.852857105,-1.850559646
0.0365,-2.127690191,2.131219729,0.363089369,-0.364782002,1.766699783,-1.764338767
0.03655,-2.006832077,2.010275227,0.322360808,-0.324075764,1.686546047,-1.684124686
0.0366,-1.894491165,1.897852582,0.282082838,-0.283816835,1.6144614,-1.611982674
0.03665,-1.790558944,1.793842911,0.242462217,-0.244212241,1.550130372,-1.547597025
0.0367,-1.69582719,1.699037624,0.20590407,-0.207667365,1.491939421,-1.489353958
0.03675,-1.610987493,1.614127948,0.174304903,-0.176078973,1.438683435,-1.43604813
0.0368,-1.535960729,1.539034403,0.147532015,-0.149314611,1.390415806,-1.3877327
0.03685,-1.469975992,1.472985737,0.123855039,-0.125644126,1.348095834,-1.34536673
0.0369,-1.412141605,1.415089941,0.101423887,-0.103217608,1.312681798,-1.309908254
0.03695,-1.361957544,1.36484667,0.079409104,-0.081205739,1.284503024,-1.281686346
0.037,-1.319409107,1.322240911,0.058085685,-0.059883627,1.263269732,-1.260410973
0.03705,-1.284680938,1.287457005,0.038109222,-0.039906966,1.248510897,-1.245610857
0.0371,-1.257793762,1.260515385,0.019728734,-0.021524855,1.239998165,-1.237057392
0.03715,-1.238443285,1.241111471,0.002506889,-0.004300026,1.237864525,-1.234883315
0.0372,-1.226105927,1.228721412,-0.014416038,0.012594636,1.242429303,-1.239407695
0.03725,-1.220275304,1.222838563,-0.031756921,0.02994122,1.253937109,-1.250874889
0.0373,-1.220618415,1.223129675,-0.049906486,0.048097819,1.272427851,-1.269324544
0.03735,-1.226985229,1.229444478,-0.06887859,0.067078327,1.297765873,-1.294620751
0.0374,-1.239276994,1.241683991,-0.088602548,0.086812115,1.329781784,-1.326593864
0.03745,-1.257308208,1.259662497,-0.109176193,0.107397085,1.368387969,-1.365156014
0.0375,-1.280759755,1.283060673,-0.130931665,0.129165468,1.41359752,-1.410320042
0.03755,-1.309236184,1.311482872,-0.154315298,0.152563707,1.4654614,-1.462136661
0.0376,-1.342364379,1.344555795,-0.179710783,0.177975622,1.523990281,-1.520616297
0.03765,-1.379855109,1.38199004,-0.207342593,0.205625832,1.589119518,-1.585694057
0.0377,-1.421491681,1.42356875,-0.237308043,0.235611814,1.660729849,-1.657250439
0.03775,-1.467069238,1.469086922,-0.269684898,0.26801151,1.738694319,-1.735158249
0.0378,-1.516339051,1.518295683,-0.304620291,0.30297224,1.82291147,-1.819315795
0.03785,-1.568997853,1.570891638,-0.342341142,0.340721129,1.913305109,-1.909646653
0.0379,-1.624721657,1.626550683,-0.383095966,0.381506906,2.009799926,-2.006075286
0.03795,-1.683210632,1.684972878,-0.427085736,0.425530775,2.112297233,-2.108502787
0.038,-1.74420942,1.745902769,-0.474437475,0.472919996,2.220668876,-2.216800783
0.03805,-1.807492266,1.809114512,-0.525231329,0.523754964,2.334769431,-2.33082364
0.0381,-1.872831228,1.874380091,-0.579549285,0.578117925,2.454453138,-2.45042539
0.03815,-1.93997584,1.941448969,-0.637503389,0.63612119,2.579581776,-2.575467612
0.0382,-2.008658735,2.010053724,-0.699225479,0.69789687,2.71002002,-2.705814789
0.03825,-2.078618441,2.079932833,-0.764834402,0.763564093,2.845625455,-2.841324315
0.0383,-2.149617851,2.150849152,-0.834411898,0.833204886,2.986242929,-2.981840857
0.03835,-2.22144385,2.222589533,-0.908005548,0.90686712,3.131707128,-3.127198924
0.0384,-2.236113577,2.237171449,-0.959816333,0.958751567,3.191603358,-3.18703702
0.03845,-2.165941492,2.166913394,-0.979092828,0.978103717,3.147315503,-3.142759251
0.0385,-2.107219851,2.108108335,-0.995009141,0.994096733,3.104434436,-3.099888249
0.03855,-2.056856778,2.057664164,-1.007854895,1.007020269,3.066910549,-3.062374404
0.0386,-1.964505012,1.965201371,-1.006881443,1.006125977,2.980170665,-2.975644541
0.03865,-1.84547024,1.846020713,-0.971456956,0.970778991,2.819054279,-2.814538153
0.0387,-1.716947488,1.717362339,-0.956018446,0.955416319,2.675125487,-2.670619336
0.03875,-1.587952155,1.588240972,-0.954550372,0.954022658,2.544631181,-2.540134984
0.0388,-1.471907838,1.472079443,-0.95068624,0.95023165,2.424695718,-2.420209452
0.03885,-1.376340275,1.376402633,-0.935888138,0.935505404,2.314306403,-2.309830047
0.0389,-1.298113692,1.298073919,-0.914182934,0.913870809,2.214353911,-2.209887443
0.03895,-1.228512279,1.228376731,-0.895542112,0.895299474,2.126093599,-2.121636996
0.039,-1.161230181,1.161004575,-0.886681693,0.886507661,2.049935434,-2.045488676
0.03905,-1.09624035,1.095929826,-0.887166058,0.887060052,1.985416611,-1.980979675
0.0391,-1.037772219,1.037381354,-0.892104213,0.892065947,1.931875435,-1.927448299
0.03915,-0.989614405,0.989147197,-0.897375745,0.8974052,1.888979952,-1.884562595
0.0392,-0.952025284,0.951485165,-0.902732356,0.902829777,1.856740091,-1.852332491
0.03925,-0.922105624,0.921495506,-0.911122521,0.911288453,1.835204985,-1.83080712
0.0393,-0.896415188,0.895737525,-0.92584829,0.926083631,1.824236392,-1.819848242
0.03935,-0.873309726,0.872566577,-0.948258971,0.948565015,1.823539373,-1.819160916
0.0394,-0.853357505,0.852550571,-0.977503914,0.977882371,1.832831574,-1.828462787
0.03945,-0.838023748,0.837154391,-1.011943772,1.012396771,1.851938909,-1.847579773
0.0395,-0.828023174,0.827092441,-1.050739823,1.051269913,1.88073743,-1.876387922
0.03955,-0.822630553,0.821639201,-1.094420607,1.095030769,1.919030516,-1.914690615
0.0396,-0.820225083,0.819173626,-1.144285342,1.144979011,1.966496689,-1.962166374
0.03965,-0.819376914,0.818265667,-1.201382383,1.202163473,2.022754593,-2.018433844
0.0397,-0.819546101,0.81837522,-1.265920422,1.266793341,2.087473145,-2.08316194
0.03975,-0.820960183,0.819729696,-1.337438264,1.338407923,2.160418874,-2.156117192
0.0398,-0.823944149,0.82265398,-1.41542025,1.416492063,2.241401312,-2.237109131
0.03985,-0.828330739,0.826980735,-1.499787823,1.50096771,2.330174854,-2.325892154
0.0399,-0.833388068,0.831978029,-1.590923358,1.592217755,2.426390225,-2.422116986
0.03995,-0.838215217,0.83674493,-1.689316354,1.690732214,2.529636258,-2.525372457
0.04,-0.84220036,0.840669632,-1.795193503,1.796738308,2.639528092,-2.63527371
0.04005,-0.845162881,0.843571567,-1.908428836,1.910110599,2.755759434,-2.751514449
0.0401,-0.847124975,0.845472999,-2.028745098,2.030572354,2.878075517,-2.873839909
0.04015,-0.84797179,0.84625917,-2.15597978,2.15796159,3.006199291,-3.001973039
0.0402,-0.833891222,0.832117839,-2.237858797,2.239966976,3.080632149,-3.076415234
0.04025,-0.786523319,0.784691836,-2.280001305,2.28219044,3.068795589,-3.064587989
0.0403,-0.757306104,0.755419075,-2.309111325,2.311382339,3.068764262,-3.064565956
0.04035,-0.742643627,0.740703331,-2.332787299,2.335141187,3.077787815,-3.073598783
0.0404,-0.706438572,0.704447603,-2.301883054,2.304320577,3.004059095,-2.999929309
0.04045,-0.639250899,0.637214138,-2.189944548,2.192462323,2.831508163,-2.827498213
0.0405,-0.563428908,0.56135177,-2.095571311,2.09816524,2.661206969,-2.65731003
0.04055,-0.489012576,0.486900141,-2.008792022,2.011458249,2.499976671,-2.49618631
0.0406,-0.427816592,0.425673503,-1.921729121,1.924463988,2.351686502,-2.347996703
0.04065,-0.381537022,0.379367431,-1.833484387,1.836284412,2.217134042,-2.21353921
0.0407,-0.343106468,0.340914086,-1.748788114,1.751650007,2.093981861,-2.090476814
0.04075,-0.304671077,0.302459282,-1.672563681,1.675484374,1.979299235,-1.97587918
0.0408,-0.263761825,0.261533741,-1.606112602,1.609089273,1.871918463,-1.868578978
0.04085,-0.223394572,0.221153088,-1.54734551,1.550375581,1.772765862,-1.76950289
0.0409,-0.187915293,0.185663046,-1.493524195,1.496605323,1.683449008,-1.68025885
0.04095,-0.159071367,0.156810733,-1.443607997,1.446738069,1.604674423,-1.601553742
0.041,-0.13519488,0.132927989,-1.398581121,1.401758254,1.535758216,-1.532704028
0.04105,-0.113162595,0.110891386,-1.360175718,1.363398271,1.475309155,-1.472318814
0.0411,-0.090860466,0.088586729,-1.329443756,1.332710338,1.422265053,-1.419336236
0.04115,-0.068209628,0.065935044,-1.306260372,1.309569848,1.376422098,-1.373552794
0.0412,-0.046434801,0.04416095,-1.289817682,1.293169171,1.338197051,-1.335385553
0.04125,-0.026607041,0.024335418,-1.279445466,1.282838339,1.307990684,-1.30523558
0.0413,-0.008704121,0.006436145,-1.275077427,1.278511305,1.285714416,-1.283014582
0.04135,0.008318539,-0.010554434,-1.277151902,1.28062666,1.270773471,-1.268128062
0.0414,0.025641048,-0.027870635,-1.286149833,1.289665599,1.262447625,-1.259856059
0.04145,0.044020691,-0.046242608,-1.302292626,1.305849788,1.260208585,-1.257670531
0.0415,0.063499834,-0.065712686,-1.325446709,1.32904591,1.263882365,-1.261397734
0.04155,0.083770059,-0.085972399,-1.355324271,1.35896641,1.273489644,-1.271058578
0.0416,0.10466408,-0.1068544,-1.391717921,1.395404149,1.288990365,-1.286613224
0.04165,0.126417872,-0.128594581,-1.434605803,1.438337523,1.310126758,-1.307804115
0.0417,0.149576829,-0.151738234,-1.484090427,1.487869291,1.336456014,-1.33418864
0.04175,0.174700203,-0.176844491,-1.540260944,1.544088851,1.367508123,-1.365296977
0.0418,0.202121331,-0.204246547,-1.603096667,1.606975764,1.402929169,-1.400775383
0.04185,0.231919938,-0.234023969,-1.67246827,1.676400946,1.442510218,-1.440415091
0.0419,0.264075876,-0.26615644,-1.748209197,1.752198078,1.486104988,-1.484069971
0.04195,0.298651419,-0.300706047,-1.830187643,1.834235592,1.533519541,-1.531546228
0.042,0.335863277,-0.337889306,-1.918327582,1.922437695,1.584461287,-1.582551407
0.04205,0.376016329,-0.378010885,-2.012577424,2.01675302,1.638573915,-1.636729316
0.0421,0.419378591,-0.421338576,-2.112863275,2.117107898,1.695515681,-1.693738325
0.04215,0.466103735,-0.468025815,-2.219065657,2.22338307,1.755013615,-1.753305562
0.0422,0.516249645,-0.518130243,-2.331031296,2.335425472,1.816856739,-1.815220141
0.04225,0.569858523,-0.571693805,-2.448602313,2.453077435,1.880845166,-1.879282254
0.0423,0.627023339,-0.628809212,-2.571636284,2.576196736,1.946743696,-1.945256773
0.04235,0.687890911,-0.68962301,-2.700004204,2.704654565,2.014276709,-2.012868139
0.0424,0.752611947,-0.754285632,-2.833573922,2.838318961,2.083161553,-2.081833751
0.04245,0.821289533,-0.82289988,-2.972196402,2.977041073,2.153146319,-2.151901743
0.0425,0.89396932,-0.895511117,-3.115705697,3.120655132,2.224019625,-2.222860767
0.04255,0.945122486,-0.946590727,-3.173861192,3.178867534,2.23764952,-2.236578541
0.0426,0.964162852,-0.965555582,-3.128126537,3.133121821,2.166245791,-2.16526081
0.04265,0.97966923,-0.98098543,-3.083762796,3.088747045,2.106434067,-2.10553249
0.0427,0.992005968,-0.993244596,-3.044746267,3.049719506,2.055073446,-2.054252916
0.04275,0.990603514,-0.991763229,-2.956365653,2.961327907,1.961467531,-1.960757883
0.0428,0.954916062,-0.955998554,-2.793335762,2.798287054,1.840703371,-1.840139296
0.04285,0.939200582,-0.940207546,-2.647571549,2.652511905,1.710551985,-1.71012311
0.0429,0.937295834,-0.938228732,-2.515273132,2.520202575,1.58012725,-1.579823883
0.04295,0.932771615,-0.933631782,-2.393507012,2.398425566,1.462857977,-1.462671204
0.043,0.917178364,-0.91796712,-2.281249979,2.286157668,1.366170198,-1.366091964
0.04305,0.894679608,-0.895398257,-2.179425152,2.184322002,1.286823089,-1.2868462
0.0431,0.875295786,-0.875945514,-2.089325197,2.09421123,1.216088552,-1.216206575
0.04315,0.865676092,-0.866257845,-2.011374878,2.016250118,1.147741953,-1.147949105
0.0432,0.865285172,-0.865799602,-1.945103432,1.949967904,1.081847742,-1.082138819
0.04325,0.869193644,-0.869641114,-1.889834257,1.894687984,1.022658555,-1.023028929
0.0433,0.873324972,-0.873705584,-1.845228154,1.85007116,0.973911566,-0.974357192
0.04335,0.877504694,-0.877818289,-1.81129979,1.816132099,0.935795749,-0.936313156
0.0434,0.884721458,-0.884967581,-1.788110404,1.792932039,0.905383579,-0.905969824
0.04345,0.898263903,-0.898441751,-1.775533804,1.780344789,0.879260168,-0.879912772
0.0435,0.919442572,-0.919550947,-1.77328178,1.778082138,0.855826757,-0.856543641
0.04355,0.947383298,-0.947420591,-1.781072309,1.785862064,0.835675515,-0.836454968
0.0436,0.980455705,-0.98041989,-1.798728089,1.803507265,0.820259552,-0.821100207
0.04365,1.017849319,-1.017737954,-1.82612297,1.830891589,0.810263237,-0.81116405
0.0437,1.060115783,-1.059925995,-1.863062346,1.867820432,0.804940389,-0.805900611
0.04375,1.108559394,-1.108287858,-1.909230694,1.91397827,0.80267129,-0.803690422
0.0438,1.164221177,-1.16386409,-1.964253286,1.968990375,0.802040322,-0.803118072
0.04385,1.227304039,-1.226857106,-2.027802748,2.032529374,0.802517369,-0.803653607
0.0439,1.297350709,-1.296809134,-2.099645382,2.104361568,0.804326187,-0.80552092
0.04395,1.373856347,-1.37321483,-2.179588718,2.184294486,0.807779344,-0.809032685
0.044,1.456752087,-1.456004821,-2.2673866,2.272081974,0.812699758,-0.814011906
0.04405,1.54642444,-1.545565107,-2.36269202,2.367377023,0.818354146,-0.81972535
0.0441,1.643363775,-1.642385534,-2.465097369,2.469772023,0.823844777,-0.825275305
0.04415,1.747799351,-1.746694833,-2.574219891,2.578884219,0.828559911,-0.830050016
0.0442,1.859611264,-1.858372571,-2.689752694,2.694406719,0.832312843,-0.833862734
0.04425,1.978529111,-1.977147816,-2.811439039,2.816082783,0.835117538,-0.836727357
0.0443,2.104394488,-2.102861643,-2.939000896,2.943634383,0.836854672,-0.838524476
0.04435,2.185182308,-2.183525309,-3.01305888,3.017682132,0.823545433,-0.825275412
0.0444,2.226733803,-2.224996934,-3.001075024,3.005688063,0.776634066,-0.778421607
0.04445,2.25524184,-2.253424205,-3.000857256,3.005460105,0.747848673,-0.749691266
0.0445,2.278245632,-2.276346261,-3.009699752,3.014292434,0.733696864,-0.735592275
0.04455,2.24667083,-2.244688988,-2.935786973,2.940320567,0.697951722,-0.699897404
0.0446,2.134159842,-2.132098931,-2.762971687,2.767386984,0.63098717,-0.63297826
0.04465,2.039208459,-2.037072598,-2.592476844,2.596780682,0.5554728,-0.557503899
0.0447,1.951930128,-1.949723192,-2.431036311,2.435235132,0.481276042,-0.483342089
0.04475,1.864434917,-1.862160584,-2.282472929,2.286572759,0.420176907,-0.42227328
0.0448,1.775712396,-1.773374171,-2.14763258,2.151639023,0.374031233,-0.376153803
0.04485,1.69039456,-1.687995754,-2.024265138,2.028183384,0.335956561,-0.338101647
0.0449,1.613419044,-1.610962747,-1.909474965,1.913309813,0.298119366,-0.300283621
0.04495,1.546197629,-1.543686688,-1.802046868,1.805802745,0.257892478,-0.260072818
0.045,1.486743455,-1.484180474,-1.702829985,1.706510952,0.218111716,-0.220305293
0.04505,1.432327886,-1.42971523,-1.613400506,1.617010264,0.183081718,-0.185285936
0.0451,1.38183252,-1.379172328,-1.534505045,1.538046931,0.154667299,-0.156879829
0.04515,1.336154263,-1.333448441,-1.465530914,1.469007914,0.131358684,-0.133577441
0.0452,1.297001763,-1.294251978,-1.40512659,1.40854135,0.11009555,-0.112318649
0.04525,1.265477323,-1.262684992,-1.352209268,1.355564106,0.088692677,-0.090918383
0.0453,1.2415306,-1.238696883,-1.306518689,1.309815611,0.066940061,-0.069166755
0.04535,1.22439316,-1.221518963,-1.268429865,1.271670574,0.045981078,-0.048207238
0.0454,1.213377662,-1.210463639,-1.238348678,1.241534578,0.02690888,-0.029133076
0.04545,1.208369301,-1.205415856,-1.216229333,1.219361539,0.009792419,-0.012013296
0.0455,1.209762227,-1.206769508,-1.201528251,1.204607599,-0.006305221,0.004097987
0.04555,1.21806464,-1.215032543,-1.193510117,1.196537178,-0.022625676,0.020424323
0.0456,1.233508177,-1.230436338,-1.191644013,1.194619103,-0.039937789,0.037743607
0.04565,1.255996282,-1.25288408,-1.195717837,1.198641031,-0.058353592,0.056167902
0.0457,1.285255956,-1.282102515,-1.205731978,1.208603119,-0.077599601,0.075423773
0.04575,1.321070137,-1.317874326,-1.22165426,1.224472968,-0.097490884,0.09532635
0.0458,1.363396345,-1.360156782,-1.243253114,1.246018798,-0.118216471,0.116064744
0.04585,1.412324293,-1.409039345,-1.27010768,1.272819549,-0.140286858,0.138149551
0.0459,1.467947361,-1.464615148,-1.301749255,1.304406328,-0.164264041,0.162142886
0.04595,1.530260859,-1.526879252,-1.337806044,1.340407164,-0.190515016,0.188411886
0.046,1.599150267,-1.595716895,-1.378047936,1.380591781,-0.21915526,0.217072185
0.04605,1.674453121,-1.670965371,-1.422320402,1.424805494,-0.250176707,0.248115888
0.0461,1.756031301,-1.752486325,-1.470438212,1.472862929,-0.283626331,0.281590153
0.04615,1.843800033,-1.840194749,-1.522124667,1.524487253,-0.319695909,0.317686953
0.0462,1.937704653,-1.934035753,-1.577032326,1.579330901,-0.358678061,0.356699117
0.04625,2.037675919,-2.03393987,-1.634814417,1.63704699,-0.40085015,0.398904233
0.0463,2.143602328,-2.139795378,-1.695184081,1.697348558,-0.446387353,0.444477714
0.04635,2.255335718,-2.251453899,-1.757919075,1.760013272,-0.495363567,0.493493702
0.0464,2.372717717,-2.368756856,-1.822818698,1.82484035,-0.547820933,0.545994593
0.04645,2.495602002,-2.49155772,-1.88965552,1.891602288,-0.603840358,0.602061556
0.0465,2.623856664,-2.619724385,-1.958161405,1.96003089,-0.663557866,0.661830887
0.04655,2.757350227,-2.753125186,-2.028053346,2.029843096,-0.727124783,0.725454188
0.0466,2.895936889,-2.891614132,-2.099071371,2.100778889,-0.794655063,0.793045698
0.04665,3.039453431,-3.035027829,-2.170995171,2.172617929,-0.866205579,0.864662581
0.0467,3.097687796,-3.093205869,-2.18558924,2.187125037,-0.916431818,0.914960118
0.04675,3.052133319,-3.047661293,-2.114944307,2.116394993,-0.934915238,0.933516751
0.0468,3.007951077,-3.003488929,-2.055867331,2.057235471,-0.949886436,0.948562144
0.04685,2.969101726,-2.964649435,-2.005292695,2.006580619,-0.961619045,0.960369955
0.0469,2.936642701,-2.932200245,-1.959118813,1.960328645,-0.975339726,0.974166906
0.04695,2.855735148,-2.851302505,-1.868861297,1.8699645,-0.978102789,0.977007664
0.047,2.7005811,-2.696158249,-1.753420587,1.754384054,-0.945044123,0.944025053
0.04705,2.561933093,-2.557520011,-1.630762645,1.631596213,-0.929019344,0.92807467
0.0471,2.436395199,-2.431991865,-1.508933231,1.509646052,-0.925339744,0.924468027
0.04715,2.321585444,-2.317191836,-1.399327724,1.399928192,-0.920160709,0.919360654
0.0472,2.216648118,-2.212264215,-1.308457884,1.308953565,-0.906115261,0.905385622
0.04725,2.122288327,-2.117914107,-1.233777294,1.234174932,-0.886455312,0.885794895
0.0473,2.039517219,-2.035152662,-1.167822403,1.168128005,-0.86965586,0.869063614
0.04735,1.968660029,-1.964305113,-1.104973719,1.105192658,-0.861661823,0.861136942
0.0474,1.909324604,-1.904979307,-1.044903703,1.045040786,-0.862408721,0.8619507
0.04745,1.860947742,-1.856612043,-0.991054644,0.991114122,-0.86789119,0.867499828
0.0475,1.823229132,-1.81890301,-0.946700259,0.94668583,-0.874535338,0.874210715
0.04755,1.796143521,-1.791826955,-0.912196982,0.912111796,-0.881959609,0.881702089
0.0476,1.779692803,-1.775385771,-0.885124725,0.884971433,-0.892586077,0.892396339
0.04765,1.773719466,-1.769421948,-0.862432998,0.862213807,-0.909307764,0.909186846
0.0477,1.77793367,-1.773645644,-0.842495695,0.84221243,-0.933460923,0.933410267
0.04775,1.792057695,-1.787779141,-0.825603228,0.82525737,-0.964477385,0.964498853
0.0478,1.815908842,-1.811639739,-0.812932582,0.812525289,-1.000997413,1.001093296
0.04785,1.849349294,-1.845089621,-0.805125032,0.804657164,-1.042241849,1.04241487
0.0479,1.892176919,-1.887926654,-0.801604106,0.801076254,-1.088584944,1.088838268
0.04795,1.944075213,-1.939834336,-0.800955698,0.800368225,-1.141124186,1.141461439
0.048,2.004667449,-2.000435939,-0.80184404,0.801197121,-1.200818469,1.201243759
0.04805,2.073615893,-2.06939373,-0.80366582,0.802959489,-1.267933189,1.268451125
0.0481,2.150670193,-2.146457357,-0.80651499,0.805749164,-1.342123849,1.342739547
0.04815,2.235624605,-2.231421074,-0.810635542,0.809810051,-1.422940501,1.423659585
0.0482,2.328230444,-2.324036198,-0.815886948,0.815001561,-1.510274763,1.511103369
0.04825,2.428146706,-2.423961725,-0.82163037,0.820684823,-1.604424228,1.605369009
0.0483,2.534970858,-2.530795121,-0.827039174,0.826033201,-1.705812736,1.706880868
0.04835,2.648316683,-2.64415017,-0.831505309,0.830438678,-1.814661838,1.815861028
0.0484,2.767866369,-2.763709059,-0.834798124,0.833670663,-1.93088408,1.932222561
0.04845,2.893352965,-2.889204839,-0.836893789,0.835705407,-2.054236036,2.055722572
0.0485,2.965673127,-2.961534164,-0.82391083,0.822661294,-2.132907386,2.134515231
0.04855,2.952409787,-2.948279967,-0.777156361,0.775848275,-2.173011284,2.174697156
0.0486,2.950883915,-2.946763218,-0.748566093,0.747201956,-2.200001481,2.201766225
0.04865,2.958435665,-2.95432407,-0.734724095,0.733306125,-2.221386914,2.223231447
0.0487,2.970670639,-2.966568126,-0.719716761,0.718247017,-2.248619237,2.250544605
0.04875,2.897245584,-2.89320039,-0.673773915,0.672254925,-2.227755736,2.229762801
0.0488,2.725975203,-2.722045672,-0.600565417,0.599002001,-2.123116751,2.125202237
0.04885,2.559857062,-2.556036517,-0.528292844,0.526690281,-2.029375399,2.031535285
0.0489,2.404753399,-2.401035571,-0.463172315,0.461535467,-1.939425359,1.941655838
0.04895,2.262094117,-2.258473153,-0.409408621,0.407741897,-1.850559647,1.852857106
0.049,2.13121973,-2.127690192,-0.364782003,0.363089369,-1.764338767,1.766699783
0.04905,2.010275228,-2.006832078,-0.324075764,0.322360808,-1.684124686,1.686546048
0.0491,1.897852583,-1.894491165,-0.283816835,0.282082838,-1.611982674,1.6144614
0.04915,1.793842912,-1.790558945,-0.244212241,0.242462217,-1.547597025,1.550130373
0.0492,1.699037625,-1.695827191,-0.207667365,0.20590407,-1.489353959,1.491939422
0.04925,1.614127949,-1.610987494,-0.176078973,0.174304903,-1.436048131,1.438683436
0.0493,1.539034403,-1.53596073,-0.149314611,0.147532015,-1.387732701,1.390415806
0.04935,1.472985738,-1.469975992,-0.125644127,0.123855039,-1.345366731,1.348095834
0.0494,1.415089942,-1.412141605,-0.103217608,0.101423887,-1.309908255,1.312681798
0.04945,1.364846671,-1.361957544,-0.081205739,0.079409104,-1.281686347,1.284503025
0.0495,1.322240912,-1.319409108,-0.059883627,0.058085685,-1.260410974,1.263269733
0.04955,1.287457005,-1.284680938,-0.039906966,0.038109222,-1.245610857,1.248510897
0.0496,1.260515385,-1.257793763,-0.021524855,0.019728734,-1.237057393,1.239998166
0.04965,1.241111471,-1.238443285,-0.004300026,0.002506889,-1.234883316,1.237864526
0.0497,1.228721413,-1.226105928,0.012594636,-0.014416038,-1.239407696,1.242429303
0.04975,1.222838563,-1.220275304,0.02994122,-0.031756922,-1.250874889,1.25393711
0.0498,1.223129675,-1.220618416,0.048097819,-0.049906486,-1.269324545,1.272427851
0.04985,1.229444478,-1.22698523,0.067078327,-0.06887859,-1.294620752,1.297765873
0.0499,1.241683992,-1.239276994,0.086812115,-0.088602548,-1.326593865,1.329781785
0.04995,1.259662498,-1.257308208,0.107397085,-0.109176193,-1.365156014,1.368387969
0.05,1.283060673,-1.280759755,0.129165468,-0.130931665,-1.410320042,1.41359752
0.05005,1.311482872,-1.309236184,0.152563707,-0.154315298,-1.462136662,1.4654614
0.0501,1.344555796,-1.342364379,0.177975622,-0.179710783,-1.520616297,1.523990282
0.05015,1.38199004,-1.37985511,0.205625832,-0.207342593,-1.585694057,1.589119518
0.0502,1.423568751,-1.421491681,0.235611814,-0.237308043,-1.657250439,1.660729849
0.05025,1.469086922,-1.467069239,0.26801151,-0.269684899,-1.73515825,1.73869432
0.0503,1.518295683,-1.516339052,0.30297224,-0.304620291,-1.819315795,1.822911471
0.05035,1.570891638,-1.568997853,0.340721129,-0.342341142,-1.909646653,1.91330511
0.0504,1.626550683,-1.624721657,0.381506907,-0.383095966,-2.006075287,2.009799926
0.05045,1.684972878,-1.683210632,0.425530775,-0.427085736,-2.108502788,2.112297234
0.0505,1.745902769,-1.74420942,0.472919996,-0.474437476,-2.216800784,2.220668877
0.05055,1.809114513,-1.807492266,0.523754964,-0.525231329,-2.33082364,2.334769432
0.0506,1.874380091,-1.872831228,0.578117925,-0.579549285,-2.45042539,2.454453139
0.05065,1.94144897,-1.939975841,0.63612119,-0.637503389,-2.575467613,2.579581776
0.0507,2.010053724,-2.008658736,0.697896871,-0.699225479,-2.705814789,2.710020021
0.05075,2.079932834,-2.078618442,0.763564094,-0.764834402,-2.841324315,2.845625455
0.0508,2.150849152,-2.149617851,0.833204886,-0.834411898,-2.981840857,2.98624293
0.05085,2.222589534,-2.22144385,0.90686712,-0.908005549,-3.127198924,3.131707128
0.0509,2.23717145,-2.236113577,0.958751567,-0.959816333,-3.18703702,3.191603359
0.05095,2.166913394,-2.165941492,0.978103717,-0.979092828,-3.142759251,3.147315503
0.051,2.108108335,-2.107219852,0.994096733,-0.995009141,-3.099888249,3.104434436
0.05105,2.057664164,-2.056856778,1.007020269,-1.007854895,-3.062374404,3.066910549
0.0511,1.965201371,-1.964505012,1.006125978,-1.006881443,-2.975644541,2.980170666
0.05115,1.846020713,-1.84547024,0.970778992,-0.971456956,-2.814538153,2.81905428
0.0512,1.717362339,-1.716947488,0.955416319,-0.956018446,-2.670619336,2.675125487
0.05125,1.588240972,-1.587952155,0.954022659,-0.954550372,-2.540134984,2.544631182
0.0513,1.472079443,-1.471907838,0.95023165,-0.95068624,-2.420209453,2.424695719
0.05135,1.376402634,-1.376340275,0.935505404,-0.935888138,-2.309830048,2.314306404
0.0514,1.298073919,-1.298113692,0.913870809,-0.914182934,-2.209887443,2.214353912
0.05145,1.228376731,-1.228512279,0.895299474,-0.895542112,-2.121636997,2.126093599
0.0515,1.161004575,-1.161230181,0.886507662,-0.886681693,-2.045488676,2.049935435
0.05155,1.095929826,-1.09624035,0.887060052,-0.887166058,-1.980979675,1.985416612
0.0516,1.037381354,-1.037772219,0.892065947,-0.892104213,-1.927448299,1.931875435
0.05165,0.989147197,-0.989614405,0.8974052,-0.897375746,-1.884562595,1.888979953
0.0517,0.951485166,-0.952025284,0.902829777,-0.902732356,-1.852332492,1.856740091
0.05175,0.921495506,-0.922105624,0.911288454,-0.911122522,-1.830807121,1.835204985
0.0518,0.895737525,-0.896415188,0.926083631,-0.92584829,-1.819848242,1.824236392
0.05185,0.872566577,-0.873309726,0.948565015,-0.948258971,-1.819160916,1.823539374
0.0519,0.852550571,-0.853357505,0.977882372,-0.977503914,-1.828462788,1.832831574
0.05195,0.837154391,-0.838023748,1.012396771,-1.011943772,-1.847579774,1.85193891
0.052,0.827092441,-0.828023175,1.051269913,-1.050739823,-1.876387922,1.88073743
0.05205,0.821639202,-0.822630553,1.095030769,-1.094420608,-1.914690616,1.919030516
0.0521,0.819173626,-0.820225083,1.144979012,-1.144285343,-1.962166375,1.966496689
0.05215,0.818265667,-0.819376914,1.202163473,-1.201382383,-2.018433844,2.022754593
0.0522,0.81837522,-0.819546101,1.266793341,-1.265920422,-2.08316194,2.087473145
0.05225,0.819729696,-0.820960183,1.338407923,-1.337438264,-2.156117192,2.160418874
0.0523,0.82265398,-0.823944149,1.416492063,-1.415420251,-2.237109131,2.241401312
0.05235,0.826980735,-0.828330739,1.500967711,-1.499787823,-2.325892154,2.330174854
0.0524,0.831978029,-0.833388068,1.592217755,-1.590923359,-2.422116986,2.426390226
0.05245,0.83674493,-0.838215217,1.690732214,-1.689316354,-2.525372457,2.529636258
0.0525,0.840669632,-0.84220036,1.796738308,-1.795193503,-2.63527371,2.639528093
0.05255,0.843571567,-0.845162881,1.910110599,-1.908428837,-2.751514449,2.755759434
0.0526,0.845472999,-0.847124975,2.030572354,-2.028745098,-2.873839909,2.878075517
0.05265,0.84625917,-0.84797179,2.15796159,-2.15597978,-3.001973039,3.006199291
0.0527,0.832117839,-0.833891222,2.239966976,-2.237858798,-3.076415234,3.08063215
0.05275,0.784691836,-0.786523319,2.28219044,-2.280001305,-3.064587989,3.06879559
0.0528,0.755419075,-0.757306104,2.311382339,-2.309111326,-3.064565957,3.068764263
0.05285,0.740703332,-0.742643627,2.335141187,-2.332787299,-3.073598783,3.077787815
0.0529,0.704447603,-0.706438573,2.304320577,-2.301883055,-2.999929309,3.004059095
0.05295,0.637214138,-0.639250899,2.192462324,-2.189944548,-2.827498214,2.831508163
0.053,0.56135177,-0.563428908,2.09816524,-2.095571311,-2.65731003,2.661206969
0.05305,0.486900141,-0.489012576,2.011458249,-2.008792023,-2.49618631,2.499976671
0.0531,0.425673503,-0.427816592,1.924463988,-1.921729121,-2.347996703,2.351686502
0.05315,0.379367431,-0.381537022,1.836284412,-1.833484387,-2.213539211,2.217134042
0.0532,0.340914086,-0.343106468,1.751650007,-1.748788114,-2.090476814,2.093981861
0.05325,0.302459283,-0.304671077,1.675484374,-1.672563681,-1.97587918,1.979299235
0.0533,0.261533741,-0.263761825,1.609089273,-1.606112602,-1.868578979,1.871918463
0.05335,0.221153088,-0.223394572,1.550375581,-1.547345511,-1.76950289,1.772765863
0.0534,0.185663047,-0.187915293,1.496605324,-1.493524195,-1.68025885,1.683449008
0.05345,0.156810733,-0.159071367,1.446738069,-1.443607997,-1.601553743,1.604674423
0.0535,0.132927989,-0.13519488,1.401758254,-1.398581121,-1.532704028,1.535758216
0.05355,0.110891386,-0.113162595,1.363398271,-1.360175718,-1.472318814,1.475309155
0.0536,0.088586729,-0.090860466,1.332710338,-1.329443756,-1.419336236,1.422265053
0.05365,0.065935044,-0.068209628,1.309569848,-1.306260372,-1.373552794,1.376422098
0.0537,0.04416095,-0.046434801,1.293169171,-1.289817682,-1.335385553,1.338197051
0.05375,0.024335418,-0.026607041,1.282838339,-1.279445466,-1.30523558,1.307990684
0.0538,0.006436145,-0.008704121,1.278511305,-1.275077427,-1.283014582,1.285714416
0.05385,-0.010554434,0.008318539,1.28062666,-1.277151902,-1.268128062,1.270773471
0.0539,-0.027870635,0.025641048,1.289665599,-1.286149833,-1.259856059,1.262447625
0.05395,-0.046242608,0.044020691,1.305849788,-1.302292626,-1.257670531,1.260208585
0.054,-0.065712686,0.063499834,1.32904591,-1.325446709,-1.261397734,1.263882365
0.05405,-0.085972399,0.083770059,1.35896641,-1.355324271,-1.271058578,1.273489644
0.0541,-0.1068544,0.10466408,1.395404149,-1.391717921,-1.286613224,1.288990365
0.05415,-0.128594581,0.126417872,1.438337523,-1.434605803,-1.307804115,1.310126758
0.0542,-0.151738234,0.149576829,1.487869291,-1.484090427,-1.33418864,1.336456014
0.05425,-0.176844491,0.174700203,1.544088851,-1.540260944,-1.365296977,1.367508123
0.0543,-0.204246547,0.202121331,1.606975764,-1.603096667,-1.400775383,1.402929169
0.05435,-0.234023969,0.231919938,1.676400945,-1.67246827,-1.44041509,1.442510218
0.0544,-0.26615644,0.264075876,1.752198078,-1.748209197,-1.484069971,1.486104988
0.05445,-0.300706047,0.298651419,1.834235592,-1.830187642,-1.531546228,1.533519541
0.0545,-0.337889306,0.335863277,1.922437695,-1.918327582,-1.582551407,1.584461287
0.05455,-0.378010884,0.376016329,2.01675302,-2.012577424,-1.636729316,1.638573915
0.0546,-0.421338576,0.419378591,2.117107898,-2.112863274,-1.693738324,1.695515681
0.05465,-0.468025815,0.466103734,2.22338307,-2.219065657,-1.753305562,1.755013615
0.0547,-0.518130242,0.516249645,2.335425472,-2.331031295,-1.815220141,1.816856739
0.05475,-0.571693804,0.569858522,2.453077435,-2.448602312,-1.879282254,1.880845166
0.0548,-0.628809212,0.627023339,2.576196736,-2.571636284,-1.945256773,1.946743696
0.05485,-0.68962301,0.687890911,2.704654565,-2.700004204,-2.012868139,2.014276709
0.0549,-0.754285632,0.752611947,2.838318961,-2.833573921,-2.081833751,2.083161553
0.05495,-0.82289988,0.821289533,2.977041073,-2.972196402,-2.151901743,2.153146319
0.055,-0.895511117,0.89396932,3.120655131,-3.115705697,-2.222860767,2.224019625
0.05505,-0.946590727,0.945122485,3.178867533,-3.173861191,-2.236578541,2.23764952
0.0551,-0.965555582,0.964162852,3.13312182,-3.128126537,-2.16526081,2.166245791
0.05515,-0.98098543,0.97966923,3.088747045,-3.083762796,-2.10553249,2.106434066
0.0552,-0.993244596,0.992005968,3.049719506,-3.044746267,-2.054252916,2.055073446
0.05525,-0.991763229,0.990603514,2.961327907,-2.956365653,-1.960757883,1.961467531
0.0553,-0.955998554,0.954916062,2.798287054,-2.793335762,-1.840139296,1.840703371
0.05535,-0.940207546,0.939200582,2.652511904,-2.647571549,-1.710123109,1.710551985
0.0554,-0.938228732,0.937295834,2.520202575,-2.515273132,-1.579823883,1.580127249
0.05545,-0.933631782,0.932771615,2.398425566,-2.393507011,-1.462671203,1.462857977
0.0555,-0.91796712,0.917178364,2.286157668,-2.281249978,-1.366091964,1.366170198
0.05555,-0.895398257,0.894679607,2.184322001,-2.179425152,-1.286846199,1.286823089
0.0556,-0.875945514,0.875295786,2.094211229,-2.089325196,-1.216206574,1.216088551
0.05565,-0.866257845,0.865676092,2.016250118,-2.011374877,-1.147949105,1.147741953
0.0557,-0.865799602,0.865285172,1.949967904,-1.945103432,-1.082138819,1.081847742
0.05575,-0.869641114,0.869193643,1.894687984,-1.889834257,-1.023028929,1.022658554
0.0558,-0.873705584,0.873324971,1.850071159,-1.845228153,-0.974357192,0.973911566
0.05585,-0.877818289,0.877504694,1.816132098,-1.811299789,-0.936313156,0.935795749
0.0559,-0.884967581,0.884721457,1.792932038,-1.788110403,-0.905969824,0.905383578
0.05595,-0.89844175,0.898263902,1.780344788,-1.775533804,-0.879912771,0.879260168
0.056,-0.919550947,0.919442572,1.778082137,-1.773281779,-0.856543641,0.855826757
0.05605,-0.947420591,0.947383298,1.785862063,-1.781072308,-0.836454968,0.835675515
0.0561,-0.98041989,0.980455704,1.803507264,-1.798728089,-0.821100206,0.820259552
0.05615,-1.017737954,1.017849318,1.830891589,-1.82612297,-0.81116405,0.810263237
0.0562,-1.059925995,1.060115782,1.867820431,-1.863062345,-0.80590061,0.804940389
0.05625,-1.108287857,1.108559393,1.913978269,-1.909230693,-0.803690422,0.80267129
0.0563,-1.16386409,1.164221176,1.968990375,-1.964253285,-0.803118072,0.802040322
0.05635,-1.226857106,1.227304038,2.032529373,-2.027802747,-0.803653607,0.802517369
0.0564,-1.296809134,1.297350708,2.104361567,-2.099645382,-0.80552092,0.804326187
0.05645,-1.373214829,1.373856346,2.184294486,-2.179588718,-0.809032685,0.807779343
0.0565,-1.456004821,1.456752087,2.272081973,-2.267386599,-0.814011906,0.812699758
0.05655,-1.545565106,1.546424439,2.367377022,-2.36269202,-0.81972535,0.818354146
0.0566,-1.642385533,1.643363775,2.469772022,-2.465097368,-0.825275305,0.823844777
0.05665,-1.746694832,1.74779935,2.578884219,-2.574219891,-0.830050016,0.828559911
0.0567,-1.858372571,1.859611264,2.694406718,-2.689752693,-0.833862734,0.832312843
0.05675,-1.977147816,1.97852911,2.816082783,-2.811439038,-0.836727357,0.835117537
0.0568,-2.102861642,2.104394487,2.943634382,-2.939000895,-0.838524476,0.836854672
0.05685,-2.183525309,2.185182308,3.017682131,-3.013058879,-0.825275412,0.823545433
0.0569,-2.224996933,2.226733803,3.005688062,-3.001075023,-0.778421607,0.776634066
0.05695,-2.253424204,2.255241839,3.005460104,-3.000857255,-0.749691266,0.747848673
0.057,-2.27634626,2.278245632,3.014292433,-3.009699751,-0.735592274,0.733696864
0.05705,-2.244688987,2.246670829,2.940320567,-2.935786973,-0.699897404,0.697951722
0.0571,-2.132098931,2.134159841,2.767386984,-2.762971686,-0.63297826,0.63098717
0.05715,-2.037072598,2.039208459,2.596780681,-2.592476843,-0.557503899,0.5554728
0.0572,-1.949723192,1.951930128,2.435235131,-2.43103631,-0.483342089,0.481276042
0.05725,-1.862160584,1.864434916,2.286572759,-2.282472928,-0.42227328,0.420176907
0.0573,-1.77337417,1.775712396,2.151639023,-2.147632579,-0.376153803,0.374031233
0.05735,-1.687995753,1.69039456,2.028183384,-2.024265137,-0.338101647,0.335956561
0.0574,-1.610962747,1.613419044,1.913309813,-1.909474964,-0.300283621,0.298119366
0.05745,-1.543686688,1.546197628,1.805802744,-1.802046868,-0.260072818,0.257892478
0.0575,-1.484180473,1.486743454,1.706510952,-1.702829985,-0.220305293,0.218111716
0.05755,-1.42971523,1.432327885,1.617010263,-1.613400506,-0.185285936,0.183081718
0.0576,-1.379172327,1.381832519,1.53804693,-1.534505044,-0.156879829,0.154667299
0.05765,-1.33344844,1.336154262,1.469007914,-1.465530913,-0.133577441,0.131358684
0.0577,-1.294251978,1.297001762,1.408541349,-1.40512659,-0.112318649,0.11009555
0.05775,-1.262684991,1.265477322,1.355564105,-1.352209268,-0.090918383,0.088692677
0.0578,-1.238696883,1.241530599,1.30981561,-1.306518688,-0.069166755,0.066940061
0.05785,-1.221518963,1.224393159,1.271670574,-1.268429865,-0.048207238,0.045981078
0.0579,-1.210463639,1.213377661,1.241534578,-1.238348678,-0.029133076,0.02690888
0.05795,-1.205415855,1.2083693,1.219361538,-1.216229332,-0.012013296,0.009792419
0.058,-1.206769508,1.209762226,1.204607599,-1.20152825,0.004097987,-0.006305221
0.05805,-1.215032542,1.21806464,1.196537177,-1.193510116,0.020424323,-0.022625676
0.0581,-1.230436337,1.233508177,1.194619103,-1.191644013,0.037743607,-0.039937789
0.05815,-1.25288408,1.255996282,1.198641031,-1.195717837,0.056167902,-0.058353592
0.0582,-1.282102514,1.285255955,1.208603118,-1.205731978,0.075423772,-0.077599601
0.05825,-1.317874325,1.321070136,1.224472967,-1.221654259,0.09532635,-0.097490884
0.0583,-1.360156781,1.363396344,1.246018797,-1.243253113,0.116064744,-0.118216471
0.05835,-1.409039344,1.412324292,1.272819548,-1.270107679,0.13814955,-0.140286858
0.0584,-1.464615147,1.46794736,1.304406327,-1.301749254,0.162142885,-0.164264041
0.05845,-1.526879251,1.530260858,1.340407163,-1.337806043,0.188411886,-0.190515016
0.0585,-1.595716894,1.599150266,1.38059178,-1.378047935,0.217072185,-0.21915526
0.05855,-1.67096537,1.67445312,1.424805494,-1.422320402,0.248115888,-0.250176706
0.0586,-1.752486324,1.756031301,1.472862929,-1.470438212,0.281590153,-0.283626331
0.05865,-1.840194749,1.843800033,1.524487252,-1.522124667,0.317686953,-0.319695909
0.0587,-1.934035752,1.937704652,1.5793309,-1.577032325,0.356699117,-0.358678061
0.05875,-2.033939869,2.037675919,1.637046989,-1.634814416,0.398904233,-0.400850149
0.0588,-2.139795377,2.143602327,1.697348557,-1.69518408,0.444477714,-0.446387353
0.05885,-2.251453898,2.255335717,1.760013272,-1.757919074,0.493493702,-0.495363567
0.0589,-2.368756855,2.372717716,1.824840349,-1.822818697,0.545994593,-0.547820933
0.05895,-2.491557719,2.495602002,1.891602288,-1.889655519,0.602061556,-0.603840358
0.059,-2.619724384,2.623856663,1.96003089,-1.958161405,0.661830887,-0.663557866
0.05905,-2.753125185,2.757350226,2.029843095,-2.028053346,0.725454187,-0.727124782
0.0591,-2.891614132,2.895936888,2.100778889,-2.09907137,0.793045698,-0.794655062
0.05915,-3.035027828,3.039453431,2.172617929,-2.170995171,0.864662581,-0.866205578
0.0592,-3.093205868,3.097687795,2.187125036,-2.185589239,0.914960118,-0.916431818
0.05925,-3.047661292,3.052133318,2.116394993,-2.114944306,0.933516751,-0.934915238
0.0593,-3.003488928,3.007951076,2.05723547,-2.05586733,0.948562144,-0.949886435
0.05935,-2.964649434,2.969101726,2.006580619,-2.005292695,0.960369955,-0.961619045
0.0594,-2.932200244,2.9366427,1.960328644,-1.959118813,0.974166906,-0.975339726
0.05945,-2.851302504,2.855735148,1.8699645,-1.868861297,0.977007664,-0.978102789
0.0595,-2.696158248,2.7005811,1.754384054,-1.753420586,0.944025053,-0.945044123
0.05955,-2.55752001,2.561933092,1.631596213,-1.630762645,0.92807467,-0.929019344
0.0596,-2.431991864,2.436395198,1.509646052,-1.508933231,0.924468027,-0.925339744
0.05965,-2.317191835,2.321585443,1.399928191,-1.399327723,0.919360654,-0.920160709
0.0597,-2.212264214,2.216648117,1.308953565,-1.308457884,0.905385622,-0.906115261
0.05975,-2.117914107,2.122288326,1.234174932,-1.233777294,0.885794895,-0.886455312
0.0598,-2.035152662,2.039517219,1.168128004,-1.167822403,0.869063613,-0.869655859
0.05985,-1.964305112,1.968660028,1.105192658,-1.104973718,0.861136941,-0.861661823
0.0599,-1.904979306,1.909324603,1.045040785,-1.044903703,0.8619507,-0.862408721
0.05995,-1.856612042,1.860947741,0.991114122,-0.991054643,0.867499827,-0.86789119
0.06,-1.818903009,1.823229131,0.946685829,-0.946700259,0.874210714,-0.874535337
0.06005,-1.791826954,1.79614352,0.912111796,-0.912196981,0.881702089,-0.881959608
0.0601,-1.77538577,1.779692802,0.884971432,-0.885124725,0.892396338,-0.892586076
0.06015,-1.769421947,1.773719465,0.862213807,-0.862432997,0.909186846,-0.909307763
0.0602,-1.773645644,1.777933669,0.84221243,-0.842495694,0.933410266,-0.933460923
0.06025,-1.78777914,1.792057695,0.82525737,-0.825603228,0.964498852,-0.964477385
0.0603,-1.811639738,1.815908841,0.812525289,-0.812932582,1.001093296,-1.000997413
0.06035,-1.84508962,1.849349294,0.804657164,-0.805125031,1.04241487,-1.042241849
0.0604,-1.887926653,1.892176918,0.801076254,-0.801604106,1.088838268,-1.088584944
0.06045,-1.939834335,1.944075212,0.800368224,-0.800955698,1.141461438,-1.141124186
0.0605,-2.000435939,2.004667448,0.801197121,-0.801844039,1.201243758,-1.200818468
0.06055,-2.06939373,2.073615892,0.802959488,-0.80366582,1.268451125,-1.267933188
0.0606,-2.146457356,2.150670192,0.805749164,-0.80651499,1.342739546,-1.342123848
0.06065,-2.231421074,2.235624604,0.809810051,-0.810635541,1.423659584,-1.422940501
0.0607,-2.324036197,2.328230443,0.815001561,-0.815886948,1.511103369,-1.510274763
0.06075,-2.423961724,2.428146705,0.820684822,-0.82163037,1.605369009,-1.604424228
0.0608,-2.53079512,2.534970857,0.826033201,-0.827039174,1.706880867,-1.705812735
0.06085,-2.644150169,2.648316682,0.830438678,-0.831505309,1.815861027,-1.814661838
0.0609,-2.763709059,2.767866368,0.833670662,-0.834798124,1.932222561,-1.930884079
0.06095,-2.889204838,2.893352964,0.835705407,-0.836893789,2.055722572,-2.054236035
0.061,-2.961534163,2.965673126,0.822661294,-0.82391083,2.134515231,-2.132907386
0.06105,-2.948279966,2.952409786,0.775848275,-0.777156361,2.174697156,-2.173011283
0.0611,-2.946763217,2.950883914,0.747201956,-0.748566093,2.201766224,-2.200001481
0.06115,-2.954324069,2.958435664,0.733306125,-0.734724094,2.223231447,-2.221386913
0.0612,-2.966568126,2.970670638,0.718247017,-0.719716761,2.250544604,-2.248619236
0.06125,-2.893200389,2.897245583,0.672254925,-0.673773915,2.2297628,-2.227755736
0.0613,-2.722045671,2.725975202,0.599002001,-0.600565417,2.125202236,-2.12311675
0.06135,-2.556036517,2.559857061,0.526690281,-0.528292844,2.031535285,-2.029375399
0.0614,-2.40103557,2.404753399,0.461535467,-0.463172315,1.941655837,-1.939425358
0.06145,-2.258473152,2.262094116,0.407741897,-0.40940862,1.852857105,-1.850559646
0.0615,-2.127690191,2.131219729,0.363089369,-0.364782002,1.766699783,-1.764338767
0.06155,-2.006832077,2.010275227,0.322360808,-0.324075764,1.686546047,-1.684124686
0.0616,-1.894491165,1.897852582,0.282082838,-0.283816835,1.6144614,-1.611982674
0.06165,-1.790558944,1.793842911,0.242462217,-0.244212241,1.550130372,-1.547597025
0.0617,-1.69582719,1.699037624,0.20590407,-0.207667365,1.491939421,-1.489353958
0.06175,-1.610987493,1.614127948,0.174304903,-0.176078973,1.438683435,-1.43604813
0.0618,-1.535960729,1.539034403,0.147532015,-0.149314611,1.390415806,-1.3877327
0.06185,-1.469975992,1.472985737,0.123855039,-0.125644126,1.348095834,-1.34536673
0.0619,-1.412141605,1.415089941,0.101423887,-0.103217608,1.312681798,-1.309908254
0.06195,-1.361957544,1.36484667,0.079409104,-0.081205739,1.284503024,-1.281686346
0.062,-1.319409107,1.322240911,0.058085685,-0.059883627,1.263269732,-1.260410973
0.06205,-1.284680938,1.287457005,0.038109222,-0.039906966,1.248510897,-1.245610857
0.0621,-1.257793762,1.260515385,0.019728734,-0.021524855,1.239998165,-1.237057392
0.06215,-1.238443285,1.241111471,0.002506889,-0.004300026,1.237864525,-1.234883315
0.0622,-1.226105927,1.228721412,-0.014416038,0.012594636,1.242429303,-1.239407695
0.06225,-1.220275304,1.222838563,-0.031756921,0.02994122,1.253937109,-1.250874889
0.0623,-1.220618415,1.223129675,-0.049906486,0.048097819,1.272427851,-1.269324544
0.06235,-1.226985229,1.229444478,-0.06887859,0.067078327,1.297765873,-1.294620751
0.0624,-1.239276994,1.241683991,-0.088602548,0.086812115,1.329781784,-1.326593864
0.06245,-1.257308208,1.259662497,-0.109176193,0.107397085,1.368387969,-1.365156014
0.0625,-1.280759755,1.283060673,-0.130931665,0.129165468,1.41359752,-1.410320042
0.06255,-1.309236184,1.311482872,-0.154315298,0.152563707,1.4654614,-1.462136661
0.0626,-1.342364379,1.344555795,-0.179710783,0.177975622,1.523990281,-1.520616297
0.06265,-1.379855109,1.38199004,-0.207342593,0.205625832,1.589119518,-1.585694057
0.0627,-1.421491681,1.42356875,-0.237308043,0.235611814,1.660729849,-1.657250439
0.06275,-1.467069238,1.469086922,-0.269684898,0.26801151,1.738694319,-1.735158249
0.0628,-1.516339051,1.518295683,-0.304620291,0.30297224,1.82291147,-1.819315795
0.06285,-1.568997853,1.570891638,-0.342341142,0.340721129,1.913305109,-1.909646653
0.0629,-1.624721657,1.626550683,-0.383095966,0.381506906,2.009799926,-2.006075286
0.06295,-1.683210632,1.684972878,-0.427085736,0.425530775,2.112297233,-2.108502787
0.063,-1.74420942,1.745902769,-0.474437475,0.472919996,2.220668876,-2.216800783
0.06305,-1.807492266,1.809114512,-0.525231329,0.523754964,2.334769431,-2.33082364
0.0631,-1.872831228,1.874380091,-0.579549285,0.578117925,2.454453138,-2.45042539
0.06315,-1.93997584,1.941448969,-0.637503389,0.63612119,2.579581776,-2.575467612
0.0632,-2.008658735,2.010053724,-0.699225479,0.69789687,2.71002002,-2.705814789
0.06325,-2.078618441,2.079932833,-0.764834402,0.763564093,2.845625455,-2.841324315
0.0633,-2.149617851,2.150849152,-0.834411898,0.833204886,2.986242929,-2.981840857
0.06335,-2.22144385,2.222589533,-0.908005548,0.90686712,3.131707128,-3.127198924
0.0634,-2.236113577,2.237171449,-0.959816333,0.958751567,3.191603358,-3.18703702
0.06345,-2.165941492,2.166913394,-0.979092828,0.978103717,3.147315503,-3.142759251
0.0635,-2.107219851,2.108108335,-0.995009141,0.994096733,3.104434436,-3.099888249
0.06355,-2.056856778,2.057664164,-1.007854895,1.007020269,3.066910549,-3.062374404
0.0636,-1.964505012,1.965201371,-1.006881443,1.006125977,2.980170665,-2.975644541
0.06365,-1.84547024,1.846020713,-0.971456956,0.970778991,2.819054279,-2.814538153
0.0637,-1.716947488,1.717362339,-0.956018446,0.955416319,2.675125487,-2.670619336
0.06375,-1.587952155,1.588240972,-0.954550372,0.954022658,2.544631181,-2.540134984
0.0638,-1.471907838,1.472079443,-0.95068624,0.95023165,2.424695718,-2.420209452
0.06385,-1.376340275,1.376402633,-0.935888138,0.935505404,2.314306403,-2.309830047
0.0639,-1.298113692,1.298073919,-0.914182934,0.913870809,2.214353911,-2.209887443
0.06395,-1.228512279,1.228376731,-0.895542112,0.895299474,2.126093599,-2.121636996
0.064,-1.161230181,1.161004575,-0.886681693,0.886507661,2.049935434,-2.045488676
0.06405,-1.09624035,1.095929826,-0.887166058,0.887060052,1.985416611,-1.980979675
0.0641,-1.037772219,1.037381354,-0.892104213,0.892065947,1.931875435,-1.927448299
0.06415,-0.989614405,0.989147197,-0.897375745,0.8974052,1.888979952,-1.884562595
0.0642,-0.952025284,0.951485165,-0.902732356,0.902829777,1.856740091,-1.852332491
0.06425,-0.922105624,0.921495506,-0.911122521,0.911288453,1.835204985,-1.83080712
0.0643,-0.896415188,0.895737525,-0.92584829,0.926083631,1.824236392,-1.819848242
0.06435,-0.873309726,0.872566577,-0.948258971,0.948565015,1.823539373,-1.819160916
0.0644,-0.853357505,0.852550571,-0.977503914,0.977882371,1.832831574,-1.828462787
0.06445,-0.838023748,0.837154391,-1.011943772,1.012396771,1.851938909,-1.847579773
0.0645,-0.828023174,0.827092441,-1.050739823,1.051269913,1.88073743,-1.876387922
0.06455,-0.822630553,0.821639201,-1.094420607,1.095030769,1.919030516,-1.914690615
0.0646,-0.820225083,0.819173626,-1.144285342,1.144979011,1.966496689,-1.962166374
0.06465,-0.819376914,0.818265667,-1.201382383,1.202163473,2.022754593,-2.018433844
0.0647,-0.819546101,0.81837522,-1.265920422,1.266793341,2.087473145,-2.08316194
0.06475,-0.820960183,0.819729696,-1.337438264,1.338407923,2.160418874,-2.156117192
0.0648,-0.823944149,0.82265398,-1.41542025,1.416492063,2.241401312,-2.237109131
0.06485,-0.828330739,0.826980735,-1.499787823,1.50096771,2.330174854,-2.325892154
0.0649,-0.833388068,0.831978029,-1.590923358,1.592217755,2.426390225,-2.422116986
0.06495,-0.838215217,0.83674493,-1.689316354,1.690732214,2.529636258,-2.525372457
0.065,-0.84220036,0.840669632,-1.795193503,1.796738308,2.639528092,-2.63527371
0.06505,-0.845162881,0.843571567,-1.908428836,1.910110599,2.755759434,-2.751514449
0.0651,-0.847124975,0.845472999,-2.028745098,2.030572354,2.878075517,-2.873839909
0.06515,-0.84797179,0.84625917,-2.15597978,2.15796159,3.006199291,-3.001973039
0.0652,-0.833891222,0.832117839,-2.237858797,2.239966976,3.080632149,-3.076415234
0.06525,-0.786523319,0.784691836,-2.280001305,2.28219044,3.068795589,-3.064587989
0.0653,-0.757306104,0.755419075,-2.309111325,2.311382339,3.068764262,-3.064565956
0.06535,-0.742643627,0.740703331,-2.332787299,2.335141187,3.077787815,-3.073598783
0.0654,-0.706438572,0.704447603,-2.301883054,2.304320577,3.004059095,-2.999929309
0.06545,-0.639250899,0.637214138,-2.189944548,2.192462323,2.831508163,-2.827498213
0.0655,-0.563428908,0.56135177,-2.095571311,2.09816524,2.661206969,-2.65731003
0.06555,-0.489012576,0.486900141,-2.008792022,2.011458249,2.499976671,-2.49618631
0.0656,-0.427816592,0.425673503,-1.921729121,1.924463988,2.351686502,-2.347996703
0.06565,-0.381537022,0.379367431,-1.833484387,1.836284412,2.217134042,-2.21353921
0.0657,-0.343106468,0.340914086,-1.748788114,1.751650007,2.093981861,-2.090476814
0.06575,-0.304671077,0.302459282,-1.672563681,1.675484374,1.979299235,-1.97587918
0.0658,-0.263761825,0.261533741,-1.606112602,1.609089273,1.871918463,-1.868578978
0.06585,-0.223394572,0.221153088,-1.54734551,1.550375581,1.772765862,-1.76950289
0.0659,-0.187915293,0.185663046,-1.493524195,1.496605323,1.683449008,-1.68025885
0.06595,-0.159071367,0.156810733,-1.443607997,1.446738069,1.604674423,-1.601553742
0.066,-0.13519488,0.132927989,-1.398581121,1.401758254,1.535758216,-1.532704028
0.06605,-0.113162595,0.110891386,-1.360175718,1.363398271,1.475309155,-1.472318814
0.0661,-0.090860466,0.088586729,-1.329443756,1.332710338,1.422265053,-1.419336236
0.06615,-0.068209628,0.065935044,-1.306260372,1.309569848,1.376422098,-1.373552794
0.0662,-0.046434801,0.04416095,-1.289817682,1.293169171,1.338197051,-1.335385553
0.06625,-0.026607041,0.024335418,-1.279445466,1.282838339,1.307990684,-1.30523558
0.0663,-0.008704121,0.006436145,-1.275077427,1.278511305,1.285714416,-1.283014582
0.06635,0.008318539,-0.010554434,-1.277151902,1.28062666,1.270773471,-1.268128062
0.0664,0.025641048,-0.027870635,-1.286149833,1.289665599,1.262447625,-1.259856059
0.06645,0.044020691,-0.046242608,-1.302292626,1.305849788,1.260208585,-1.257670531
0.0665,0.063499834,-0.065712686,-1.325446709,1.32904591,1.263882365,-1.261397734
0.06655,0.083770059,-0.085972399,-1.355324271,1.35896641,1.273489644,-1.271058578
0.0666,0.10466408,-0.1068544,-1.391717921,1.395404149,1.288990365,-1.286613224
0.06665,0.126417872,-0.128594581,-1.434605803,1.438337523,1.310126758,-1.307804115
0.0667,0.149576829,-0.151738234,-1.484090427,1.487869291,1.336456014,-1.33418864
0.06675,0.174700203,-0.176844491,-1.540260944,1.544088851,1.367508123,-1.365296977
0.0668,0.202121331,-0.204246547,-1.603096667,1.606975764,1.402929169,-1.400775383
0.06685,0.231919938,-0.234023969,-1.67246827,1.676400946,1.442510218,-1.440415091
0.0669,0.264075876,-0.26615644,-1.748209197,1.752198078,1.486104988,-1.484069971
0.06695,0.298651419,-0.300706047,-1.830187643,1.834235592,1.533519541,-1.531546228
0.067,0.335863277,-0.337889306,-1.918327582,1.922437695,1.584461287,-1.582551407
0.06705,0.376016329,-0.378010885,-2.012577424,2.01675302,1.638573915,-1.636729316
0.0671,0.419378591,-0.421338576,-2.112863275,2.117107898,1.695515681,-1.693738325
0.06715,0.466103735,-0.468025815,-2.219065657,2.22338307,1.755013615,-1.753305562
0.0672,0.516249645,-0.518130243,-2.331031296,2.335425472,1.816856739,-1.815220141
0.06725,0.569858523,-0.571693805,-2.448602313,2.453077435,1.880845166,-1.879282254
0.0673,0.627023339,-0.628809212,-2.571636284,2.576196736,1.946743696,-1.945256773
0.06735,0.687890911,-0.68962301,-2.700004204,2.704654565,2.014276709,-2.012868139
0.0674,0.752611947,-0.754285632,-2.833573922,2.838318961,2.083161553,-2.081833751
0.06745,0.821289533,-0.82289988,-2.972196402,2.977041073,2.153146319,-2.151901743
0.0675,0.89396932,-0.895511117,-3.115705697,3.120655132,2.224019625,-2.222860767
0.06755,0.945122486,-0.946590727,-3.173861192,3.178867534,2.23764952,-2.236578541
0.0676,0.964162852,-0.965555582,-3.128126537,3.133121821,2.166245791,-2.16526081
0.06765,0.97966923,-0.98098543,-3.083762796,3.088747045,2.106434067,-2.10553249
0.0677,0.992005968,-0.993244596,-3.044746267,3.049719506,2.055073446,-2.054252916
0.06775,0.990603514,-0.991763229,-2.956365653,2.961327907,1.961467531,-1.960757883
0.0678,0.954916062,-0.955998554,-2.793335762,2.798287054,1.840703371,-1.840139296
0.06785,0.939200582,-0.940207546,-2.647571549,2.652511905,1.710551985,-1.71012311
0.0679,0.937295834,-0.938228732,-2.515273132,2.520202575,1.58012725,-1.579823883
0.06795,0.932771615,-0.933631782,-2.393507012,2.398425566,1.462857977,-1.462671204
0.068,0.917178364,-0.91796712,-2.281249979,2.286157668,1.366170198,-1.366091964
0.06805,0.894679608,-0.895398257,-2.179425152,2.184322002,1.286823089,-1.2868462
0.0681,0.875295786,-0.875945514,-2.089325197,2.09421123,1.216088552,-1.216206575
0.06815,0.865676092,-0.866257845,-2.011374878,2.016250118,1.147741953,-1.147949105
0.0682,0.865285172,-0.865799602,-1.945103432,1.949967904,1.081847742,-1.082138819
0.06825,0.869193644,-0.869641114,-1.889834257,1.894687984,1.022658555,-1.023028929
0.0683,0.873324972,-0.873705584,-1.845228154,1.85007116,0.973911566,-0.974357192
0.06835,0.877504694,-0.877818289,-1.81129979,1.816132099,0.935795749,-0.936313156
0.0684,0.884721458,-0.884967581,-1.788110404,1.792932039,0.905383579,-0.905969824
0.06845,0.898263903,-0.898441751,-1.775533804,1.780344789,0.879260168,-0.879912772
0.0685,0.919442572,-0.919550947,-1.77328178,1.778082138,0.855826757,-0.856543641
0.06855,0.947383298,-0.947420591,-1.781072309,1.785862064,0.835675515,-0.836454968
0.0686,0.980455705,-0.98041989,-1.798728089,1.803507265,0.820259552,-0.821100207
0.06865,1.017849319,-1.017737954,-1.82612297,1.830891589,0.810263237,-0.81116405
0.0687,1.060115783,-1.059925995,-1.863062346,1.867820432,0.804940389,-0.805900611
0.06875,1.108559394,-1.108287858,-1.909230694,1.91397827,0.80267129,-0.803690422
0.0688,1.164221177,-1.16386409,-1.964253286,1.968990375,0.802040322,-0.803118072
0.06885,1.227304039,-1.226857106,-2.027802748,2.032529374,0.802517369,-0.803653607
0.0689,1.297350709,-1.296809134,-2.099645382,2.104361568,0.804326187,-0.80552092
0.06895,1.373856347,-1.37321483,-2.179588718,2.184294486,0.807779344,-0.809032685
0.069,1.456752087,-1.456004821,-2.2673866,2.272081974,0.812699758,-0.814011906
0.06905,1.54642444,-1.545565107,-2.36269202,2.367377023,0.818354146,-0.81972535
0.0691,1.643363775,-1.642385534,-2.465097369,2.469772023,0.823844777,-0.825275305
0.06915,1.747799351,-1.746694833,-2.574219891,2.578884219,0.828559911,-0.830050016
0.0692,1.859611264,-1.858372571,-2.689752694,2.694406719,0.832312843,-0.833862734
0.06925,1.978529111,-1.977147816,-2.811439039,2.816082783,0.835117538,-0.836727357
0.0693,2.104394488,-2.102861643,-2.939000896,2.943634383,0.836854672,-0.838524476
0.06935,2.185182308,-2.183525309,-3.01305888,3.017682132,0.823545433,-0.825275412
0.0694,2.226733803,-2.224996934,-3.001075024,3.005688063,0.776634066,-0.778421607
0.06945,2.25524184,-2.253424205,-3.000857256,3.005460105,0.747848673,-0.749691266
0.0695,2.278245632,-2.276346261,-3.009699752,3.014292434,0.733696864,-0.735592275
0.06955,2.24667083,-2.244688988,-2.935786973,2.940320567,0.697951722,-0.699897404
0.0696,2.134159842,-2.132098931,-2.762971687,2.767386984,0.63098717,-0.63297826
0.06965,2.039208459,-2.037072598,-2.592476844,2.596780682,0.5554728,-0.557503899
0.0697,1.951930128,-1.949723192,-2.431036311,2.435235132,0.481276042,-0.483342089
0.06975,1.864434917,-1.862160584,-2.282472929,2.286572759,0.420176907,-0.42227328
0.0698,1.775712396,-1.773374171,-2.14763258,2.151639023,0.374031233,-0.376153803
0.06985,1.69039456,-1.687995754,-2.024265138,2.028183384,0.335956561,-0.338101647
0.0699,1.613419044,-1.610962747,-1.909474965,1.913309813,0.298119366,-0.300283621
0.06995,1.546197629,-1.543686688,-1.802046868,1.805802745,0.257892478,-0.260072818
0.07,1.486743455,-1.484180474,-1.702829985,1.706510952,0.218111716,-0.220305293
0.07005,1.432327886,-1.42971523,-1.613400506,1.617010264,0.183081718,-0.185285936
0.0701,1.38183252,-1.379172328,-1.534505045,1.538046931,0.154667299,-0.156879829
0.07015,1.336154263,-1.333448441,-1.465530914,1.469007914,0.131358684,-0.133577441
0.0702,1.297001763,-1.294251978,-1.40512659,1.40854135,0.11009555,-0.112318649
0.07025,1.265477323,-1.262684992,-1.352209268,1.355564106,0.088692677,-0.090918383
0.0703,1.2415306,-1.238696883,-1.306518689,1.309815611,0.066940061,-0.069166755
0.07035,1.22439316,-1.221518963,-1.268429865,1.271670574,0.045981078,-0.048207238
0.0704,1.213377662,-1.210463639,-1.238348678,1.241534578,0.02690888,-0.029133076
0.07045,1.208369301,-1.205415856,-1.216229333,1.219361539,0.009792419,-0.012013296
0.0705,1.209762227,-1.206769508,-1.201528251,1.204607599,-0.006305221,0.004097987
0.07055,1.21806464,-1.215032543,-1.193510117,1.196537178,-0.022625676,0.020424323
0.0706,1.233508177,-1.230436338,-1.191644013,1.194619103,-0.039937789,0.037743607
0.07065,1.255996282,-1.25288408,-1.195717837,1.198641031,-0.058353592,0.056167902
0.0707,1.285255956,-1.282102515,-1.205731978,1.208603119,-0.077599601,0.075423773
0.07075,1.321070137,-1.317874326,-1.22165426,1.224472968,-0.097490884,0.09532635
0.0708,1.363396345,-1.360156782,-1.243253114,1.246018798,-0.118216471,0.116064744
0.07085,1.412324293,-1.409039345,-1.27010768,1.272819549,-0.140286858,0.138149551
0.0709,1.467947361,-1.464615148,-1.301749255,1.304406328,-0.164264041,0.162142886
0.07095,1.530260859,-1.526879252,-1.337806044,1.340407164,-0.190515016,0.188411886
0.071,1.599150267,-1.595716895,-1.378047936,1.380591781,-0.21915526,0.217072185
0.07105,1.674453121,-1.670965371,-1.422320402,1.424805494,-0.250176707,0.248115888
0.0711,1.756031301,-1.752486325,-1.470438212,1.472862929,-0.283626331,0.281590153
0.07115,1.843800033,-1.840194749,-1.522124667,1.524487253,-0.319695909,0.317686953
0.0712,1.937704653,-1.934035753,-1.577032326,1.579330901,-0.358678061,0.356699117
0.07125,2.037675919,-2.03393987,-1.634814417,1.63704699,-0.40085015,0.398904233
0.0713,2.143602328,-2.139795378,-1.695184081,1.697348558,-0.446387353,0.444477714
0.07135,2.255335718,-2.251453899,-1.757919075,1.760013272,-0.495363567,0.493493702
0.0714,2.372717717,-2.368756856,-1.822818698,1.82484035,-0.547820933,0.545994593
0.07145,2.495602002,-2.49155772,-1.88965552,1.891602288,-0.603840358,0.602061556
0.0715,2.623856664,-2.619724385,-1.958161405,1.96003089,-0.663557866,0.661830887
0.07155,2.757350227,-2.753125186,-2.028053346,2.029843096,-0.727124783,0.725454188
0.0716,2.895936889,-2.891614132,-2.099071371,2.100778889,-0.794655063,0.793045698
0.07165,3.039453431,-3.035027829,-2.170995171,2.172617929,-0.866205579,0.864662581
0.0717,3.097687796,-3.093205869,-2.18558924,2.187125037,-0.916431818,0.914960118
0.07175,3.052133319,-3.047661293,-2.114944307,2.116394993,-0.934915238,0.933516751
0.0718,3.007951077,-3.003488929,-2.055867331,2.057235471,-0.949886436,0.948562144
0.07185,2.969101726,-2.964649435,-2.005292695,2.006580619,-0.961619045,0.960369955
0.0719,2.936642701,-2.932200245,-1.959118813,1.960328645,-0.975339726,0.974166906
0.07195,2.855735148,-2.851302505,-1.868861297,1.8699645,-0.978102789,0.977007664
0.072,2.7005811,-2.696158249,-1.753420587,1.754384054,-0.945044123,0.944025053
0.07205,2.561933093,-2.557520011,-1.630762645,1.631596213,-0.929019344,0.92807467
0.0721,2.436395199,-2.431991865,-1.508933231,1.509646052,-0.925339744,0.924468027
0.07215,2.321585444,-2.317191836,-1.399327724,1.399928192,-0.920160709,0.919360654
0.0722,2.216648118,-2.212264215,-1.308457884,1.308953565,-0.906115261,0.905385622
0.07225,2.122288327,-2.117914107,-1.233777294,1.234174932,-0.886455312,0.885794895
0.0723,2.039517219,-2.035152662,-1.167822403,1.168128005,-0.86965586,0.869063614
0.07235,1.968660029,-1.964305113,-1.104973719,1.105192658,-0.861661823,0.861136942
0.0724,1.909324604,-1.904979307,-1.044903703,1.045040786,-0.862408721,0.8619507
0.07245,1.860947742,-1.856612043,-0.991054644,0.991114122,-0.86789119,0.867499828
0.0725,1.823229132,-1.81890301,-0.946700259,0.94668583,-0.874535338,0.874210715
0.07255,1.796143521,-1.791826955,-0.912196982,0.912111796,-0.881959609,0.881702089
0.0726,1.779692803,-1.775385771,-0.885124725,0.884971433,-0.892586077,0.892396339
0.07265,1.773719466,-1.769421948,-0.862432998,0.862213807,-0.909307764,0.909186846
0.0727,1.77793367,-1.773645644,-0.842495695,0.84221243,-0.933460923,0.933410267
0.07275,1.792057695,-1.787779141,-0.825603228,0.82525737,-0.964477385,0.964498853
0.0728,1.815908842,-1.811639739,-0.812932582,0.812525289,-1.000997413,1.001093296
0.07285,1.849349294,-1.845089621,-0.805125032,0.804657164,-1.042241849,1.04241487
0.0729,1.892176919,-1.887926654,-0.801604106,0.801076254,-1.088584944,1.088838268
0.07295,1.944075213,-1.939834336,-0.800955698,0.800368225,-1.141124186,1.141461439
0.073,2.004667449,-2.000435939,-0.80184404,0.801197121,-1.200818469,1.201243759
0.07305,2.073615893,-2.06939373,-0.80366582,0.802959489,-1.267933189,1.268451125
0.0731,2.150670193,-2.146457357,-0.80651499,0.805749164,-1.342123849,1.342739547
0.07315,2.235624605,-2.231421074,-0.810635542,0.809810051,-1.422940501,1.423659585
0.0732,2.328230444,-2.324036198,-0.815886948,0.815001561,-1.510274763,1.511103369
0.07325,2.428146706,-2.423961725,-0.82163037,0.820684823,-1.604424228,1.605369009
0.0733,2.534970858,-2.530795121,-0.827039174,0.826033201,-1.705812736,1.706880868
0.07335,2.648316683,-2.64415017,-0.831505309,0.830438678,-1.814661838,1.815861028
0.0734,2.767866369,-2.763709059,-0.834798124,0.833670663,-1.93088408,1.932222561
0.07345,2.893352965,-2.889204839,-0.836893789,0.835705407,-2.054236036,2.055722572
0.0735,2.965673127,-2.961534164,-0.82391083,0.822661294,-2.132907386,2.134515231
0.07355,2.952409787,-2.948279967,-0.777156361,0.775848275,-2.173011284,2.174697156
0.0736,2.950883915,-2.946763218,-0.748566093,0.747201956,-2.200001481,2.201766225
0.07365,2.958435665,-2.95432407,-0.734724095,0.733306125,-2.221386914,2.223231447
0.0737,2.970670639,-2.966568126,-0.719716761,0.718247017,-2.248619237,2.250544605
0.07375,2.897245584,-2.89320039,-0.673773915,0.672254925,-2.227755736,2.229762801
0.0738,2.725975203,-2.722045672,-0.600565417,0.599002001,-2.123116751,2.125202237
0.07385,2.559857062,-2.556036517,-0.528292844,0.526690281,-2.029375399,2.031535285
0.0739,2.404753399,-2.401035571,-0.463172315,0.461535467,-1.939425359,1.941655838
0.07395,2.262094117,-2.258473153,-0.409408621,0.407741897,-1.850559647,1.852857106
0.074,2.13121973,-2.127690192,-0.364782003,0.363089369,-1.764338767,1.766699783
0.07405,2.010275228,-2.006832078,-0.324075764,0.322360808,-1.684124686,1.686546048
0.0741,1.897852583,-1.894491165,-0.283816835,0.282082838,-1.611982674,1.6144614
0.07415,1.793842912,-1.790558945,-0.244212241,0.242462217,-1.547597025,1.550130373
0.0742,1.699037625,-1.695827191,-0.207667365,0.20590407,-1.489353959,1.491939422
0.07425,1.614127949,-1.610987494,-0.176078973,0.174304903,-1.436048131,1.438683436
0.0743,1.539034403,-1.53596073,-0.149314611,0.147532015,-1.387732701,1.390415806
0.07435,1.472985738,-1.469975992,-0.125644127,0.123855039,-1.345366731,1.348095834
0.0744,1.415089942,-1.412141605,-0.103217608,0.101423887,-1.309908255,1.312681798
0.07445,1.364846671,-1.361957544,-0.081205739,0.079409104,-1.281686347,1.284503025
0.0745,1.322240912,-1.319409108,-0.059883627,0.058085685,-1.260410974,1.263269733
0.07455,1.287457005,-1.284680938,-0.039906966,0.038109222,-1.245610857,1.248510897
0.0746,1.260515385,-1.257793763,-0.021524855,0.019728734,-1.237057393,1.239998166
0.07465,1.241111471,-1.238443285,-0.004300026,0.002506889,-1.234883316,1.237864526
0.0747,1.228721413,-1.226105928,0.012594636,-0.014416038,-1.239407696,1.242429303
0.07475,1.222838563,-1.220275304,0.02994122,-0.031756922,-1.250874889,1.25393711
0.0748,1.223129675,-1.220618416,0.048097819,-0.049906486,-1.269324545,1.272427851
0.07485,1.229444478,-1.22698523,0.067078327,-0.06887859,-1.294620752,1.297765873
0.0749,1.241683992,-1.239276994,0.086812115,-0.088602548,-1.326593865,1.329781785
0.07495,1.259662498,-1.257308208,0.107397085,-0.109176193,-1.365156014,1.368387969
0.075,1.283060673,-1.280759755,0.129165468,-0.130931665,-1.410320042,1.41359752
0.07505,1.311482872,-1.309236184,0.152563707,-0.154315298,-1.462136662,1.4654614
0.0751,1.344555796,-1.342364379,0.177975622,-0.179710783,-1.520616297,1.523990282
0.07515,1.38199004,-1.37985511,0.205625832,-0.207342593,-1.585694057,1.589119518
0.0752,1.423568751,-1.421491681,0.235611814,-0.237308043,-1.657250439,1.660729849
0.07525,1.469086922,-1.467069239,0.26801151,-0.269684899,-1.73515825,1.73869432
0.0753,1.518295683,-1.516339052,0.30297224,-0.304620291,-1.819315795,1.822911471
0.07535,1.570891638,-1.568997853,0.340721129,-0.342341142,-1.909646653,1.91330511
0.0754,1.626550683,-1.624721657,0.381506907,-0.383095966,-2.006075287,2.009799926
0.07545,1.684972878,-1.683210632,0.425530775,-0.427085736,-2.108502788,2.112297234
0.0755,1.745902769,-1.74420942,0.472919996,-0.474437476,-2.216800784,2.220668877
0.07555,1.809114513,-1.807492266,0.523754964,-0.525231329,-2.33082364,2.334769432
0.0756,1.874380091,-1.872831228,0.578117925,-0.579549285,-2.45042539,2.454453139
0.07565,1.94144897,-1.939975841,0.63612119,-0.637503389,-2.575467613,2.579581776
0.0757,2.010053724,-2.008658736,0.697896871,-0.699225479,-2.705814789,2.710020021
0.07575,2.079932834,-2.078618442,0.763564094,-0.764834402,-2.841324315,2.845625455
0.0758,2.150849152,-2.149617851,0.833204886,-0.834411898,-2.981840857,2.98624293
0.07585,2.222589534,-2.22144385,0.90686712,-0.908005549,-3.127198924,3.131707128
0.0759,2.23717145,-2.236113577,0.958751567,-0.959816333,-3.18703702,3.191603359
0.07595,2.166913394,-2.165941492,0.978103717,-0.979092828,-3.142759251,3.147315503
0.076,2.108108335,-2.107219852,0.994096733,-0.995009141,-3.099888249,3.104434436
0.07605,2.057664164,-2.056856778,1.007020269,-1.007854895,-3.062374404,3.066910549
0.0761,1.965201371,-1.964505012,1.006125978,-1.006881443,-2.975644541,2.980170666
0.07615,1.846020713,-1.84547024,0.970778992,-0.971456956,-2.814538153,2.81905428
0.0762,1.717362339,-1.716947488,0.955416319,-0.956018446,-2.670619336,2.675125487
0.07625,1.588240972,-1.587952155,0.954022659,-0.954550372,-2.540134984,2.544631182
0.0763,1.472079443,-1.471907838,0.95023165,-0.95068624,-2.420209453,2.424695719
0.07635,1.376402634,-1.376340275,0.935505404,-0.935888138,-2.309830048,2.314306404
0.0764,1.298073919,-1.298113692,0.913870809,-0.914182934,-2.209887443,2.214353912
0.07645,1.228376731,-1.228512279,0.895299474,-0.895542112,-2.121636997,2.126093599
0.0765,1.161004575,-1.161230181,0.886507662,-0.886681693,-2.045488676,2.049935435
0.07655,1.095929826,-1.09624035,0.887060052,-0.887166058,-1.980979675,1.985416612
0.0766,1.037381354,-1.037772219,0.892065947,-0.892104213,-1.927448299,1.931875435
0.07665,0.989147197,-0.989614405,0.8974052,-0.897375746,-1.884562595,1.888979953
0.0767,0.951485166,-0.952025284,0.902829777,-0.902732356,-1.852332492,1.856740091
0.07675,0.921495506,-0.922105624,0.911288454,-0.911122522,-1.830807121,1.835204985
0.0768,0.895737525,-0.896415188,0.926083631,-0.92584829,-1.819848242,1.824236392
0.07685,0.872566577,-0.873309726,0.948565015,-0.948258971,-1.819160916,1.823539374
0.0769,0.852550571,-0.853357505,0.977882372,-0.977503914,-1.828462788,1.832831574
0.07695,0.837154391,-0.838023748,1.012396771,-1.011943772,-1.847579774,1.85193891
0.077,0.827092441,-0.828023175,1.051269913,-1.050739823,-1.876387922,1.88073743
0.07705,0.821639202,-0.822630553,1.095030769,-1.094420608,-1.914690616,1.919030516
0.0771,0.819173626,-0.820225083,1.144979012,-1.144285343,-1.962166375,1.966496689
0.07715,0.818265667,-0.819376914,1.202163473,-1.201382383,-2.018433844,2.022754593
0.0772,0.81837522,-0.819546101,1.266793341,-1.265920422,-2.08316194,2.087473145
0.07725,0.819729696,-0.820960183,1.338407923,-1.337438264,-2.156117192,2.160418874
0.0773,0.82265398,-0.823944149,1.416492063,-1.415420251,-2.237109131,2.241401312
0.07735,0.826980735,-0.828330739,1.500967711,-1.499787823,-2.325892154,2.330174854
0.0774,0.831978029,-0.833388068,1.592217755,-1.590923359,-2.422116986,2.426390226
0.07745,0.83674493,-0.838215217,1.690732214,-1.689316354,-2.525372457,2.529636258
0.0775,0.840669632,-0.84220036,1.796738308,-1.795193503,-2.63527371,2.639528093
0.07755,0.843571567,-0.845162881,1.910110599,-1.908428837,-2.751514449,2.755759434
0.0776,0.845472999,-0.847124975,2.030572354,-2.028745098,-2.873839909,2.878075517
0.07765,0.84625917,-0.84797179,2.15796159,-2.15597978,-3.001973039,3.006199291
0.0777,0.832117839,-0.833891222,2.239966976,-2.237858798,-3.076415234,3.08063215
0.07775,0.784691836,-0.786523319,2.28219044,-2.280001305,-3.064587989,3.06879559
0.0778,0.755419075,-0.757306104,2.311382339,-2.309111326,-3.064565957,3.068764263
0.07785,0.740703332,-0.742643627,2.335141187,-2.332787299,-3.073598783,3.077787815
0.0779,0.704447603,-0.706438573,2.304320577,-2.301883055,-2.999929309,3.004059095
0.07795,0.637214138,-0.639250899,2.192462324,-2.189944548,-2.827498214,2.831508163
0.078,0.56135177,-0.563428908,2.09816524,-2.095571311,-2.65731003,2.661206969
0.07805,0.486900141,-0.489012576,2.011458249,-2.008792023,-2.49618631,2.499976671
0.0781,0.425673503,-0.427816592,1.924463988,-1.921729121,-2.347996703,2.351686502
0.07815,0.379367431,-0.381537022,1.836284412,-1.833484387,-2.213539211,2.217134042
0.0782,0.340914086,-0.343106468,1.751650007,-1.748788114,-2.090476814,2.093981861
0.07825,0.302459283,-0.304671077,1.675484374,-1.672563681,-1.97587918,1.979299235
0.0783,0.261533741,-0.263761825,1.609089273,-1.606112602,-1.868578979,1.871918463
0.07835,0.221153088,-0.223394572,1.550375581,-1.547345511,-1.76950289,1.772765863
0.0784,0.185663047,-0.187915293,1.496605324,-1.493524195,-1.68025885,1.683449008
0.07845,0.156810733,-0.159071367,1.446738069,-1.443607997,-1.601553743,1.604674423
0.0785,0.132927989,-0.13519488,1.401758254,-1.398581121,-1.532704028,1.535758216
0.07855,0.110891386,-0.113162595,1.363398271,-1.360175718,-1.472318814,1.475309155
0.0786,0.088586729,-0.090860466,1.332710338,-1.329443756,-1.419336236,1.422265053
0.07865,0.065935044,-0.068209628,1.309569848,-1.306260372,-1.373552794,1.376422098
0.0787,0.04416095,-0.046434801,1.293169171,-1.289817682,-1.335385553,1.338197051
0.07875,0.024335418,-0.026607041,1.282838339,-1.279445466,-1.30523558,1.307990684
0.0788,0.006436145,-0.008704121,1.278511305,-1.275077427,-1.283014582,1.285714416
0.07885,-0.010554434,0.008318539,1.28062666,-1.277151902,-1.268128062,1.270773471
0.0789,-0.027870635,0.025641048,1.289665599,-1.286149833,-1.259856059,1.262447625
0.07895,-0.046242608,0.044020691,1.305849788,-1.302292626,-1.257670531,1.260208585
0.079,-0.065712686,0.063499834,1.32904591,-1.325446709,-1.261397734,1.263882365
0.07905,-0.085972399,0.083770059,1.35896641,-1.355324271,-1.271058578,1.273489644
0.0791,-0.1068544,0.10466408,1.395404149,-1.391717921,-1.286613224,1.288990365
0.07915,-0.128594581,0.126417872,1.438337523,-1.434605803,-1.307804115,1.310126758
0.0792,-0.151738234,0.149576829,1.487869291,-1.484090427,-1.33418864,1.336456014
0.07925,-0.176844491,0.174700203,1.544088851,-1.540260944,-1.365296977,1.367508123
0.0793,-0.204246547,0.202121331,1.606975764,-1.603096667,-1.400775383,1.402929169
0.07935,-0.234023969,0.231919938,1.676400945,-1.67246827,-1.44041509,1.442510218
0.0794,-0.26615644,0.264075876,1.752198078,-1.748209197,-1.484069971,1.486104988
0.07945,-0.300706047,0.298651419,1.834235592,-1.830187642,-1.531546228,1.533519541
0.0795,-0.337889306,0.335863277,1.922437695,-1.918327582,-1.582551407,1.584461287
0.07955,-0.378010884,0.376016329,2.01675302,-2.012577424,-1.636729316,1.638573915
0.0796,-0.421338576,0.419378591,2.117107898,-2.112863274,-1.693738324,1.695515681
0.07965,-0.468025815,0.466103734,2.22338307,-2.219065657,-1.753305562,1.755013615
0.0797,-0.518130242,0.516249645,2.335425472,-2.331031295,-1.815220141,1.816856739
0.07975,-0.571693804,0.569858522,2.453077435,-2.448602312,-1.879282254,1.880845166
0.0798,-0.628809212,0.627023339,2.576196736,-2.571636284,-1.945256773,1.946743696
0.07985,-0.68962301,0.687890911,2.704654565,-2.700004204,-2.012868139,2.014276709
0.0799,-0.754285632,0.752611947,2.838318961,-2.833573921,-2.081833751,2.083161553
0.07995,-0.82289988,0.821289533,2.977041073,-2.972196402,-2.151901743,2.153146319
0.08,-0.895511117,0.89396932,3.120655131,-3.115705697,-2.222860767,2.224019625
0.08005,-0.946590727,0.945122485,3.178867533,-3.173861191,-2.236578541,2.23764952
0.0801,-0.965555582,0.964162852,3.13312182,-3.128126537,-2.16526081,2.166245791
0.08015,-0.98098543,0.97966923,3.088747045,-3.083762796,-2.10553249,2.106434066
0.0802,-0.993244596,0.992005968,3.049719506,-3.044746267,-2.054252916,2.055073446
0.08025,-0.991763229,0.990603514,2.961327907,-2.956365653,-1.960757883,1.961467531
0.0803,-0.955998554,0.954916062,2.798287054,-2.793335762,-1.840139296,1.840703371
0.08035,-0.940207546,0.939200582,2.652511904,-2.647571549,-1.710123109,1.710551985
0.0804,-0.938228732,0.937295834,2.520202575,-2.515273132,-1.579823883,1.580127249
0.08045,-0.933631782,0.932771615,2.398425566,-2.393507011,-1.462671203,1.462857977
0.0805,-0.91796712,0.917178364,2.286157668,-2.281249978,-1.366091964,1.366170198
0.08055,-0.895398257,0.894679607,2.184322001,-2.179425152,-1.286846199,1.286823089
0.0806,-0.875945514,0.875295786,2.094211229,-2.089325196,-1.216206574,1.216088551
0.08065,-0.866257845,0.865676092,2.016250118,-2.011374877,-1.147949105,1.147741953
0.0807,-0.865799602,0.865285172,1.949967904,-1.945103432,-1.082138819,1.081847742
0.08075,-0.869641114,0.869193643,1.894687984,-1.889834257,-1.023028929,1.022658554
0.0808,-0.873705584,0.873324971,1.850071159,-1.845228153,-0.974357192,0.973911566
0.08085,-0.877818289,0.877504694,1.816132098,-1.811299789,-0.936313156,0.935795749
0.0809,-0.884967581,0.884721457,1.792932038,-1.788110403,-0.905969824,0.905383578
0.08095,-0.89844175,0.898263902,1.780344788,-1.775533804,-0.879912771,0.879260168
0.081,-0.919550947,0.919442572,1.778082137,-1.773281779,-0.856543641,0.855826757
0.08105,-0.947420591,0.947383298,1.785862063,-1.781072308,-0.836454968,0.835675515
0.0811,-0.98041989,0.980455704,1.803507264,-1.798728089,-0.821100206,0.820259552
0.08115,-1.017737954,1.017849318,1.830891589,-1.82612297,-0.81116405,0.810263237
0.0812,-1.059925995,1.060115782,1.867820431,-1.863062345,-0.80590061,0.804940389
0.08125,-1.108287857,1.108559393,1.913978269,-1.909230693,-0.803690422,0.80267129
0.0813,-1.16386409,1.164221176,1.968990375,-1.964253285,-0.803118072,0.802040322
0.08135,-1.226857106,1.227304038,2.032529373,-2.027802747,-0.803653607,0.802517369
0.0814,-1.296809134,1.297350708,2.104361567,-2.099645382,-0.80552092,0.804326187
0.08145,-1.373214829,1.373856346,2.184294486,-2.179588718,-0.809032685,0.807779343
0.0815,-1.456004821,1.456752087,2.272081973,-2.267386599,-0.814011906,0.812699758
0.08155,-1.545565106,1.546424439,2.367377022,-2.36269202,-0.81972535,0.818354146
0.0816,-1.642385533,1.643363775,2.469772022,-2.465097368,-0.825275305,0.823844777
0.08165,-1.746694832,1.74779935,2.578884219,-2.574219891,-0.830050016,0.828559911
0.0817,-1.858372571,1.859611264,2.694406718,-2.689752693,-0.833862734,0.832312843
0.08175,-1.977147816,1.97852911,2.816082783,-2.811439038,-0.836727357,0.835117537
0.0818,-2.102861642,2.104394487,2.943634382,-2.939000895,-0.838524476,0.836854672
0.08185,-2.183525309,2.185182308,3.017682131,-3.013058879,-0.825275412,0.823545433
0.0819,-2.224996933,2.226733803,3.005688062,-3.001075023,-0.778421607,0.776634066
0.08195,-2.253424204,2.255241839,3.005460104,-3.000857255,-0.749691266,0.747848673
0.082,-2.27634626,2.278245632,3.014292433,-3.009699751,-0.735592274,0.733696864
0.08205,-2.244688987,2.246670829,2.940320567,-2.935786973,-0.699897404,0.697951722
0.0821,-2.132098931,2.134159841,2.767386984,-2.762971686,-0.63297826,0.63098717
0.08215,-2.037072598,2.039208459,2.596780681,-2.592476843,-0.557503899,0.5554728
0.0822,-1.949723192,1.951930128,2.435235131,-2.43103631,-0.483342089,0.481276042
0.08225,-1.862160584,1.864434916,2.286572759,-2.282472928,-0.42227328,0.420176907
0.0823,-1.77337417,1.775712396,2.151639023,-2.147632579,-0.376153803,0.374031233
0.08235,-1.687995753,1.69039456,2.028183384,-2.024265137,-0.338101647,0.335956561
0.0824,-1.610962747,1.613419044,1.913309813,-1.909474964,-0.300283621,0.298119366
0.08245,-1.543686688,1.546197628,1.805802744,-1.802046868,-0.260072818,0.257892478
0.0825,-1.484180473,1.486743454,1.706510952,-1.702829985,-0.220305293,0.218111716
0.08255,-1.42971523,1.432327885,1.617010263,-1.613400506,-0.185285936,0.183081718
0.0826,-1.379172327,1.381832519,1.53804693,-1.534505044,-0.156879829,0.154667299
0.08265,-1.33344844,1.336154262,1.469007914,-1.465530913,-0.133577441,0.131358684
0.0827,-1.294251978,1.297001762,1.408541349,-1.40512659,-0.112318649,0.11009555
0.08275,-1.262684991,1.265477322,1.355564105,-1.352209268,-0.090918383,0.088692677
0.0828,-1.238696883,1.241530599,1.30981561,-1.306518688,-0.069166755,0.066940061
0.08285,-1.221518963,1.224393159,1.271670574,-1.268429865,-0.048207238,0.045981078
0.0829,-1.210463639,1.213377661,1.241534578,-1.238348678,-0.029133076,0.02690888
0.08295,-1.205415855,1.2083693,1.219361538,-1.216229332,-0.012013296,0.009792419
0.083,-1.206769508,1.209762226,1.204607599,-1.20152825,0.004097987,-0.006305221
0.08305,-1.215032542,1.21806464,1.196537177,-1.193510116,0.020424323,-0.022625676
0.0831,-1.230436337,1.233508177,1.194619103,-1.191644013,0.037743607,-0.039937789
0.08315,-1.25288408,1.255996282,1.198641031,-1.195717837,0.056167902,-0.058353592
0.0832,-1.282102514,1.285255955,1.208603118,-1.205731978,0.075423772,-0.077599601
0.08325,-1.317874325,1.321070136,1.224472967,-1.221654259,0.09532635,-0.097490884
0.0833,-1.360156781,1.363396344,1.246018797,-1.243253113,0.116064744,-0.118216471
0.08335,-1.409039344,1.412324292,1.272819548,-1.270107679,0.13814955,-0.140286858
0.0834,-1.464615147,1.46794736,1.304406327,-1.301749254,0.162142885,-0.164264041
0.08345,-1.526879251,1.530260858,1.340407163,-1.337806043,0.188411886,-0.190515016
0.0835,-1.595716894,1.599150266,1.38059178,-1.378047935,0.217072185,-0.21915526
0.08355,-1.67096537,1.67445312,1.424805494,-1.422320402,0.248115888,-0.250176706
0.0836,-1.752486324,1.756031301,1.472862929,-1.470438212,0.281590153,-0.283626331
0.08365,-1.840194749,1.843800033,1.524487252,-1.522124667,0.317686953,-0.319695909
0.0837,-1.934035752,1.937704652,1.5793309,-1.577032325,0.356699117,-0.358678061
0.08375,-2.033939869,2.037675919,1.637046989,-1.634814416,0.398904233,-0.400850149
0.0838,-2.139795377,2.143602327,1.697348557,-1.69518408,0.444477714,-0.446387353
0.08385,-2.251453898,2.255335717,1.760013272,-1.757919074,0.493493702,-0.495363567
0.0839,-2.368756855,2.372717716,1.824840349,-1.822818697,0.545994593,-0.547820933
0.08395,-2.491557719,2.495602002,1.891602288,-1.889655519,0.602061556,-0.603840358
0.084,-2.619724384,2.623856663,1.96003089,-1.958161405,0.661830887,-0.663557866
0.08405,-2.753125185,2.757350226,2.029843095,-2.028053346,0.725454187,-0.727124782
0.0841,-2.891614132,2.895936888,2.100778889,-2.09907137,0.793045698,-0.794655062
0.08415,-3.035027828,3.039453431,2.172617929,-2.170995171,0.864662581,-0.866205578
0.0842,-3.093205868,3.097687795,2.187125036,-2.185589239,0.914960118,-0.916431818
0.08425,-3.047661292,3.052133318,2.116394993,-2.114944306,0.933516751,-0.934915238
0.0843,-3.003488928,3.007951076,2.05723547,-2.05586733,0.948562144,-0.949886435
0.08435,-2.964649434,2.969101726,2.006580619,-2.005292695,0.960369955,-0.961619045
0.0844,-2.932200244,2.9366427,1.960328644,-1.959118813,0.974166906,-0.975339726
0.08445,-2.851302504,2.855735148,1.8699645,-1.868861297,0.977007664,-0.978102789
0.0845,-2.696158248,2.7005811,1.754384054,-1.753420586,0.944025053,-0.945044123
0.08455,-2.55752001,2.561933092,1.631596213,-1.630762645,0.92807467,-0.929019344
0.0846,-2.431991864,2.436395198,1.509646052,-1.508933231,0.924468027,-0.925339744
0.08465,-2.317191835,2.321585443,1.399928191,-1.399327723,0.919360654,-0.920160709
0.0847,-2.212264214,2.216648117,1.308953565,-1.308457884,0.905385622,-0.906115261
0.08475,-2.117914107,2.122288326,1.234174932,-1.233777294,0.885794895,-0.886455312
0.0848,-2.035152662,2.039517219,1.168128004,-1.167822403,0.869063613,-0.869655859
0.08485,-1.964305112,1.968660028,1.105192658,-1.104973718,0.861136941,-0.861661823
0.0849,-1.904979306,1.909324603,1.045040785,-1.044903703,0.8619507,-0.862408721
0.08495,-1.856612042,1.860947741,0.991114122,-0.991054643,0.867499827,-0.86789119
0.085,-1.818903009,1.823229131,0.946685829,-0.946700259,0.874210714,-0.874535337
0.08505,-1.791826954,1.79614352,0.912111796,-0.912196981,0.881702089,-0.881959608
0.0851,-1.77538577,1.779692802,0.884971432,-0.885124725,0.892396338,-0.892586076
0.08515,-1.769421947,1.773719465,0.862213807,-0.862432997,0.909186846,-0.909307763
0.0852,-1.773645644,1.777933669,0.84221243,-0.842495694,0.933410266,-0.933460923
0.08525,-1.78777914,1.792057695,0.82525737,-0.825603228,0.964498852,-0.964477385
0.0853,-1.811639738,1.815908841,0.812525289,-0.812932582,1.001093296,-1.000997413
0.08535,-1.84508962,1.849349294,0.804657164,-0.805125031,1.04241487,-1.042241849
0.0854,-1.887926653,1.892176918,0.801076254,-0.801604106,1.088838268,-1.088584944
0.08545,-1.939834335,1.944075212,0.800368224,-0.800955698,1.141461438,-1.141124186
0.0855,-2.000435939,2.004667448,0.801197121,-0.801844039,1.201243758,-1.200818468
0.08555,-2.06939373,2.073615892,0.802959488,-0.80366582,1.268451125,-1.267933188
0.0856,-2.146457356,2.150670192,0.805749164,-0.80651499,1.342739546,-1.342123848
0.08565,-2.231421074,2.235624604,0.809810051,-0.810635541,1.423659584,-1.422940501
0.0857,-2.324036197,2.328230443,0.815001561,-0.815886948,1.511103369,-1.510274763
0.08575,-2.423961724,2.428146705,0.820684822,-0.82163037,1.605369009,-1.604424228
0.0858,-2.53079512,2.534970857,0.826033201,-0.827039174,1.706880867,-1.705812735
0.08585,-2.644150169,2.648316682,0.830438678,-0.831505309,1.815861027,-1.814661838
0.0859,-2.763709059,2.767866368,0.833670662,-0.834798124,1.932222561,-1.930884079
0.08595,-2.889204838,2.893352964,0.835705407,-0.836893789,2.055722572,-2.054236035
0.086,-2.961534163,2.965673126,0.822661294,-0.82391083,2.134515231,-2.132907386
0.08605,-2.948279966,2.952409786,0.775848275,-0.777156361,2.174697156,-2.173011283
0.0861,-2.946763217,2.950883914,0.747201956,-0.748566093,2.201766224,-2.200001481
0.08615,-2.954324069,2.958435664,0.733306125,-0.734724094,2.223231447,-2.221386913
0.0862,-2.966568126,2.970670638,0.718247017,-0.719716761,2.250544604,-2.248619236
0.08625,-2.893200389,2.897245583,0.672254925,-0.673773915,2.2297628,-2.227755736
0.0863,-2.722045671,2.725975202,0.599002001,-0.600565417,2.125202236,-2.12311675
0.08635,-2.556036517,2.559857061,0.526690281,-0.528292844,2.031535285,-2.029375399
0.0864,-2.40103557,2.404753399,0.461535467,-0.463172315,1.941655837,-1.939425358
0.08645,-2.258473152,2.262094116,0.407741897,-0.40940862,1.852857105,-1.850559646
0.0865,-2.127690191,2.131219729,0.363089369,-0.364782002,1.766699783,-1.764338767
0.08655,-2.006832077,2.010275227,0.322360808,-0.324075764,1.686546047,-1.684124686
0.0866,-1.894491165,1.897852582,0.282082838,-0.283816835,1.6144614,-1.611982674
0.08665,-1.790558944,1.793842911,0.242462217,-0.244212241,1.550130372,-1.547597025
0.0867,-1.69582719,1.699037624,0.20590407,-0.207667365,1.491939421,-1.489353958
0.08675,-1.610987493,1.614127948,0.174304903,-0.176078973,1.438683435,-1.43604813
0.0868,-1.535960729,1.539034403,0.147532015,-0.149314611,1.390415806,-1.3877327
0.08685,-1.469975992,1.472985737,0.123855039,-0.125644126,1.348095834,-1.34536673
0.0869,-1.412141605,1.415089941,0.101423887,-0.103217608,1.312681798,-1.309908254
0.08695,-1.361957544,1.36484667,0.079409104,-0.081205739,1.284503024,-1.281686346
0.087,-1.319409107,1.322240911,0.058085685,-0.059883627,1.263269732,-1.260410973
0.08705,-1.284680938,1.287457005,0.038109222,-0.039906966,1.248510897,-1.245610857
0.0871,-1.257793762,1.260515385,0.019728734,-0.021524855,1.239998165,-1.237057392
0.08715,-1.238443285,1.241111471,0.002506889,-0.004300026,1.237864525,-1.234883315
0.0872,-1.226105927,1.228721412,-0.014416038,0.012594636,1.242429303,-1.239407695
0.08725,-1.220275304,1.222838563,-0.031756921,0.02994122,1.253937109,-1.250874889
0.0873,-1.220618415,1.223129675,-0.049906486,0.048097819,1.272427851,-1.269324544
0.08735,-1.226985229,1.229444478,-0.06887859,0.067078327,1.297765873,-1.294620751
0.0874,-1.239276994,1.241683991,-0.088602548,0.086812115,1.329781784,-1.326593864
0.08745,-1.257308208,1.259662497,-0.109176193,0.107397085,1.368387969,-1.365156014
0.0875,-1.280759755,1.283060673,-0.130931665,0.129165468,1.41359752,-1.410320042
0.08755,-1.309236184,1.311482872,-0.154315298,0.152563707,1.4654614,-1.462136661
0.0876,-1.342364379,1.344555795,-0.179710783,0.177975622,1.523990281,-1.520616297
0.08765,-1.379855109,1.38199004,-0.207342593,0.205625832,1.589119518,-1.585694057
0.0877,-1.421491681,1.42356875,-0.237308043,0.235611814,1.660729849,-1.657250439
0.08775,-1.467069238,1.469086922,-0.269684898,0.26801151,1.738694319,-1.735158249
0.0878,-1.516339051,1.518295683,-0.304620291,0.30297224,1.82291147,-1.819315795
0.08785,-1.568997853,1.570891638,-0.342341142,0.340721129,1.913305109,-1.909646653
0.0879,-1.624721657,1.626550683,-0.383095966,0.381506906,2.009799926,-2.006075286
0.08795,-1.683210632,1.684972878,-0.427085736,0.425530775,2.112297233,-2.108502787
0.088,-1.74420942,1.745902769,-0.474437475,0.472919996,2.220668876,-2.216800783
0.08805,-1.807492266,1.809114512,-0.525231329,0.523754964,2.334769431,-2.33082364
0.0881,-1.872831228,1.874380091,-0.579549285,0.578117925,2.454453138,-2.45042539
0.08815,-1.93997584,1.941448969,-0.637503389,0.63612119,2.579581776,-2.575467612
0.0882,-2.008658735,2.010053724,-0.699225479,0.69789687,2.71002002,-2.705814789
0.08825,-2.078618441,2.079932833,-0.764834402,0.763564093,2.845625455,-2.841324315
0.0883,-2.149617851,2.150849152,-0.834411898,0.833204886,2.986242929,-2.981840857
0.08835,-2.22144385,2.222589533,-0.908005548,0.90686712,3.131707128,-3.127198924
0.0884,-2.236113577,2.237171449,-0.959816333,0.958751567,3.191603358,-3.18703702
0.08845,-2.165941492,2.166913394,-0.979092828,0.978103717,3.147315503,-3.142759251
0.0885,-2.107219851,2.108108335,-0.995009141,0.994096733,3.104434436,-3.099888249
0.08855,-2.056856778,2.057664164,-1.007854895,1.007020269,3.066910549,-3.062374404
0.0886,-1.964505012,1.965201371,-1.006881443,1.006125977,2.980170665,-2.975644541
0.08865,-1.84547024,1.846020713,-0.971456956,0.970778991,2.819054279,-2.814538153
0.0887,-1.716947488,1.717362339,-0.956018446,0.955416319,2.675125487,-2.670619336
0.08875,-1.587952155,1.588240972,-0.954550372,0.954022658,2.544631181,-2.540134984
0.0888,-1.471907838,1.472079443,-0.95068624,0.95023165,2.424695718,-2.420209452
0.08885,-1.376340275,1.376402633,-0.935888138,0.935505404,2.314306403,-2.309830047
0.0889,-1.298113692,1.298073919,-0.914182934,0.913870809,2.214353911,-2.209887443
0.08895,-1.228512279,1.228376731,-0.895542112,0.895299474,2.126093599,-2.121636996
0.089,-1.161230181,1.161004575,-0.886681693,0.886507661,2.049935434,-2.045488676
0.08905,-1.09624035,1.095929826,-0.887166058,0.887060052,1.985416611,-1.980979675
0.0891,-1.037772219,1.037381354,-0.892104213,0.892065947,1.931875435,-1.927448299
0.08915,-0.989614405,0.989147197,-0.897375745,0.8974052,1.888979952,-1.884562595
0.0892,-0.952025284,0.951485165,-0.902732356,0.902829777,1.856740091,-1.852332491
0.08925,-0.922105624,0.921495506,-0.911122521,0.911288453,1.835204985,-1.83080712
0.0893,-0.896415188,0.895737525,-0.92584829,0.926083631,1.824236392,-1.819848242
0.08935,-0.873309726,0.872566577,-0.948258971,0.948565015,1.823539373,-1.819160916
0.0894,-0.853357505,0.852550571,-0.977503914,0.977882371,1.832831574,-1.828462787
0.08945,-0.838023748,0.837154391,-1.011943772,1.012396771,1.851938909,-1.847579773
0.0895,-0.828023174,0.827092441,-1.050739823,1.051269913,1.88073743,-1.876387922
0.08955,-0.822630553,0.821639201,-1.094420607,1.095030769,1.919030516,-1.914690615
0.0896,-0.820225083,0.819173626,-1.144285342,1.144979011,1.966496689,-1.962166374
0.08965,-0.819376914,0.818265667,-1.201382383,1.202163473,2.022754593,-2.018433844
0.0897,-0.819546101,0.81837522,-1.265920422,1.266793341,2.087473145,-2.08316194
0.08975,-0.820960183,0.819729696,-1.337438264,1.338407923,2.160418874,-2.156117192
0.0898,-0.823944149,0.82265398,-1.41542025,1.416492063,2.241401312,-2.237109131
0.08985,-0.828330739,0.826980735,-1.499787823,1.50096771,2.330174854,-2.325892154
0.0899,-0.833388068,0.831978029,-1.590923358,1.592217755,2.426390225,-2.422116986
0.08995,-0.838215217,0.83674493,-1.689316354,1.690732214,2.529636258,-2.525372457
0.09,-0.84220036,0.840669632,-1.795193503,1.796738308,2.639528092,-2.63527371
0.09005,-0.845162881,0.843571567,-1.908428836,1.910110599,2.755759434,-2.751514449
0.0901,-0.847124975,0.845472999,-2.028745098,2.030572354,2.878075517,-2.873839909
0.09015,-0.84797179,0.84625917,-2.15597978,2.15796159,3.006199291,-3.001973039
0.0902,-0.833891222,0.832117839,-2.237858797,2.239966976,3.080632149,-3.076415234
0.09025,-0.786523319,0.784691836,-2.280001305,2.28219044,3.068795589,-3.064587989
0.0903,-0.757306104,0.755419075,-2.309111325,2.311382339,3.068764262,-3.064565956
0.09035,-0.742643627,0.740703331,-2.332787299,2.335141187,3.077787815,-3.073598783
0.0904,-0.706438572,0.704447603,-2.301883054,2.304320577,3.004059095,-2.999929309
0.09045,-0.639250899,0.637214138,-2.189944548,2.192462323,2.831508163,-2.827498213
0.0905,-0.563428908,0.56135177,-2.095571311,2.09816524,2.661206969,-2.65731003
0.09055,-0.489012576,0.486900141,-2.008792022,2.011458249,2.499976671,-2.49618631
0.0906,-0.427816592,0.425673503,-1.921729121,1.924463988,2.351686502,-2.347996703
0.09065,-0.381537022,0.379367431,-1.833484387,1.836284412,2.217134042,-2.21353921
0.0907,-0.343106468,0.340914086,-1.748788114,1.751650007,2.093981861,-2.090476814
0.09075,-0.304671077,0.302459282,-1.672563681,1.675484374,1.979299235,-1.97587918
0.0908,-0.263761825,0.261533741,-1.606112602,1.609089273,1.871918463,-1.868578978
0.09085,-0.223394572,0.221153088,-1.54734551,1.550375581,1.772765862,-1.76950289
0.0909,-0.187915293,0.185663046,-1.493524195,1.496605323,1.683449008,-1.68025885
0.09095,-0.159071367,0.156810733,-1.443607997,1.446738069,1.604674423,-1.601553742
0.091,-0.13519488,0.132927989,-1.398581121,1.401758254,1.535758216,-1.532704028
0.09105,-0.113162595,0.110891386,-1.360175718,1.363398271,1.475309155,-1.472318814
0.0911,-0.090860466,0.088586729,-1.329443756,1.332710338,1.422265053,-1.419336236
0.09115,-0.068209628,0.065935044,-1.306260372,1.309569848,1.376422098,-1.373552794
0.0912,-0.046434801,0.04416095,-1.289817682,1.293169171,1.338197051,-1.335385553
0.09125,-0.026607041,0.024335418,-1.279445466,1.282838339,1.307990684,-1.30523558
0.0913,-0.008704121,0.006436145,-1.275077427,1.278511305,1.285714416,-1.283014582
0.09135,0.008318539,-0.010554434,-1.277151902,1.28062666,1.270773471,-1.268128062
0.0914,0.025641048,-0.027870635,-1.286149833,1.289665599,1.262447625,-1.259856059
0.09145,0.044020691,-0.046242608,-1.302292626,1.305849788,1.260208585,-1.257670531
0.0915,0.063499834,-0.065712686,-1.325446709,1.32904591,1.263882365,-1.261397734
0.09155,0.083770059,-0.085972399,-1.355324271,1.35896641,1.273489644,-1.271058578
0.0916,0.10466408,-0.1068544,-1.391717921,1.395404149,1.288990365,-1.286613224
0.09165,0.126417872,-0.128594581,-1.434605803,1.438337523,1.310126758,-1.307804115
0.0917,0.149576829,-0.151738234,-1.484090427,1.487869291,1.336456014,-1.33418864
0.09175,0.174700203,-0.176844491,-1.540260944,1.544088851,1.367508123,-1.365296977
0.0918,0.202121331,-0.204246547,-1.603096667,1.606975764,1.402929169,-1.400775383
0.09185,0.231919938,-0.234023969,-1.67246827,1.676400946,1.442510218,-1.440415091
0.0919,0.264075876,-0.26615644,-1.748209197,1.752198078,1.486104988,-1.484069971
0.09195,0.298651419,-0.300706047,-1.830187643,1.834235592,1.533519541,-1.531546228
0.092,0.335863277,-0.337889306,-1.918327582,1.922437695,1.584461287,-1.582551407
0.09205,0.376016329,-0.378010885,-2.012577424,2.01675302,1.638573915,-1.636729316
0.0921,0.419378591,-0.421338576,-2.112863275,2.117107898,1.695515681,-1.693738325
0.09215,0.466103735,-0.468025815,-2.219065657,2.22338307,1.755013615,-1.753305562
0.0922,0.516249645,-0.518130243,-2.331031296,2.335425472,1.816856739,-1.815220141
0.09225,0.569858523,-0.571693805,-2.448602313,2.453077435,1.880845166,-1.879282254
0.0923,0.627023339,-0.628809212,-2.571636284,2.576196736,1.946743696,-1.945256773
0.09235,0.687890911,-0.68962301,-2.700004204,2.704654565,2.014276709,-2.012868139
0.0924,0.752611947,-0.754285632,-2.833573922,2.838318961,2.083161553,-2.081833751
0.09245,0.821289533,-0.82289988,-2.972196402,2.977041073,2.153146319,-2.151901743
0.0925,0.89396932,-0.895511117,-3.115705697,3.120655132,2.224019625,-2.222860767
0.09255,0.945122486,-0.946590727,-3.173861192,3.178867534,2.23764952,-2.236578541
0.0926,0.964162852,-0.965555582,-3.128126537,3.133121821,2.166245791,-2.16526081
0.09265,0.97966923,-0.98098543,-3.083762796,3.088747045,2.106434067,-2.10553249
0.0927,0.992005968,-0.993244596,-3.044746267,3.049719506,2.055073446,-2.054252916
0.09275,0.990603514,-0.991763229,-2.956365653,2.961327907,1.961467531,-1.960757883
0.0928,0.954916062,-0.955998554,-2.793335762,2.798287054,1.840703371,-1.840139296
0.09285,0.939200582,-0.940207546,-2.647571549,2.652511905,1.710551985,-1.71012311
0.0929,0.937295834,-0.938228732,-2.515273132,2.520202575,1.58012725,-1.579823883
0.09295,0.932771615,-0.933631782,-2.393507012,2.398425566,1.462857977,-1.462671204
0.093,0.917178364,-0.91796712,-2.281249979,2.286157668,1.366170198,-1.366091964
0.09305,0.894679608,-0.895398257,-2.179425152,2.184322002,1.286823089,-1.2868462
0.0931,0.875295786,-0.875945514,-2.089325197,2.09421123,1.216088552,-1.216206575
0.09315,0.865676092,-0.866257845,-2.011374878,2.016250118,1.147741953,-1.147949105
0.0932,0.865285172,-0.865799602,-1.945103432,1.949967904,1.081847742,-1.082138819
0.09325,0.869193644,-0.869641114,-1.889834257,1.894687984,1.022658555,-1.023028929
0.0933,0.873324972,-0.873705584,-1.845228154,1.85007116,0.973911566,-0.974357192
0.09335,0.877504694,-0.877818289,-1.81129979,1.816132099,0.935795749,-0.936313156
0.0934,0.884721458,-0.884967581,-1.788110404,1.792932039,0.905383579,-0.905969824
0.09345,0.898263903,-0.898441751,-1.775533804,1.780344789,0.879260168,-0.879912772
0.0935,0.919442572,-0.919550947,-1.77328178,1.778082138,0.855826757,-0.856543641
0.09355,0.947383298,-0.947420591,-1.781072309,1.785862064,0.835675515,-0.836454968
0.0936,0.980455705,-0.98041989,-1.798728089,1.803507265,0.820259552,-0.821100207
0.09365,1.017849319,-1.017737954,-1.82612297,1.830891589,0.810263237,-0.81116405
0.0937,1.060115783,-1.059925995,-1.863062346,1.867820432,0.804940389,-0.805900611
0.09375,1.108559394,-1.108287858,-1.909230694,1.91397827,0.80267129,-0.803690422
0.0938,1.164221177,-1.16386409,-1.964253286,1.968990375,0.802040322,-0.803118072
0.09385,1.227304039,-1.226857106,-2.027802748,2.032529374,0.802517369,-0.803653607
0.0939,1.297350709,-1.296809134,-2.099645382,2.104361568,0.804326187,-0.80552092
0.09395,1.373856347,-1.37321483,-2.179588718,2.184294486,0.807779344,-0.809032685
0.094,1.456752087,-1.456004821,-2.2673866,2.272081974,0.812699758,-0.814011906
0.09405,1.54642444,-1.545565107,-2.36269202,2.367377023,0.818354146,-0.81972535
0.0941,1.643363775,-1.642385534,-2.465097369,2.469772023,0.823844777,-0.825275305
0.09415,1.747799351,-1.746694833,-2.574219891,2.578884219,0.828559911,-0.830050016
0.0942,1.859611264,-1.858372571,-2.689752694,2.694406719,0.832312843,-0.833862734
0.09425,1.978529111,-1.977147816,-2.811439039,2.816082783,0.835117538,-0.836727357
0.0943,2.104394488,-2.102861643,-2.939000896,2.943634383,0.836854672,-0.838524476
0.09435,2.185182308,-2.183525309,-3.01305888,3.017682132,0.823545433,-0.825275412
0.0944,2.226733803,-2.224996934,-3.001075024,3.005688063,0.776634066,-0.778421607
0.09445,2.25524184,-2.253424205,-3.000857256,3.005460105,0.747848673,-0.749691266
0.0945,2.278245632,-2.276346261,-3.009699752,3.014292434,0.733696864,-0.735592275
0.09455,2.24667083,-2.244688988,-2.935786973,2.940320567,0.697951722,-0.699897404
0.0946,2.134159842,-2.132098931,-2.762971687,2.767386984,0.63098717,-0.63297826
0.09465,2.039208459,-2.037072598,-2.592476844,2.596780682,0.5554728,-0.557503899
0.0947,1.951930128,-1.949723192,-2.431036311,2.435235132,0.481276042,-0.483342089
0.09475,1.864434917,-1.862160584,-2.282472929,2.286572759,0.420176907,-0.42227328
0.0948,1.775712396,-1.773374171,-2.14763258,2.151639023,0.374031233,-0.376153803
0.09485,1.69039456,-1.687995754,-2.024265138,2.028183384,0.335956561,-0.338101647
0.0949,1.613419044,-1.610962747,-1.909474965,1.913309813,0.298119366,-0.300283621
0.09495,1.546197629,-1.543686688,-1.802046868,1.805802745,0.257892478,-0.260072818
0.095,1.486743455,-1.484180474,-1.702829985,1.706510952,0.218111716,-0.220305293
0.09505,1.432327886,-1.42971523,-1.613400506,1.617010264,0.183081718,-0.185285936
0.0951,1.38183252,-1.379172328,-1.534505045,1.538046931,0.154667299,-0.156879829
0.09515,1.336154263,-1.333448441,-1.465530914,1.469007914,0.131358684,-0.133577441
0.0952,1.297001763,-1.294251978,-1.40512659,1.40854135,0.11009555,-0.112318649
0.09525,1.265477323,-1.262684992,-1.352209268,1.355564106,0.088692677,-0.090918383
0.0953,1.2415306,-1.238696883,-1.306518689,1.309815611,0.066940061,-0.069166755
0.09535,1.22439316,-1.221518963,-1.268429865,1.271670574,0.045981078,-0.048207238
0.0954,1.213377662,-1.210463639,-1.238348678,1.241534578,0.02690888,-0.029133076
0.09545,1.208369301,-1.205415856,-1.216229333,1.219361539,0.009792419,-0.012013296
0.0955,1.209762227,-1.206769508,-1.201528251,1.204607599,-0.006305221,0.004097987
0.09555,1.21806464,-1.215032543,-1.193510117,1.196537178,-0.022625676,0.020424323
0.0956,1.233508177,-1.230436338,-1.191644013,1.194619103,-0.039937789,0.037743607
0.09565,1.255996282,-1.25288408,-1.195717837,1.198641031,-0.058353592,0.056167902
0.0957,1.285255956,-1.282102515,-1.205731978,1.208603119,-0.077599601,0.075423773
0.09575,1.321070137,-1.317874326,-1.22165426,1.224472968,-0.097490884,0.09532635
0.0958,1.363396345,-1.360156782,-1.243253114,1.246018798,-0.118216471,0.116064744
0.09585,1.412324293,-1.409039345,-1.27010768,1.272819549,-0.140286858,0.138149551
0.0959,1.467947361,-1.464615148,-1.301749255,1.304406328,-0.164264041,0.162142886
0.09595,1.530260859,-1.526879252,-1.337806044,1.340407164,-0.190515016,0.188411886
0.096,1.599150267,-1.595716895,-1.378047936,1.380591781,-0.21915526,0.217072185
0.09605,1.674453121,-1.670965371,-1.422320402,1.424805494,-0.250176707,0.248115888
0.0961,1.756031301,-1.752486325,-1.470438212,1.472862929,-0.283626331,0.281590153
0.09615,1.843800033,-1.840194749,-1.522124667,1.524487253,-0.319695909,0.317686953
0.0962,1.937704653,-1.934035753,-1.577032326,1.579330901,-0.358678061,0.356699117
0.09625,2.037675919,-2.03393987,-1.634814417,1.63704699,-0.40085015,0.398904233
0.0963,2.143602328,-2.139795378,-1.695184081,1.697348558,-0.446387353,0.444477714
0.09635,2.255335718,-2.251453899,-1.757919075,1.760013272,-0.495363567,0.493493702
0.0964,2.372717717,-2.368756856,-1.822818698,1.82484035,-0.547820933,0.545994593
0.09645,2.495602002,-2.49155772,-1.88965552,1.891602288,-0.603840358,0.602061556
0.0965,2.623856664,-2.619724385,-1.958161405,1.96003089,-0.663557866,0.661830887
0.09655,2.757350227,-2.753125186,-2.028053346,2.029843096,-0.727124783,0.725454188
0.0966,2.895936889,-2.891614132,-2.099071371,2.100778889,-0.794655063,0.793045698
0.09665,3.039453431,-3.035027829,-2.170995171,2.172617929,-0.866205579,0.864662581
0.0967,3.097687796,-3.093205869,-2.18558924,2.187125037,-0.916431818,0.914960118
0.09675,3.052133319,-3.047661293,-2.114944307,2.116394993,-0.934915238,0.933516751
0.0968,3.007951077,-3.003488929,-2.055867331,2.057235471,-0.949886436,0.948562144
0.09685,2.969101726,-2.964649435,-2.005292695,2.006580619,-0.961619045,0.960369955
0.0969,2.936642701,-2.932200245,-1.959118813,1.960328645,-0.975339726,0.974166906
0.09695,2.855735148,-2.851302505,-1.868861297,1.8699645,-0.978102789,0.977007664
0.097,2.7005811,-2.696158249,-1.753420587,1.754384054,-0.945044123,0.944025053
0.09705,2.561933093,-2.557520011,-1.630762645,1.631596213,-0.929019344,0.92807467
0.0971,2.436395199,-2.431991865,-1.508933231,1.509646052,-0.925339744,0.924468027
0.09715,2.321585444,-2.317191836,-1.399327724,1.399928192,-0.920160709,0.919360654
0.0972,2.216648118,-2.212264215,-1.308457884,1.308953565,-0.906115261,0.905385622
0.09725,2.122288327,-2.117914107,-1.233777294,1.234174932,-0.886455312,0.885794895
0.0973,2.039517219,-2.035152662,-1.167822403,1.168128005,-0.86965586,0.869063614
0.09735,1.968660029,-1.964305113,-1.104973719,1.105192658,-0.861661823,0.861136942
0.0974,1.909324604,-1.904979307,-1.044903703,1.045040786,-0.862408721,0.8619507
0.09745,1.860947742,-1.856612043,-0.991054644,0.991114122,-0.86789119,0.867499828
0.0975,1.823229132,-1.81890301,-0.946700259,0.94668583,-0.874535338,0.874210715
0.09755,1.796143521,-1.791826955,-0.912196982,0.912111796,-0.881959609,0.881702089
0.0976,1.779692803,-1.775385771,-0.885124725,0.884971433,-0.892586077,0.892396339
0.09765,1.773719466,-1.769421948,-0.862432998,0.862213807,-0.909307764,0.909186846
0.0977,1.77793367,-1.773645644,-0.842495695,0.84221243,-0.933460923,0.933410267
0.09775,1.792057695,-1.787779141,-0.825603228,0.82525737,-0.964477385,0.964498853
0.0978,1.815908842,-1.811639739,-0.812932582,0.812525289,-1.000997413,1.001093296
0.09785,1.849349294,-1.845089621,-0.805125032,0.804657164,-1.042241849,1.04241487
0.0979,1.892176919,-1.887926654,-0.801604106,0.801076254,-1.088584944,1.088838268
0.09795,1.944075213,-1.939834336,-0.800955698,0.800368225,-1.141124186,1.141461439
0.098,2.004667449,-2.000435939,-0.80184404,0.801197121,-1.200818469,1.201243759
0.09805,2.073615893,-2.06939373,-0.80366582,0.802959489,-1.267933189,1.268451125
0.0981,2.150670193,-2.146457357,-0.80651499,0.805749164,-1.342123849,1.342739547
0.09815,2.235624605,-2.231421074,-0.810635542,0.809810051,-1.422940501,1.423659585
0.0982,2.328230444,-2.324036198,-0.815886948,0.815001561,-1.510274763,1.511103369
0.09825,2.428146706,-2.423961725,-0.82163037,0.820684823,-1.604424228,1.605369009
0.0983,2.534970858,-2.530795121,-0.827039174,0.826033201,-1.705812736,1.706880868
0.09835,2.648316683,-2.64415017,-0.831505309,0.830438678,-1.814661838,1.815861028
0.0984,2.767866369,-2.763709059,-0.834798124,0.833670663,-1.93088408,1.932222561
0.09845,2.893352965,-2.889204839,-0.836893789,0.835705407,-2.054236036,2.055722572
0.0985,2.965673127,-2.961534164,-0.82391083,0.822661294,-2.132907386,2.134515231
0.09855,2.952409787,-2.948279967,-0.777156361,0.775848275,-2.173011284,2.174697156
0.0986,2.950883915,-2.946763218,-0.748566093,0.747201956,-2.200001481,2.201766225
0.09865,2.958435665,-2.95432407,-0.734724095,0.733306125,-2.221386914,2.223231447
0.0987,2.970670639,-2.966568126,-0.719716761,0.718247017,-2.248619237,2.250544605
0.09875,2.897245584,-2.89320039,-0.673773915,0.672254925,-2.227755736,2.229762801
0.0988,2.725975203,-2.722045672,-0.600565417,0.599002001,-2.123116751,2.125202237
0.09885,2.559857062,-2.556036517,-0.528292844,0.526690281,-2.029375399,2.031535285
0.0989,2.404753399,-2.401035571,-0.463172315,0.461535467,-1.939425359,1.941655838
0.09895,2.262094117,-2.258473153,-0.409408621,0.407741897,-1.850559647,1.852857106
0.099,2.13121973,-2.127690192,-0.364782003,0.363089369,-1.764338767,1.766699783
0.09905,2.010275228,-2.006832078,-0.324075764,0.322360808,-1.684124686,1.686546048
0.0991,1.897852583,-1.894491165,-0.283816835,0.282082838,-1.611982674,1.6144614
0.09915,1.793842912,-1.790558945,-0.244212241,0.242462217,-1.547597025,1.550130373
0.0992,1.699037625,-1.695827191,-0.207667365,0.20590407,-1.489353959,1.491939422
0.09925,1.614127949,-1.610987494,-0.176078973,0.174304903,-1.436048131,1.438683436
0.0993,1.539034403,-1.53596073,-0.149314611,0.147532015,-1.387732701,1.390415806
0.09935,1.472985738,-1.469975992,-0.125644127,0.123855039,-1.345366731,1.348095834
0.0994,1.415089942,-1.412141605,-0.103217608,0.101423887,-1.309908255,1.312681798
0.09945,1.364846671,-1.361957544,-0.081205739,0.079409104,-1.281686347,1.284503025
0.0995,1.322240912,-1.319409108,-0.059883627,0.058085685,-1.260410974,1.263269733
0.09955,1.287457005,-1.284680938,-0.039906966,0.038109222,-1.245610857,1.248510897
0.0996,1.260515385,-1.257793763,-0.021524855,0.019728734,-1.237057393,1.239998166
0.09965,1.241111471,-1.238443285,-0.004300026,0.002506889,-1.234883316,1.237864526
0.0997,1.228721413,-1.226105928,0.012594636,-0.014416038,-1.239407696,1.242429303
0.09975,1.222838563,-1.220275304,0.02994122,-0.031756922,-1.250874889,1.25393711
0.0998,1.223129675,-1.220618416,0.048097819,-0.049906486,-1.269324545,1.272427851
0.09985,1.229444478,-1.22698523,0.067078327,-0.06887859,-1.294620752,1.297765873
0.0999,1.241683992,-1.239276994,0.086812115,-0.088602548,-1.326593865,1.329781785
0.09995,1.259662498,-1.257308208,0.107397085,-0.109176193,-1.365156014,1.368387969
0.1,1.283060673,-1.280759755,0.129165468,-0.130931665,-1.410320042,1.41359752
0.10005,1.311482872,-1.309236184,0.152563707,-0.154315298,-1.462136662,1.4654614
0.1001,1.344555796,-1.342364379,0.177975622,-0.179710783,-1.520616297,1.523990282
0.10015,1.38199004,-1.37985511,0.205625832,-0.207342593,-1.585694057,1.589119518
0.1002,1.423568751,-1.421491681,0.235611814,-0.237308043,-1.657250439,1.660729849
0.10025,1.469086922,-1.467069239,0.26801151,-0.269684899,-1.73515825,1.73869432
0.1003,1.518295683,-1.516339052,0.30297224,-0.304620291,-1.819315795,1.822911471
0.10035,1.570891638,-1.568997853,0.340721129,-0.342341142,-1.909646653,1.91330511
0.1004,1.626550683,-1.624721657,0.381506907,-0.383095966,-2.006075287,2.009799926
0.10045,1.684972878,-1.683210632,0.425530775,-0.427085736,-2.108502788,2.112297234
0.1005,1.745902769,-1.74420942,0.472919996,-0.474437476,-2.216800784,2.220668877
0.10055,1.809114513,-1.807492266,0.523754964,-0.525231329,-2.33082364,2.334769432
0.1006,1.874380091,-1.872831228,0.578117925,-0.579549285,-2.45042539,2.454453139
0.10065,1.94144897,-1.939975841,0.63612119,-0.637503389,-2.575467613,2.579581776
0.1007,2.010053724,-2.008658736,0.697896871,-0.699225479,-2.705814789,2.710020021
0.10075,2.079932834,-2.078618442,0.763564094,-0.764834402,-2.841324315,2.845625455
0.1008,2.150849152,-2.149617851,0.833204886,-0.834411898,-2.981840857,2.98624293
0.10085,2.222589534,-2.22144385,0.90686712,-0.908005549,-3.127198924,3.131707128
0.1009,2.23717145,-2.236113577,0.958751567,-0.959816333,-3.18703702,3.191603359
0.10095,2.166913394,-2.165941492,0.978103717,-0.979092828,-3.142759251,3.147315503
0.101,2.108108335,-2.107219852,0.994096733,-0.995009141,-3.099888249,3.104434436
0.10105,2.057664164,-2.056856778,1.007020269,-1.007854895,-3.062374404,3.066910549
0.1011,1.965201371,-1.964505012,1.006125978,-1.006881443,-2.975644541,2.980170666
0.10115,1.846020713,-1.84547024,0.970778992,-0.971456956,-2.814538153,2.81905428
0.1012,1.717362339,-1.716947488,0.955416319,-0.956018446,-2.670619336,2.675125487
0.10125,1.588240972,-1.587952155,0.954022659,-0.954550372,-2.540134984,2.544631182
0.1013,1.472079443,-1.471907838,0.95023165,-0.95068624,-2.420209453,2.424695719
0.10135,1.376402634,-1.376340275,0.935505404,-0.935888138,-2.309830048,2.314306404
0.1014,1.298073919,-1.298113692,0.913870809,-0.914182934,-2.209887443,2.214353912
0.10145,1.228376731,-1.228512279,0.895299474,-0.895542112,-2.121636997,2.126093599
0.1015,1.161004575,-1.161230181,0.886507662,-0.886681693,-2.045488676,2.049935435
0.10155,1.095929826,-1.09624035,0.887060052,-0.887166058,-1.980979675,1.985416612
0.1016,1.037381354,-1.037772219,0.892065947,-0.892104213,-1.927448299,1.931875435
0.10165,0.989147197,-0.989614405,0.8974052,-0.897375746,-1.884562595,1.888979953
0.1017,0.951485166,-0.952025284,0.902829777,-0.902732356,-1.852332492,1.856740091
0.10175,0.921495506,-0.922105624,0.911288454,-0.911122522,-1.830807121,1.835204985
0.1018,0.895737525,-0.896415188,0.926083631,-0.92584829,-1.819848242,1.824236392
0.10185,0.872566577,-0.873309726,0.948565015,-0.948258971,-1.819160916,1.823539374
0.1019,0.852550571,-0.853357505,0.977882372,-0.977503914,-1.828462788,1.832831574
0.10195,0.837154391,-0.838023748,1.012396771,-1.011943772,-1.847579774,1.85193891
0.102,0.827092441,-0.828023175,1.051269913,-1.050739823,-1.876387922,1.88073743
0.10205,0.821639202,-0.822630553,1.095030769,-1.094420608,-1.914690616,1.919030516
0.1021,0.819173626,-0.820225083,1.144979012,-1.144285343,-1.962166375,1.966496689
0.10215,0.818265667,-0.819376914,1.202163473,-1.201382383,-2.018433844,2.022754593
0.1022,0.81837522,-0.819546101,1.266793341,-1.265920422,-2.08316194,2.087473145
0.10225,0.819729696,-0.820960183,1.338407923,-1.337438264,-2.156117192,2.160418874
0.1023,0.82265398,-0.823944149,1.416492063,-1.415420251,-2.237109131,2.241401312
0.10235,0.826980735,-0.828330739,1.500967711,-1.499787823,-2.325892154,2.330174854
0.1024,0.831978029,-0.833388068,1.592217755,-1.590923359,-2.422116986,2.426390226
0.10245,0.83674493,-0.838215217,1.690732214,-1.689316354,-2.525372457,2.529636258
0.1025,0.840669632,-0.84220036,1.796738308,-1.795193503,-2.63527371,2.639528093
0.10255,0.843571567,-0.845162881,1.910110599,-1.908428837,-2.751514449,2.755759434
0.1026,0.845472999,-0.847124975,2.030572354,-2.028745098,-2.873839909,2.878075517
0.10265,0.84625917,-0.84797179,2.15796159,-2.15597978,-3.001973039,3.006199291
0.1027,0.832117839,-0.833891222,2.239966976,-2.237858798,-3.076415234,3.08063215
0.10275,0.784691836,-0.786523319,2.28219044,-2.280001305,-3.064587989,3.06879559
0.1028,0.755419075,-0.757306104,2.311382339,-2.309111326,-3.064565957,3.068764263
0.10285,0.740703332,-0.742643627,2.335141187,-2.332787299,-3.073598783,3.077787815
0.1029,0.704447603,-0.706438573,2.304320577,-2.301883055,-2.999929309,3.004059095
0.10295,0.637214138,-0.639250899,2.192462324,-2.189944548,-2.827498214,2.831508163
0.103,0.56135177,-0.563428908,2.09816524,-2.095571311,-2.65731003,2.661206969
0.10305,0.486900141,-0.489012576,2.011458249,-2.008792023,-2.49618631,2.499976671
0.1031,0.425673503,-0.427816592,1.924463988,-1.921729121,-2.347996703,2.351686502
0.10315,0.379367431,-0.381537022,1.836284412,-1.833484387,-2.213539211,2.217134042
0.1032,0.340914086,-0.343106468,1.751650007,-1.748788114,-2.090476814,2.093981861
0.10325,0.302459283,-0.304671077,1.675484374,-1.672563681,-1.97587918,1.979299235
0.1033,0.261533741,-0.263761825,1.609089273,-1.606112602,-1.868578979,1.871918463
0.10335,0.221153088,-0.223394572,1.550375581,-1.547345511,-1.76950289,1.772765863
0.1034,0.185663047,-0.187915293,1.496605324,-1.493524195,-1.68025885,1.683449008
0.10345,0.156810733,-0.159071367,1.446738069,-1.443607997,-1.601553743,1.604674423
0.1035,0.132927989,-0.13519488,1.401758254,-1.398581121,-1.532704028,1.535758216
0.10355,0.110891386,-0.113162595,1.363398271,-1.360175718,-1.472318814,1.475309155
0.1036,0.088586729,-0.090860466,1.332710338,-1.329443756,-1.419336236,1.422265053
0.10365,0.065935044,-0.068209628,1.309569848,-1.306260372,-1.373552794,1.376422098
0.1037,0.04416095,-0.046434801,1.293169171,-1.289817682,-1.335385553,1.338197051
0.10375,0.024335418,-0.026607041,1.282838339,-1.279445466,-1.30523558,1.307990684
0.1038,0.006436145,-0.008704121,1.278511305,-1.275077427,-1.283014582,1.285714416
0.10385,-0.010554434,0.008318539,1.28062666,-1.277151902,-1.268128062,1.270773471
0.1039,-0.027870635,0.025641048,1.289665599,-1.286149833,-1.259856059,1.262447625
0.10395,-0.046242608,0.044020691,1.305849788,-1.302292626,-1.257670531,1.260208585
0.104,-0.065712686,0.063499834,1.32904591,-1.325446709,-1.261397734,1.263882365
0.10405,-0.085972399,0.083770059,1.35896641,-1.355324271,-1.271058578,1.273489644
0.1041,-0.1068544,0.10466408,1.395404149,-1.391717921,-1.286613224,1.288990365
0.10415,-0.128594581,0.126417872,1.438337523,-1.434605803,-1.307804115,1.310126758
0.1042,-0.151738234,0.149576829,1.487869291,-1.484090427,-1.33418864,1.336456014
0.10425,-0.176844491,0.174700203,1.544088851,-1.540260944,-1.365296977,1.367508123
0.1043,-0.204246547,0.202121331,1.606975764,-1.603096667,-1.400775383,1.402929169
0.10435,-0.234023969,0.231919938,1.676400945,-1.67246827,-1.44041509,1.442510218
0.1044,-0.26615644,0.264075876,1.752198078,-1.748209197,-1.484069971,1.486104988
0.10445,-0.300706047,0.298651419,1.834235592,-1.830187642,-1.531546228,1.533519541
0.1045,-0.337889306,0.335863277,1.922437695,-1.918327582,-1.582551407,1.584461287
0.10455,-0.378010884,0.376016329,2.01675302,-2.012577424,-1.636729316,1.638573915
0.1046,-0.421338576,0.419378591,2.117107898,-2.112863274,-1.693738324,1.695515681
0.10465,-0.468025815,0.466103734,2.22338307,-2.219065657,-1.753305562,1.755013615
0.1047,-0.518130242,0.516249645,2.335425472,-2.331031295,-1.815220141,1.816856739
0.10475,-0.571693804,0.569858522,2.453077435,-2.448602312,-1.879282254,1.880845166
0.1048,-0.628809212,0.627023339,2.576196736,-2.571636284,-1.945256773,1.946743696
0.10485,-0.68962301,0.687890911,2.704654565,-2.700004204,-2.012868139,2.014276709
0.1049,-0.754285632,0.752611947,2.838318961,-2.833573921,-2.081833751,2.083161553
0.10495,-0.82289988,0.821289533,2.977041073,-2.972196402,-2.151901743,2.153146319
0.105,-0.895511117,0.89396932,3.120655131,-3.115705697,-2.222860767,2.224019625
0.10505,-0.946590727,0.945122485,3.178867533,-3.173861191,-2.236578541,2.23764952
0.1051,-0.965555582,0.964162852,3.13312182,-3.128126537,-2.16526081,2.166245791
0.10515,-0.98098543,0.97966923,3.088747045,-3.083762796,-2.10553249,2.106434066
0.1052,-0.993244596,0.992005968,3.049719506,-3.044746267,-2.054252916,2.055073446
0.10525,-0.991763229,0.990603514,2.961327907,-2.956365653,-1.960757883,1.961467531
0.1053,-0.955998554,0.954916062,2.798287054,-2.793335762,-1.840139296,1.840703371
0.10535,-0.940207546,0.939200582,2.652511904,-2.647571549,-1.710123109,1.710551985
0.1054,-0.938228732,0.937295834,2.520202575,-2.515273132,-1.579823883,1.580127249
0.10545,-0.933631782,0.932771615,2.398425566,-2.393507011,-1.462671203,1.462857977
0.1055,-0.91796712,0.917178364,2.286157668,-2.281249978,-1.366091964,1.366170198
0.10555,-0.895398257,0.894679607,2.184322001,-2.179425152,-1.286846199,1.286823089
0.1056,-0.875945514,0.875295786,2.094211229,-2.089325196,-1.216206574,1.216088551
0.10565,-0.866257845,0.865676092,2.016250118,-2.011374877,-1.147949105,1.147741953
0.1057,-0.865799602,0.865285172,1.949967904,-1.945103432,-1.082138819,1.081847742
0.10575,-0.869641114,0.869193643,1.894687984,-1.889834257,-1.023028929,1.022658554
0.1058,-0.873705584,0.873324971,1.850071159,-1.845228153,-0.974357192,0.973911566
0.10585,-0.877818289,0.877504694,1.816132098,-1.811299789,-0.936313156,0.935795749
0.1059,-0.884967581,0.884721457,1.792932038,-1.788110403,-0.905969824,0.905383578
0.10595,-0.89844175,0.898263902,1.780344788,-1.775533804,-0.879912771,0.879260168
0.106,-0.919550947,0.919442572,1.778082137,-1.773281779,-0.856543641,0.855826757
0.10605,-0.947420591,0.947383298,1.785862063,-1.781072308,-0.836454968,0.835675515
0.1061,-0.98041989,0.980455704,1.803507264,-1.798728089,-0.821100206,0.820259552
0.10615,-1.017737954,1.017849318,1.830891589,-1.82612297,-0.81116405,0.810263237
0.1062,-1.059925995,1.060115782,1.867820431,-1.863062345,-0.80590061,0.804940389
0.10625,-1.108287857,1.108559393,1.913978269,-1.909230693,-0.803690422,0.80267129
0.1063,-1.16386409,1.164221176,1.968990375,-1.964253285,-0.803118072,0.802040322
0.10635,-1.226857106,1.227304038,2.032529373,-2.027802747,-0.803653607,0.802517369
0.1064,-1.296809134,1.297350708,2.104361567,-2.099645382,-0.80552092,0.804326187
0.10645,-1.373214829,1.373856346,2.184294486,-2.179588718,-0.809032685,0.807779343
0.1065,-1.456004821,1.456752087,2.272081973,-2.267386599,-0.814011906,0.812699758
0.10655,-1.545565106,1.546424439,2.367377022,-2.36269202,-0.81972535,0.818354146
0.1066,-1.642385533,1.643363775,2.469772022,-2.465097368,-0.825275305,0.823844777
0.10665,-1.746694832,1.74779935,2.578884219,-2.574219891,-0.830050016,0.828559911
0.1067,-1.858372571,1.859611264,2.694406718,-2.689752693,-0.833862734,0.832312843
0.10675,-1.977147816,1.97852911,2.816082783,-2.811439038,-0.836727357,0.835117537
0.1068,-2.102861642,2.104394487,2.943634382,-2.939000895,-0.838524476,0.836854672
0.10685,-2.183525309,2.185182308,3.017682131,-3.013058879,-0.825275412,0.823545433
0.1069,-2.224996933,2.226733803,3.005688062,-3.001075023,-0.778421607,0.776634066
0.10695,-2.253424204,2.255241839,3.005460104,-3.000857255,-0.749691266,0.747848673
0.107,-2.27634626,2.278245632,3.014292433,-3.009699751,-0.735592274,0.733696864
0.10705,-2.244688987,2.246670829,2.940320567,-2.935786973,-0.699897404,0.697951722
0.1071,-2.132098931,2.134159841,2.767386984,-2.762971686,-0.63297826,0.63098717
0.10715,-2.037072598,2.039208459,2.596780681,-2.592476843,-0.557503899,0.5554728
0.1072,-1.949723192,1.951930128,2.435235131,-2.43103631,-0.483342089,0.481276042
0.10725,-1.862160584,1.864434916,2.286572759,-2.282472928,-0.42227328,0.420176907
0.1073,-1.77337417,1.775712396,2.151639023,-2.147632579,-0.376153803,0.374031233
0.10735,-1.687995753,1.69039456,2.028183384,-2.024265137,-0.338101647,0.335956561
0.1074,-1.610962747,1.613419044,1.913309813,-1.909474964,-0.300283621,0.298119366
0.10745,-1.543686688,1.546197628,1.805802744,-1.802046868,-0.260072818,0.257892478
0.1075,-1.484180473,1.486743454,1.706510952,-1.702829985,-0.220305293,0.218111716
0.10755,-1.42971523,1.432327885,1.617010263,-1.613400506,-0.185285936,0.183081718
0.1076,-1.379172327,1.381832519,1.53804693,-1.534505044,-0.156879829,0.154667299
0.10765,-1.33344844,1.336154262,1.469007914,-1.465530913,-0.133577441,0.131358684
0.1077,-1.294251978,1.297001762,1.408541349,-1.40512659,-0.112318649,0.11009555
0.10775,-1.262684991,1.265477322,1.355564105,-1.352209268,-0.090918383,0.088692677
0.1078,-1.238696883,1.241530599,1.30981561,-1.306518688,-0.069166755,0.066940061
0.10785,-1.221518963,1.224393159,1.271670574,-1.268429865,-0.048207238,0.045981078
0.1079,-1.210463639,1.213377661,1.241534578,-1.238348678,-0.029133076,0.02690888
0.10795,-1.205415855,1.2083693,1.219361538,-1.216229332,-0.012013296,0.009792419
0.108,-1.206769508,1.209762226,1.204607599,-1.20152825,0.004097987,-0.006305221
0.10805,-1.215032542,1.21806464,1.196537177,-1.193510116,0.020424323,-0.022625676
0.1081,-1.230436337,1.233508177,1.194619103,-1.191644013,0.037743607,-0.039937789
0.10815,-1.25288408,1.255996282,1.198641031,-1.195717837,0.056167902,-0.058353592
0.1082,-1.282102514,1.285255955,1.208603118,-1.205731978,0.075423772,-0.077599601
0.10825,-1.317874325,1.321070136,1.224472967,-1.221654259,0.09532635,-0.097490884
0.1083,-1.360156781,1.363396344,1.246018797,-1.243253113,0.116064744,-0.118216471
0.10835,-1.409039344,1.412324292,1.272819548,-1.270107679,0.13814955,-0.140286858
0.1084,-1.464615147,1.46794736,1.304406327,-1.301749254,0.162142885,-0.164264041
0.10845,-1.526879251,1.530260858,1.340407163,-1.337806043,0.188411886,-0.190515016
0.1085,-1.595716894,1.599150266,1.38059178,-1.378047935,0.217072185,-0.21915526
0.10855,-1.67096537,1.67445312,1.424805494,-1.422320402,0.248115888,-0.250176706
0.1086,-1.752486324,1.756031301,1.472862929,-1.470438212,0.281590153,-0.283626331
0.10865,-1.840194749,1.843800033,1.524487252,-1.522124667,0.317686953,-0.319695909
0.1087,-1.934035752,1.937704652,1.5793309,-1.577032325,0.356699117,-0.358678061
0.10875,-2.033939869,2.037675919,1.637046989,-1.634814416,0.398904233,-0.400850149
0.1088,-2.139795377,2.143602327,1.697348557,-1.69518408,0.444477714,-0.446387353
0.10885,-2.251453898,2.255335717,1.760013272,-1.757919074,0.493493702,-0.495363567
0.1089,-2.368756855,2.372717716,1.824840349,-1.822818697,0.545994593,-0.547820933
0.10895,-2.491557719,2.495602002,1.891602288,-1.889655519,0.602061556,-0.603840358
0.109,-2.619724384,2.623856663,1.96003089,-1.958161405,0.661830887,-0.663557866
0.10905,-2.753125185,2.757350226,2.029843095,-2.028053346,0.725454187,-0.727124782
0.1091,-2.891614132,2.895936888,2.100778889,-2.09907137,0.793045698,-0.794655062
0.10915,-3.035027828,3.039453431,2.172617929,-2.170995171,0.864662581,-0.866205578
0.1092,-3.093205868,3.097687795,2.187125036,-2.185589239,0.914960118,-0.916431818
0.10925,-3.047661292,3.052133318,2.116394993,-2.114944306,0.933516751,-0.934915238
0.1093,-3.003488928,3.007951076,2.05723547,-2.05586733,0.948562144,-0.949886435
0.10935,-2.964649434,2.969101726,2.006580619,-2.005292695,0.960369955,-0.961619045
0.1094,-2.932200244,2.9366427,1.960328644,-1.959118813,0.974166906,-0.975339726
0.10945,-2.851302504,2.855735148,1.8699645,-1.868861297,0.977007664,-0.978102789
0.1095,-2.696158248,2.7005811,1.754384054,-1.753420586,0.944025053,-0.945044123
0.10955,-2.55752001,2.561933092,1.631596213,-1.630762645,0.92807467,-0.929019344
0.1096,-2.431991864,2.436395198,1.509646052,-1.508933231,0.924468027,-0.925339744
0.10965,-2.317191835,2.321585443,1.399928191,-1.399327723,0.919360654,-0.920160709
0.1097,-2.212264214,2.216648117,1.308953565,-1.308457884,0.905385622,-0.906115261
0.10975,-2.117914107,2.122288326,1.234174932,-1.233777294,0.885794895,-0.886455312
0.1098,-2.035152662,2.039517219,1.168128004,-1.167822403,0.869063613,-0.869655859
0.10985,-1.964305112,1.968660028,1.105192658,-1.104973718,0.861136941,-0.861661823
0.1099,-1.904979306,1.909324603,1.045040785,-1.044903703,0.8619507,-0.862408721
0.10995,-1.856612042,1.860947741,0.991114122,-0.991054643,0.867499827,-0.86789119
0.11,-1.818903009,1.823229131,0.946685829,-0.946700259,0.874210714,-0.874535337
0.11005,-1.791826954,1.79614352,0.912111796,-0.912196981,0.881702089,-0.881959608
0.1101,-1.77538577,1.779692802,0.884971432,-0.885124725,0.892396338,-0.892586076
0.11015,-1.769421947,1.773719465,0.862213807,-0.862432997,0.909186846,-0.909307763
0.1102,-1.773645644,1.777933669,0.84221243,-0.842495694,0.933410266,-0.933460923
0.11025,-1.78777914,1.792057695,0.82525737,-0.825603228,0.964498852,-0.964477385
0.1103,-1.811639738,1.815908841,0.812525289,-0.812932582,1.001093296,-1.000997413
0.11035,-1.84508962,1.849349294,0.804657164,-0.805125031,1.04241487,-1.042241849
0.1104,-1.887926653,1.892176918,0.801076254,-0.801604106,1.088838268,-1.088584944
0.11045,-1.939834335,1.944075212,0.800368224,-0.800955698,1.141461438,-1.141124186
0.1105,-2.000435939,2.004667448,0.801197121,-0.801844039,1.201243758,-1.200818468
0.11055,-2.06939373,2.073615892,0.802959488,-0.80366582,1.268451125,-1.267933188
0.1106,-2.146457356,2.150670192,0.805749164,-0.80651499,1.342739546,-1.342123848
0.11065,-2.231421074,2.235624604,0.809810051,-0.810635541,1.423659584,-1.422940501
0.1107,-2.324036197,2.328230443,0.815001561,-0.815886948,1.511103369,-1.510274763
0.11075,-2.423961724,2.428146705,0.820684822,-0.82163037,1.605369009,-1.604424228
0.1108,-2.53079512,2.534970857,0.826033201,-0.827039174,1.706880867,-1.705812735
0.11085,-2.644150169,2.648316682,0.830438678,-0.831505309,1.815861027,-1.814661838
0.1109,-2.763709059,2.767866368,0.833670662,-0.834798124,1.932222561,-1.930884079
0.11095,-2.889204838,2.893352964,0.835705407,-0.836893789,2.055722572,-2.054236035
0.111,-2.961534163,2.965673126,0.822661294,-0.82391083,2.134515231,-2.132907386
0.11105,-2.948279966,2.952409786,0.775848275,-0.777156361,2.174697156,-2.173011283
0.1111,-2.946763217,2.950883914,0.747201956,-0.748566093,2.201766224,-2.200001481
0.11115,-2.954324069,2.958435664,0.733306125,-0.734724094,2.223231447,-2.221386913
0.1112,-2.966568126,2.970670638,0.718247017,-0.719716761,2.250544604,-2.248619236
0.11125,-2.893200389,2.897245583,0.672254925,-0.673773915,2.2297628,-2.227755736
0.1113,-2.722045671,2.725975202,0.599002001,-0.600565417,2.125202236,-2.12311675
0.11135,-2.556036517,2.559857061,0.526690281,-0.528292844,2.031535285,-2.029375399
0.1114,-2.40103557,2.404753399,0.461535467,-0.463172315,1.941655837,-1.939425358
0.11145,-2.258473152,2.262094116,0.407741897,-0.40940862,1.852857105,-1.850559646
0.1115,-2.127690191,2.131219729,0.363089369,-0.364782002,1.766699783,-1.764338767
0.11155,-2.006832077,2.010275227,0.322360808,-0.324075764,1.686546047,-1.684124686
0.1116,-1.894491165,1.897852582,0.282082838,-0.283816835,1.6144614,-1.611982674
0.11165,-1.790558944,1.793842911,0.242462217,-0.244212241,1.550130372,-1.547597025
0.1117,-1.69582719,1.699037624,0.20590407,-0.207667365,1.491939421,-1.489353958
0.11175,-1.610987493,1.614127948,0.174304903,-0.176078973,1.438683435,-1.43604813
0.1118,-1.535960729,1.539034403,0.147532015,-0.149314611,1.390415806,-1.3877327
0.11185,-1.469975992,1.472985737,0.123855039,-0.125644126,1.348095834,-1.34536673
0.1119,-1.412141605,1.415089941,0.101423887,-0.103217608,1.312681798,-1.309908254
0.11195,-1.361957544,1.36484667,0.079409104,-0.081205739,1.284503024,-1.281686346
0.112,-1.319409107,1.322240911,0.058085685,-0.059883627,1.263269732,-1.260410973
0.11205,-1.284680938,1.287457005,0.038109222,-0.039906966,1.248510897,-1.245610857
0.1121,-1.257793762,1.260515385,0.019728734,-0.021524855,1.239998165,-1.237057392
0.11215,-1.238443285,1.241111471,0.002506889,-0.004300026,1.237864525,-1.234883315
0.1122,-1.226105927,1.228721412,-0.014416038,0.012594636,1.242429303,-1.239407695
0.11225,-1.220275304,1.222838563,-0.031756921,0.02994122,1.253937109,-1.250874889
0.1123,-1.220618415,1.223129675,-0.049906486,0.048097819,1.272427851,-1.269324544
0.11235,-1.226985229,1.229444478,-0.06887859,0.067078327,1.297765873,-1.294620751
0.1124,-1.239276994,1.241683991,-0.088602548,0.086812115,1.329781784,-1.326593864
0.11245,-1.257308208,1.259662497,-0.109176193,0.107397085,1.368387969,-1.365156014
0.1125,-1.280759755,1.283060673,-0.130931665,0.129165468,1.41359752,-1.410320042
0.11255,-1.309236184,1.311482872,-0.154315298,0.152563707,1.4654614,-1.462136661
0.1126,-1.342364379,1.344555795,-0.179710783,0.177975622,1.523990281,-1.520616297
0.11265,-1.379855109,1.38199004,-0.207342593,0.205625832,1.589119518,-1.585694057
0.1127,-1.421491681,1.42356875,-0.237308043,0.235611814,1.660729849,-1.657250439
0.11275,-1.467069238,1.469086922,-0.269684898,0.26801151,1.738694319,-1.735158249
0.1128,-1.516339051,1.518295683,-0.304620291,0.30297224,1.82291147,-1.819315795
0.11285,-1.568997853,1.570891638,-0.342341142,0.340721129,1.913305109,-1.909646653
0.1129,-1.624721657,1.626550683,-0.383095966,0.381506906,2.009799926,-2.006075286
0.11295,-1.683210632,1.684972878,-0.427085736,0.425530775,2.112297233,-2.108502787
0.113,-1.74420942,1.745902769,-0.474437475,0.472919996,2.220668876,-2.216800783
0.11305,-1.807492266,1.809114512,-0.525231329,0.523754964,2.334769431,-2.33082364
0.1131,-1.872831228,1.874380091,-0.579549285,0.578117925,2.454453138,-2.45042539
0.11315,-1.93997584,1.941448969,-0.637503389,0.63612119,2.579581776,-2.575467612
0.1132,-2.008658735,2.010053724,-0.699225479,0.69789687,2.71002002,-2.705814789
0.11325,-2.078618441,2.079932833,-0.764834402,0.763564093,2.845625455,-2.841324315
0.1133,-2.149617851,2.150849152,-0.834411898,0.833204886,2.986242929,-2.981840857
0.11335,-2.22144385,2.222589533,-0.908005548,0.90686712,3.131707128,-3.127198924
0.1134,-2.236113577,2.237171449,-0.959816333,0.958751567,3.191603358,-3.18703702
0.11345,-2.165941492,2.166913394,-0.979092828,0.978103717,3.147315503,-3.142759251
0.1135,-2.107219851,2.108108335,-0.995009141,0.994096733,3.104434436,-3.099888249
0.11355,-2.056856778,2.057664164,-1.007854895,1.007020269,3.066910549,-3.062374404
0.1136,-1.964505012,1.965201371,-1.006881443,1.006125977,2.980170665,-2.975644541
0.11365,-1.84547024,1.846020713,-0.971456956,0.970778991,2.819054279,-2.814538153
0.1137,-1.716947488,1.717362339,-0.956018446,0.955416319,2.675125487,-2.670619336
0.11375,-1.587952155,1.588240972,-0.954550372,0.954022658,2.544631181,-2.540134984
0.1138,-1.471907838,1.472079443,-0.95068624,0.95023165,2.424695718,-2.420209452
0.11385,-1.376340275,1.376402633,-0.935888138,0.935505404,2.314306403,-2.309830047
0.1139,-1.298113692,1.298073919,-0.914182934,0.913870809,2.214353911,-2.209887443
0.11395,-1.228512279,1.228376731,-0.895542112,0.895299474,2.126093599,-2.121636996
0.114,-1.161230181,1.161004575,-0.886681693,0.886507661,2.049935434,-2.045488676
0.11405,-1.09624035,1.095929826,-0.887166058,0.887060052,1.985416611,-1.980979675
0.1141,-1.037772219,1.037381354,-0.892104213,0.892065947,1.931875435,-1.927448299
0.11415,-0.989614405,0.989147197,-0.897375745,0.8974052,1.888979952,-1.884562595
0.1142,-0.952025284,0.951485165,-0.902732356,0.902829777,1.856740091,-1.852332491
0.11425,-0.922105624,0.921495506,-0.911122521,0.911288453,1.835204985,-1.83080712
0.1143,-0.896415188,0.895737525,-0.92584829,0.926083631,1.824236392,-1.819848242
0.11435,-0.873309726,0.872566577,-0.948258971,0.948565015,1.823539373,-1.819160916
0.1144,-0.853357505,0.852550571,-0.977503914,0.977882371,1.832831574,-1.828462787
0.11445,-0.838023748,0.837154391,-1.011943772,1.012396771,1.851938909,-1.847579773
0.1145,-0.828023174,0.827092441,-1.050739823,1.051269913,1.88073743,-1.876387922
0.11455,-0.822630553,0.821639201,-1.094420607,1.095030769,1.919030516,-1.914690615
0.1146,-0.820225083,0.819173626,-1.144285342,1.144979011,1.966496689,-1.962166374
0.11465,-0.819376914,0.818265667,-1.201382383,1.202163473,2.022754593,-2.018433844
0.1147,-0.819546101,0.81837522,-1.265920422,1.266793341,2.087473145,-2.08316194
0.11475,-0.820960183,0.819729696,-1.337438264,1.338407923,2.160418874,-2.156117192
0.1148,-0.823944149,0.82265398,-1.41542025,1.416492063,2.241401312,-2.237109131
0.11485,-0.828330739,0.826980735,-1.499787823,1.50096771,2.330174854,-2.325892154
0.1149,-0.833388068,0.831978029,-1.590923358,1.592217755,2.426390225,-2.422116986
0.11495,-0.838215217,0.83674493,-1.689316354,1.690732214,2.529636258,-2.525372457
0.115,-0.84220036,0.840669632,-1.795193503,1.796738308,2.639528092,-2.63527371
0.11505,-0.845162881,0.843571567,-1.908428836,1.910110599,2.755759434,-2.751514449
0.1151,-0.847124975,0.845472999,-2.028745098,2.030572354,2.878075517,-2.873839909
0.11515,-0.84797179,0.84625917,-2.15597978,2.15796159,3.006199291,-3.001973039
0.1152,-0.833891222,0.832117839,-2.237858797,2.239966976,3.080632149,-3.076415234
0.11525,-0.786523319,0.784691836,-2.280001305,2.28219044,3.068795589,-3.064587989
0.1153,-0.757306104,0.755419075,-2.309111325,2.311382339,3.068764262,-3.064565956
0.11535,-0.742643627,0.740703331,-2.332787299,2.335141187,3.077787815,-3.073598783
0.1154,-0.706438572,0.704447603,-2.301883054,2.304320577,3.004059095,-2.999929309
0.11545,-0.639250899,0.637214138,-2.189944548,2.192462323,2.831508163,-2.827498213
0.1155,-0.563428908,0.56135177,-2.095571311,2.09816524,2.661206969,-2.65731003
0.11555,-0.489012576,0.486900141,-2.008792022,2.011458249,2.499976671,-2.49618631
0.1156,-0.427816592,0.425673503,-1.921729121,1.924463988,2.351686502,-2.347996703
0.11565,-0.381537022,0.379367431,-1.833484387,1.836284412,2.217134042,-2.21353921
0.1157,-0.343106468,0.340914086,-1.748788114,1.751650007,2.093981861,-2.090476814
0.11575,-0.304671077,0.302459282,-1.672563681,1.675484374,1.979299235,-1.97587918
0.1158,-0.263761825,0.261533741,-1.606112602,1.609089273,1.871918463,-1.868578978
0.11585,-0.223394572,0.221153088,-1.54734551,1.550375581,1.772765862,-1.76950289
0.1159,-0.187915293,0.185663046,-1.493524195,1.496605323,1.683449008,-1.68025885
0.11595,-0.159071367,0.156810733,-1.443607997,1.446738069,1.604674423,-1.601553742
0.116,-0.13519488,0.132927989,-1.398581121,1.401758254,1.535758216,-1.532704028
0.11605,-0.113162595,0.110891386,-1.360175718,1.363398271,1.475309155,-1.472318814
0.1161,-0.090860466,0.088586729,-1.329443756,1.332710338,1.422265053,-1.419336236
0.11615,-0.068209628,0.065935044,-1.306260372,1.309569848,1.376422098,-1.373552794
0.1162,-0.046434801,0.04416095,-1.289817682,1.293169171,1.338197051,-1.335385553
0.11625,-0.026607041,0.024335418,-1.279445466,1.282838339,1.307990684,-1.30523558
0.1163,-0.008704121,0.006436145,-1.275077427,1.278511305,1.285714416,-1.283014582
0.11635,0.008318539,-0.010554434,-1.277151902,1.28062666,1.270773471,-1.268128062
0.1164,0.025641048,-0.027870635,-1.286149833,1.289665599,1.262447625,-1.259856059
0.11645,0.044020691,-0.046242608,-1.302292626,1.305849788,1.260208585,-1.257670531
0.1165,0.063499834,-0.065712686,-1.325446709,1.32904591,1.263882365,-1.261397734
0.11655,0.083770059,-0.085972399,-1.355324271,1.35896641,1.273489644,-1.271058578
0.1166,0.10466408,-0.1068544,-1.391717921,1.395404149,1.288990365,-1.286613224
0.11665,0.126417872,-0.128594581,-1.434605803,1.438337523,1.310126758,-1.307804115
0.1167,0.149576829,-0.151738234,-1.484090427,1.487869291,1.336456014,-1.33418864
0.11675,0.174700203,-0.176844491,-1.540260944,1.544088851,1.367508123,-1.365296977
0.1168,0.202121331,-0.204246547,-1.603096667,1.606975764,1.402929169,-1.400775383
0.11685,0.231919938,-0.234023969,-1.67246827,1.676400946,1.442510218,-1.440415091
0.1169,0.264075876,-0.26615644,-1.748209197,1.752198078,1.486104988,-1.484069971
0.11695,0.298651419,-0.300706047,-1.830187643,1.834235592,1.533519541,-1.531546228
0.117,0.335863277,-0.337889306,-1.918327582,1.922437695,1.584461287,-1.582551407
0.11705,0.376016329,-0.378010885,-2.012577424,2.01675302,1.638573915,-1.636729316
0.1171,0.419378591,-0.421338576,-2.112863275,2.117107898,1.695515681,-1.693738325
0.11715,0.466103735,-0.468025815,-2.219065657,2.22338307,1.755013615,-1.753305562
0.1172,0.516249645,-0.518130243,-2.331031296,2.335425472,1.816856739,-1.815220141
0.11725,0.569858523,-0.571693805,-2.448602313,2.453077435,1.880845166,-1.879282254
0.1173,0.627023339,-0.628809212,-2.571636284,2.576196736,1.946743696,-1.945256773
0.11735,0.687890911,-0.68962301,-2.700004204,2.704654565,2.014276709,-2.012868139
0.1174,0.752611947,-0.754285632,-2.833573922,2.838318961,2.083161553,-2.081833751
0.11745,0.821289533,-0.82289988,-2.972196402,2.977041073,2.153146319,-2.151901743
0.1175,0.89396932,-0.895511117,-3.115705697,3.120655132,2.224019625,-2.222860767
0.11755,0.945122486,-0.946590727,-3.173861192,3.178867534,2.23764952,-2.236578541
0.1176,0.964162852,-0.965555582,-3.128126537,3.133121821,2.166245791,-2.16526081
0.11765,0.97966923,-0.98098543,-3.083762796,3.088747045,2.106434067,-2.10553249
0.1177,0.992005968,-0.993244596,-3.044746267,3.049719506,2.055073446,-2.054252916
0.11775,0.990603514,-0.991763229,-2.956365653,2.961327907,1.961467531,-1.960757883
0.1178,0.954916062,-0.955998554,-2.793335762,2.798287054,1.840703371,-1.840139296
0.11785,0.939200582,-0.940207546,-2.647571549,2.652511905,1.710551985,-1.71012311
0.1179,0.937295834,-0.938228732,-2.515273132,2.520202575,1.58012725,-1.579823883
0.11795,0.932771615,-0.933631782,-2.393507012,2.398425566,1.462857977,-1.462671204
0.118,0.917178364,-0.91796712,-2.281249979,2.286157668,1.366170198,-1.366091964
0.11805,0.894679608,-0.895398257,-2.179425152,2.184322002,1.286823089,-1.2868462
0.1181,0.875295786,-0.875945514,-2.089325197,2.09421123,1.216088552,-1.216206575
0.11815,0.865676092,-0.866257845,-2.011374878,2.016250118,1.147741953,-1.147949105
0.1182,0.865285172,-0.865799602,-1.945103432,1.949967904,1.081847742,-1.082138819
0.11825,0.869193644,-0.869641114,-1.889834257,1.894687984,1.022658555,-1.023028929
0.1183,0.873324972,-0.873705584,-1.845228154,1.85007116,0.973911566,-0.974357192
0.11835,0.877504694,-0.877818289,-1.81129979,1.816132099,0.935795749,-0.936313156
0.1184,0.884721458,-0.884967581,-1.788110404,1.792932039,0.905383579,-0.905969824
0.11845,0.898263903,-0.898441751,-1.775533804,1.780344789,0.879260168,-0.879912772
0.1185,0.919442572,-0.919550947,-1.77328178,1.778082138,0.855826757,-0.856543641
0.11855,0.947383298,-0.947420591,-1.781072309,1.785862064,0.835675515,-0.836454968
0.1186,0.980455705,-0.98041989,-1.798728089,1.803507265,0.820259552,-0.821100207
0.11865,1.017849319,-1.017737954,-1.82612297,1.830891589,0.810263237,-0.81116405
0.1187,1.060115783,-1.059925995,-1.863062346,1.867820432,0.804940389,-0.805900611
0.11875,1.108559394,-1.108287858,-1.909230694,1.91397827,0.80267129,-0.803690422
0.1188,1.164221177,-1.16386409,-1.964253286,1.968990375,0.802040322,-0.803118072
0.11885,1.227304039,-1.226857106,-2.027802748,2.032529374,0.802517369,-0.803653607
0.1189,1.297350709,-1.296809134,-2.099645382,2.104361568,0.804326187,-0.80552092
0.11895,1.373856347,-1.37321483,-2.179588718,2.184294486,0.807779344,-0.809032685
0.119,1.456752087,-1.456004821,-2.2673866,2.272081974,0.812699758,-0.814011906
0.11905,1.54642444,-1.545565107,-2.36269202,2.367377023,0.818354146,-0.81972535
0.1191,1.643363775,-1.642385534,-2.465097369,2.469772023,0.823844777,-0.825275305
0.11915,1.747799351,-1.746694833,-2.574219891,2.578884219,0.828559911,-0.830050016
0.1192,1.859611264,-1.858372571,-2.689752694,2.694406719,0.832312843,-0.833862734
0.11925,1.978529111,-1.977147816,-2.811439039,2.816082783,0.835117538,-0.836727357
0.1193,2.104394488,-2.102861643,-2.939000896,2.943634383,0.836854672,-0.838524476
0.11935,2.185182308,-2.183525309,-3.01305888,3.017682132,0.823545433,-0.825275412
0.1194,2.226733803,-2.224996934,-3.001075024,3.005688063,0.776634066,-0.778421607
0.11945,2.25524184,-2.253424205,-3.000857256,3.005460105,0.747848673,-0.749691266
0.1195,2.278245632,-2.276346261,-3.009699752,3.014292434,0.733696864,-0.735592275
0.11955,2.24667083,-2.244688988,-2.935786973,2.940320567,0.697951722,-0.699897404
0.1196,2.134159842,-2.132098931,-2.762971687,2.767386984,0.63098717,-0.63297826
0.11965,2.039208459,-2.037072598,-2.592476844,2.596780682,0.5554728,-0.557503899
0.1197,1.951930128,-1.949723192,-2.431036311,2.435235132,0.481276042,-0.483342089
0.11975,1.864434917,-1.862160584,-2.282472929,2.286572759,0.420176907,-0.42227328
0.1198,1.775712396,-1.773374171,-2.14763258,2.151639023,0.374031233,-0.376153803
0.11985,1.69039456,-1.687995754,-2.024265138,2.028183384,0.335956561,-0.338101647
0.1199,1.613419044,-1.610962747,-1.909474965,1.913309813,0.298119366,-0.300283621
0.11995,1.546197629,-1.543686688,-1.802046868,1.805802745,0.257892478,-0.260072818
0.12,1.486743455,-1.484180474,-1.702829985,1.706510952,0.218111716,-0.220305293
0.12005,1.432327886,-1.42971523,-1.613400506,1.617010264,0.183081718,-0.185285936
0.1201,1.38183252,-1.379172328,-1.534505045,1.538046931,0.154667299,-0.156879829
0.12015,1.336154263,-1.333448441,-1.465530914,1.469007914,0.131358684,-0.133577441
0.1202,1.297001763,-1.294251978,-1.40512659,1.40854135,0.11009555,-0.112318649
0.12025,1.265477323,-1.262684992,-1.352209268,1.355564106,0.088692677,-0.090918383
0.1203,1.2415306,-1.238696883,-1.306518689,1.309815611,0.066940061,-0.069166755
0.12035,1.22439316,-1.221518963,-1.268429865,1.271670574,0.045981078,-0.048207238
0.1204,1.213377662,-1.210463639,-1.238348678,1.241534578,0.02690888,-0.029133076
0.12045,1.208369301,-1.205415856,-1.216229333,1.219361539,0.009792419,-0.012013296
0.1205,1.209762227,-1.206769508,-1.201528251,1.204607599,-0.006305221,0.004097987
0.12055,1.21806464,-1.215032543,-1.193510117,1.196537178,-0.022625676,0.020424323
0.1206,1.233508177,-1.230436338,-1.191644013,1.194619103,-0.039937789,0.037743607
0.12065,1.255996282,-1.25288408,-1.195717837,1.198641031,-0.058353592,0.056167902
0.1207,1.285255956,-1.282102515,-1.205731978,1.208603119,-0.077599601,0.075423773
0.12075,1.321070137,-1.317874326,-1.22165426,1.224472968,-0.097490884,0.09532635
0.1208,1.363396345,-1.360156782,-1.243253114,1.246018798,-0.118216471,0.116064744
0.12085,1.412324293,-1.409039345,-1.27010768,1.272819549,-0.140286858,0.138149551
0.1209,1.467947361,-1.464615148,-1.301749255,1.304406328,-0.164264041,0.162142886
0.12095,1.530260859,-1.526879252,-1.337806044,1.340407164,-0.190515016,0.188411886
0.121,1.599150267,-1.595716895,-1.378047936,1.380591781,-0.21915526,0.217072185
0.12105,1.674453121,-1.670965371,-1.422320402,1.424805494,-0.250176707,0.248115888
0.1211,1.756031301,-1.752486325,-1.470438212,1.472862929,-0.283626331,0.281590153
0.12115,1.843800033,-1.840194749,-1.522124667,1.524487253,-0.319695909,0.317686953
0.1212,1.937704653,-1.934035753,-1.577032326,1.579330901,-0.358678061,0.356699117
0.12125,2.037675919,-2.03393987,-1.634814417,1.63704699,-0.40085015,0.398904233
0.1213,2.143602328,-2.139795378,-1.695184081,1.697348558,-0.446387353,0.444477714
0.12135,2.255335718,-2.251453899,-1.757919075,1.760013272,-0.495363567,0.493493702
0.1214,2.372717717,-2.368756856,-1.822818698,1.82484035,-0.547820933,0.545994593
0.12145,2.495602002,-2.49155772,-1.88965552,1.891602288,-0.603840358,0.602061556
0.1215,2.623856664,-2.619724385,-1.958161405,1.96003089,-0.663557866,0.661830887
0.12155,2.757350227,-2.753125186,-2.028053346,2.029843096,-0.727124783,0.725454188
0.1216,2.895936889,-2.891614132,-2.099071371,2.100778889,-0.794655063,0.793045698
0.12165,3.039453431,-3.035027829,-2.170995171,2.172617929,-0.866205579,0.864662581
0.1217,3.097687796,-3.093205869,-2.18558924,2.187125037,-0.916431818,0.914960118
0.12175,3.052133319,-3.047661293,-2.114944307,2.116394993,-0.934915238,0.933516751
0.1218,3.007951077,-3.003488929,-2.055867331,2.057235471,-0.949886436,0.948562144
0.12185,2.969101726,-2.964649435,-2.005292695,2.006580619,-0.961619045,0.960369955
0.1219,2.936642701,-2.932200245,-1.959118813,1.960328645,-0.975339726,0.974166906
0.12195,2.855735148,-2.851302505,-1.868861297,1.8699645,-0.978102789,0.977007664
0.122,2.7005811,-2.696158249,-1.753420587,1.754384054,-0.945044123,0.944025053
0.12205,2.561933093,-2.557520011,-1.630762645,1.631596213,-0.929019344,0.92807467
0.1221,2.436395199,-2.431991865,-1.508933231,1.509646052,-0.925339744,0.924468027
0.12215,2.321585444,-2.317191836,-1.399327724,1.399928192,-0.920160709,0.919360654
0.1222,2.216648118,-2.212264215,-1.308457884,1.308953565,-0.906115261,0.905385622
0.12225,2.122288327,-2.117914107,-1.233777294,1.234174932,-0.886455312,0.885794895
0.1223,2.039517219,-2.035152662,-1.167822403,1.168128005,-0.86965586,0.869063614
0.12235,1.968660029,-1.964305113,-1.104973719,1.105192658,-0.861661823,0.861136942
0.1224,1.909324604,-1.904979307,-1.044903703,1.045040786,-0.862408721,0.8619507
0.12245,1.860947742,-1.856612043,-0.991054644,0.991114122,-0.86789119,0.867499828
0.1225,1.823229132,-1.81890301,-0.946700259,0.94668583,-0.874535338,0.874210715
0.12255,1.796143521,-1.791826955,-0.912196982,0.912111796,-0.881959609,0.881702089
0.1226,1.779692803,-1.775385771,-0.885124725,0.884971433,-0.892586077,0.892396339
0.12265,1.773719466,-1.769421948,-0.862432998,0.862213807,-0.909307764,0.909186846
0.1227,1.77793367,-1.773645644,-0.842495695,0.84221243,-0.933460923,0.933410267
0.12275,1.792057695,-1.787779141,-0.825603228,0.82525737,-0.964477385,0.964498853
0.1228,1.815908842,-1.811639739,-0.812932582,0.812525289,-1.000997413,1.001093296
0.12285,1.849349294,-1.845089621,-0.805125032,0.804657164,-1.042241849,1.04241487
0.1229,1.892176919,-1.887926654,-0.801604106,0.801076254,-1.088584944,1.088838268
0.12295,1.944075213,-1.939834336,-0.800955698,0.800368225,-1.141124186,1.141461439
0.123,2.004667449,-2.000435939,-0.80184404,0.801197121,-1.200818469,1.201243759
0.12305,2.073615893,-2.06939373,-0.80366582,0.802959489,-1.267933189,1.268451125
0.1231,2.150670193,-2.146457357,-0.80651499,0.805749164,-1.342123849,1.342739547
0.12315,2.235624605,-2.231421074,-0.810635542,0.809810051,-1.422940501,1.423659585
0.1232,2.328230444,-2.324036198,-0.815886948,0.815001561,-1.510274763,1.511103369
0.12325,2.428146706,-2.423961725,-0.82163037,0.820684823,-1.604424228,1.605369009
0.1233,2.534970858,-2.530795121,-0.827039174,0.826033201,-1.705812736,1.706880868
0.12335,2.648316683,-2.64415017,-0.831505309,0.830438678,-1.814661838,1.815861028
0.1234,2.767866369,-2.763709059,-0.834798124,0.833670663,-1.93088408,1.932222561
0.12345,2.893352965,-2.889204839,-0.836893789,0.835705407,-2.054236036,2.055722572
0.1235,2.965673127,-2.961534164,-0.82391083,0.822661294,-2.132907386,2.134515231
0.12355,2.952409787,-2.948279967,-0.777156361,0.775848275,-2.173011284,2.174697156
0.1236,2.950883915,-2.946763218,-0.748566093,0.747201956,-2.200001481,2.201766225
0.12365,2.958435665,-2.95432407,-0.734724095,0.733306125,-2.221386914,2.223231447
0.1237,2.970670639,-2.966568126,-0.719716761,0.718247017,-2.248619237,2.250544605
0.12375,2.897245584,-2.89320039,-0.673773915,0.672254925,-2.227755736,2.229762801
0.1238,2.725975203,-2.722045672,-0.600565417,0.599002001,-2.123116751,2.125202237
0.12385,2.559857062,-2.556036517,-0.528292844,0.526690281,-2.029375399,2.031535285
0.1239,2.404753399,-2.401035571,-0.463172315,0.461535467,-1.939425359,1.941655838
0.12395,2.262094117,-2.258473153,-0.409408621,0.407741897,-1.850559647,1.852857106
0.124,2.13121973,-2.127690192,-0.364782003,0.363089369,-1.764338767,1.766699783
0.12405,2.010275228,-2.006832078,-0.324075764,0.322360808,-1.684124686,1.686546048
0.1241,1.897852583,-1.894491165,-0.283816835,0.282082838,-1.611982674,1.6144614
0.12415,1.793842912,-1.790558945,-0.244212241,0.242462217,-1.547597025,1.550130373
0.1242,1.699037625,-1.695827191,-0.207667365,0.20590407,-1.489353959,1.491939422
0.12425,1.614127949,-1.610987494,-0.176078973,0.174304903,-1.436048131,1.438683436
0.1243,1.539034403,-1.53596073,-0.149314611,0.147532015,-1.387732701,1.390415806
0.12435,1.472985738,-1.469975992,-0.125644127,0.123855039,-1.345366731,1.348095834
0.1244,1.415089942,-1.412141605,-0.103217608,0.101423887,-1.309908255,1.312681798
0.12445,1.364846671,-1.361957544,-0.081205739,0.079409104,-1.281686347,1.284503025
0.1245,1.322240912,-1.319409108,-0.059883627,0.058085685,-1.260410974,1.263269733
0.12455,1.287457005,-1.284680938,-0.039906966,0.038109222,-1.245610857,1.248510897
0.1246,1.260515385,-1.257793763,-0.021524855,0.019728734,-1.237057393,1.239998166
0.12465,1.241111471,-1.238443285,-0.004300026,0.002506889,-1.234883316,1.237864526
0.1247,1.228721413,-1.226105928,0.012594636,-0.014416038,-1.239407696,1.242429303
0.12475,1.222838563,-1.220275304,0.02994122,-0.031756922,-1.250874889,1.25393711
0.1248,1.223129675,-1.220618416,0.048097819,-0.049906486,-1.269324545,1.272427851
0.12485,1.229444478,-1.22698523,0.067078327,-0.06887859,-1.294620752,1.297765873
0.1249,1.241683992,-1.239276994,0.086812115,-0.088602548,-1.326593865,1.329781785
0.12495,1.259662498,-1.257308208,0.107397085,-0.109176193,-1.365156014,1.368387969
0.125,1.283060673,-1.280759755,0.129165468,-0.130931665,-1.410320042,1.41359752
0.12505,1.311482872,-1.309236184,0.152563707,-0.154315298,-1.462136662,1.4654614
0.1251,1.344555796,-1.342364379,0.177975622,-0.179710783,-1.520616297,1.523990282
0.12515,1.38199004,-1.37985511,0.205625832,-0.207342593,-1.585694057,1.589119518
0.1252,1.423568751,-1.421491681,0.235611814,-0.237308043,-1.657250439,1.660729849
0.12525,1.469086922,-1.467069239,0.26801151,-0.269684899,-1.73515825,1.73869432
0.1253,1.518295683,-1.516339052,0.30297224,-0.304620291,-1.819315795,1.822911471
0.12535,1.570891638,-1.568997853,0.340721129,-0.342341142,-1.909646653,1.91330511
0.1254,1.626550683,-1.624721657,0.381506907,-0.383095966,-2.006075287,2.009799926
0.12545,1.684972878,-1.683210632,0.425530775,-0.427085736,-2.108502788,2.112297234
0.1255,1.745902769,-1.74420942,0.472919996,-0.474437476,-2.216800784,2.220668877
0.12555,1.809114513,-1.807492266,0.523754964,-0.525231329,-2.33082364,2.334769432
0.1256,1.874380091,-1.872831228,0.578117925,-0.579549285,-2.45042539,2.454453139
0.12565,1.94144897,-1.939975841,0.63612119,-0.637503389,-2.575467613,2.579581776
0.1257,2.010053724,-2.008658736,0.697896871,-0.699225479,-2.705814789,2.710020021
0.12575,2.079932834,-2.078618442,0.763564094,-0.764834402,-2.841324315,2.845625455
0.1258,2.150849152,-2.149617851,0.833204886,-0.834411898,-2.981840857,2.98624293
0.12585,2.222589534,-2.22144385,0.90686712,-0.908005549,-3.127198924,3.131707128
0.1259,2.23717145,-2.236113577,0.958751567,-0.959816333,-3.18703702,3.191603359
0.12595,2.166913394,-2.165941492,0.978103717,-0.979092828,-3.142759251,3.147315503
0.126,2.108108335,-2.107219852,0.994096733,-0.995009141,-3.099888249,3.104434436
0.12605,2.057664164,-2.056856778,1.007020269,-1.007854895,-3.062374404,3.066910549
0.1261,1.965201371,-1.964505012,1.006125978,-1.006881443,-2.975644541,2.980170666
0.12615,1.846020713,-1.84547024,0.970778992,-0.971456956,-2.814538153,2.81905428
0.1262,1.717362339,-1.716947488,0.955416319,-0.956018446,-2.670619336,2.675125487
0.12625,1.588240972,-1.587952155,0.954022659,-0.954550372,-2.540134984,2.544631182
0.1263,1.472079443,-1.471907838,0.95023165,-0.95068624,-2.420209453,2.424695719
0.12635,1.376402634,-1.376340275,0.935505404,-0.935888138,-2.309830048,2.314306404
0.1264,1.298073919,-1.298113692,0.913870809,-0.914182934,-2.209887443,2.214353912
0.12645,1.228376731,-1.228512279,0.895299474,-0.895542112,-2.121636997,2.126093599
0.1265,1.161004575,-1.161230181,0.886507662,-0.886681693,-2.045488676,2.049935435
0.12655,1.095929826,-1.09624035,0.887060052,-0.887166058,-1.980979675,1.985416612
0.1266,1.037381354,-1.037772219,0.892065947,-0.892104213,-1.927448299,1.931875435
0.12665,0.989147197,-0.989614405,0.8974052,-0.897375746,-1.884562595,1.888979953
0.1267,0.951485166,-0.952025284,0.902829777,-0.902732356,-1.852332492,1.856740091
0.12675,0.921495506,-0.922105624,0.911288454,-0.911122522,-1.830807121,1.835204985
0.1268,0.895737525,-0.896415188,0.926083631,-0.92584829,-1.819848242,1.824236392
0.12685,0.872566577,-0.873309726,0.948565015,-0.948258971,-1.819160916,1.823539374
0.1269,0.852550571,-0.853357505,0.977882372,-0.977503914,-1.828462788,1.832831574
0.12695,0.837154391,-0.838023748,1.012396771,-1.011943772,-1.847579774,1.85193891
0.127,0.827092441,-0.828023175,1.051269913,-1.050739823,-1.876387922,1.88073743
0.12705,0.821639202,-0.822630553,1.095030769,-1.094420608,-1.914690616,1.919030516
0.1271,0.819173626,-0.820225083,1.144979012,-1.144285343,-1.962166375,1.966496689
0.12715,0.818265667,-0.819376914,1.202163473,-1.201382383,-2.018433844,2.022754593
0.1272,0.81837522,-0.819546101,1.266793341,-1.265920422,-2.08316194,2.087473145
0.12725,0.819729696,-0.820960183,1.338407923,-1.337438264,-2.156117192,2.160418874
0.1273,0.82265398,-0.823944149,1.416492063,-1.415420251,-2.237109131,2.241401312
0.12735,0.826980735,-0.828330739,1.500967711,-1.499787823,-2.325892154,2.330174854
0.1274,0.831978029,-0.833388068,1.592217755,-1.590923359,-2.422116986,2.426390226
0.12745,0.83674493,-0.838215217,1.690732214,-1.689316354,-2.525372457,2.529636258
0.1275,0.840669632,-0.84220036,1.796738308,-1.795193503,-2.63527371,2.639528093
0.12755,0.843571567,-0.845162881,1.910110599,-1.908428837,-2.751514449,2.755759434
0.1276,0.845472999,-0.847124975,2.030572354,-2.028745098,-2.873839909,2.878075517
0.12765,0.84625917,-0.84797179,2.15796159,-2.15597978,-3.001973039,3.006199291
0.1277,0.832117839,-0.833891222,2.239966976,-2.237858798,-3.076415234,3.08063215
0.12775,0.784691836,-0.786523319,2.28219044,-2.280001305,-3.064587989,3.06879559
0.1278,0.755419075,-0.757306104,2.311382339,-2.309111326,-3.064565957,3.068764263
0.12785,0.740703332,-0.742643627,2.335141187,-2.332787299,-3.073598783,3.077787815
0.1279,0.704447603,-0.706438573,2.304320577,-2.301883055,-2.999929309,3.004059095
0.12795,0.637214138,-0.639250899,2.192462324,-2.189944548,-2.827498214,2.831508163
0.128,0.56135177,-0.563428908,2.09816524,-2.095571311,-2.65731003,2.661206969
0.12805,0.486900141,-0.489012576,2.011458249,-2.008792023,-2.49618631,2.499976671
0.1281,0.425673503,-0.427816592,1.924463988,-1.921729121,-2.347996703,2.351686502
0.12815,0.379367431,-0.381537022,1.836284412,-1.833484387,-2.213539211,2.217134042
0.1282,0.340914086,-0.343106468,1.751650007,-1.748788114,-2.090476814,2.093981861
0.12825,0.302459283,-0.304671077,1.675484374,-1.672563681,-1.97587918,1.979299235
0.1283,0.261533741,-0.263761825,1.609089273,-1.606112602,-1.868578979,1.871918463
0.12835,0.221153088,-0.223394572,1.550375581,-1.547345511,-1.76950289,1.772765863
0.1284,0.185663047,-0.187915293,1.496605324,-1.493524195,-1.68025885,1.683449008
0.12845,0.156810733,-0.159071367,1.446738069,-1.443607997,-1.601553743,1.604674423
0.1285,0.132927989,-0.13519488,1.401758254,-1.398581121,-1.532704028,1.535758216
0.12855,0.110891386,-0.113162595,1.363398271,-1.360175718,-1.472318814,1.475309155
0.1286,0.088586729,-0.090860466,1.332710338,-1.329443756,-1.419336236,1.422265053
0.12865,0.065935044,-0.068209628,1.309569848,-1.306260372,-1.373552794,1.376422098
0.1287,0.04416095,-0.046434801,1.293169171,-1.289817682,-1.335385553,1.338197051
0.12875,0.024335418,-0.026607041,1.282838339,-1.279445466,-1.30523558,1.307990684
0.1288,0.006436145,-0.008704121,1.278511305,-1.275077427,-1.283014582,1.285714416
0.12885,-0.010554434,0.008318539,1.28062666,-1.277151902,-1.268128062,1.270773471
0.1289,-0.027870635,0.025641048,1.289665599,-1.286149833,-1.259856059,1.262447625
0.12895,-0.046242608,0.044020691,1.305849788,-1.302292626,-1.257670531,1.260208585
0.129,-0.065712686,0.063499834,1.32904591,-1.325446709,-1.261397734,1.263882365
0.12905,-0.085972399,0.083770059,1.35896641,-1.355324271,-1.271058578,1.273489644
0.1291,-0.1068544,0.10466408,1.395404149,-1.391717921,-1.286613224,1.288990365
0.12915,-0.128594581,0.126417872,1.438337523,-1.434605803,-1.307804115,1.310126758
0.1292,-0.151738234,0.149576829,1.487869291,-1.484090427,-1.33418864,1.336456014
0.12925,-0.176844491,0.174700203,1.544088851,-1.540260944,-1.365296977,1.367508123
0.1293,-0.204246547,0.202121331,1.606975764,-1.603096667,-1.400775383,1.402929169
0.12935,-0.234023969,0.231919938,1.676400945,-1.67246827,-1.44041509,1.442510218
0.1294,-0.26615644,0.264075876,1.752198078,-1.748209197,-1.484069971,1.486104988
0.12945,-0.300706047,0.298651419,1.834235592,-1.830187642,-1.531546228,1.533519541
0.1295,-0.337889306,0.335863277,1.922437695,-1.918327582,-1.582551407,1.584461287
0.12955,-0.378010884,0.376016329,2.01675302,-2.012577424,-1.636729316,1.638573915
0.1296,-0.421338576,0.419378591,2.117107898,-2.112863274,-1.693738324,1.695515681
0.12965,-0.468025815,0.466103734,2.22338307,-2.219065657,-1.753305562,1.755013615
0.1297,-0.518130242,0.516249645,2.335425472,-2.331031295,-1.815220141,1.816856739
0.12975,-0.571693804,0.569858522,2.453077435,-2.448602312,-1.879282254,1.880845166
0.1298,-0.628809212,0.627023339,2.576196736,-2.571636284,-1.945256773,1.946743696
0.12985,-0.68962301,0.687890911,2.704654565,-2.700004204,-2.012868139,2.014276709
0.1299,-0.754285632,0.752611947,2.838318961,-2.833573921,-2.081833751,2.083161553
0.12995,-0.82289988,0.821289533,2.977041073,-2.972196402,-2.151901743,2.153146319
0.13,-0.895511117,0.89396932,3.120655131,-3.115705697,-2.222860767,2.224019625
0.13005,-0.946590727,0.945122485,3.178867533,-3.173861191,-2.236578541,2.23764952
0.1301,-0.965555582,0.964162852,3.13312182,-3.128126537,-2.16526081,2.166245791
0.13015,-0.98098543,0.97966923,3.088747045,-3.083762796,-2.10553249,2.106434066
0.1302,-0.993244596,0.992005968,3.049719506,-3.044746267,-2.054252916,2.055073446
0.13025,-0.991763229,0.990603514,2.961327907,-2.956365653,-1.960757883,1.961467531
0.1303,-0.955998554,0.954916062,2.798287054,-2.793335762,-1.840139296,1.840703371
0.13035,-0.940207546,0.939200582,2.652511904,-2.647571549,-1.710123109,1.710551985
0.1304,-0.938228732,0.937295834,2.520202575,-2.515273132,-1.579823883,1.580127249
0.13045,-0.933631782,0.932771615,2.398425566,-2.393507011,-1.462671203,1.462857977
0.1305,-0.91796712,0.917178364,2.286157668,-2.281249978,-1.366091964,1.366170198
0.13055,-0.895398257,0.894679607,2.184322001,-2.179425152,-1.286846199,1.286823089
0.1306,-0.875945514,0.875295786,2.094211229,-2.089325196,-1.216206574,1.216088551
0.13065,-0.866257845,0.865676092,2.016250118,-2.011374877,-1.147949105,1.147741953
0.1307,-0.865799602,0.865285172,1.949967904,-1.945103432,-1.082138819,1.081847742
0.13075,-0.869641114,0.869193643,1.894687984,-1.889834257,-1.023028929,1.022658554
0.1308,-0.873705584,0.873324971,1.850071159,-1.845228153,-0.974357192,0.973911566
0.13085,-0.877818289,0.877504694,1.816132098,-1.811299789,-0.936313156,0.935795749
0.1309,-0.884967581,0.884721457,1.792932038,-1.788110403,-0.905969824,0.905383578
0.13095,-0.89844175,0.898263902,1.780344788,-1.775533804,-0.879912771,0.879260168
0.131,-0.919550947,0.919442572,1.778082137,-1.773281779,-0.856543641,0.855826757
0.13105,-0.947420591,0.947383298,1.785862063,-1.781072308,-0.836454968,0.835675515
0.1311,-0.98041989,0.980455704,1.803507264,-1.798728089,-0.821100206,0.820259552
0.13115,-1.017737954,1.017849318,1.830891589,-1.82612297,-0.81116405,0.810263237
0.1312,-1.059925995,1.060115782,1.867820431,-1.863062345,-0.80590061,0.804940389
0.13125,-1.108287857,1.108559393,1.913978269,-1.909230693,-0.803690422,0.80267129
0.1313,-1.16386409,1.164221176,1.968990375,-1.964253285,-0.803118072,0.802040322
0.13135,-1.226857106,1.227304038,2.032529373,-2.027802747,-0.803653607,0.802517369
0.1314,-1.296809134,1.297350708,2.104361567,-2.099645382,-0.80552092,0.804326187
0.13145,-1.373214829,1.373856346,2.184294486,-2.179588718,-0.809032685,0.807779343
0.1315,-1.456004821,1.456752087,2.272081973,-2.267386599,-0.814011906,0.812699758
0.13155,-1.545565106,1.546424439,2.367377022,-2.36269202,-0.81972535,0.818354146
0.1316,-1.642385533,1.643363775,2.469772022,-2.465097368,-0.825275305,0.823844777
0.13165,-1.746694832,1.74779935,2.578884219,-2.574219891,-0.830050016,0.828559911
0.1317,-1.858372571,1.859611264,2.694406718,-2.689752693,-0.833862734,0.832312843
0.13175,-1.977147816,1.97852911,2.816082783,-2.811439038,-0.836727357,0.835117537
0.1318,-2.102861642,2.104394487,2.943634382,-2.939000895,-0.838524476,0.836854672
0.13185,-2.183525309,2.185182308,3.017682131,-3.013058879,-0.825275412,0.823545433
0.1319,-2.224996933,2.226733803,3.005688062,-3.001075023,-0.778421607,0.776634066
0.13195,-2.253424204,2.255241839,3.005460104,-3.000857255,-0.749691266,0.747848673
0.132,-2.27634626,2.278245632,3.014292433,-3.009699751,-0.735592274,0.733696864
0.13205,-2.244688987,2.246670829,2.940320567,-2.935786973,-0.699897404,0.697951722
0.1321,-2.132098931,2.134159841,2.767386984,-2.762971686,-0.63297826,0.63098717
0.13215,-2.037072598,2.039208459,2.596780681,-2.592476843,-0.557503899,0.5554728
0.1322,-1.949723192,1.951930128,2.435235131,-2.43103631,-0.483342089,0.481276042
0.13225,-1.862160584,1.864434916,2.286572759,-2.282472928,-0.42227328,0.420176907
0.1323,-1.77337417,1.775712396,2.151639023,-2.147632579,-0.376153803,0.374031233
0.13235,-1.687995753,1.69039456,2.028183384,-2.024265137,-0.338101647,0.335956561
0.1324,-1.610962747,1.613419044,1.913309813,-1.909474964,-0.300283621,0.298119366
0.13245,-1.543686688,1.546197628,1.805802744,-1.802046868,-0.260072818,0.257892478
0.1325,-1.484180473,1.486743454,1.706510952,-1.702829985,-0.220305293,0.218111716
0.13255,-1.42971523,1.432327885,1.617010263,-1.613400506,-0.185285936,0.183081718
0.1326,-1.379172327,1.381832519,1.53804693,-1.534505044,-0.156879829,0.154667299
0.13265,-1.33344844,1.336154262,1.469007914,-1.465530913,-0.133577441,0.131358684
0.1327,-1.294251978,1.297001762,1.408541349,-1.40512659,-0.112318649,0.11009555
0.13275,-1.262684991,1.265477322,1.355564105,-1.352209268,-0.090918383,0.088692677
0.1328,-1.238696883,1.241530599,1.30981561,-1.306518688,-0.069166755,0.066940061
0.13285,-1.221518963,1.224393159,1.271670574,-1.268429865,-0.048207238,0.045981078
0.1329,-1.210463639,1.213377661,1.241534578,-1.238348678,-0.029133076,0.02690888
0.13295,-1.205415855,1.2083693,1.219361538,-1.216229332,-0.012013296,0.009792419
0.133,-1.206769508,1.209762226,1.204607599,-1.20152825,0.004097987,-0.006305221
0.13305,-1.215032542,1.21806464,1.196537177,-1.193510116,0.020424323,-0.022625676
0.1331,-1.230436337,1.233508177,1.194619103,-1.191644013,0.037743607,-0.039937789
0.13315,-1.25288408,1.255996282,1.198641031,-1.195717837,0.056167902,-0.058353592
0.1332,-1.282102514,1.285255955,1.208603118,-1.205731978,0.075423772,-0.077599601
0.13325,-1.317874325,1.321070136,1.224472967,-1.221654259,0.09532635,-0.097490884
0.1333,-1.360156781,1.363396344,1.246018797,-1.243253113,0.116064744,-0.118216471
0.13335,-1.409039344,1.412324292,1.272819548,-1.270107679,0.13814955,-0.140286858
0.1334,-1.464615147,1.46794736,1.304406327,-1.301749254,0.162142885,-0.164264041
0.13345,-1.526879251,1.530260858,1.340407163,-1.337806043,0.188411886,-0.190515016
0.1335,-1.595716894,1.599150266,1.38059178,-1.378047935,0.217072185,-0.21915526
0.13355,-1.67096537,1.67445312,1.424805494,-1.422320402,0.248115888,-0.250176706
0.1336,-1.752486324,1.756031301,1.472862929,-1.470438212,0.281590153,-0.283626331
0.13365,-1.840194749,1.843800033,1.524487252,-1.522124667,0.317686953,-0.319695909
0.1337,-1.934035752,1.937704652,1.5793309,-1.577032325,0.356699117,-0.358678061
0.13375,-2.033939869,2.037675919,1.637046989,-1.634814416,0.398904233,-0.400850149
0.1338,-2.139795377,2.143602327,1.697348557,-1.69518408,0.444477714,-0.446387353
0.13385,-2.251453898,2.255335717,1.760013272,-1.757919074,0.493493702,-0.495363567
0.1339,-2.368756855,2.372717716,1.824840349,-1.822818697,0.545994593,-0.547820933
0.13395,-2.491557719,2.495602002,1.891602288,-1.889655519,0.602061556,-0.603840358
0.134,-2.619724384,2.623856663,1.96003089,-1.958161405,0.661830887,-0.663557866
0.13405,-2.753125185,2.757350226,2.029843095,-2.028053346,0.725454187,-0.727124782
0.1341,-2.891614132,2.895936888,2.100778889,-2.09907137,0.793045698,-0.794655062
0.13415,-3.035027828,3.039453431,2.172617929,-2.170995171,0.864662581,-0.866205578
0.1342,-3.093205868,3.097687795,2.187125036,-2.185589239,0.914960118,-0.916431818
0.13425,-3.047661292,3.052133318,2.116394993,-2.114944306,0.933516751,-0.934915238
0.1343,-3.003488928,3.007951076,2.05723547,-2.05586733,0.948562144,-0.949886435
0.13435,-2.964649434,2.969101726,2.006580619,-2.005292695,0.960369955,-0.961619045
0.1344,-2.932200244,2.9366427,1.960328644,-1.959118813,0.974166906,-0.975339726
0.13445,-2.851302504,2.855735148,1.8699645,-1.868861297,0.977007664,-0.978102789
0.1345,-2.696158248,2.7005811,1.754384054,-1.753420586,0.944025053,-0.945044123
0.13455,-2.55752001,2.561933092,1.631596213,-1.630762645,0.92807467,-0.929019344
0.1346,-2.431991864,2.436395198,1.509646052,-1.508933231,0.924468027,-0.925339744
0.13465,-2.317191835,2.321585443,1.399928191,-1.399327723,0.919360654,-0.920160709
0.1347,-2.212264214,2.216648117,1.308953565,-1.308457884,0.905385622,-0.906115261
0.13475,-2.117914107,2.122288326,1.234174932,-1.233777294,0.885794895,-0.886455312
0.1348,-2.035152662,2.039517219,1.168128004,-1.167822403,0.869063613,-0.869655859
0.13485,-1.964305112,1.968660028,1.105192658,-1.104973718,0.861136941,-0.861661823
0.1349,-1.904979306,1.909324603,1.045040785,-1.044903703,0.8619507,-0.862408721
0.13495,-1.856612042,1.860947741,0.991114122,-0.991054643,0.867499827,-0.86789119
0.135,-1.818903009,1.823229131,0.946685829,-0.946700259,0.874210714,-0.874535337
0.13505,-1.791826954,1.79614352,0.912111796,-0.912196981,0.881702089,-0.881959608
0.1351,-1.77538577,1.779692802,0.884971432,-0.885124725,0.892396338,-0.892586076
0.13515,-1.769421947,1.773719465,0.862213807,-0.862432997,0.909186846,-0.909307763
0.1352,-1.773645644,1.777933669,0.84221243,-0.842495694,0.933410266,-0.933460923
0.13525,-1.78777914,1.792057695,0.82525737,-0.825603228,0.964498852,-0.964477385
0.1353,-1.811639738,1.815908841,0.812525289,-0.812932582,1.001093296,-1.000997413
0.13535,-1.84508962,1.849349294,0.804657164,-0.805125031,1.04241487,-1.042241849
0.1354,-1.887926653,1.892176918,0.801076254,-0.801604106,1.088838268,-1.088584944
0.13545,-1.939834335,1.944075212,0.800368224,-0.800955698,1.141461438,-1.141124186
0.1355,-2.000435939,2.004667448,0.801197121,-0.801844039,1.201243758,-1.200818468
0.13555,-2.06939373,2.073615892,0.802959488,-0.80366582,1.268451125,-1.267933188
0.1356,-2.146457356,2.150670192,0.805749164,-0.80651499,1.342739546,-1.342123848
0.13565,-2.231421074,2.235624604,0.809810051,-0.810635541,1.423659584,-1.422940501
0.1357,-2.324036197,2.328230443,0.815001561,-0.815886948,1.511103369,-1.510274763
0.13575,-2.423961724,2.428146705,0.820684822,-0.82163037,1.605369009,-1.604424228
0.1358,-2.53079512,2.534970857,0.826033201,-0.827039174,1.706880867,-1.705812735
0.13585,-2.644150169,2.648316682,0.830438678,-0.831505309,1.815861027,-1.814661838
0.1359,-2.763709059,2.767866368,0.833670662,-0.834798124,1.932222561,-1.930884079
0.13595,-2.889204838,2.893352964,0.835705407,-0.836893789,2.055722572,-2.054236035
0.136,-2.961534163,2.965673126,0.822661294,-0.82391083,2.134515231,-2.132907386
0.13605,-2.948279966,2.952409786,0.775848275,-0.777156361,2.174697156,-2.173011283
0.1361,-2.946763217,2.950883914,0.747201956,-0.748566093,2.201766224,-2.200001481
0.13615,-2.954324069,2.958435664,0.733306125,-0.734724094,2.223231447,-2.221386913
0.1362,-2.966568126,2.970670638,0.718247017,-0.719716761,2.250544604,-2.248619236
0.13625,-2.893200389,2.897245583,0.672254925,-0.673773915,2.2297628,-2.227755736
0.1363,-2.722045671,2.725975202,0.599002001,-0.600565417,2.125202236,-2.12311675
0.13635,-2.556036517,2.559857061,0.526690281,-0.528292844,2.031535285,-2.029375399
0.1364,-2.40103557,2.404753399,0.461535467,-0.463172315,1.941655837,-1.939425358
0.13645,-2.258473152,2.262094116,0.407741897,-0.40940862,1.852857105,-1.850559646
0.1365,-2.127690191,2.131219729,0.363089369,-0.364782002,1.766699783,-1.764338767
0.13655,-2.006832077,2.010275227,0.322360808,-0.324075764,1.686546047,-1.684124686
0.1366,-1.894491165,1.897852582,0.282082838,-0.283816835,1.6144614,-1.611982674
0.13665,-1.790558944,1.793842911,0.242462217,-0.244212241,1.550130372,-1.547597025
0.1367,-1.69582719,1.699037624,0.20590407,-0.207667365,1.491939421,-1.489353958
0.13675,-1.610987493,1.614127948,0.174304903,-0.176078973,1.438683435,-1.43604813
0.1368,-1.535960729,1.539034403,0.147532015,-0.149314611,1.390415806,-1.3877327
0.13685,-1.469975992,1.472985737,0.123855039,-0.125644126,1.348095834,-1.34536673
0.1369,-1.412141605,1.415089941,0.101423887,-0.103217608,1.312681798,-1.309908254
0.13695,-1.361957544,1.36484667,0.079409104,-0.081205739,1.284503024,-1.281686346
0.137,-1.319409107,1.322240911,0.058085685,-0.059883627,1.263269732,-1.260410973
0.13705,-1.284680938,1.287457005,0.038109222,-0.039906966,1.248510897,-1.245610857
0.1371,-1.257793762,1.260515385,0.019728734,-0.021524855,1.239998165,-1.237057392
0.13715,-1.238443285,1.241111471,0.002506889,-0.004300026,1.237864525,-1.234883315
0.1372,-1.226105927,1.228721412,-0.014416038,0.012594636,1.242429303,-1.239407695
0.13725,-1.220275304,1.222838563,-0.031756921,0.02994122,1.253937109,-1.250874889
0.1373,-1.220618415,1.223129675,-0.049906486,0.048097819,1.272427851,-1.269324544
0.13735,-1.226985229,1.229444478,-0.06887859,0.067078327,1.297765873,-1.294620751
0.1374,-1.239276994,1.241683991,-0.088602548,0.086812115,1.329781784,-1.326593864
0.13745,-1.257308208,1.259662497,-0.109176193,0.107397085,1.368387969,-1.365156014
0.1375,-1.280759755,1.283060673,-0.130931665,0.129165468,1.41359752,-1.410320042
0.13755,-1.309236184,1.311482872,-0.154315298,0.152563707,1.4654614,-1.462136661
0.1376,-1.342364379,1.344555795,-0.179710783,0.177975622,1.523990281,-1.520616297
0.13765,-1.379855109,1.38199004,-0.207342593,0.205625832,1.589119518,-1.585694057
0.1377,-1.421491681,1.42356875,-0.237308043,0.235611814,1.660729849,-1.657250439
0.13775,-1.467069238,1.469086922,-0.269684898,0.26801151,1.738694319,-1.735158249
0.1378,-1.516339051,1.518295683,-0.304620291,0.30297224,1.82291147,-1.819315795
0.13785,-1.568997853,1.570891638,-0.342341142,0.340721129,1.913305109,-1.909646653
0.1379,-1.624721657,1.626550683,-0.383095966,0.381506906,2.009799926,-2.006075286
0.13795,-1.683210632,1.684972878,-0.427085736,0.425530775,2.112297233,-2.108502787
0.138,-1.74420942,1.745902769,-0.474437475,0.472919996,2.220668876,-2.216800783
0.13805,-1.807492266,1.809114512,-0.525231329,0.523754964,2.334769431,-2.33082364
0.1381,-1.872831228,1.874380091,-0.579549285,0.578117925,2.454453138,-2.45042539
0.13815,-1.93997584,1.941448969,-0.637503389,0.63612119,2.579581776,-2.575467612
0.1382,-2.008658735,2.010053724,-0.699225479,0.69789687,2.71002002,-2.705814789
0.13825,-2.078618441,2.079932833,-0.764834402,0.763564093,2.845625455,-2.841324315
0.1383,-2.149617851,2.150849152,-0.834411898,0.833204886,2.986242929,-2.981840857
0.13835,-2.22144385,2.222589533,-0.908005548,0.90686712,3.131707128,-3.127198924
0.1384,-2.236113577,2.237171449,-0.959816333,0.958751567,3.191603358,-3.18703702
0.13845,-2.165941492,2.166913394,-0.979092828,0.978103717,3.147315503,-3.142759251
0.1385,-2.107219851,2.108108335,-0.995009141,0.994096733,3.104434436,-3.099888249
0.13855,-2.056856778,2.057664164,-1.007854895,1.007020269,3.066910549,-3.062374404
0.1386,-1.964505012,1.965201371,-1.006881443,1.006125977,2.980170665,-2.975644541
0.13865,-1.84547024,1.846020713,-0.971456956,0.970778991,2.819054279,-2.814538153
0.1387,-1.716947488,1.717362339,-0.956018446,0.955416319,2.675125487,-2.670619336
0.13875,-1.587952155,1.588240972,-0.954550372,0.954022658,2.544631181,-2.540134984
0.1388,-1.471907838,1.472079443,-0.95068624,0.95023165,2.424695718,-2.420209452
0.13885,-1.376340275,1.376402633,-0.935888138,0.935505404,2.314306403,-2.309830047
0.1389,-1.298113692,1.298073919,-0.914182934,0.913870809,2.214353911,-2.209887443
0.13895,-1.228512279,1.228376731,-0.895542112,0.895299474,2.126093599,-2.121636996
0.139,-1.161230181,1.161004575,-0.886681693,0.886507661,2.049935434,-2.045488676
0.13905,-1.09624035,1.095929826,-0.887166058,0.887060052,1.985416611,-1.980979675
0.1391,-1.037772219,1.037381354,-0.892104213,0.892065947,1.931875435,-1.927448299
0.13915,-0.989614405,0.989147197,-0.897375745,0.8974052,1.888979952,-1.884562595
0.1392,-0.952025284,0.951485165,-0.902732356,0.902829777,1.856740091,-1.852332491
0.13925,-0.922105624,0.921495506,-0.911122521,0.911288453,1.835204985,-1.83080712
0.1393,-0.896415188,0.895737525,-0.92584829,0.926083631,1.824236392,-1.819848242
0.13935,-0.873309726,0.872566577,-0.948258971,0.948565015,1.823539373,-1.819160916
0.1394,-0.853357505,0.852550571,-0.977503914,0.977882371,1.832831574,-1.828462787
0.13945,-0.838023748,0.837154391,-1.011943772,1.012396771,1.851938909,-1.847579773
0.1395,-0.828023174,0.827092441,-1.050739823,1.051269913,1.88073743,-1.876387922
0.13955,-0.822630553,0.821639201,-1.094420607,1.095030769,1.919030516,-1.914690615
0.1396,-0.820225083,0.819173626,-1.144285342,1.144979011,1.966496689,-1.962166374
0.13965,-0.819376914,0.818265667,-1.201382383,1.202163473,2.022754593,-2.018433844
0.1397,-0.819546101,0.81837522,-1.265920422,1.266793341,2.087473145,-2.08316194
0.13975,-0.820960183,0.819729696,-1.337438264,1.338407923,2.160418874,-2.156117192
0.1398,-0.823944149,0.82265398,-1.41542025,1.416492063,2.241401312,-2.237109131
0.13985,-0.828330739,0.826980735,-1.499787823,1.50096771,2.330174854,-2.325892154
0.1399,-0.833388068,0.831978029,-1.590923358,1.592217755,2.426390225,-2.422116986
0.13995,-0.838215217,0.83674493,-1.689316354,1.690732214,2.529636258,-2.525372457
0.14,-0.84220036,0.840669632,-1.795193503,1.796738308,2.639528092,-2.63527371
0.14005,-0.845162881,0.843571567,-1.908428836,1.910110599,2.755759434,-2.751514449
0.1401,-0.847124975,0.845472999,-2.028745098,2.030572354,2.878075517,-2.873839909
0.14015,-0.84797179,0.84625917,-2.15597978,2.15796159,3.006199291,-3.001973039
0.1402,-0.833891222,0.832117839,-2.237858797,2.239966976,3.080632149,-3.076415234
0.14025,-0.786523319,0.784691836,-2.280001305,2.28219044,3.068795589,-3.064587989
0.1403,-0.757306104,0.755419075,-2.309111325,2.311382339,3.068764262,-3.064565956
0.14035,-0.742643627,0.740703331,-2.332787299,2.335141187,3.077787815,-3.073598783
0.1404,-0.706438572,0.704447603,-2.301883054,2.304320577,3.004059095,-2.999929309
0.14045,-0.639250899,0.637214138,-2.189944548,2.192462323,2.831508163,-2.827498213
0.1405,-0.563428908,0.56135177,-2.095571311,2.09816524,2.661206969,-2.65731003
0.14055,-0.489012576,0.486900141,-2.008792022,2.011458249,2.499976671,-2.49618631
0.1406,-0.427816592,0.425673503,-1.921729121,1.924463988,2.351686502,-2.347996703
0.14065,-0.381537022,0.379367431,-1.833484387,1.836284412,2.217134042,-2.21353921
0.1407,-0.343106468,0.340914086,-1.748788114,1.751650007,2.093981861,-2.090476814
0.14075,-0.304671077,0.302459282,-1.672563681,1.675484374,1.979299235,-1.97587918
0.1408,-0.263761825,0.261533741,-1.606112602,1.609089273,1.871918463,-1.868578978
0.14085,-0.223394572,0.221153088,-1.54734551,1.550375581,1.772765862,-1.76950289
0.1409,-0.187915293,0.185663046,-1.493524195,1.496605323,1.683449008,-1.68025885
0.14095,-0.159071367,0.156810733,-1.443607997,1.446738069,1.604674423,-1.601553742
0.141,-0.13519488,0.132927989,-1.398581121,1.401758254,1.535758216,-1.532704028
0.14105,-0.113162595,0.110891386,-1.360175718,1.363398271,1.475309155,-1.472318814
0.1411,-0.090860466,0.088586729,-1.329443756,1.332710338,1.422265053,-1.419336236
0.14115,-0.068209628,0.065935044,-1.306260372,1.309569848,1.376422098,-1.373552794
0.1412,-0.046434801,0.04416095,-1.289817682,1.293169171,1.338197051,-1.335385553
0.14125,-0.026607041,0.024335418,-1.279445466,1.282838339,1.307990684,-1.30523558
0.1413,-0.008704121,0.006436145,-1.275077427,1.278511305,1.285714416,-1.283014582
0.14135,0.008318539,-0.010554434,-1.277151902,1.28062666,1.270773471,-1.268128062
0.1414,0.025641048,-0.027870635,-1.286149833,1.289665599,1.262447625,-1.259856059
0.14145,0.044020691,-0.046242608,-1.302292626,1.305849788,1.260208585,-1.257670531
0.1415,0.063499834,-0.065712686,-1.325446709,1.32904591,1.263882365,-1.261397734
0.14155,0.083770059,-0.085972399,-1.355324271,1.35896641,1.273489644,-1.271058578
0.1416,0.10466408,-0.1068544,-1.391717921,1.395404149,1.288990365,-1.286613224
0.14165,0.126417872,-0.128594581,-1.434605803,1.438337523,1.310126758,-1.307804115
0.1417,0.149576829,-0.151738234,-1.484090427,1.487869291,1.336456014,-1.33418864
0.14175,0.174700203,-0.176844491,-1.540260944,1.544088851,1.367508123,-1.365296977
0.1418,0.202121331,-0.204246547,-1.603096667,1.606975764,1.402929169,-1.400775383
0.14185,0.231919938,-0.234023969,-1.67246827,1.676400946,1.442510218,-1.440415091
0.1419,0.264075876,-0.26615644,-1.748209197,1.752198078,1.486104988,-1.484069971
0.14195,0.298651419,-0.300706047,-1.830187643,1.834235592,1.533519541,-1.531546228
0.142,0.335863277,-0.337889306,-1.918327582,1.922437695,1.584461287,-1.582551407
0.14205,0.376016329,-0.378010885,-2.012577424,2.01675302,1.638573915,-1.636729316
0.1421,0.419378591,-0.421338576,-2.112863275,2.117107898,1.695515681,-1.693738325
0.14215,0.466103735,-0.468025815,-2.219065657,2.22338307,1.755013615,-1.753305562
0.1422,0.516249645,-0.518130243,-2.331031296,2.335425472,1.816856739,-1.815220141
0.14225,0.569858523,-0.571693805,-2.448602313,2.453077435,1.880845166,-1.879282254
0.1423,0.627023339,-0.628809212,-2.571636284,2.576196736,1.946743696,-1.945256773
0.14235,0.687890911,-0.68962301,-2.700004204,2.704654565,2.014276709,-2.012868139
0.1424,0.752611947,-0.754285632,-2.833573922,2.838318961,2.083161553,-2.081833751
0.14245,0.821289533,-0.82289988,-2.972196402,2.977041073,2.153146319,-2.151901743
0.1425,0.89396932,-0.895511117,-3.115705697,3.120655132,2.224019625,-2.222860767
0.14255,0.945122486,-0.946590727,-3.173861192,3.178867534,2.23764952,-2.236578541
0.1426,0.964162852,-0.965555582,-3.128126537,3.133121821,2.166245791,-2.16526081
0.14265,0.97966923,-0.98098543,-3.083762796,3.088747045,2.106434067,-2.10553249
0.1427,0.992005968,-0.993244596,-3.044746267,3.049719506,2.055073446,-2.054252916
0.14275,0.990603514,-0.991763229,-2.956365653,2.961327907,1.961467531,-1.960757883
0.1428,0.954916062,-0.955998554,-2.793335762,2.798287054,1.840703371,-1.840139296
0.14285,0.939200582,-0.940207546,-2.647571549,2.652511905,1.710551985,-1.71012311
0.1429,0.937295834,-0.938228732,-2.515273132,2.520202575,1.58012725,-1.579823883
0.14295,0.932771615,-0.933631782,-2.393507012,2.398425566,1.462857977,-1.462671204
0.143,0.917178364,-0.91796712,-2.281249979,2.286157668,1.366170198,-1.366091964
0.14305,0.894679608,-0.895398257,-2.179425152,2.184322002,1.286823089,-1.2868462
0.1431,0.875295786,-0.875945514,-2.089325197,2.09421123,1.216088552,-1.216206575
0.14315,0.865676092,-0.866257845,-2.011374878,2.016250118,1.147741953,-1.147949105
0.1432,0.865285172,-0.865799602,-1.945103432,1.949967904,1.081847742,-1.082138819
0.14325,0.869193644,-0.869641114,-1.889834257,1.894687984,1.022658555,-1.023028929
0.1433,0.873324972,-0.873705584,-1.845228154,1.85007116,0.973911566,-0.974357192
0.14335,0.877504694,-0.877818289,-1.81129979,1.816132099,0.935795749,-0.936313156
0.1434,0.884721458,-0.884967581,-1.788110404,1.792932039,0.905383579,-0.905969824
0.14345,0.898263903,-0.898441751,-1.775533804,1.780344789,0.879260168,-0.879912772
0.1435,0.919442572,-0.919550947,-1.77328178,1.778082138,0.855826757,-0.856543641
0.14355,0.947383298,-0.947420591,-1.781072309,1.785862064,0.835675515,-0.836454968
0.1436,0.980455705,-0.98041989,-1.798728089,1.803507265,0.820259552,-0.821100207
0.14365,1.017849319,-1.017737954,-1.82612297,1.830891589,0.810263237,-0.81116405
0.1437,1.060115783,-1.059925995,-1.863062346,1.867820432,0.804940389,-0.805900611
0.14375,1.108559394,-1.108287858,-1.909230694,1.91397827,0.80267129,-0.803690422
0.1438,1.164221177,-1.16386409,-1.964253286,1.968990375,0.802040322,-0.803118072
0.14385,1.227304039,-1.226857106,-2.027802748,2.032529374,0.802517369,-0.803653607
0.1439,1.297350709,-1.296809134,-2.099645382,2.104361568,0.804326187,-0.80552092
0.14395,1.373856347,-1.37321483,-2.179588718,2.184294486,0.807779344,-0.809032685
0.144,1.456752087,-1.456004821,-2.2673866,2.272081974,0.812699758,-0.814011906
0.14405,1.54642444,-1.545565107,-2.36269202,2.367377023,0.818354146,-0.81972535
0.1441,1.643363775,-1.642385534,-2.465097369,2.469772023,0.823844777,-0.825275305
0.14415,1.747799351,-1.746694833,-2.574219891,2.578884219,0.828559911,-0.830050016
0.1442,1.859611264,-1.858372571,-2.689752694,2.694406719,0.832312843,-0.833862734
0.14425,1.978529111,-1.977147816,-2.811439039,2.816082783,0.835117538,-0.836727357
0.1443,2.104394488,-2.102861643,-2.939000896,2.943634383,0.836854672,-0.838524476
0.14435,2.185182308,-2.183525309,-3.01305888,3.017682132,0.823545433,-0.825275412
0.1444,2.226733803,-2.224996934,-3.001075024,3.005688063,0.776634066,-0.778421607
0.14445,2.25524184,-2.253424205,-3.000857256,3.005460105,0.747848673,-0.749691266
0.1445,2.278245632,-2.276346261,-3.009699752,3.014292434,0.733696864,-0.735592275
0.14455,2.24667083,-2.244688988,-2.935786973,2.940320567,0.697951722,-0.699897404
0.1446,2.134159842,-2.132098931,-2.762971687,2.767386984,0.63098717,-0.63297826
0.14465,2.039208459,-2.037072598,-2.592476844,2.596780682,0.5554728,-0.557503899
0.1447,1.951930128,-1.949723192,-2.431036311,2.435235132,0.481276042,-0.483342089
0.14475,1.864434917,-1.862160584,-2.282472929,2.286572759,0.420176907,-0.42227328
0.1448,1.775712396,-1.773374171,-2.14763258,2.151639023,0.374031233,-0.376153803
0.14485,1.69039456,-1.687995754,-2.024265138,2.028183384,0.335956561,-0.338101647
0.1449,1.613419044,-1.610962747,-1.909474965,1.913309813,0.298119366,-0.300283621
0.14495,1.546197629,-1.543686688,-1.802046868,1.805802745,0.257892478,-0.260072818
0.145,1.486743455,-1.484180474,-1.702829985,1.706510952,0.218111716,-0.220305293
0.14505,1.432327886,-1.42971523,-1.613400506,1.617010264,0.183081718,-0.185285936
0.1451,1.38183252,-1.379172328,-1.534505045,1.538046931,0.154667299,-0.156879829
0.14515,1.336154263,-1.333448441,-1.465530914,1.469007914,0.131358684,-0.133577441
0.1452,1.297001763,-1.294251978,-1.40512659,1.40854135,0.11009555,-0.112318649
0.14525,1.265477323,-1.262684992,-1.352209268,1.355564106,0.088692677,-0.090918383
0.1453,1.2415306,-1.238696883,-1.306518689,1.309815611,0.066940061,-0.069166755
0.14535,1.22439316,-1.221518963,-1.268429865,1.271670574,0.045981078,-0.048207238
0.1454,1.213377662,-1.210463639,-1.238348678,1.241534578,0.02690888,-0.029133076
0.14545,1.208369301,-1.205415856,-1.216229333,1.219361539,0.009792419,-0.012013296
0.1455,1.209762227,-1.206769508,-1.201528251,1.204607599,-0.006305221,0.004097987
0.14555,1.21806464,-1.215032543,-1.193510117,1.196537178,-0.022625676,0.020424323
0.1456,1.233508177,-1.230436338,-1.191644013,1.194619103,-0.039937789,0.037743607
0.14565,1.255996282,-1.25288408,-1.195717837,1.198641031,-0.058353592,0.056167902
0.1457,1.285255956,-1.282102515,-1.205731978,1.208603119,-0.077599601,0.075423773
0.14575,1.321070137,-1.317874326,-1.22165426,1.224472968,-0.097490884,0.09532635
0.1458,1.363396345,-1.360156782,-1.243253114,1.246018798,-0.118216471,0.116064744
0.14585,1.412324293,-1.409039345,-1.27010768,1.272819549,-0.140286858,0.138149551
0.1459,1.467947361,-1.464615148,-1.301749255,1.304406328,-0.164264041,0.162142886
0.14595,1.530260859,-1.526879252,-1.337806044,1.340407164,-0.190515016,0.188411886
0.146,1.599150267,-1.595716895,-1.378047936,1.380591781,-0.21915526,0.217072185
0.14605,1.674453121,-1.670965371,-1.422320402,1.424805494,-0.250176707,0.248115888
0.1461,1.756031301,-1.752486325,-1.470438212,1.472862929,-0.283626331,0.281590153
0.14615,1.843800033,-1.840194749,-1.522124667,1.524487253,-0.319695909,0.317686953
0.1462,1.937704653,-1.934035753,-1.577032326,1.579330901,-0.358678061,0.356699117
0.14625,2.037675919,-2.03393987,-1.634814417,1.63704699,-0.40085015,0.398904233
0.1463,2.143602328,-2.139795378,-1.695184081,1.697348558,-0.446387353,0.444477714
0.14635,2.255335718,-2.251453899,-1.757919075,1.760013272,-0.495363567,0.493493702
0.1464,2.372717717,-2.368756856,-1.822818698,1.82484035,-0.547820933,0.545994593
0.14645,2.495602002,-2.49155772,-1.88965552,1.891602288,-0.603840358,0.602061556
0.1465,2.623856664,-2.619724385,-1.958161405,1.96003089,-0.663557866,0.661830887
0.14655,2.757350227,-2.753125186,-2.028053346,2.029843096,-0.727124783,0.725454188
0.1466,2.895936889,-2.891614132,-2.099071371,2.100778889,-0.794655063,0.793045698
0.14665,3.039453431,-3.035027829,-2.170995171,2.172617929,-0.866205579,0.864662581
0.1467,3.097687796,-3.093205869,-2.18558924,2.187125037,-0.916431818,0.914960118
0.14675,3.052133319,-3.047661293,-2.114944307,2.116394993,-0.934915238,0.933516751
0.1468,3.007951077,-3.003488929,-2.055867331,2.057235471,-0.949886436,0.948562144
0.14685,2.969101726,-2.964649435,-2.005292695,2.006580619,-0.961619045,0.960369955
0.1469,2.936642701,-2.932200245,-1.959118813,1.960328645,-0.975339726,0.974166906
0.14695,2.855735148,-2.851302505,-1.868861297,1.8699645,-0.978102789,0.977007664
0.147,2.7005811,-2.696158249,-1.753420587,1.754384054,-0.945044123,0.944025053
0.14705,2.561933093,-2.557520011,-1.630762645,1.631596213,-0.929019344,0.92807467
0.1471,2.436395199,-2.431991865,-1.508933231,1.509646052,-0.925339744,0.924468027
0.14715,2.321585444,-2.317191836,-1.399327724,1.399928192,-0.920160709,0.919360654
0.1472,2.216648118,-2.212264215,-1.308457884,1.308953565,-0.906115261,0.905385622
0.14725,2.122288327,-2.117914107,-1.233777294,1.234174932,-0.886455312,0.885794895
0.1473,2.039517219,-2.035152662,-1.167822403,1.168128005,-0.86965586,0.869063614
0.14735,1.968660029,-1.964305113,-1.104973719,1.105192658,-0.861661823,0.861136942
0.1474,1.909324604,-1.904979307,-1.044903703,1.045040786,-0.862408721,0.8619507
0.14745,1.860947742,-1.856612043,-0.991054644,0.991114122,-0.86789119,0.867499828
0.1475,1.823229132,-1.81890301,-0.946700259,0.94668583,-0.874535338,0.874210715
0.14755,1.796143521,-1.791826955,-0.912196982,0.912111796,-0.881959609,0.881702089
0.1476,1.779692803,-1.775385771,-0.885124725,0.884971433,-0.892586077,0.892396339
0.14765,1.773719466,-1.769421948,-0.862432998,0.862213807,-0.909307764,0.909186846
0.1477,1.77793367,-1.773645644,-0.842495695,0.84221243,-0.933460923,0.933410267
0.14775,1.792057695,-1.787779141,-0.825603228,0.82525737,-0.964477385,0.964498853
0.1478,1.815908842,-1.811639739,-0.812932582,0.812525289,-1.000997413,1.001093296
0.14785,1.849349294,-1.845089621,-0.805125032,0.804657164,-1.042241849,1.04241487
0.1479,1.892176919,-1.887926654,-0.801604106,0.801076254,-1.088584944,1.088838268
0.14795,1.944075213,-1.939834336,-0.800955698,0.800368225,-1.141124186,1.141461439
0.148,2.004667449,-2.000435939,-0.80184404,0.801197121,-1.200818469,1.201243759
0.14805,2.073615893,-2.06939373,-0.80366582,0.802959489,-1.267933189,1.268451125
0.1481,2.150670193,-2.146457357,-0.80651499,0.805749164,-1.342123849,1.342739547
0.14815,2.235624605,-2.231421074,-0.810635542,0.809810051,-1.422940501,1.423659585
0.1482,2.328230444,-2.324036198,-0.815886948,0.815001561,-1.510274763,1.511103369
0.14825,2.428146706,-2.423961725,-0.82163037,0.820684823,-1.604424228,1.605369009
0.1483,2.534970858,-2.530795121,-0.827039174,0.826033201,-1.705812736,1.706880868
0.14835,2.648316683,-2.64415017,-0.831505309,0.830438678,-1.814661838,1.815861028
0.1484,2.767866369,-2.763709059,-0.834798124,0.833670663,-1.93088408,1.932222561
0.14845,2.893352965,-2.889204839,-0.836893789,0.835705407,-2.054236036,2.055722572
0.1485,2.965673127,-2.961534164,-0.82391083,0.822661294,-2.132907386,2.134515231
0.14855,2.952409787,-2.948279967,-0.777156361,0.775848275,-2.173011284,2.174697156
0.1486,2.950883915,-2.946763218,-0.748566093,0.747201956,-2.200001481,2.201766225
0.14865,2.958435665,-2.95432407,-0.734724095,0.733306125,-2.221386914,2.223231447
0.1487,2.970670639,-2.966568126,-0.719716761,0.718247017,-2.248619237,2.250544605
0.14875,2.897245584,-2.89320039,-0.673773915,0.672254925,-2.227755736,2.229762801
0.1488,2.725975203,-2.722045672,-0.600565417,0.599002001,-2.123116751,2.125202237
0.14885,2.559857062,-2.556036517,-0.528292844,0.526690281,-2.029375399,2.031535285
0.1489,2.404753399,-2.401035571,-0.463172315,0.461535467,-1.939425359,1.941655838
0.14895,2.262094117,-2.258473153,-0.409408621,0.407741897,-1.850559647,1.852857106
0.149,2.13121973,-2.127690192,-0.364782003,0.363089369,-1.764338767,1.766699783
0.14905,2.010275228,-2.006832078,-0.324075764,0.322360808,-1.684124686,1.686546048
0.1491,1.897852583,-1.894491165,-0.283816835,0.282082838,-1.611982674,1.6144614
0.14915,1.793842912,-1.790558945,-0.244212241,0.242462217,-1.547597025,1.550130373
0.1492,1.699037625,-1.695827191,-0.207667365,0.20590407,-1.489353959,1.491939422
0.14925,1.614127949,-1.610987494,-0.176078973,0.174304903,-1.436048131,1.438683436
0.1493,1.539034403,-1.53596073,-0.149314611,0.147532015,-1.387732701,1.390415806
0.14935,1.472985738,-1.469975992,-0.125644127,0.123855039,-1.345366731,1.348095834
0.1494,1.415089942,-1.412141605,-0.103217608,0.101423887,-1.309908255,1.312681798
0.14945,1.364846671,-1.361957544,-0.081205739,0.079409104,-1.281686347,1.284503025
0.1495,1.322240912,-1.319409108,-0.059883627,0.058085685,-1.260410974,1.263269733
0.14955,1.287457005,-1.284680938,-0.039906966,0.038109222,-1.245610857,1.248510897
0.1496,1.260515385,-1.257793763,-0.021524855,0.019728734,-1.237057393,1.239998166
0.14965,1.241111471,-1.238443285,-0.004300026,0.002506889,-1.234883316,1.237864526
0.1497,1.228721413,-1.226105928,0.012594636,-0.014416038,-1.239407696,1.242429303
0.14975,1.222838563,-1.220275304,0.02994122,-0.031756922,-1.250874889,1.25393711
0.1498,1.223129675,-1.220618416,0.048097819,-0.049906486,-1.269324545,1.272427851
0.14985,1.229444478,-1.22698523,0.067078327,-0.06887859,-1.294620752,1.297765873
0.1499,1.241683992,-1.239276994,0.086812115,-0.088602548,-1.326593865,1.329781785
0.14995,1.259662498,-1.257308208,0.107397085,-0.109176193,-1.365156014,1.368387969
0.15,1.283060673,-1.280759755,0.129165468,-0.130931665,-1.410320042,1.41359752
0.15005,1.311482872,-1.309236184,0.152563707,-0.154315298,-1.462136662,1.4654614
0.1501,1.344555796,-1.342364379,0.177975622,-0.179710783,-1.520616297,1.523990282
0.15015,1.38199004,-1.37985511,0.205625832,-0.207342593,-1.585694057,1.589119518
0.1502,1.423568751,-1.421491681,0.235611814,-0.237308043,-1.657250439,1.660729849
0.15025,1.469086922,-1.467069239,0.26801151,-0.269684899,-1.73515825,1.73869432
0.1503,1.518295683,-1.516339052,0.30297224,-0.304620291,-1.819315795,1.822911471
0.15035,1.570891638,-1.568997853,0.340721129,-0.342341142,-1.909646653,1.91330511
0.1504,1.626550683,-1.624721657,0.381506907,-0.383095966,-2.006075287,2.009799926
0.15045,1.684972878,-1.683210632,0.425530775,-0.427085736,-2.108502788,2.112297234
0.1505,1.745902769,-1.74420942,0.472919996,-0.474437476,-2.216800784,2.220668877
0.15055,1.809114513,-1.807492266,0.523754964,-0.525231329,-2.33082364,2.334769432
0.1506,1.874380091,-1.872831228,0.578117925,-0.579549285,-2.45042539,2.454453139
0.15065,1.94144897,-1.939975841,0.63612119,-0.637503389,-2.575467613,2.579581776
0.1507,2.010053724,-2.008658736,0.697896871,-0.699225479,-2.705814789,2.710020021
0.15075,2.079932834,-2.078618442,0.763564094,-0.764834402,-2.841324315,2.845625455
0.1508,2.150849152,-2.149617851,0.833204886,-0.834411898,-2.981840857,2.98624293
0.15085,2.222589534,-2.22144385,0.90686712,-0.908005549,-3.127198924,3.131707128
0.1509,2.23717145,-2.236113577,0.958751567,-0.959816333,-3.18703702,3.191603359
0.15095,2.166913394,-2.165941492,0.978103717,-0.979092828,-3.142759251,3.147315503
0.151,2.108108335,-2.107219852,0.994096733,-0.995009141,-3.099888249,3.104434436
0.15105,2.057664164,-2.056856778,1.007020269,-1.007854895,-3.062374404,3.066910549
0.1511,1.965201371,-1.964505012,1.006125978,-1.006881443,-2.975644541,2.980170666
0.15115,1.846020713,-1.84547024,0.970778992,-0.971456956,-2.814538153,2.81905428
0.1512,1.717362339,-1.716947488,0.955416319,-0.956018446,-2.670619336,2.675125487
0.15125,1.588240972,-1.587952155,0.954022659,-0.954550372,-2.540134984,2.544631182
0.1513,1.472079443,-1.471907838,0.95023165,-0.95068624,-2.420209453,2.424695719
0.15135,1.376402634,-1.376340275,0.935505404,-0.935888138,-2.309830048,2.314306404
0.1514,1.298073919,-1.298113692,0.913870809,-0.914182934,-2.209887443,2.214353912
0.15145,1.228376731,-1.228512279,0.895299474,-0.895542112,-2.121636997,2.126093599
0.1515,1.161004575,-1.161230181,0.886507662,-0.886681693,-2.045488676,2.049935435
0.15155,1.095929826,-1.09624035,0.887060052,-0.887166058,-1.980979675,1.985416612
0.1516,1.037381354,-1.037772219,0.892065947,-0.892104213,-1.927448299,1.931875435
0.15165,0.989147197,-0.989614405,0.8974052,-0.897375746,-1.884562595,1.888979953
0.1517,0.951485166,-0.952025284,0.902829777,-0.902732356,-1.852332492,1.856740091
0.15175,0.921495506,-0.922105624,0.911288454,-0.911122522,-1.830807121,1.835204985
0.1518,0.895737525,-0.896415188,0.926083631,-0.92584829,-1.819848242,1.824236392
0.15185,0.872566577,-0.873309726,0.948565015,-0.948258971,-1.819160916,1.823539374
0.1519,0.852550571,-0.853357505,0.977882372,-0.977503914,-1.828462788,1.832831574
0.15195,0.837154391,-0.838023748,1.012396771,-1.011943772,-1.847579774,1.85193891
0.152,0.827092441,-0.828023175,1.051269913,-1.050739823,-1.876387922,1.88073743
0.15205,0.821639202,-0.822630553,1.095030769,-1.094420608,-1.914690616,1.919030516
0.1521,0.819173626,-0.820225083,1.144979012,-1.144285343,-1.962166375,1.966496689
0.15215,0.818265667,-0.819376914,1.202163473,-1.201382383,-2.018433844,2.022754593
0.1522,0.81837522,-0.819546101,1.266793341,-1.265920422,-2.08316194,2.087473145
0.15225,0.819729696,-0.820960183,1.338407923,-1.337438264,-2.156117192,2.160418874
0.1523,0.82265398,-0.823944149,1.416492063,-1.415420251,-2.237109131,2.241401312
0.15235,0.826980735,-0.828330739,1.500967711,-1.499787823,-2.325892154,2.330174854
0.1524,0.831978029,-0.833388068,1.592217755,-1.590923359,-2.422116986,2.426390226
0.15245,0.83674493,-0.838215217,1.690732214,-1.689316354,-2.525372457,2.529636258
0.1525,0.840669632,-0.84220036,1.796738308,-1.795193503,-2.63527371,2.639528093
0.15255,0.843571567,-0.845162881,1.910110599,-1.908428837,-2.751514449,2.755759434
0.1526,0.845472999,-0.847124975,2.030572354,-2.028745098,-2.873839909,2.878075517
0.15265,0.84625917,-0.84797179,2.15796159,-2.15597978,-3.001973039,3.006199291
0.1527,0.832117839,-0.833891222,2.239966976,-2.237858798,-3.076415234,3.08063215
0.15275,0.784691836,-0.786523319,2.28219044,-2.280001305,-3.064587989,3.06879559
0.1528,0.755419075,-0.757306104,2.311382339,-2.309111326,-3.064565957,3.068764263
0.15285,0.740703332,-0.742643627,2.335141187,-2.332787299,-3.073598783,3.077787815
0.1529,0.704447603,-0.706438573,2.304320577,-2.301883055,-2.999929309,3.004059095
0.15295,0.637214138,-0.639250899,2.192462324,-2.189944548,-2.827498214,2.831508163
0.153,0.56135177,-0.563428908,2.09816524,-2.095571311,-2.65731003,2.661206969
0.15305,0.486900141,-0.489012576,2.011458249,-2.008792023,-2.49618631,2.499976671
0.1531,0.425673503,-0.427816592,1.924463988,-1.921729121,-2.347996703,2.351686502
0.15315,0.379367431,-0.381537022,1.836284412,-1.833484387,-2.213539211,2.217134042
0.1532,0.340914086,-0.343106468,1.751650007,-1.748788114,-2.090476814,2.093981861
0.15325,0.302459283,-0.304671077,1.675484374,-1.672563681,-1.97587918,1.979299235
0.1533,0.261533741,-0.263761825,1.609089273,-1.606112602,-1.868578979,1.871918463
0.15335,0.221153088,-0.223394572,1.550375581,-1.547345511,-1.76950289,1.772765863
0.1534,0.185663047,-0.187915293,1.496605324,-1.493524195,-1.68025885,1.683449008
0.15345,0.156810733,-0.159071367,1.446738069,-1.443607997,-1.601553743,1.604674423
0.1535,0.132927989,-0.13519488,1.401758254,-1.398581121,-1.532704028,1.535758216
0.15355,0.110891386,-0.113162595,1.363398271,-1.360175718,-1.472318814,1.475309155
0.1536,0.088586729,-0.090860466,1.332710338,-1.329443756,-1.419336236,1.422265053
0.15365,0.065935044,-0.068209628,1.309569848,-1.306260372,-1.373552794,1.376422098
0.1537,0.04416095,-0.046434801,1.293169171,-1.289817682,-1.335385553,1.338197051
0.15375,0.024335418,-0.026607041,1.282838339,-1.279445466,-1.30523558,1.307990684
0.1538,0.006436145,-0.008704121,1.278511305,-1.275077427,-1.283014582,1.285714416
0.15385,-0.010554434,0.008318539,1.28062666,-1.277151902,-1.268128062,1.270773471
0.1539,-0.027870635,0.025641048,1.289665599,-1.286149833,-1.259856059,1.262447625
0.15395,-0.046242608,0.044020691,1.305849788,-1.302292626,-1.257670531,1.260208585
0.154,-0.065712686,0.063499834,1.32904591,-1.325446709,-1.261397734,1.263882365
0.15405,-0.085972399,0.083770059,1.35896641,-1.355324271,-1.271058578,1.273489644
0.1541,-0.1068544,0.10466408,1.395404149,-1.391717921,-1.286613224,1.288990365
0.15415,-0.128594581,0.126417872,1.438337523,-1.434605803,-1.307804115,1.310126758
0.1542,-0.151738234,0.149576829,1.487869291,-1.484090427,-1.33418864,1.336456014
0.15425,-0.176844491,0.174700203,1.544088851,-1.540260944,-1.365296977,1.367508123
0.1543,-0.204246547,0.202121331,1.606975764,-1.603096667,-1.400775383,1.402929169
0.15435,-0.234023969,0.231919938,1.676400945,-1.67246827,-1.44041509,1.442510218
0.1544,-0.26615644,0.264075876,1.752198078,-1.748209197,-1.484069971,1.486104988
0.15445,-0.300706047,0.298651419,1.834235592,-1.830187642,-1.531546228,1.533519541
0.1545,-0.337889306,0.335863277,1.922437695,-1.918327582,-1.582551407,1.584461287
0.15455,-0.378010884,0.376016329,2.01675302,-2.012577424,-1.636729316,1.638573915
0.1546,-0.421338576,0.419378591,2.117107898,-2.112863274,-1.693738324,1.695515681
0.15465,-0.468025815,0.466103734,2.22338307,-2.219065657,-1.753305562,1.755013615
0.1547,-0.518130242,0.516249645,2.335425472,-2.331031295,-1.815220141,1.816856739
0.15475,-0.571693804,0.569858522,2.453077435,-2.448602312,-1.879282254,1.880845166
0.1548,-0.628809212,0.627023339,2.576196736,-2.571636284,-1.945256773,1.946743696
0.15485,-0.68962301,0.687890911,2.704654565,-2.700004204,-2.012868139,2.014276709
0.1549,-0.754285632,0.752611947,2.838318961,-2.833573921,-2.081833751,2.083161553
0.15495,-0.82289988,0.821289533,2.977041073,-2.972196402,-2.151901743,2.153146319
0.155,-0.895511117,0.89396932,3.120655131,-3.115705697,-2.222860767,2.224019625
0.15505,-0.946590727,0.945122485,3.178867533,-3.173861191,-2.236578541,2.23764952
0.1551,-0.965555582,0.964162852,3.13312182,-3.128126537,-2.16526081,2.166245791
0.15515,-0.98098543,0.97966923,3.088747045,-3.083762796,-2.10553249,2.106434066
0.1552,-0.993244596,0.992005968,3.049719506,-3.044746267,-2.054252916,2.055073446
0.15525,-0.991763229,0.990603514,2.961327907,-2.956365653,-1.960757883,1.961467531
0.1553,-0.955998554,0.954916062,2.798287054,-2.793335762,-1.840139296,1.840703371
0.15535,-0.940207546,0.939200582,2.652511904,-2.647571549,-1.710123109,1.710551985
0.1554,-0.938228732,0.937295834,2.520202575,-2.515273132,-1.579823883,1.580127249
0.15545,-0.933631782,0.932771615,2.398425566,-2.393507011,-1.462671203,1.462857977
0.1555,-0.91796712,0.917178364,2.286157668,-2.281249978,-1.366091964,1.366170198
0.15555,-0.895398257,0.894679607,2.184322001,-2.179425152,-1.286846199,1.286823089
0.1556,-0.875945514,0.875295786,2.094211229,-2.089325196,-1.216206574,1.216088551
0.15565,-0.866257845,0.865676092,2.016250118,-2.011374877,-1.147949105,1.147741953
0.1557,-0.865799602,0.865285172,1.949967904,-1.945103432,-1.082138819,1.081847742
0.15575,-0.869641114,0.869193643,1.894687984,-1.889834257,-1.023028929,1.022658554
0.1558,-0.873705584,0.873324971,1.850071159,-1.845228153,-0.974357192,0.973911566
0.15585,-0.877818289,0.877504694,1.816132098,-1.811299789,-0.936313156,0.935795749
0.1559,-0.884967581,0.884721457,1.792932038,-1.788110403,-0.905969824,0.905383578
0.15595,-0.89844175,0.898263902,1.780344788,-1.775533804,-0.879912771,0.879260168
0.156,-0.919550947,0.919442572,1.778082137,-1.773281779,-0.856543641,0.855826757
0.15605,-0.947420591,0.947383298,1.785862063,-1.781072308,-0.836454968,0.835675515
0.1561,-0.98041989,0.980455704,1.803507264,-1.798728089,-0.821100206,0.820259552
0.15615,-1.017737954,1.017849318,1.830891589,-1.82612297,-0.81116405,0.810263237
0.1562,-1.059925995,1.060115782,1.867820431,-1.863062345,-0.80590061,0.804940389
0.15625,-1.108287857,1.108559393,1.913978269,-1.909230693,-0.803690422,0.80267129
0.1563,-1.16386409,1.164221176,1.968990375,-1.964253285,-0.803118072,0.802040322
0.15635,-1.226857106,1.227304038,2.032529373,-2.027802747,-0.803653607,0.802517369
0.1564,-1.296809134,1.297350708,2.104361567,-2.099645382,-0.80552092,0.804326187
0.15645,-1.373214829,1.373856346,2.184294486,-2.179588718,-0.809032685,0.807779343
0.1565,-1.456004821,1.456752087,2.272081973,-2.267386599,-0.814011906,0.812699758
0.15655,-1.545565106,1.546424439,2.367377022,-2.36269202,-0.81972535,0.818354146
0.1566,-1.642385533,1.643363775,2.469772022,-2.465097368,-0.825275305,0.823844777
0.15665,-1.746694832,1.74779935,2.578884219,-2.574219891,-0.830050016,0.828559911
0.1567,-1.858372571,1.859611264,2.694406718,-2.689752693,-0.833862734,0.832312843
0.15675,-1.977147816,1.97852911,2.816082783,-2.811439038,-0.836727357,0.835117537
0.1568,-2.102861642,2.104394487,2.943634382,-2.939000895,-0.838524476,0.836854672
0.15685,-2.183525309,2.185182308,3.017682131,-3.013058879,-0.825275412,0.823545433
0.1569,-2.224996933,2.226733803,3.005688062,-3.001075023,-0.778421607,0.776634066
0.15695,-2.253424204,2.255241839,3.005460104,-3.000857255,-0.749691266,0.747848673
0.157,-2.27634626,2.278245632,3.014292433,-3.009699751,-0.735592274,0.733696864
0.15705,-2.244688987,2.246670829,2.940320567,-2.935786973,-0.699897404,0.697951722
0.1571,-2.132098931,2.134159841,2.767386984,-2.762971686,-0.63297826,0.63098717
0.15715,-2.037072598,2.039208459,2.596780681,-2.592476843,-0.557503899,0.5554728
0.1572,-1.949723192,1.951930128,2.435235131,-2.43103631,-0.483342089,0.481276042
0.15725,-1.862160584,1.864434916,2.286572759,-2.282472928,-0.42227328,0.420176907
0.1573,-1.77337417,1.775712396,2.151639023,-2.147632579,-0.376153803,0.374031233
0.15735,-1.687995753,1.69039456,2.028183384,-2.024265137,-0.338101647,0.335956561
0.1574,-1.610962747,1.613419044,1.913309813,-1.909474964,-0.300283621,0.298119366
0.15745,-1.543686688,1.546197628,1.805802744,-1.802046868,-0.260072818,0.257892478
0.1575,-1.484180473,1.486743454,1.706510952,-1.702829985,-0.220305293,0.218111716
0.15755,-1.42971523,1.432327885,1.617010263,-1.613400506,-0.185285936,0.183081718
0.1576,-1.379172327,1.381832519,1.53804693,-1.534505044,-0.156879829,0.154667299
0.15765,-1.33344844,1.336154262,1.469007914,-1.465530913,-0.133577441,0.131358684
0.1577,-1.294251978,1.297001762,1.408541349,-1.40512659,-0.112318649,0.11009555
0.15775,-1.262684991,1.265477322,1.355564105,-1.352209268,-0.090918383,0.088692677
0.1578,-1.238696883,1.241530599,1.30981561,-1.306518688,-0.069166755,0.066940061
0.15785,-1.221518963,1.224393159,1.271670574,-1.268429865,-0.048207238,0.045981078
0.1579,-1.210463639,1.213377661,1.241534578,-1.238348678,-0.029133076,0.02690888
0.15795,-1.205415855,1.2083693,1.219361538,-1.216229332,-0.012013296,0.009792419
0.158,-1.206769508,1.209762226,1.204607599,-1.20152825,0.004097987,-0.006305221
0.15805,-1.215032542,1.21806464,1.196537177,-1.193510116,0.020424323,-0.022625676
0.1581,-1.230436337,1.233508177,1.194619103,-1.191644013,0.037743607,-0.039937789
0.15815,-1.25288408,1.255996282,1.198641031,-1.195717837,0.056167902,-0.058353592
0.1582,-1.282102514,1.285255955,1.208603118,-1.205731978,0.075423772,-0.077599601
0.15825,-1.317874325,1.321070136,1.224472967,-1.221654259,0.09532635,-0.097490884
0.1583,-1.360156781,1.363396344,1.246018797,-1.243253113,0.116064744,-0.118216471
0.15835,-1.409039344,1.412324292,1.272819548,-1.270107679,0.13814955,-0.140286858
0.1584,-1.464615147,1.46794736,1.304406327,-1.301749254,0.162142885,-0.164264041
0.15845,-1.526879251,1.530260858,1.340407163,-1.337806043,0.188411886,-0.190515016
0.1585,-1.595716894,1.599150266,1.38059178,-1.378047935,0.217072185,-0.21915526
0.15855,-1.67096537,1.67445312,1.424805494,-1.422320402,0.248115888,-0.250176706
0.1586,-1.752486324,1.756031301,1.472862929,-1.470438212,0.281590153,-0.283626331
0.15865,-1.840194749,1.843800033,1.524487252,-1.522124667,0.317686953,-0.319695909
0.1587,-1.934035752,1.937704652,1.5793309,-1.577032325,0.356699117,-0.358678061
0.15875,-2.033939869,2.037675919,1.637046989,-1.634814416,0.398904233,-0.400850149
0.1588,-2.139795377,2.143602327,1.697348557,-1.69518408,0.444477714,-0.446387353
0.15885,-2.251453898,2.255335717,1.760013272,-1.757919074,0.493493702,-0.495363567
0.1589,-2.368756855,2.372717716,1.824840349,-1.822818697,0.545994593,-0.547820933
0.15895,-2.491557719,2.495602002,1.891602288,-1.889655519,0.602061556,-0.603840358
0.159,-2.619724384,2.623856663,1.96003089,-1.958161405,0.661830887,-0.663557866
0.15905,-2.753125185,2.757350226,2.029843095,-2.028053346,0.725454187,-0.727124782
0.1591,-2.891614132,2.895936888,2.100778889,-2.09907137,0.793045698,-0.794655062
0.15915,-3.035027828,3.039453431,2.172617929,-2.170995171,0.864662581,-0.866205578
0.1592,-3.093205868,3.097687795,2.187125036,-2.185589239,0.914960118,-0.916431818
0.15925,-3.047661292,3.052133318,2.116394993,-2.114944306,0.933516751,-0.934915238
0.1593,-3.003488928,3.007951076,2.05723547,-2.05586733,0.948562144,-0.949886435
0.15935,-2.964649434,2.969101726,2.006580619,-2.005292695,0.960369955,-0.961619045
0.1594,-2.932200244,2.9366427,1.960328644,-1.959118813,0.974166906,-0.975339726
0.15945,-2.851302504,2.855735148,1.8699645,-1.868861297,0.977007664,-0.978102789
0.1595,-2.696158248,2.7005811,1.754384054,-1.753420586,0.944025053,-0.945044123
0.15955,-2.55752001,2.561933092,1.631596213,-1.630762645,0.92807467,-0.929019344
0.1596,-2.431991864,2.436395198,1.509646052,-1.508933231,0.924468027,-0.925339744
0.15965,-2.317191835,2.321585443,1.399928191,-1.399327723,0.919360654,-0.920160709
0.1597,-2.212264214,2.216648117,1.308953565,-1.308457884,0.905385622,-0.906115261
0.15975,-2.117914107,2.122288326,1.234174932,-1.233777294,0.885794895,-0.886455312
0.1598,-2.035152662,2.039517219,1.168128004,-1.167822403,0.869063613,-0.869655859
0.15985,-1.964305112,1.968660028,1.105192658,-1.104973718,0.861136941,-0.861661823
0.1599,-1.904979306,1.909324603,1.045040785,-1.044903703,0.8619507,-0.862408721
0.15995,-1.856612042,1.860947741,0.991114122,-0.991054643,0.867499827,-0.86789119
0.16,-1.818903009,1.823229131,0.946685829,-0.946700259,0.874210714,-0.874535337
0.16005,-1.791826954,1.79614352,0.912111796,-0.912196981,0.881702089,-0.881959608
0.1601,-1.77538577,1.779692802,0.884971432,-0.885124725,0.892396338,-0.892586076
0.16015,-1.769421947,1.773719465,0.862213807,-0.862432997,0.909186846,-0.909307763
0.1602,-1.773645644,1.777933669,0.84221243,-0.842495694,0.933410266,-0.933460923
0.16025,-1.78777914,1.792057695,0.82525737,-0.825603228,0.964498852,-0.964477385
0.1603,-1.811639738,1.815908841,0.812525289,-0.812932582,1.001093296,-1.000997413
0.16035,-1.84508962,1.849349294,0.804657164,-0.805125031,1.04241487,-1.042241849
0.1604,-1.887926653,1.892176918,0.801076254,-0.801604106,1.088838268,-1.088584944
0.16045,-1.939834335,1.944075212,0.800368224,-0.800955698,1.141461438,-1.141124186
0.1605,-2.000435939,2.004667448,0.801197121,-0.801844039,1.201243758,-1.200818468
0.16055,-2.06939373,2.073615892,0.802959488,-0.80366582,1.268451125,-1.267933188
0.1606,-2.146457356,2.150670192,0.805749164,-0.80651499,1.342739546,-1.342123848
0.16065,-2.231421074,2.235624604,0.809810051,-0.810635541,1.423659584,-1.422940501
0.1607,-2.324036197,2.328230443,0.815001561,-0.815886948,1.511103369,-1.510274763
0.16075,-2.423961724,2.428146705,0.820684822,-0.82163037,1.605369009,-1.604424228
0.1608,-2.53079512,2.534970857,0.826033201,-0.827039174,1.706880867,-1.705812735
0.16085,-2.644150169,2.648316682,0.830438678,-0.831505309,1.815861027,-1.814661838
0.1609,-2.763709059,2.767866368,0.833670662,-0.834798124,1.932222561,-1.930884079
0.16095,-2.889204838,2.893352964,0.835705407,-0.836893789,2.055722572,-2.054236035
0.161,-2.961534163,2.965673126,0.822661294,-0.82391083,2.134515231,-2.132907386
0.16105,-2.948279966,2.952409786,0.775848275,-0.777156361,2.174697156,-2.173011283
0.1611,-2.946763217,2.950883914,0.747201956,-0.748566093,2.201766224,-2.200001481
0.16115,-2.954324069,2.958435664,0.733306125,-0.734724094,2.223231447,-2.221386913
0.1612,-2.966568126,2.970670638,0.718247017,-0.719716761,2.250544604,-2.248619236
0.16125,-2.893200389,2.897245583,0.672254925,-0.673773915,2.2297628,-2.227755736
0.1613,-2.722045671,2.725975202,0.599002001,-0.600565417,2.125202236,-2.12311675
0.16135,-2.556036517,2.559857061,0.526690281,-0.528292844,2.031535285,-2.029375399
0.1614,-2.40103557,2.404753399,0.461535467,-0.463172315,1.941655837,-1.939425358
0.16145,-2.258473152,2.262094116,0.407741897,-0.40940862,1.852857105,-1.850559646
0.1615,-2.127690191,2.131219729,0.363089369,-0.364782002,1.766699783,-1.764338767
0.16155,-2.006832077,2.010275227,0.322360808,-0.324075764,1.686546047,-1.684124686
0.1616,-1.894491165,1.897852582,0.282082838,-0.283816835,1.6144614,-1.611982674
0.16165,-1.790558944,1.793842911,0.242462217,-0.244212241,1.550130372,-1.547597025
0.1617,-1.69582719,1.699037624,0.20590407,-0.207667365,1.491939421,-1.489353958
0.16175,-1.610987493,1.614127948,0.174304903,-0.176078973,1.438683435,-1.43604813
0.1618,-1.535960729,1.539034403,0.147532015,-0.149314611,1.390415806,-1.3877327
0.16185,-1.469975992,1.472985737,0.123855039,-0.125644126,1.348095834,-1.34536673
0.1619,-1.412141605,1.415089941,0.101423887,-0.103217608,1.312681798,-1.309908254
0.16195,-1.361957544,1.36484667,0.079409104,-0.081205739,1.284503024,-1.281686346
0.162,-1.319409107,1.322240911,0.058085685,-0.059883627,1.263269732,-1.260410973
0.16205,-1.284680938,1.287457005,0.038109222,-0.039906966,1.248510897,-1.245610857
0.1621,-1.257793762,1.260515385,0.019728734,-0.021524855,1.239998165,-1.237057392
0.16215,-1.238443285,1.241111471,0.002506889,-0.004300026,1.237864525,-1.234883315
0.1622,-1.226105927,1.228721412,-0.014416038,0.012594636,1.242429303,-1.239407695
0.16225,-1.220275304,1.222838563,-0.031756921,0.02994122,1.253937109,-1.250874889
0.1623,-1.220618415,1.223129675,-0.049906486,0.048097819,1.272427851,-1.269324544
0.16235,-1.226985229,1.229444478,-0.06887859,0.067078327,1.297765873,-1.294620751
0.1624,-1.239276994,1.241683991,-0.088602548,0.086812115,1.329781784,-1.326593864
0.16245,-1.257308208,1.259662497,-0.109176193,0.107397085,1.368387969,-1.365156014
0.1625,-1.280759755,1.283060673,-0.130931665,0.129165468,1.41359752,-1.410320042
0.16255,-1.309236184,1.311482872,-0.154315298,0.152563707,1.4654614,-1.462136661
0.1626,-1.342364379,1.344555795,-0.179710783,0.177975622,1.523990281,-1.520616297
0.16265,-1.379855109,1.38199004,-0.207342593,0.205625832,1.589119518,-1.585694057
0.1627,-1.421491681,1.42356875,-0.237308043,0.235611814,1.660729849,-1.657250439
0.16275,-1.467069238,1.469086922,-0.269684898,0.26801151,1.738694319,-1.735158249
0.1628,-1.516339051,1.518295683,-0.304620291,0.30297224,1.82291147,-1.819315795
0.16285,-1.568997853,1.570891638,-0.342341142,0.340721129,1.913305109,-1.909646653
0.1629,-1.624721657,1.626550683,-0.383095966,0.381506906,2.009799926,-2.006075286
0.16295,-1.683210632,1.684972878,-0.427085736,0.425530775,2.112297233,-2.108502787
0.163,-1.74420942,1.745902769,-0.474437475,0.472919996,2.220668876,-2.216800783
0.16305,-1.807492266,1.809114512,-0.525231329,0.523754964,2.334769431,-2.33082364
0.1631,-1.872831228,1.874380091,-0.579549285,0.578117925,2.454453138,-2.45042539
0.16315,-1.93997584,1.941448969,-0.637503389,0.63612119,2.579581776,-2.575467612
0.1632,-2.008658735,2.010053724,-0.699225479,0.69789687,2.71002002,-2.705814789
0.16325,-2.078618441,2.079932833,-0.764834402,0.763564093,2.845625455,-2.841324315
0.1633,-2.149617851,2.150849152,-0.834411898,0.833204886,2.986242929,-2.981840857
0.16335,-2.22144385,2.222589533,-0.908005548,0.90686712,3.131707128,-3.127198924
0.1634,-2.236113577,2.237171449,-0.959816333,0.958751567,3.191603358,-3.18703702
0.16345,-2.165941492,2.166913394,-0.979092828,0.978103717,3.147315503,-3.142759251
0.1635,-2.107219851,2.108108335,-0.995009141,0.994096733,3.104434436,-3.099888249
0.16355,-2.056856778,2.057664164,-1.007854895,1.007020269,3.066910549,-3.062374404
0.1636,-1.964505012,1.965201371,-1.006881443,1.006125977,2.980170665,-2.975644541
0.16365,-1.84547024,1.846020713,-0.971456956,0.970778991,2.819054279,-2.814538153
0.1637,-1.716947488,1.717362339,-0.956018446,0.955416319,2.675125487,-2.670619336
0.16375,-1.587952155,1.588240972,-0.954550372,0.954022658,2.544631181,-2.540134984
0.1638,-1.471907838,1.472079443,-0.95068624,0.95023165,2.424695718,-2.420209452
0.16385,-1.376340275,1.376402633,-0.935888138,0.935505404,2.314306403,-2.309830047
0.1639,-1.298113692,1.298073919,-0.914182934,0.913870809,2.214353911,-2.209887443
0.16395,-1.228512279,1.228376731,-0.895542112,0.895299474,2.126093599,-2.121636996
0.164,-1.161230181,1.161004575,-0.886681693,0.886507661,2.049935434,-2.045488676
0.16405,-1.09624035,1.095929826,-0.887166058,0.887060052,1.985416611,-1.980979675
0.1641,-1.037772219,1.037381354,-0.892104213,0.892065947,1.931875435,-1.927448299
0.16415,-0.989614405,0.989147197,-0.897375745,0.8974052,1.888979952,-1.884562595
0.1642,-0.952025284,0.951485165,-0.902732356,0.902829777,1.856740091,-1.852332491
0.16425,-0.922105624,0.921495506,-0.911122521,0.911288453,1.835204985,-1.83080712
0.1643,-0.896415188,0.895737525,-0.92584829,0.926083631,1.824236392,-1.819848242
0.16435,-0.873309726,0.872566577,-0.948258971,0.948565015,1.823539373,-1.819160916
0.1644,-0.853357505,0.852550571,-0.977503914,0.977882371,1.832831574,-1.828462787
0.16445,-0.838023748,0.837154391,-1.011943772,1.012396771,1.851938909,-1.847579773
0.1645,-0.828023174,0.827092441,-1.050739823,1.051269913,1.88073743,-1.876387922
0.16455,-0.822630553,0.821639201,-1.094420607,1.095030769,1.919030516,-1.914690615
0.1646,-0.820225083,0.819173626,-1.144285342,1.144979011,1.966496689,-1.962166374
0.16465,-0.819376914,0.818265667,-1.201382383,1.202163473,2.022754593,-2.018433844
0.1647,-0.819546101,0.81837522,-1.265920422,1.266793341,2.087473145,-2.08316194
0.16475,-0.820960183,0.819729696,-1.337438264,1.338407923,2.160418874,-2.156117192
0.1648,-0.823944149,0.82265398,-1.41542025,1.416492063,2.241401312,-2.237109131
0.16485,-0.828330739,0.826980735,-1.499787823,1.50096771,2.330174854,-2.325892154
0.1649,-0.833388068,0.831978029,-1.590923358,1.592217755,2.426390225,-2.422116986
0.16495,-0.838215217,0.83674493,-1.689316354,1.690732214,2.529636258,-2.525372457
0.165,-0.84220036,0.840669632,-1.795193503,1.796738308,2.639528092,-2.63527371
0.16505,-0.845162881,0.843571567,-1.908428836,1.910110599,2.755759434,-2.751514449
0.1651,-0.847124975,0.845472999,-2.028745098,2.030572354,2.878075517,-2.873839909
0.16515,-0.84797179,0.84625917,-2.15597978,2.15796159,3.006199291,-3.001973039
0.1652,-0.833891222,0.832117839,-2.237858797,2.239966976,3.080632149,-3.076415234
0.16525,-0.786523319,0.784691836,-2.280001305,2.28219044,3.068795589,-3.064587989
0.1653,-0.757306104,0.755419075,-2.309111325,2.311382339,3.068764262,-3.064565956
0.16535,-0.742643627,0.740703331,-2.332787299,2.335141187,3.077787815,-3.073598783
0.1654,-0.706438572,0.704447603,-2.301883054,2.304320577,3.004059095,-2.999929309
0.16545,-0.639250899,0.637214138,-2.189944548,2.192462323,2.831508163,-2.827498213
0.1655,-0.563428908,0.56135177,-2.095571311,2.09816524,2.661206969,-2.65731003
0.16555,-0.489012576,0.486900141,-2.008792022,2.011458249,2.499976671,-2.49618631
0.1656,-0.427816592,0.425673503,-1.921729121,1.924463988,2.351686502,-2.347996703
0.16565,-0.381537022,0.379367431,-1.833484387,1.836284412,2.217134042,-2.21353921
0.1657,-0.343106468,0.340914086,-1.748788114,1.751650007,2.093981861,-2.090476814
0.16575,-0.304671077,0.302459282,-1.672563681,1.675484374,1.979299235,-1.97587918
0.1658,-0.263761825,0.261533741,-1.606112602,1.609089273,1.871918463,-1.868578978
0.16585,-0.223394572,0.221153088,-1.54734551,1.550375581,1.772765862,-1.76950289
0.1659,-0.187915293,0.185663046,-1.493524195,1.496605323,1.683449008,-1.68025885
0.16595,-0.159071367,0.156810733,-1.443607997,1.446738069,1.604674423,-1.601553742
0.166,-0.13519488,0.132927989,-1.398581121,1.401758254,1.535758216,-1.532704028
0.16605,-0.113162595,0.110891386,-1.360175718,1.363398271,1.475309155,-1.472318814
0.1661,-0.090860466,0.088586729,-1.329443756,1.332710338,1.422265053,-1.419336236
0.16615,-0.068209628,0.065935044,-1.306260372,1.309569848,1.376422098,-1.373552794
0.1662,-0.046434801,0.04416095,-1.289817682,1.293169171,1.338197051,-1.335385553
0.16625,-0.026607041,0.024335418,-1.279445466,1.282838339,1.307990684,-1.30523558
0.1663,-0.008704121,0.006436145,-1.275077427,1.278511305,1.285714416,-1.283014582
0.16635,0.008318539,-0.010554434,-1.277151902,1.28062666,1.270773471,-1.268128062
0.1664,0.025641048,-0.027870635,-1.286149833,1.289665599,1.262447625,-1.259856059
0.16645,0.044020691,-0.046242608,-1.302292626,1.305849788,1.260208585,-1.257670531
0.1665,0.063499834,-0.065712686,-1.325446709,1.32904591,1.263882365,-1.261397734
0.16655,0.083770059,-0.085972399,-1.355324271,1.35896641,1.273489644,-1.271058578
0.1666,0.10466408,-0.1068544,-1.391717921,1.395404149,1.288990365,-1.286613224
0.16665,0.126417872,-0.128594581,-1.434605803,1.438337523,1.310126758,-1.307804115
0.1667,0.149576829,-0.151738234,-1.484090427,1.487869291,1.336456014,-1.33418864
0.16675,0.174700203,-0.176844491,-1.540260944,1.544088851,1.367508123,-1.365296977
0.1668,0.202121331,-0.204246547,-1.603096667,1.606975764,1.402929169,-1.400775383
0.16685,0.231919938,-0.234023969,-1.67246827,1.676400946,1.442510218,-1.440415091
0.1669,0.264075876,-0.26615644,-1.748209197,1.752198078,1.486104988,-1.484069971
0.16695,0.298651419,-0.300706047,-1.830187643,1.834235592,1.533519541,-1.531546228
0.167,0.335863277,-0.337889306,-1.918327582,1.922437695,1.584461287,-1.582551407
0.16705,0.376016329,-0.378010885,-2.012577424,2.01675302,1.638573915,-1.636729316
0.1671,0.419378591,-0.421338576,-2.112863275,2.117107898,1.695515681,-1.693738325
0.16715,0.466103735,-0.468025815,-2.219065657,2.22338307,1.755013615,-1.753305562
0.1672,0.516249645,-0.518130243,-2.331031296,2.335425472,1.816856739,-1.815220141
0.16725,0.569858523,-0.571693805,-2.448602313,2.453077435,1.880845166,-1.879282254
0.1673,0.627023339,-0.628809212,-2.571636284,2.576196736,1.946743696,-1.945256773
0.16735,0.687890911,-0.68962301,-2.700004204,2.704654565,2.014276709,-2.012868139
0.1674,0.752611947,-0.754285632,-2.833573922,2.838318961,2.083161553,-2.081833751
0.16745,0.821289533,-0.82289988,-2.972196402,2.977041073,2.153146319,-2.151901743
0.1675,0.89396932,-0.895511117,-3.115705697,3.120655132,2.224019625,-2.222860767
0.16755,0.945122486,-0.946590727,-3.173861192,3.178867534,2.23764952,-2.236578541
0.1676,0.964162852,-0.965555582,-3.128126537,3.133121821,2.166245791,-2.16526081
0.16765,0.97966923,-0.98098543,-3.083762796,3.088747045,2.106434067,-2.10553249
0.1677,0.992005968,-0.993244596,-3.044746267,3.049719506,2.055073446,-2.054252916
0.16775,0.990603514,-0.991763229,-2.956365653,2.961327907,1.961467531,-1.960757883
0.1678,0.954916062,-0.955998554,-2.793335762,2.798287054,1.840703371,-1.840139296
0.16785,0.939200582,-0.940207546,-2.647571549,2.652511905,1.710551985,-1.71012311
0.1679,0.937295834,-0.938228732,-2.515273132,2.520202575,1.58012725,-1.579823883
0.16795,0.932771615,-0.933631782,-2.393507012,2.398425566,1.462857977,-1.462671204
0.168,0.917178364,-0.91796712,-2.281249979,2.286157668,1.366170198,-1.366091964
0.16805,0.894679608,-0.895398257,-2.179425152,2.184322002,1.286823089,-1.2868462
0.1681,0.875295786,-0.875945514,-2.089325197,2.09421123,1.216088552,-1.216206575
0.16815,0.865676092,-0.866257845,-2.011374878,2.016250118,1.147741953,-1.147949105
0.1682,0.865285172,-0.865799602,-1.945103432,1.949967904,1.081847742,-1.082138819
0.16825,0.869193644,-0.869641114,-1.889834257,1.894687984,1.022658555,-1.023028929
0.1683,0.873324972,-0.873705584,-1.845228154,1.85007116,0.973911566,-0.974357192
0.16835,0.877504694,-0.877818289,-1.81129979,1.816132099,0.935795749,-0.936313156
0.1684,0.884721458,-0.884967581,-1.788110404,1.792932039,0.905383579,-0.905969824
0.16845,0.898263903,-0.898441751,-1.775533804,1.780344789,0.879260168,-0.879912772
0.1685,0.919442572,-0.919550947,-1.77328178,1.778082138,0.855826757,-0.856543641
0.16855,0.947383298,-0.947420591,-1.781072309,1.785862064,0.835675515,-0.836454968
0.1686,0.980455705,-0.98041989,-1.798728089,1.803507265,0.820259552,-0.821100207
0.16865,1.017849319,-1.017737954,-1.82612297,1.830891589,0.810263237,-0.81116405
0.1687,1.060115783,-1.059925995,-1.863062346,1.867820432,0.804940389,-0.805900611
0.16875,1.108559394,-1.108287858,-1.909230694,1.91397827,0.80267129,-0.803690422
0.1688,1.164221177,-1.16386409,-1.964253286,1.968990375,0.802040322,-0.803118072
0.16885,1.227304039,-1.226857106,-2.027802748,2.032529374,0.802517369,-0.803653607
0.1689,1.297350709,-1.296809134,-2.099645382,2.104361568,0.804326187,-0.80552092
0.16895,1.373856347,-1.37321483,-2.179588718,2.184294486,0.807779344,-0.809032685
0.169,1.456752087,-1.456004821,-2.2673866,2.272081974,0.812699758,-0.814011906
0.16905,1.54642444,-1.545565107,-2.36269202,2.367377023,0.818354146,-0.81972535
0.1691,1.643363775,-1.642385534,-2.465097369,2.469772023,0.823844777,-0.825275305
0.16915,1.747799351,-1.746694833,-2.574219891,2.578884219,0.828559911,-0.830050016
0.1692,1.859611264,-1.858372571,-2.689752694,2.694406719,0.832312843,-0.833862734
0.16925,1.978529111,-1.977147816,-2.811439039,2.816082783,0.835117538,-0.836727357
0.1693,2.104394488,-2.102861643,-2.939000896,2.943634383,0.836854672,-0.838524476
0.16935,2.185182308,-2.183525309,-3.01305888,3.017682132,0.823545433,-0.825275412
0.1694,2.226733803,-2.224996934,-3.001075024,3.005688063,0.776634066,-0.778421607
0.16945,2.25524184,-2.253424205,-3.000857256,3.005460105,0.747848673,-0.749691266
0.1695,2.278245632,-2.276346261,-3.009699752,3.014292434,0.733696864,-0.735592275
0.16955,2.24667083,-2.244688988,-2.935786973,2.940320567,0.697951722,-0.699897404
0.1696,2.134159842,-2.132098931,-2.762971687,2.767386984,0.63098717,-0.63297826
0.16965,2.039208459,-2.037072598,-2.592476844,2.596780682,0.5554728,-0.557503899
0.1697,1.951930128,-1.949723192,-2.431036311,2.435235132,0.481276042,-0.483342089
0.16975,1.864434917,-1.862160584,-2.282472929,2.286572759,0.420176907,-0.42227328
0.1698,1.775712396,-1.773374171,-2.14763258,2.151639023,0.374031233,-0.376153803
0.16985,1.69039456,-1.687995754,-2.024265138,2.028183384,0.335956561,-0.338101647
0.1699,1.613419044,-1.610962747,-1.909474965,1.913309813,0.298119366,-0.300283621
0.16995,1.546197629,-1.543686688,-1.802046868,1.805802745,0.257892478,-0.260072818
0.17,1.486743455,-1.484180474,-1.702829985,1.706510952,0.218111716,-0.220305293
0.17005,1.432327886,-1.42971523,-1.613400506,1.617010264,0.183081718,-0.185285936
0.1701,1.38183252,-1.379172328,-1.534505045,1.538046931,0.154667299,-0.156879829
0.17015,1.336154263,-1.333448441,-1.465530914,1.469007914,0.131358684,-0.133577441
0.1702,1.297001763,-1.294251978,-1.40512659,1.40854135,0.11009555,-0.112318649
0.17025,1.265477323,-1.262684992,-1.352209268,1.355564106,0.088692677,-0.090918383
0.1703,1.2415306,-1.238696883,-1.306518689,1.309815611,0.066940061,-0.069166755
0.17035,1.22439316,-1.221518963,-1.268429865,1.271670574,0.045981078,-0.048207238
0.1704,1.213377662,-1.210463639,-1.238348678,1.241534578,0.02690888,-0.029133076
0.17045,1.208369301,-1.205415856,-1.216229333,1.219361539,0.009792419,-0.012013296
0.1705,1.209762227,-1.206769508,-1.201528251,1.204607599,-0.006305221,0.004097987
0.17055,1.21806464,-1.215032543,-1.193510117,1.196537178,-0.022625676,0.020424323
0.1706,1.233508177,-1.230436338,-1.191644013,1.194619103,-0.039937789,0.037743607
0.17065,1.255996282,-1.25288408,-1.195717837,1.198641031,-0.058353592,0.056167902
0.1707,1.285255956,-1.282102515,-1.205731978,1.208603119,-0.077599601,0.075423773
0.17075,1.321070137,-1.317874326,-1.22165426,1.224472968,-0.097490884,0.09532635
0.1708,1.363396345,-1.360156782,-1.243253114,1.246018798,-0.118216471,0.116064744
0.17085,1.412324293,-1.409039345,-1.27010768,1.272819549,-0.140286858,0.138149551
0.1709,1.467947361,-1.464615148,-1.301749255,1.304406328,-0.164264041,0.162142886
0.17095,1.530260859,-1.526879252,-1.337806044,1.340407164,-0.190515016,0.188411886
0.171,1.599150267,-1.595716895,-1.378047936,1.380591781,-0.21915526,0.217072185
0.17105,1.674453121,-1.670965371,-1.422320402,1.424805494,-0.250176707,0.248115888
0.1711,1.756031301,-1.752486325,-1.470438212,1.472862929,-0.283626331,0.281590153
0.17115,1.843800033,-1.840194749,-1.522124667,1.524487253,-0.319695909,0.317686953
0.1712,1.937704653,-1.934035753,-1.577032326,1.579330901,-0.358678061,0.356699117
0.17125,2.037675919,-2.03393987,-1.634814417,1.63704699,-0.40085015,0.398904233
0.1713,2.143602328,-2.139795378,-1.695184081,1.697348558,-0.446387353,0.444477714
0.17135,2.255335718,-2.251453899,-1.757919075,1.760013272,-0.495363567,0.493493702
0.1714,2.372717717,-2.368756856,-1.822818698,1.82484035,-0.547820933,0.545994593
0.17145,2.495602002,-2.49155772,-1.88965552,1.891602288,-0.603840358,0.602061556
0.1715,2.623856664,-2.619724385,-1.958161405,1.96003089,-0.663557866,0.661830887
0.17155,2.757350227,-2.753125186,-2.028053346,2.029843096,-0.727124783,0.725454188
0.1716,2.895936889,-2.891614132,-2.099071371,2.100778889,-0.794655063,0.793045698
0.17165,3.039453431,-3.035027829,-2.170995171,2.172617929,-0.866205579,0.864662581
0.1717,3.097687796,-3.093205869,-2.18558924,2.187125037,-0.916431818,0.914960118
0.17175,3.052133319,-3.047661293,-2.114944307,2.116394993,-0.934915238,0.933516751
0.1718,3.007951077,-3.003488929,-2.055867331,2.057235471,-0.949886436,0.948562144
0.17185,2.969101726,-2.964649435,-2.005292695,2.006580619,-0.961619045,0.960369955
0.1719,2.936642701,-2.932200245,-1.959118813,1.960328645,-0.975339726,0.974166906
0.17195,2.855735148,-2.851302505,-1.868861297,1.8699645,-0.978102789,0.977007664
0.172,2.7005811,-2.696158249,-1.753420587,1.754384054,-0.945044123,0.944025053
0.17205,2.561933093,-2.557520011,-1.630762645,1.631596213,-0.929019344,0.92807467
0.1721,2.436395199,-2.431991865,-1.508933231,1.509646052,-0.925339744,0.924468027
0.17215,2.321585444,-2.317191836,-1.399327724,1.399928192,-0.920160709,0.919360654
0.1722,2.216648118,-2.212264215,-1.308457884,1.308953565,-0.906115261,0.905385622
0.17225,2.122288327,-2.117914107,-1.233777294,1.234174932,-0.886455312,0.885794895
0.1723,2.039517219,-2.035152662,-1.167822403,1.168128005,-0.86965586,0.869063614
0.17235,1.968660029,-1.964305113,-1.104973719,1.105192658,-0.861661823,0.861136942
0.1724,1.909324604,-1.904979307,-1.044903703,1.045040786,-0.862408721,0.8619507
0.17245,1.860947742,-1.856612043,-0.991054644,0.991114122,-0.86789119,0.867499828
0.1725,1.823229132,-1.81890301,-0.946700259,0.94668583,-0.874535338,0.874210715
0.17255,1.796143521,-1.791826955,-0.912196982,0.912111796,-0.881959609,0.881702089
0.1726,1.779692803,-1.775385771,-0.885124725,0.884971433,-0.892586077,0.892396339
0.17265,1.773719466,-1.769421948,-0.862432998,0.862213807,-0.909307764,0.909186846
0.1727,1.77793367,-1.773645644,-0.842495695,0.84221243,-0.933460923,0.933410267
0.17275,1.792057695,-1.787779141,-0.825603228,0.82525737,-0.964477385,0.964498853
0.1728,1.815908842,-1.811639739,-0.812932582,0.812525289,-1.000997413,1.001093296
0.17285,1.849349294,-1.845089621,-0.805125032,0.804657164,-1.042241849,1.04241487
0.1729,1.892176919,-1.887926654,-0.801604106,0.801076254,-1.088584944,1.088838268
0.17295,1.944075213,-1.939834336,-0.800955698,0.800368225,-1.141124186,1.141461439
0.173,2.004667449,-2.000435939,-0.80184404,0.801197121,-1.200818469,1.201243759
0.17305,2.073615893,-2.06939373,-0.80366582,0.802959489,-1.267933189,1.268451125
0.1731,2.150670193,-2.146457357,-0.80651499,0.805749164,-1.342123849,1.342739547
0.17315,2.235624605,-2.231421074,-0.810635542,0.809810051,-1.422940501,1.423659585
0.1732,2.328230444,-2.324036198,-0.815886948,0.815001561,-1.510274763,1.511103369
0.17325,2.428146706,-2.423961725,-0.82163037,0.820684823,-1.604424228,1.605369009
0.1733,2.534970858,-2.530795121,-0.827039174,0.826033201,-1.705812736,1.706880868
0.17335,2.648316683,-2.64415017,-0.831505309,0.830438678,-1.814661838,1.815861028
0.1734,2.767866369,-2.763709059,-0.834798124,0.833670663,-1.93088408,1.932222561
0.17345,2.893352965,-2.889204839,-0.836893789,0.835705407,-2.054236036,2.055722572
0.1735,2.965673127,-2.961534164,-0.82391083,0.822661294,-2.132907386,2.134515231
0.17355,2.952409787,-2.948279967,-0.777156361,0.775848275,-2.173011284,2.174697156
0.1736,2.950883915,-2.946763218,-0.748566093,0.747201956,-2.200001481,2.201766225
0.17365,2.958435665,-2.95432407,-0.734724095,0.733306125,-2.221386914,2.223231447
0.1737,2.970670639,-2.966568126,-0.719716761,0.718247017,-2.248619237,2.250544605
0.17375,2.897245584,-2.89320039,-0.673773915,0.672254925,-2.227755736,2.229762801
0.1738,2.725975203,-2.722045672,-0.600565417,0.599002001,-2.123116751,2.125202237
0.17385,2.559857062,-2.556036517,-0.528292844,0.526690281,-2.029375399,2.031535285
0.1739,2.404753399,-2.401035571,-0.463172315,0.461535467,-1.939425359,1.941655838
0.17395,2.262094117,-2.258473153,-0.409408621,0.407741897,-1.850559647,1.852857106
0.174,2.13121973,-2.127690192,-0.364782003,0.363089369,-1.764338767,1.766699783
0.17405,2.010275228,-2.006832078,-0.324075764,0.322360808,-1.684124686,1.686546048
0.1741,1.897852583,-1.894491165,-0.283816835,0.282082838,-1.611982674,1.6144614
0.17415,1.793842912,-1.790558945,-0.244212241,0.242462217,-1.547597025,1.550130373
0.1742,1.699037625,-1.695827191,-0.207667365,0.20590407,-1.489353959,1.491939422
0.17425,1.614127949,-1.610987494,-0.176078973,0.174304903,-1.436048131,1.438683436
0.1743,1.539034403,-1.53596073,-0.149314611,0.147532015,-1.387732701,1.390415806
0.17435,1.472985738,-1.469975992,-0.125644127,0.123855039,-1.345366731,1.348095834
0.1744,1.415089942,-1.412141605,-0.103217608,0.101423887,-1.309908255,1.312681798
0.17445,1.364846671,-1.361957544,-0.081205739,0.079409104,-1.281686347,1.284503025
0.1745,1.322240912,-1.319409108,-0.059883627,0.058085685,-1.260410974,1.263269733
0.17455,1.287457005,-1.284680938,-0.039906966,0.038109222,-1.245610857,1.248510897
0.1746,1.260515385,-1.257793763,-0.021524855,0.019728734,-1.237057393,1.239998166
0.17465,1.241111471,-1.238443285,-0.004300026,0.002506889,-1.234883316,1.237864526
0.1747,1.228721413,-1.226105928,0.012594636,-0.014416038,-1.239407696,1.242429303
0.17475,1.222838563,-1.220275304,0.02994122,-0.031756922,-1.250874889,1.25393711
0.1748,1.223129675,-1.220618416,0.048097819,-0.049906486,-1.269324545,1.272427851
0.17485,1.229444478,-1.22698523,0.067078327,-0.06887859,-1.294620752,1.297765873
0.1749,1.241683992,-1.239276994,0.086812115,-0.088602548,-1.326593865,1.329781785
0.17495,1.259662498,-1.257308208,0.107397085,-0.109176193,-1.365156014,1.368387969
0.175,1.283060673,-1.280759755,0.129165468,-0.130931665,-1.410320042,1.41359752
0.17505,1.311482872,-1.309236184,0.152563707,-0.154315298,-1.462136662,1.4654614
0.1751,1.344555796,-1.342364379,0.177975622,-0.179710783,-1.520616297,1.523990282
0.17515,1.38199004,-1.37985511,0.205625832,-0.207342593,-1.585694057,1.589119518
0.1752,1.423568751,-1.421491681,0.235611814,-0.237308043,-1.657250439,1.660729849
0.17525,1.469086922,-1.467069239,0.26801151,-0.269684899,-1.73515825,1.73869432
0.1753,1.518295683,-1.516339052,0.30297224,-0.304620291,-1.819315795,1.822911471
0.17535,1.570891638,-1.568997853,0.340721129,-0.342341142,-1.909646653,1.91330511
0.1754,1.626550683,-1.624721657,0.381506907,-0.383095966,-2.006075287,2.009799926
0.17545,1.684972878,-1.683210632,0.425530775,-0.427085736,-2.108502788,2.112297234
0.1755,1.745902769,-1.74420942,0.472919996,-0.474437476,-2.216800784,2.220668877
0.17555,1.809114513,-1.807492266,0.523754964,-0.525231329,-2.33082364,2.334769432
0.1756,1.874380091,-1.872831228,0.578117925,-0.579549285,-2.45042539,2.454453139
0.17565,1.94144897,-1.939975841,0.63612119,-0.637503389,-2.575467613,2.579581776
0.1757,2.010053724,-2.008658736,0.697896871,-0.699225479,-2.705814789,2.710020021
0.17575,2.079932834,-2.078618442,0.763564094,-0.764834402,-2.841324315,2.845625455
0.1758,2.150849152,-2.149617851,0.833204886,-0.834411898,-2.981840857,2.98624293
0.17585,2.222589534,-2.22144385,0.90686712,-0.908005549,-3.127198924,3.131707128
0.1759,2.23717145,-2.236113577,0.958751567,-0.959816333,-3.18703702,3.191603359
0.17595,2.166913394,-2.165941492,0.978103717,-0.979092828,-3.142759251,3.147315503
0.176,2.108108335,-2.107219852,0.994096733,-0.995009141,-3.099888249,3.104434436
0.17605,2.057664164,-2.056856778,1.007020269,-1.007854895,-3.062374404,3.066910549
0.1761,1.965201371,-1.964505012,1.006125978,-1.006881443,-2.975644541,2.980170666
0.17615,1.846020713,-1.84547024,0.970778992,-0.971456956,-2.814538153,2.81905428
0.1762,1.717362339,-1.716947488,0.955416319,-0.956018446,-2.670619336,2.675125487
0.17625,1.588240972,-1.587952155,0.954022659,-0.954550372,-2.540134984,2.544631182
0.1763,1.472079443,-1.471907838,0.95023165,-0.95068624,-2.420209453,2.424695719
0.17635,1.376402634,-1.376340275,0.935505404,-0.935888138,-2.309830048,2.314306404
0.1764,1.298073919,-1.298113692,0.913870809,-0.914182934,-2.209887443,2.214353912
0.17645,1.228376731,-1.228512279,0.895299474,-0.895542112,-2.121636997,2.126093599
0.1765,1.161004575,-1.161230181,0.886507662,-0.886681693,-2.045488676,2.049935435
0.17655,1.095929826,-1.09624035,0.887060052,-0.887166058,-1.980979675,1.985416612
0.1766,1.037381354,-1.037772219,0.892065947,-0.892104213,-1.927448299,1.931875435
0.17665,0.989147197,-0.989614405,0.8974052,-0.897375746,-1.884562595,1.888979953
0.1767,0.951485166,-0.952025284,0.902829777,-0.902732356,-1.852332492,1.856740091
0.17675,0.921495506,-0.922105624,0.911288454,-0.911122522,-1.830807121,1.835204985
0.1768,0.895737525,-0.896415188,0.926083631,-0.92584829,-1.819848242,1.824236392
0.17685,0.872566577,-0.873309726,0.948565015,-0.948258971,-1.819160916,1.823539374
0.1769,0.852550571,-0.853357505,0.977882372,-0.977503914,-1.828462788,1.832831574
0.17695,0.837154391,-0.838023748,1.012396771,-1.011943772,-1.847579774,1.85193891
0.177,0.827092441,-0.828023175,1.051269913,-1.050739823,-1.876387922,1.88073743
0.17705,0.821639202,-0.822630553,1.095030769,-1.094420608,-1.914690616,1.919030516
0.1771,0.819173626,-0.820225083,1.144979012,-1.144285343,-1.962166375,1.966496689
0.17715,0.818265667,-0.819376914,1.202163473,-1.201382383,-2.018433844,2.022754593
0.1772,0.81837522,-0.819546101,1.266793341,-1.265920422,-2.08316194,2.087473145
0.17725,0.819729696,-0.820960183,1.338407923,-1.337438264,-2.156117192,2.160418874
0.1773,0.82265398,-0.823944149,1.416492063,-1.415420251,-2.237109131,2.241401312
0.17735,0.826980735,-0.828330739,1.500967711,-1.499787823,-2.325892154,2.330174854
0.1774,0.831978029,-0.833388068,1.592217755,-1.590923359,-2.422116986,2.426390226
0.17745,0.83674493,-0.838215217,1.690732214,-1.689316354,-2.525372457,2.529636258
0.1775,0.840669632,-0.84220036,1.796738308,-1.795193503,-2.63527371,2.639528093
0.17755,0.843571567,-0.845162881,1.910110599,-1.908428837,-2.751514449,2.755759434
0.1776,0.845472999,-0.847124975,2.030572354,-2.028745098,-2.873839909,2.878075517
0.17765,0.84625917,-0.84797179,2.15796159,-2.15597978,-3.001973039,3.006199291
0.1777,0.832117839,-0.833891222,2.239966976,-2.237858798,-3.076415234,3.08063215
0.17775,0.784691836,-0.786523319,2.28219044,-2.280001305,-3.064587989,3.06879559
0.1778,0.755419075,-0.757306104,2.311382339,-2.309111326,-3.064565957,3.068764263
0.17785,0.740703332,-0.742643627,2.335141187,-2.332787299,-3.073598783,3.077787815
0.1779,0.704447603,-0.706438573,2.304320577,-2.301883055,-2.999929309,3.004059095
0.17795,0.637214138,-0.639250899,2.192462324,-2.189944548,-2.827498214,2.831508163
0.178,0.56135177,-0.563428908,2.09816524,-2.095571311,-2.65731003,2.661206969
0.17805,0.486900141,-0.489012576,2.011458249,-2.008792023,-2.49618631,2.499976671
0.1781,0.425673503,-0.427816592,1.924463988,-1.921729121,-2.347996703,2.351686502
0.17815,0.379367431,-0.381537022,1.836284412,-1.833484387,-2.213539211,2.217134042
0.1782,0.340914086,-0.343106468,1.751650007,-1.748788114,-2.090476814,2.093981861
0.17825,0.302459283,-0.304671077,1.675484374,-1.672563681,-1.97587918,1.979299235
0.1783,0.261533741,-0.263761825,1.609089273,-1.606112602,-1.868578979,1.871918463
0.17835,0.221153088,-0.223394572,1.550375581,-1.547345511,-1.76950289,1.772765863
0.1784,0.185663047,-0.187915293,1.496605324,-1.493524195,-1.68025885,1.683449008
0.17845,0.156810733,-0.159071367,1.446738069,-1.443607997,-1.601553743,1.604674423
0.1785,0.132927989,-0.13519488,1.401758254,-1.398581121,-1.532704028,1.535758216
0.17855,0.110891386,-0.113162595,1.363398271,-1.360175718,-1.472318814,1.475309155
0.1786,0.088586729,-0.090860466,1.332710338,-1.329443756,-1.419336236,1.422265053
0.17865,0.065935044,-0.068209628,1.309569848,-1.306260372,-1.373552794,1.376422098
0.1787,0.04416095,-0.046434801,1.293169171,-1.289817682,-1.335385553,1.338197051
0.17875,0.024335418,-0.026607041,1.282838339,-1.279445466,-1.30523558,1.307990684
0.1788,0.006436145,-0.008704121,1.278511305,-1.275077427,-1.283014582,1.285714416
0.17885,-0.010554434,0.008318539,1.28062666,-1.277151902,-1.268128062,1.270773471
0.1789,-0.027870635,0.025641048,1.289665599,-1.286149833,-1.259856059,1.262447625
0.17895,-0.046242608,0.044020691,1.305849788,-1.302292626,-1.257670531,1.260208585
0.179,-0.065712686,0.063499834,1.32904591,-1.325446709,-1.261397734,1.263882365
0.17905,-0.085972399,0.083770059,1.35896641,-1.355324271,-1.271058578,1.273489644
0.1791,-0.1068544,0.10466408,1.395404149,-1.391717921,-1.286613224,1.288990365
0.17915,-0.128594581,0.126417872,1.438337523,-1.434605803,-1.307804115,1.310126758
0.1792,-0.151738234,0.149576829,1.487869291,-1.484090427,-1.33418864,1.336456014
0.17925,-0.176844491,0.174700203,1.544088851,-1.540260944,-1.365296977,1.367508123
0.1793,-0.204246547,0.202121331,1.606975764,-1.603096667,-1.400775383,1.402929169
0.17935,-0.234023969,0.231919938,1.676400945,-1.67246827,-1.44041509,1.442510218
0.1794,-0.26615644,0.264075876,1.752198078,-1.748209197,-1.484069971,1.486104988
0.17945,-0.300706047,0.298651419,1.834235592,-1.830187642,-1.531546228,1.533519541
0.1795,-0.337889306,0.335863277,1.922437695,-1.918327582,-1.582551407,1.584461287
0.17955,-0.378010884,0.376016329,2.01675302,-2.012577424,-1.636729316,1.638573915
0.1796,-0.421338576,0.419378591,2.117107898,-2.112863274,-1.693738324,1.695515681
0.17965,-0.468025815,0.466103734,2.22338307,-2.219065657,-1.753305562,1.755013615
0.1797,-0.518130242,0.516249645,2.335425472,-2.331031295,-1.815220141,1.816856739
0.17975,-0.571693804,0.569858522,2.453077435,-2.448602312,-1.879282254,1.880845166
0.1798,-0.628809212,0.627023339,2.576196736,-2.571636284,-1.945256773,1.946743696
0.17985,-0.68962301,0.687890911,2.704654565,-2.700004204,-2.012868139,2.014276709
0.1799,-0.754285632,0.752611947,2.838318961,-2.833573921,-2.081833751,2.083161553
0.17995,-0.82289988,0.821289533,2.977041073,-2.972196402,-2.151901743,2.153146319
0.18,-0.895511117,0.89396932,3.120655131,-3.115705697,-2.222860767,2.224019625
0.18005,-0.946590727,0.945122485,3.178867533,-3.173861191,-2.236578541,2.23764952
0.1801,-0.965555582,0.964162852,3.13312182,-3.128126537,-2.16526081,2.166245791
0.18015,-0.98098543,0.97966923,3.088747045,-3.083762796,-2.10553249,2.106434066
0.1802,-0.993244596,0.992005968,3.049719506,-3.044746267,-2.054252916,2.055073446
0.18025,-0.991763229,0.990603514,2.961327907,-2.956365653,-1.960757883,1.961467531
0.1803,-0.955998554,0.954916062,2.798287054,-2.793335762,-1.840139296,1.840703371
0.18035,-0.940207546,0.939200582,2.652511904,-2.647571549,-1.710123109,1.710551985
0.1804,-0.938228732,0.937295834,2.520202575,-2.515273132,-1.579823883,1.580127249
0.18045,-0.933631782,0.932771615,2.398425566,-2.393507011,-1.462671203,1.462857977
0.1805,-0.91796712,0.917178364,2.286157668,-2.281249978,-1.366091964,1.366170198
0.18055,-0.895398257,0.894679607,2.184322001,-2.179425152,-1.286846199,1.286823089
0.1806,-0.875945514,0.875295786,2.094211229,-2.089325196,-1.216206574,1.216088551
0.18065,-0.866257845,0.865676092,2.016250118,-2.011374877,-1.147949105,1.147741953
0.1807,-0.865799602,0.865285172,1.949967904,-1.945103432,-1.082138819,1.081847742
0.18075,-0.869641114,0.869193643,1.894687984,-1.889834257,-1.023028929,1.022658554
0.1808,-0.873705584,0.873324971,1.850071159,-1.845228153,-0.974357192,0.973911566
0.18085,-0.877818289,0.877504694,1.816132098,-1.811299789,-0.936313156,0.935795749
0.1809,-0.884967581,0.884721457,1.792932038,-1.788110403,-0.905969824,0.905383578
0.18095,-0.89844175,0.898263902,1.780344788,-1.775533804,-0.879912771,0.879260168
0.181,-0.919550947,0.919442572,1.778082137,-1.773281779,-0.856543641,0.855826757
0.18105,-0.947420591,0.947383298,1.785862063,-1.781072308,-0.836454968,0.835675515
0.1811,-0.98041989,0.980455704,1.803507264,-1.798728089,-0.821100206,0.820259552
0.18115,-1.017737954,1.017849318,1.830891589,-1.82612297,-0.81116405,0.810263237
0.1812,-1.059925995,1.060115782,1.867820431,-1.863062345,-0.80590061,0.804940389
0.18125,-1.108287857,1.108559393,1.913978269,-1.909230693,-0.803690422,0.80267129
0.1813,-1.16386409,1.164221176,1.968990375,-1.964253285,-0.803118072,0.802040322
0.18135,-1.226857106,1.227304038,2.032529373,-2.027802747,-0.803653607,0.802517369
0.1814,-1.296809134,1.297350708,2.104361567,-2.099645382,-0.80552092,0.804326187
0.18145,-1.373214829,1.373856346,2.184294486,-2.179588718,-0.809032685,0.807779343
0.1815,-1.456004821,1.456752087,2.272081973,-2.267386599,-0.814011906,0.812699758
0.18155,-1.545565106,1.546424439,2.367377022,-2.36269202,-0.81972535,0.818354146
0.1816,-1.642385533,1.643363775,2.469772022,-2.465097368,-0.825275305,0.823844777
0.18165,-1.746694832,1.74779935,2.578884219,-2.574219891,-0.830050016,0.828559911
0.1817,-1.858372571,1.859611264,2.694406718,-2.689752693,-0.833862734,0.832312843
0.18175,-1.977147816,1.97852911,2.816082783,-2.811439038,-0.836727357,0.835117537
0.1818,-2.102861642,2.104394487,2.943634382,-2.939000895,-0.838524476,0.836854672
0.18185,-2.183525309,2.185182308,3.017682131,-3.013058879,-0.825275412,0.823545433
0.1819,-2.224996933,2.226733803,3.005688062,-3.001075023,-0.778421607,0.776634066
0.18195,-2.253424204,2.255241839,3.005460104,-3.000857255,-0.749691266,0.747848673
0.182,-2.27634626,2.278245632,3.014292433,-3.009699751,-0.735592274,0.733696864
0.18205,-2.244688987,2.246670829,2.940320567,-2.935786973,-0.699897404,0.697951722
0.1821,-2.132098931,2.134159841,2.767386984,-2.762971686,-0.63297826,0.63098717
0.18215,-2.037072598,2.039208459,2.596780681,-2.592476843,-0.557503899,0.5554728
0.1822,-1.949723192,1.951930128,2.435235131,-2.43103631,-0.483342089,0.481276042
0.18225,-1.862160584,1.864434916,2.286572759,-2.282472928,-0.42227328,0.420176907
0.1823,-1.77337417,1.775712396,2.151639023,-2.147632579,-0.376153803,0.374031233
0.18235,-1.687995753,1.69039456,2.028183384,-2.024265137,-0.338101647,0.335956561
0.1824,-1.610962747,1.613419044,1.913309813,-1.909474964,-0.300283621,0.298119366
0.18245,-1.543686688,1.546197628,1.805802744,-1.802046868,-0.260072818,0.257892478
0.1825,-1.484180473,1.486743454,1.706510952,-1.702829985,-0.220305293,0.218111716
0.18255,-1.42971523,1.432327885,1.617010263,-1.613400506,-0.185285936,0.183081718
0.1826,-1.379172327,1.381832519,1.53804693,-1.534505044,-0.156879829,0.154667299
0.18265,-1.33344844,1.336154262,1.469007914,-1.465530913,-0.133577441,0.131358684
0.1827,-1.294251978,1.297001762,1.408541349,-1.40512659,-0.112318649,0.11009555
0.18275,-1.262684991,1.265477322,1.355564105,-1.352209268,-0.090918383,0.088692677
0.1828,-1.238696883,1.241530599,1.30981561,-1.306518688,-0.069166755,0.066940061
0.18285,-1.221518963,1.224393159,1.271670574,-1.268429865,-0.048207238,0.045981078
0.1829,-1.210463639,1.213377661,1.241534578,-1.238348678,-0.029133076,0.02690888
0.18295,-1.205415855,1.2083693,1.219361538,-1.216229332,-0.012013296,0.009792419
0.183,-1.206769508,1.209762226,1.204607599,-1.20152825,0.004097987,-0.006305221
0.18305,-1.215032542,1.21806464,1.196537177,-1.193510116,0.020424323,-0.022625676
0.1831,-1.230436337,1.233508177,1.194619103,-1.191644013,0.037743607,-0.039937789
0.18315,-1.25288408,1.255996282,1.198641031,-1.195717837,0.056167902,-0.058353592
0.1832,-1.282102514,1.285255955,1.208603118,-1.205731978,0.075423772,-0.077599601
0.18325,-1.317874325,1.321070136,1.224472967,-1.221654259,0.09532635,-0.097490884
0.1833,-1.360156781,1.363396344,1.246018797,-1.243253113,0.116064744,-0.118216471
0.18335,-1.409039344,1.412324292,1.272819548,-1.270107679,0.13814955,-0.140286858
0.1834,-1.464615147,1.46794736,1.304406327,-1.301749254,0.162142885,-0.164264041
0.18345,-1.526879251,1.530260858,1.340407163,-1.337806043,0.188411886,-0.190515016
0.1835,-1.595716894,1.599150266,1.38059178,-1.378047935,0.217072185,-0.21915526
0.18355,-1.67096537,1.67445312,1.424805494,-1.422320402,0.248115888,-0.250176706
0.1836,-1.752486324,1.756031301,1.472862929,-1.470438212,0.281590153,-0.283626331
0.18365,-1.840194749,1.843800033,1.524487252,-1.522124667,0.317686953,-0.319695909
0.1837,-1.934035752,1.937704652,1.5793309,-1.577032325,0.356699117,-0.358678061
0.18375,-2.033939869,2.037675919,1.637046989,-1.634814416,0.398904233,-0.400850149
0.1838,-2.139795377,2.143602327,1.697348557,-1.69518408,0.444477714,-0.446387353
0.18385,-2.251453898,2.255335717,1.760013272,-1.757919074,0.493493702,-0.495363567
0.1839,-2.368756855,2.372717716,1.824840349,-1.822818697,0.545994593,-0.547820933
0.18395,-2.491557719,2.495602002,1.891602288,-1.889655519,0.602061556,-0.603840358
0.184,-2.619724384,2.623856663,1.96003089,-1.958161405,0.661830887,-0.663557866
0.18405,-2.753125185,2.757350226,2.029843095,-2.028053346,0.725454187,-0.727124782
0.1841,-2.891614132,2.895936888,2.100778889,-2.09907137,0.793045698,-0.794655062
0.18415,-3.035027828,3.039453431,2.172617929,-2.170995171,0.864662581,-0.866205578
0.1842,-3.093205868,3.097687795,2.187125036,-2.185589239,0.914960118,-0.916431818
0.18425,-3.047661292,3.052133318,2.116394993,-2.114944306,0.933516751,-0.934915238
0.1843,-3.003488928,3.007951076,2.05723547,-2.05586733,0.948562144,-0.949886435
0.18435,-2.964649434,2.969101726,2.006580619,-2.005292695,0.960369955,-0.961619045
0.1844,-2.932200244,2.9366427,1.960328644,-1.959118813,0.974166906,-0.975339726
0.18445,-2.851302504,2.855735148,1.8699645,-1.868861297,0.977007664,-0.978102789
0.1845,-2.696158248,2.7005811,1.754384054,-1.753420586,0.944025053,-0.945044123
0.18455,-2.55752001,2.561933092,1.631596213,-1.630762645,0.92807467,-0.929019344
0.1846,-2.431991864,2.436395198,1.509646052,-1.508933231,0.924468027,-0.925339744
0.18465,-2.317191835,2.321585443,1.399928191,-1.399327723,0.919360654,-0.920160709
0.1847,-2.212264214,2.216648117,1.308953565,-1.308457884,0.905385622,-0.906115261
0.18475,-2.117914107,2.122288326,1.234174932,-1.233777294,0.885794895,-0.886455312
0.1848,-2.035152662,2.039517219,1.168128004,-1.167822403,0.869063613,-0.869655859
0.18485,-1.964305112,1.968660028,1.105192658,-1.104973718,0.861136941,-0.861661823
0.1849,-1.904979306,1.909324603,1.045040785,-1.044903703,0.8619507,-0.862408721
0.18495,-1.856612042,1.860947741,0.991114122,-0.991054643,0.867499827,-0.86789119
0.185,-1.818903009,1.823229131,0.946685829,-0.946700259,0.874210714,-0.874535337
0.18505,-1.791826954,1.79614352,0.912111796,-0.912196981,0.881702089,-0.881959608
0.1851,-1.77538577,1.779692802,0.884971432,-0.885124725,0.892396338,-0.892586076
0.18515,-1.769421947,1.773719465,0.862213807,-0.862432997,0.909186846,-0.909307763
0.1852,-1.773645644,1.777933669,0.84221243,-0.842495694,0.933410266,-0.933460923
0.18525,-1.78777914,1.792057695,0.82525737,-0.825603228,0.964498852,-0.964477385
0.1853,-1.811639738,1.815908841,0.812525289,-0.812932582,1.001093296,-1.000997413
0.18535,-1.84508962,1.849349294,0.804657164,-0.805125031,1.04241487,-1.042241849
0.1854,-1.887926653,1.892176918,0.801076254,-0.801604106,1.088838268,-1.088584944
0.18545,-1.939834335,1.944075212,0.800368224,-0.800955698,1.141461438,-1.141124186
0.1855,-2.000435939,2.004667448,0.801197121,-0.801844039,1.201243758,-1.200818468
0.18555,-2.06939373,2.073615892,0.802959488,-0.80366582,1.268451125,-1.267933188
0.1856,-2.146457356,2.150670192,0.805749164,-0.80651499,1.342739546,-1.342123848
0.18565,-2.231421074,2.235624604,0.809810051,-0.810635541,1.423659584,-1.422940501
0.1857,-2.324036197,2.328230443,0.815001561,-0.815886948,1.511103369,-1.510274763
0.18575,-2.423961724,2.428146705,0.820684822,-0.82163037,1.605369009,-1.604424228
0.1858,-2.53079512,2.534970857,0.826033201,-0.827039174,1.706880867,-1.705812735
0.18585,-2.644150169,2.648316682,0.830438678,-0.831505309,1.815861027,-1.814661838
0.1859,-2.763709059,2.767866368,0.833670662,-0.834798124,1.932222561,-1.930884079
0.18595,-2.889204838,2.893352964,0.835705407,-0.836893789,2.055722572,-2.054236035
0.186,-2.961534163,2.965673126,0.822661294,-0.82391083,2.134515231,-2.132907386
0.18605,-2.948279966,2.952409786,0.775848275,-0.777156361,2.174697156,-2.173011283
0.1861,-2.946763217,2.950883914,0.747201956,-0.748566093,2.201766224,-2.200001481
0.18615,-2.954324069,2.958435664,0.733306125,-0.734724094,2.223231447,-2.221386913
0.1862,-2.966568126,2.970670638,0.718247017,-0.719716761,2.250544604,-2.248619236
0.18625,-2.893200389,2.897245583,0.672254925,-0.673773915,2.2297628,-2.227755736
0.1863,-2.722045671,2.725975202,0.599002001,-0.600565417,2.125202236,-2.12311675
0.18635,-2.556036517,2.559857061,0.526690281,-0.528292844,2.031535285,-2.029375399
0.1864,-2.40103557,2.404753399,0.461535467,-0.463172315,1.941655837,-1.939425358
0.18645,-2.258473152,2.262094116,0.407741897,-0.40940862,1.852857105,-1.850559646
0.1865,-2.127690191,2.131219729,0.363089369,-0.364782002,1.766699783,-1.764338767
0.18655,-2.006832077,2.010275227,0.322360808,-0.324075764,1.686546047,-1.684124686
0.1866,-1.894491165,1.897852582,0.282082838,-0.283816835,1.6144614,-1.611982674
0.18665,-1.790558944,1.793842911,0.242462217,-0.244212241,1.550130372,-1.547597025
0.1867,-1.69582719,1.699037624,0.20590407,-0.207667365,1.491939421,-1.489353958
0.18675,-1.610987493,1.614127948,0.174304903,-0.176078973,1.438683435,-1.43604813
0.1868,-1.535960729,1.539034403,0.147532015,-0.149314611,1.390415806,-1.3877327
0.18685,-1.469975992,1.472985737,0.123855039,-0.125644126,1.348095834,-1.34536673
0.1869,-1.412141605,1.415089941,0.101423887,-0.103217608,1.312681798,-1.309908254
0.18695,-1.361957544,1.36484667,0.079409104,-0.081205739,1.284503024,-1.281686346
0.187,-1.319409107,1.322240911,0.058085685,-0.059883627,1.263269732,-1.260410973
0.18705,-1.284680938,1.287457005,0.038109222,-0.039906966,1.248510897,-1.245610857
0.1871,-1.257793762,1.260515385,0.019728734,-0.021524855,1.239998165,-1.237057392
0.18715,-1.238443285,1.241111471,0.002506889,-0.004300026,1.237864525,-1.234883315
0.1872,-1.226105927,1.228721412,-0.014416038,0.012594636,1.242429303,-1.239407695
0.18725,-1.220275304,1.222838563,-0.031756921,0.02994122,1.253937109,-1.250874889
0.1873,-1.220618415,1.223129675,-0.049906486,0.048097819,1.272427851,-1.269324544
0.18735,-1.226985229,1.229444478,-0.06887859,0.067078327,1.297765873,-1.294620751
0.1874,-1.239276994,1.241683991,-0.088602548,0.086812115,1.329781784,-1.326593864
0.18745,-1.257308208,1.259662497,-0.109176193,0.107397085,1.368387969,-1.365156014
0.1875,-1.280759755,1.283060673,-0.130931665,0.129165468,1.41359752,-1.410320042
0.18755,-1.309236184,1.311482872,-0.154315298,0.152563707,1.4654614,-1.462136661
0.1876,-1.342364379,1.344555795,-0.179710783,0.177975622,1.523990281,-1.520616297
0.18765,-1.379855109,1.38199004,-0.207342593,0.205625832,1.589119518,-1.585694057
0.1877,-1.421491681,1.42356875,-0.237308043,0.235611814,1.660729849,-1.657250439
0.18775,-1.467069238,1.469086922,-0.269684898,0.26801151,1.738694319,-1.735158249
0.1878,-1.516339051,1.518295683,-0.304620291,0.30297224,1.82291147,-1.819315795
0.18785,-1.568997853,1.570891638,-0.342341142,0.340721129,1.913305109,-1.909646653
0.1879,-1.624721657,1.626550683,-0.383095966,0.381506906,2.009799926,-2.006075286
0.18795,-1.683210632,1.684972878,-0.427085736,0.425530775,2.112297233,-2.108502787
0.188,-1.74420942,1.745902769,-0.474437475,0.472919996,2.220668876,-2.216800783
0.18805,-1.807492266,1.809114512,-0.525231329,0.523754964,2.334769431,-2.33082364
0.1881,-1.872831228,1.874380091,-0.579549285,0.578117925,2.454453138,-2.45042539
0.18815,-1.93997584,1.941448969,-0.637503389,0.63612119,2.579581776,-2.575467612
0.1882,-2.008658735,2.010053724,-0.699225479,0.69789687,2.71002002,-2.705814789
0.18825,-2.078618441,2.079932833,-0.764834402,0.763564093,2.845625455,-2.841324315
0.1883,-2.149617851,2.150849152,-0.834411898,0.833204886,2.986242929,-2.981840857
0.18835,-2.22144385,2.222589533,-0.908005548,0.90686712,3.131707128,-3.127198924
0.1884,-2.236113577,2.237171449,-0.959816333,0.958751567,3.191603358,-3.18703702
0.18845,-2.165941492,2.166913394,-0.979092828,0.978103717,3.147315503,-3.142759251
0.1885,-2.107219851,2.108108335,-0.995009141,0.994096733,3.104434436,-3.099888249
0.18855,-2.056856778,2.057664164,-1.007854895,1.007020269,3.066910549,-3.062374404
0.1886,-1.964505012,1.965201371,-1.006881443,1.006125977,2.980170665,-2.975644541
0.18865,-1.84547024,1.846020713,-0.971456956,0.970778991,2.819054279,-2.814538153
0.1887,-1.716947488,1.717362339,-0.956018446,0.955416319,2.675125487,-2.670619336
0.18875,-1.587952155,1.588240972,-0.954550372,0.954022658,2.544631181,-2.540134984
0.1888,-1.471907838,1.472079443,-0.95068624,0.95023165,2.424695718,-2.420209452
0.18885,-1.376340275,1.376402633,-0.935888138,0.935505404,2.314306403,-2.309830047
0.1889,-1.298113692,1.298073919,-0.914182934,0.913870809,2.214353911,-2.209887443
0.18895,-1.228512279,1.228376731,-0.895542112,0.895299474,2.126093599,-2.121636996
0.189,-1.161230181,1.161004575,-0.886681693,0.886507661,2.049935434,-2.045488676
0.18905,-1.09624035,1.095929826,-0.887166058,0.887060052,1.985416611,-1.980979675
0.1891,-1.037772219,1.037381354,-0.892104213,0.892065947,1.931875435,-1.927448299
0.18915,-0.989614405,0.989147197,-0.897375745,0.8974052,1.888979952,-1.884562595
0.1892,-0.952025284,0.951485165,-0.902732356,0.902829777,1.856740091,-1.852332491
0.18925,-0.922105624,0.921495506,-0.911122521,0.911288453,1.835204985,-1.83080712
0.1893,-0.896415188,0.895737525,-0.92584829,0.926083631,1.824236392,-1.819848242
0.18935,-0.873309726,0.872566577,-0.948258971,0.948565015,1.823539373,-1.819160916
0.1894,-0.853357505,0.852550571,-0.977503914,0.977882371,1.832831574,-1.828462787
0.18945,-0.838023748,0.837154391,-1.011943772,1.012396771,1.851938909,-1.847579773
0.1895,-0.828023174,0.827092441,-1.050739823,1.051269913,1.88073743,-1.876387922
0.18955,-0.822630553,0.821639201,-1.094420607,1.095030769,1.919030516,-1.914690615
0.1896,-0.820225083,0.819173626,-1.144285342,1.144979011,1.966496689,-1.962166374
0.18965,-0.819376914,0.818265667,-1.201382383,1.202163473,2.022754593,-2.018433844
0.1897,-0.819546101,0.81837522,-1.265920422,1.266793341,2.087473145,-2.08316194
0.18975,-0.820960183,0.819729696,-1.337438264,1.338407923,2.160418874,-2.156117192
0.1898,-0.823944149,0.82265398,-1.41542025,1.416492063,2.241401312,-2.237109131
0.18985,-0.828330739,0.826980735,-1.499787823,1.50096771,2.330174854,-2.325892154
0.1899,-0.833388068,0.831978029,-1.590923358,1.592217755,2.426390225,-2.422116986
0.18995,-0.838215217,0.83674493,-1.689316354,1.690732214,2.529636258,-2.525372457
0.19,-0.84220036,0.840669632,-1.795193503,1.796738308,2.639528092,-2.63527371
0.19005,-0.845162881,0.843571567,-1.908428836,1.910110599,2.755759434,-2.751514449
0.1901,-0.847124975,0.845472999,-2.028745098,2.030572354,2.878075517,-2.873839909
0.19015,-0.84797179,0.84625917,-2.15597978,2.15796159,3.006199291,-3.001973039
0.1902,-0.833891222,0.832117839,-2.237858797,2.239966976,3.080632149,-3.076415234
0.19025,-0.786523319,0.784691836,-2.280001305,2.28219044,3.068795589,-3.064587989
0.1903,-0.757306104,0.755419075,-2.309111325,2.311382339,3.068764262,-3.064565956
0.19035,-0.742643627,0.740703331,-2.332787299,2.335141187,3.077787815,-3.073598783
0.1904,-0.706438572,0.704447603,-2.301883054,2.304320577,3.004059095,-2.999929309
0.19045,-0.639250899,0.637214138,-2.189944548,2.192462323,2.831508163,-2.827498213
0.1905,-0.563428908,0.56135177,-2.095571311,2.09816524,2.661206969,-2.65731003
0.19055,-0.489012576,0.486900141,-2.008792022,2.011458249,2.499976671,-2.49618631
0.1906,-0.427816592,0.425673503,-1.921729121,1.924463988,2.351686502,-2.347996703
0.19065,-0.381537022,0.379367431,-1.833484387,1.836284412,2.217134042,-2.21353921
0.1907,-0.343106468,0.340914086,-1.748788114,1.751650007,2.093981861,-2.090476814
0.19075,-0.304671077,0.302459282,-1.672563681,1.675484374,1.979299235,-1.97587918
0.1908,-0.263761825,0.261533741,-1.606112602,1.609089273,1.871918463,-1.868578978
0.19085,-0.223394572,0.221153088,-1.54734551,1.550375581,1.772765862,-1.76950289
0.1909,-0.187915293,0.185663046,-1.493524195,1.496605323,1.683449008,-1.68025885
0.19095,-0.159071367,0.156810733,-1.443607997,1.446738069,1.604674423,-1.601553742
0.191,-0.13519488,0.132927989,-1.398581121,1.401758254,1.535758216,-1.532704028
0.19105,-0.113162595,0.110891386,-1.360175718,1.363398271,1.475309155,-1.472318814
0.1911,-0.090860466,0.088586729,-1.329443756,1.332710338,1.422265053,-1.419336236
0.19115,-0.068209628,0.065935044,-1.306260372,1.309569848,1.376422098,-1.373552794
0.1912,-0.046434801,0.04416095,-1.289817682,1.293169171,1.338197051,-1.335385553
0.19125,-0.026607041,0.024335418,-1.279445466,1.282838339,1.307990684,-1.30523558
0.1913,-0.008704121,0.006436145,-1.275077427,1.278511305,1.285714416,-1.283014582
0.19135,0.008318539,-0.010554434,-1.277151902,1.28062666,1.270773471,-1.268128062
0.1914,0.025641048,-0.027870635,-1.286149833,1.289665599,1.262447625,-1.259856059
0.19145,0.044020691,-0.046242608,-1.302292626,1.305849788,1.260208585,-1.257670531
0.1915,0.063499834,-0.065712686,-1.325446709,1.32904591,1.263882365,-1.261397734
0.19155,0.083770059,-0.085972399,-1.355324271,1.35896641,1.273489644,-1.271058578
0.1916,0.10466408,-0.1068544,-1.391717921,1.395404149,1.288990365,-1.286613224
0.19165,0.126417872,-0.128594581,-1.434605803,1.438337523,1.310126758,-1.307804115
0.1917,0.149576829,-0.151738234,-1.484090427,1.487869291,1.336456014,-1.33418864
0.19175,0.174700203,-0.176844491,-1.540260944,1.544088851,1.367508123,-1.365296977
0.1918,0.202121331,-0.204246547,-1.603096667,1.606975764,1.402929169,-1.400775383
0.19185,0.231919938,-0.234023969,-1.67246827,1.676400946,1.442510218,-1.440415091
0.1919,0.264075876,-0.26615644,-1.748209197,1.752198078,1.486104988,-1.484069971
0.19195,0.298651419,-0.300706047,-1.830187643,1.834235592,1.533519541,-1.531546228
0.192,0.335863277,-0.337889306,-1.918327582,1.922437695,1.584461287,-1.582551407
0.19205,0.376016329,-0.378010885,-2.012577424,2.01675302,1.638573915,-1.636729316
0.1921,0.419378591,-0.421338576,-2.112863275,2.117107898,1.695515681,-1.693738325
0.19215,0.466103735,-0.468025815,-2.219065657,2.22338307,1.755013615,-1.753305562
0.1922,0.516249645,-0.518130243,-2.331031296,2.335425472,1.816856739,-1.815220141
0.19225,0.569858523,-0.571693805,-2.448602313,2.453077435,1.880845166,-1.879282254
0.1923,0.627023339,-0.628809212,-2.571636284,2.576196736,1.946743696,-1.945256773
0.19235,0.687890911,-0.68962301,-2.700004204,2.704654565,2.014276709,-2.012868139
0.1924,0.752611947,-0.754285632,-2.833573922,2.838318961,2.083161553,-2.081833751
0.19245,0.821289533,-0.82289988,-2.972196402,2.977041073,2.153146319,-2.151901743
0.1925,0.89396932,-0.895511117,-3.115705697,3.120655132,2.224019625,-2.222860767
0.19255,0.945122486,-0.946590727,-3.173861192,3.178867534,2.23764952,-2.236578541
0.1926,0.964162852,-0.965555582,-3.128126537,3.133121821,2.166245791,-2.16526081
0.19265,0.97966923,-0.98098543,-3.083762796,3.088747045,2.106434067,-2.10553249
0.1927,0.992005968,-0.993244596,-3.044746267,3.049719506,2.055073446,-2.054252916
0.19275,0.990603514,-0.991763229,-2.956365653,2.961327907,1.961467531,-1.960757883
0.1928,0.954916062,-0.955998554,-2.793335762,2.798287054,1.840703371,-1.840139296
0.19285,0.939200582,-0.940207546,-2.647571549,2.652511905,1.710551985,-1.71012311
0.1929,0.937295834,-0.938228732,-2.515273132,2.520202575,1.58012725,-1.579823883
0.19295,0.932771615,-0.933631782,-2.393507012,2.398425566,1.462857977,-1.462671204
0.193,0.917178364,-0.91796712,-2.281249979,2.286157668,1.366170198,-1.366091964
0.19305,0.894679608,-0.895398257,-2.179425152,2.184322002,1.286823089,-1.2868462
0.1931,0.875295786,-0.875945514,-2.089325197,2.09421123,1.216088552,-1.216206575
0.19315,0.865676092,-0.866257845,-2.011374878,2.016250118,1.147741953,-1.147949105
0.1932,0.865285172,-0.865799602,-1.945103432,1.949967904,1.081847742,-1.082138819
0.19325,0.869193644,-0.869641114,-1.889834257,1.894687984,1.022658555,-1.023028929
0.1933,0.873324972,-0.873705584,-1.845228154,1.85007116,0.973911566,-0.974357192
0.19335,0.877504694,-0.877818289,-1.81129979,1.816132099,0.935795749,-0.936313156
0.1934,0.884721458,-0.884967581,-1.788110404,1.792932039,0.905383579,-0.905969824
0.19345,0.898263903,-0.898441751,-1.775533804,1.780344789,0.879260168,-0.879912772
0.1935,0.919442572,-0.919550947,-1.77328178,1.778082138,0.855826757,-0.856543641
0.19355,0.947383298,-0.947420591,-1.781072309,1.785862064,0.835675515,-0.836454968
0.1936,0.980455705,-0.98041989,-1.798728089,1.803507265,0.820259552,-0.821100207
0.19365,1.017849319,-1.017737954,-1.82612297,1.830891589,0.810263237,-0.81116405
0.1937,1.060115783,-1.059925995,-1.863062346,1.867820432,0.804940389,-0.805900611
0.19375,1.108559394,-1.108287858,-1.909230694,1.91397827,0.80267129,-0.803690422
0.1938,1.164221177,-1.16386409,-1.964253286,1.968990375,0.802040322,-0.803118072
0.19385,1.227304039,-1.226857106,-2.027802748,2.032529374,0.802517369,-0.803653607
0.1939,1.297350709,-1.296809134,-2.099645382,2.104361568,0.804326187,-0.80552092
0.19395,1.373856347,-1.37321483,-2.179588718,2.184294486,0.807779344,-0.809032685
0.194,1.456752087,-1.456004821,-2.2673866,2.272081974,0.812699758,-0.814011906
0.19405,1.54642444,-1.545565107,-2.36269202,2.367377023,0.818354146,-0.81972535
0.1941,1.643363775,-1.642385534,-2.465097369,2.469772023,0.823844777,-0.825275305
0.19415,1.747799351,-1.746694833,-2.574219891,2.578884219,0.828559911,-0.830050016
0.1942,1.859611264,-1.858372571,-2.689752694,2.694406719,0.832312843,-0.833862734
0.19425,1.978529111,-1.977147816,-2.811439039,2.816082783,0.835117538,-0.836727357
0.1943,2.104394488,-2.102861643,-2.939000896,2.943634383,0.836854672,-0.838524476
0.19435,2.185182308,-2.183525309,-3.01305888,3.017682132,0.823545433,-0.825275412
0.1944,2.226733803,-2.224996934,-3.001075024,3.005688063,0.776634066,-0.778421607
0.19445,2.25524184,-2.253424205,-3.000857256,3.005460105,0.747848673,-0.749691266
0.1945,2.278245632,-2.276346261,-3.009699752,3.014292434,0.733696864,-0.735592275
0.19455,2.24667083,-2.244688988,-2.935786973,2.940320567,0.697951722,-0.699897404
0.1946,2.134159842,-2.132098931,-2.762971687,2.767386984,0.63098717,-0.63297826
0.19465,2.039208459,-2.037072598,-2.592476844,2.596780682,0.5554728,-0.557503899
0.1947,1.951930128,-1.949723192,-2.431036311,2.435235132,0.481276042,-0.483342089
0.19475,1.864434917,-1.862160584,-2.282472929,2.286572759,0.420176907,-0.42227328
0.1948,1.775712396,-1.773374171,-2.14763258,2.151639023,0.374031233,-0.376153803
0.19485,1.69039456,-1.687995754,-2.024265138,2.028183384,0.335956561,-0.338101647
0.1949,1.613419044,-1.610962747,-1.909474965,1.913309813,0.298119366,-0.300283621
0.19495,1.546197629,-1.543686688,-1.802046868,1.805802745,0.257892478,-0.260072818
0.195,1.486743455,-1.484180474,-1.702829985,1.706510952,0.218111716,-0.220305293
0.19505,1.432327886,-1.42971523,-1.613400506,1.617010264,0.183081718,-0.185285936
0.1951,1.38183252,-1.379172328,-1.534505045,1.538046931,0.154667299,-0.156879829
0.19515,1.336154263,-1.333448441,-1.465530914,1.469007914,0.131358684,-0.133577441
0.1952,1.297001763,-1.294251978,-1.40512659,1.40854135,0.11009555,-0.112318649
0.19525,1.265477323,-1.262684992,-1.352209268,1.355564106,0.088692677,-0.090918383
0.1953,1.2415306,-1.238696883,-1.306518689,1.309815611,0.066940061,-0.069166755
0.19535,1.22439316,-1.221518963,-1.268429865,1.271670574,0.045981078,-0.048207238
0.1954,1.213377662,-1.210463639,-1.238348678,1.241534578,0.02690888,-0.029133076
0.19545,1.208369301,-1.205415856,-1.216229333,1.219361539,0.009792419,-0.012013296
0.1955,1.209762227,-1.206769508,-1.201528251,1.204607599,-0.006305221,0.004097987
0.19555,1.21806464,-1.215032543,-1.193510117,1.196537178,-0.022625676,0.020424323
0.1956,1.233508177,-1.230436338,-1.191644013,1.194619103,-0.039937789,0.037743607
0.19565,1.255996282,-1.25288408,-1.195717837,1.198641031,-0.058353592,0.056167902
0.1957,1.285255956,-1.282102515,-1.205731978,1.208603119,-0.077599601,0.075423773
0.19575,1.321070137,-1.317874326,-1.22165426,1.224472968,-0.097490884,0.09532635
0.1958,1.363396345,-1.360156782,-1.243253114,1.246018798,-0.118216471,0.116064744
0.19585,1.412324293,-1.409039345,-1.27010768,1.272819549,-0.140286858,0.138149551
0.1959,1.467947361,-1.464615148,-1.301749255,1.304406328,-0.164264041,0.162142886
0.19595,1.530260859,-1.526879252,-1.337806044,1.340407164,-0.190515016,0.188411886
0.196,1.599150267,-1.595716895,-1.378047936,1.380591781,-0.21915526,0.217072185
0.19605,1.674453121,-1.670965371,-1.422320402,1.424805494,-0.250176707,0.248115888
0.1961,1.756031301,-1.752486325,-1.470438212,1.472862929,-0.283626331,0.281590153
0.19615,1.843800033,-1.840194749,-1.522124667,1.524487253,-0.319695909,0.317686953
0.1962,1.937704653,-1.934035753,-1.577032326,1.579330901,-0.358678061,0.356699117
0.19625,2.037675919,-2.03393987,-1.634814417,1.63704699,-0.40085015,0.398904233
0.1963,2.143602328,-2.139795378,-1.695184081,1.697348558,-0.446387353,0.444477714
0.19635,2.255335718,-2.251453899,-1.757919075,1.760013272,-0.495363567,0.493493702
0.1964,2.372717717,-2.368756856,-1.822818698,1.82484035,-0.547820933,0.545994593
0.19645,2.495602002,-2.49155772,-1.88965552,1.891602288,-0.603840358,0.602061556
0.1965,2.623856664,-2.619724385,-1.958161405,1.96003089,-0.663557866,0.661830887
0.19655,2.757350227,-2.753125186,-2.028053346,2.029843096,-0.727124783,0.725454188
0.1966,2.895936889,-2.891614132,-2.099071371,2.100778889,-0.794655063,0.793045698
0.19665,3.039453431,-3.035027829,-2.170995171,2.172617929,-0.866205579,0.864662581
0.1967,3.097687796,-3.093205869,-2.18558924,2.187125037,-0.916431818,0.914960118
0.19675,3.052133319,-3.047661293,-2.114944307,2.116394993,-0.934915238,0.933516751
0.1968,3.007951077,-3.003488929,-2.055867331,2.057235471,-0.949886436,0.948562144
0.19685,2.969101726,-2.964649435,-2.005292695,2.006580619,-0.961619045,0.960369955
0.1969,2.936642701,-2.932200245,-1.959118813,1.960328645,-0.975339726,0.974166906
0.19695,2.855735148,-2.851302505,-1.868861297,1.8699645,-0.978102789,0.977007664
0.197,2.7005811,-2.696158249,-1.753420587,1.754384054,-0.945044123,0.944025053
0.19705,2.561933093,-2.557520011,-1.630762645,1.631596213,-0.929019344,0.92807467
0.1971,2.436395199,-2.431991865,-1.508933231,1.509646052,-0.925339744,0.924468027
0.19715,2.321585444,-2.317191836,-1.399327724,1.399928192,-0.920160709,0.919360654
0.1972,2.216648118,-2.212264215,-1.308457884,1.308953565,-0.906115261,0.905385622
0.19725,2.122288327,-2.117914107,-1.233777294,1.234174932,-0.886455312,0.885794895
0.1973,2.039517219,-2.035152662,-1.167822403,1.168128005,-0.86965586,0.869063614
0.19735,1.968660029,-1.964305113,-1.104973719,1.105192658,-0.861661823,0.861136942
0.1974,1.909324604,-1.904979307,-1.044903703,1.045040786,-0.862408721,0.8619507
0.19745,1.860947742,-1.856612043,-0.991054644,0.991114122,-0.86789119,0.867499828
0.1975,1.823229132,-1.81890301,-0.946700259,0.94668583,-0.874535338,0.874210715
0.19755,1.796143521,-1.791826955,-0.912196982,0.912111796,-0.881959609,0.881702089
0.1976,1.779692803,-1.775385771,-0.885124725,0.884971433,-0.892586077,0.892396339
0.19765,1.773719466,-1.769421948,-0.862432998,0.862213807,-0.909307764,0.909186846
0.1977,1.77793367,-1.773645644,-0.842495695,0.84221243,-0.933460923,0.933410267
0.19775,1.792057695,-1.787779141,-0.825603228,0.82525737,-0.964477385,0.964498853
0.1978,1.815908842,-1.811639739,-0.812932582,0.812525289,-1.000997413,1.001093296
0.19785,1.849349294,-1.845089621,-0.805125032,0.804657164,-1.042241849,1.04241487
0.1979,1.892176919,-1.887926654,-0.801604106,0.801076254,-1.088584944,1.088838268
0.19795,1.944075213,-1.939834336,-0.800955698,0.800368225,-1.141124186,1.141461439
0.198,2.004667449,-2.000435939,-0.80184404,0.801197121,-1.200818469,1.201243759
0.19805,2.073615893,-2.06939373,-0.80366582,0.802959489,-1.267933189,1.268451125
0.1981,2.150670193,-2.146457357,-0.80651499,0.805749164,-1.342123849,1.342739547
0.19815,2.235624605,-2.231421074,-0.810635542,0.809810051,-1.422940501,1.423659585
0.1982,2.328230444,-2.324036198,-0.815886948,0.815001561,-1.510274763,1.511103369
0.19825,2.428146706,-2.423961725,-0.82163037,0.820684823,-1.604424228,1.605369009
0.1983,2.534970858,-2.530795121,-0.827039174,0.826033201,-1.705812736,1.706880868
0.19835,2.648316683,-2.64415017,-0.831505309,0.830438678,-1.814661838,1.815861028
0.1984,2.767866369,-2.763709059,-0.834798124,0.833670663,-1.93088408,1.932222561
0.19845,2.893352965,-2.889204839,-0.836893789,0.835705407,-2.054236036,2.055722572
0.1985,2.965673127,-2.961534164,-0.82391083,0.822661294,-2.132907386,2.134515231
0.19855,2.952409787,-2.948279967,-0.777156361,0.775848275,-2.173011284,2.174697156
0.1986,2.950883915,-2.946763218,-0.748566093,0.747201956,-2.200001481,2.201766225
0.19865,2.958435665,-2.95432407,-0.734724095,0.733306125,-2.221386914,2.223231447
0.1987,2.970670639,-2.966568126,-0.719716761,0.718247017,-2.248619237,2.250544605
0.19875,2.897245584,-2.89320039,-0.673773915,0.672254925,-2.227755736,2.229762801
0.1988,2.725975203,-2.722045672,-0.600565417,0.599002001,-2.123116751,2.125202237
0.19885,2.559857062,-2.556036517,-0.528292844,0.526690281,-2.029375399,2.031535285
0.1989,2.404753399,-2.401035571,-0.463172315,0.461535467,-1.939425359,1.941655838
0.19895,2.262094117,-2.258473153,-0.409408621,0.407741897,-1.850559647,1.852857106
0.199,2.13121973,-2.127690192,-0.364782003,0.363089369,-1.764338767,1.766699783
0.19905,2.010275228,-2.006832078,-0.324075764,0.322360808,-1.684124686,1.686546048
0.1991,1.897852583,-1.894491165,-0.283816835,0.282082838,-1.611982674,1.6144614
0.19915,1.793842912,-1.790558945,-0.244212241,0.242462217,-1.547597025,1.550130373
0.1992,1.699037625,-1.695827191,-0.207667365,0.20590407,-1.489353959,1.491939422
0.19925,1.614127949,-1.610987494,-0.176078973,0.174304903,-1.436048131,1.438683436
0.1993,1.539034403,-1.53596073,-0.149314611,0.147532015,-1.387732701,1.390415806
0.19935,1.472985738,-1.469975992,-0.125644127,0.123855039,-1.345366731,1.348095834
0.1994,1.415089942,-1.412141605,-0.103217608,0.101423887,-1.309908255,1.312681798
0.19945,1.364846671,-1.361957544,-0.081205739,0.079409104,-1.281686347,1.284503025
0.1995,1.322240912,-1.319409108,-0.059883627,0.058085685,-1.260410974,1.263269733
0.19955,1.287457005,-1.284680938,-0.039906966,0.038109222,-1.245610857,1.248510897
0.1996,1.260515385,-1.257793763,-0.021524855,0.019728734,-1.237057393,1.239998166
0.19965,1.241111471,-1.238443285,-0.004300026,0.002506889,-1.234883316,1.237864526
0.1997,1.228721413,-1.226105928,0.012594636,-0.014416038,-1.239407696,1.242429303
0.19975,1.222838563,-1.220275304,0.02994122,-0.031756922,-1.250874889,1.25393711
0.1998,1.223129675,-1.220618416,0.048097819,-0.049906486,-1.269324545,1.272427851
0.19985,1.229444478,-1.22698523,0.067078327,-0.06887859,-1.294620752,1.297765873
0.1999,1.241683992,-1.239276994,0.086812115,-0.088602548,-1.326593865,1.329781785
0.19995,1.259662498,-1.257308208,0.107397085,-0.109176193,-1.365156014,1.368387969
0.2,1.283060673,-1.280759755,0.129165468,-0.130931665,-1.410320042,1.41359752
0.20005,1.311482872,-1.309236184,0.152563707,-0.154315298,-1.462136662,1.4654614
0.2001,1.344555796,-1.342364379,0.177975622,-0.179710783,-1.520616297,1.523990282
0.20015,1.38199004,-1.37985511,0.205625832,-0.207342593,-1.585694057,1.589119518
0.2002,1.423568751,-1.421491681,0.235611814,-0.237308043,-1.657250439,1.660729849
0.20025,1.469086922,-1.467069239,0.26801151,-0.269684899,-1.73515825,1.73869432
0.2003,1.518295683,-1.516339052,0.30297224,-0.304620291,-1.819315795,1.822911471
0.20035,1.570891638,-1.568997853,0.340721129,-0.342341142,-1.909646653,1.91330511
0.2004,1.626550683,-1.624721657,0.381506907,-0.383095966,-2.006075287,2.009799926
0.20045,1.684972878,-1.683210632,0.425530775,-0.427085736,-2.108502788,2.112297234
0.2005,1.745902769,-1.74420942,0.472919996,-0.474437476,-2.216800784,2.220668877
0.20055,1.809114513,-1.807492266,0.523754964,-0.525231329,-2.33082364,2.334769432
0.2006,1.874380091,-1.872831228,0.578117925,-0.579549285,-2.45042539,2.454453139
0.20065,1.94144897,-1.939975841,0.63612119,-0.637503389,-2.575467613,2.579581776
0.2007,2.010053724,-2.008658736,0.697896871,-0.699225479,-2.705814789,2.710020021
0.20075,2.079932834,-2.078618442,0.763564094,-0.764834402,-2.841324315,2.845625455
0.2008,2.150849152,-2.149617851,0.833204886,-0.834411898,-2.981840857,2.98624293
0.20085,2.222589534,-2.22144385,0.90686712,-0.908005549,-3.127198924,3.131707128
0.2009,2.23717145,-2.236113577,0.958751567,-0.959816333,-3.18703702,3.191603359
0.20095,2.166913394,-2.165941492,0.978103717,-0.979092828,-3.142759251,3.147315503
0.201,2.108108335,-2.107219852,0.994096733,-0.995009141,-3.099888249,3.104434436
0.20105,2.057664164,-2.056856778,1.007020269,-1.007854895,-3.062374404,3.066910549
0.2011,1.965201371,-1.964505012,1.006125978,-1.006881443,-2.975644541,2.980170666
0.20115,1.846020713,-1.84547024,0.970778992,-0.971456956,-2.814538153,2.81905428
0.2012,1.717362339,-1.716947488,0.955416319,-0.956018446,-2.670619336,2.675125487
0.20125,1.588240972,-1.587952155,0.954022659,-0.954550372,-2.540134984,2.544631182
0.2013,1.472079443,-1.471907838,0.95023165,-0.95068624,-2.420209453,2.424695719
0.20135,1.376402634,-1.376340275,0.935505404,-0.935888138,-2.309830048,2.314306404
0.2014,1.298073919,-1.298113692,0.913870809,-0.914182934,-2.209887443,2.214353912
0.20145,1.228376731,-1.228512279,0.895299474,-0.895542112,-2.121636997,2.126093599
0.2015,1.161004575,-1.161230181,0.886507662,-0.886681693,-2.045488676,2.049935435
0.20155,1.095929826,-1.09624035,0.887060052,-0.887166058,-1.980979675,1.985416612
0.2016,1.037381354,-1.037772219,0.892065947,-0.892104213,-1.927448299,1.931875435
0.20165,0.989147197,-0.989614405,0.8974052,-0.897375746,-1.884562595,1.888979953
0.2017,0.951485166,-0.952025284,0.902829777,-0.902732356,-1.852332492,1.856740091
0.20175,0.921495506,-0.922105624,0.911288454,-0.911122522,-1.830807121,1.835204985
0.2018,0.895737525,-0.896415188,0.926083631,-0.92584829,-1.819848242,1.824236392
0.20185,0.872566577,-0.873309726,0.948565015,-0.948258971,-1.819160916,1.823539374
0.2019,0.852550571,-0.853357505,0.977882372,-0.977503914,-1.828462788,1.832831574
0.20195,0.837154391,-0.838023748,1.012396771,-1.011943772,-1.847579774,1.85193891
0.202,0.827092441,-0.828023175,1.051269913,-1.050739823,-1.876387922,1.88073743
0.20205,0.821639202,-0.822630553,1.095030769,-1.094420608,-1.914690616,1.919030516
0.2021,0.819173626,-0.820225083,1.144979012,-1.144285343,-1.962166375,1.966496689
0.20215,0.818265667,-0.819376914,1.202163473,-1.201382383,-2.018433844,2.022754593
0.2022,0.81837522,-0.819546101,1.266793341,-1.265920422,-2.08316194,2.087473145
0.20225,0.819729696,-0.820960183,1.338407923,-1.337438264,-2.156117192,2.160418874
0.2023,0.82265398,-0.823944149,1.416492063,-1.415420251,-2.237109131,2.241401312
0.20235,0.826980735,-0.828330739,1.500967711,-1.499787823,-2.325892154,2.330174854
0.2024,0.831978029,-0.833388068,1.592217755,-1.590923359,-2.422116986,2.426390226
0.20245,0.83674493,-0.838215217,1.690732214,-1.689316354,-2.525372457,2.529636258
0.2025,0.840669632,-0.84220036,1.796738308,-1.795193503,-2.63527371,2.639528093
0.20255,0.843571567,-0.845162881,1.910110599,-1.908428837,-2.751514449,2.755759434
0.2026,0.845472999,-0.847124975,2.030572354,-2.028745098,-2.873839909,2.878075517
0.20265,0.84625917,-0.84797179,2.15796159,-2.15597978,-3.001973039,3.006199291
0.2027,0.832117839,-0.833891222,2.239966976,-2.237858798,-3.076415234,3.08063215
0.20275,0.784691836,-0.786523319,2.28219044,-2.280001305,-3.064587989,3.06879559
0.2028,0.755419075,-0.757306104,2.311382339,-2.309111326,-3.064565957,3.068764263
0.20285,0.740703332,-0.742643627,2.335141187,-2.332787299,-3.073598783,3.077787815
0.2029,0.704447603,-0.706438573,2.304320577,-2.301883055,-2.999929309,3.004059095
0.20295,0.637214138,-0.639250899,2.192462324,-2.189944548,-2.827498214,2.831508163
0.203,0.56135177,-0.563428908,2.09816524,-2.095571311,-2.65731003,2.661206969
0.20305,0.486900141,-0.489012576,2.011458249,-2.008792023,-2.49618631,2.499976671
0.2031,0.425673503,-0.427816592,1.924463988,-1.921729121,-2.347996703,2.351686502
0.20315,0.379367431,-0.381537022,1.836284412,-1.833484387,-2.213539211,2.217134042
0.2032,0.340914086,-0.343106468,1.751650007,-1.748788114,-2.090476814,2.093981861
0.20325,0.302459283,-0.304671077,1.675484374,-1.672563681,-1.97587918,1.979299235
0.2033,0.261533741,-0.263761825,1.609089273,-1.606112602,-1.868578979,1.871918463
0.20335,0.221153088,-0.223394572,1.550375581,-1.547345511,-1.76950289,1.772765863
0.2034,0.185663047,-0.187915293,1.496605324,-1.493524195,-1.68025885,1.683449008
0.20345,0.156810733,-0.159071367,1.446738069,-1.443607997,-1.601553743,1.604674423
0.2035,0.132927989,-0.13519488,1.401758254,-1.398581121,-1.532704028,1.535758216
0.20355,0.110891386,-0.113162595,1.363398271,-1.360175718,-1.472318814,1.475309155
0.2036,0.088586729,-0.090860466,1.332710338,-1.329443756,-1.419336236,1.422265053
0.20365,0.065935044,-0.068209628,1.309569848,-1.306260372,-1.373552794,1.376422098
0.2037,0.04416095,-0.046434801,1.293169171,-1.289817682,-1.335385553,1.338197051
0.20375,0.024335418,-0.026607041,1.282838339,-1.279445466,-1.30523558,1.307990684
0.2038,0.006436145,-0.008704121,1.278511305,-1.275077427,-1.283014582,1.285714416
0.20385,-0.010554434,0.008318539,1.28062666,-1.277151902,-1.268128062,1.270773471
0.2039,-0.027870635,0.025641048,1.289665599,-1.286149833,-1.259856059,1.262447625
0.20395,-0.046242608,0.044020691,1.305849788,-1.302292626,-1.257670531,1.260208585
0.204,-0.065712686,0.063499834,1.32904591,-1.325446709,-1.261397734,1.263882365
0.20405,-0.085972399,0.083770059,1.35896641,-1.355324271,-1.271058578,1.273489644
0.2041,-0.1068544,0.10466408,1.395404149,-1.391717921,-1.286613224,1.288990365
0.20415,-0.128594581,0.126417872,1.438337523,-1.434605803,-1.307804115,1.310126758
0.2042,-0.151738234,0.149576829,1.487869291,-1.484090427,-1.33418864,1.336456014
0.20425,-0.176844491,0.174700203,1.544088851,-1.540260944,-1.365296977,1.367508123
0.2043,-0.204246547,0.202121331,1.606975764,-1.603096667,-1.400775383,1.402929169
0.20435,-0.234023969,0.231919938,1.676400945,-1.67246827,-1.44041509,1.442510218
0.2044,-0.26615644,0.264075876,1.752198078,-1.748209197,-1.484069971,1.486104988
0.20445,-0.300706047,0.298651419,1.834235592,-1.830187642,-1.531546228,1.533519541
0.2045,-0.337889306,0.335863277,1.922437695,-1.918327582,-1.582551407,1.584461287
0.20455,-0.378010884,0.376016329,2.01675302,-2.012577424,-1.636729316,1.638573915
0.2046,-0.421338576,0.419378591,2.117107898,-2.112863274,-1.693738324,1.695515681
0.20465,-0.468025815,0.466103734,2.22338307,-2.219065657,-1.753305562,1.755013615
0.2047,-0.518130242,0.516249645,2.335425472,-2.331031295,-1.815220141,1.816856739
0.20475,-0.571693804,0.569858522,2.453077435,-2.448602312,-1.879282254,1.880845166
0.2048,-0.628809212,0.627023339,2.576196736,-2.571636284,-1.945256773,1.946743696
0.20485,-0.68962301,0.687890911,2.704654565,-2.700004204,-2.012868139,2.014276709
0.2049,-0.754285632,0.752611947,2.838318961,-2.833573921,-2.081833751,2.083161553
0.20495,-0.82289988,0.821289533,2.977041073,-2.972196402,-2.151901743,2.153146319
0.205,-0.895511117,0.89396932,3.120655131,-3.115705697,-2.222860767,2.224019625
0.20505,-0.946590727,0.945122485,3.178867533,-3.173861191,-2.236578541,2.23764952
0.2051,-0.965555582,0.964162852,3.13312182,-3.128126537,-2.16526081,2.166245791
0.20515,-0.98098543,0.97966923,3.088747045,-3.083762796,-2.10553249,2.106434066
0.2052,-0.993244596,0.992005968,3.049719506,-3.044746267,-2.054252916,2.055073446
0.20525,-0.991763229,0.990603514,2.961327907,-2.956365653,-1.960757883,1.961467531
0.2053,-0.955998554,0.954916062,2.798287054,-2.793335762,-1.840139296,1.840703371
0.20535,-0.940207546,0.939200582,2.652511904,-2.647571549,-1.710123109,1.710551985
0.2054,-0.938228732,0.937295834,2.520202575,-2.515273132,-1.579823883,1.580127249
0.20545,-0.933631782,0.932771615,2.398425566,-2.393507011,-1.462671203,1.462857977
0.2055,-0.91796712,0.917178364,2.286157668,-2.281249978,-1.366091964,1.366170198
0.20555,-0.895398257,0.894679607,2.184322001,-2.179425152,-1.286846199,1.286823089
0.2056,-0.875945514,0.875295786,2.094211229,-2.089325196,-1.216206574,1.216088551
0.20565,-0.866257845,0.865676092,2.016250118,-2.011374877,-1.147949105,1.147741953
0.2057,-0.865799602,0.865285172,1.949967904,-1.945103432,-1.082138819,1.081847742
0.20575,-0.869641114,0.869193643,1.894687984,-1.889834257,-1.023028929,1.022658554
0.2058,-0.873705584,0.873324971,1.850071159,-1.845228153,-0.974357192,0.973911566
0.20585,-0.877818289,0.877504694,1.816132098,-1.811299789,-0.936313156,0.935795749
0.2059,-0.884967581,0.884721457,1.792932038,-1.788110403,-0.905969824,0.905383578
0.20595,-0.89844175,0.898263902,1.780344788,-1.775533804,-0.879912771,0.879260168
0.206,-0.919550947,0.919442572,1.778082137,-1.773281779,-0.856543641,0.855826757
0.20605,-0.947420591,0.947383298,1.785862063,-1.781072308,-0.836454968,0.835675515
0.2061,-0.98041989,0.980455704,1.803507264,-1.798728089,-0.821100206,0.820259552
0.20615,-1.017737954,1.017849318,1.830891589,-1.82612297,-0.81116405,0.810263237
0.2062,-1.059925995,1.060115782,1.867820431,-1.863062345,-0.80590061,0.804940389
0.20625,-1.108287857,1.108559393,1.913978269,-1.909230693,-0.803690422,0.80267129
0.2063,-1.16386409,1.164221176,1.968990375,-1.964253285,-0.803118072,0.802040322
0.20635,-1.226857106,1.227304038,2.032529373,-2.027802747,-0.803653607,0.802517369
0.2064,-1.296809134,1.297350708,2.104361567,-2.099645382,-0.80552092,0.804326187
0.20645,-1.373214829,1.373856346,2.184294486,-2.179588718,-0.809032685,0.807779343
0.2065,-1.456004821,1.456752087,2.272081973,-2.267386599,-0.814011906,0.812699758
0.20655,-1.545565106,1.546424439,2.367377022,-2.36269202,-0.81972535,0.818354146
0.2066,-1.642385533,1.643363775,2.469772022,-2.465097368,-0.825275305,0.823844777
0.20665,-1.746694832,1.74779935,2.578884219,-2.574219891,-0.830050016,0.828559911
0.2067,-1.858372571,1.859611264,2.694406718,-2.689752693,-0.833862734,0.832312843
0.20675,-1.977147816,1.97852911,2.816082783,-2.811439038,-0.836727357,0.835117537
0.2068,-2.102861642,2.104394487,2.943634382,-2.939000895,-0.838524476,0.836854672
0.20685,-2.183525309,2.185182308,3.017682131,-3.013058879,-0.825275412,0.823545433
0.2069,-2.224996933,2.226733803,3.005688062,-3.001075023,-0.778421607,0.776634066
0.20695,-2.253424204,2.255241839,3.005460104,-3.000857255,-0.749691266,0.747848673
0.207,-2.27634626,2.278245632,3.014292433,-3.009699751,-0.735592274,0.733696864
0.20705,-2.244688987,2.246670829,2.940320567,-2.935786973,-0.699897404,0.697951722
0.2071,-2.132098931,2.134159841,2.767386984,-2.762971686,-0.63297826,0.63098717
0.20715,-2.037072598,2.039208459,2.596780681,-2.592476843,-0.557503899,0.5554728
0.2072,-1.949723192,1.951930128,2.435235131,-2.43103631,-0.483342089,0.481276042
0.20725,-1.862160584,1.864434916,2.286572759,-2.282472928,-0.42227328,0.420176907
0.2073,-1.77337417,1.775712396,2.151639023,-2.147632579,-0.376153803,0.374031233
0.20735,-1.687995753,1.69039456,2.028183384,-2.024265137,-0.338101647,0.335956561
0.2074,-1.610962747,1.613419044,1.913309813,-1.909474964,-0.300283621,0.298119366
0.20745,-1.543686688,1.546197628,1.805802744,-1.802046868,-0.260072818,0.257892478
0.2075,-1.484180473,1.486743454,1.706510952,-1.702829985,-0.220305293,0.218111716
0.20755,-1.42971523,1.432327885,1.617010263,-1.613400506,-0.185285936,0.183081718
0.2076,-1.379172327,1.381832519,1.53804693,-1.534505044,-0.156879829,0.154667299
0.20765,-1.33344844,1.336154262,1.469007914,-1.465530913,-0.133577441,0.131358684
0.2077,-1.294251978,1.297001762,1.408541349,-1.40512659,-0.112318649,0.11009555
0.20775,-1.262684991,1.265477322,1.355564105,-1.352209268,-0.090918383,0.088692677
0.2078,-1.238696883,1.241530599,1.30981561,-1.306518688,-0.069166755,0.066940061
0.20785,-1.221518963,1.224393159,1.271670574,-1.268429865,-0.048207238,0.045981078
0.2079,-1.210463639,1.213377661,1.241534578,-1.238348678,-0.029133076,0.02690888
0.20795,-1.205415855,1.2083693,1.219361538,-1.216229332,-0.012013296,0.009792419
0.208,-1.206769508,1.209762226,1.204607599,-1.20152825,0.004097987,-0.006305221
0.20805,-1.215032542,1.21806464,1.196537177,-1.193510116,0.020424323,-0.022625676
0.2081,-1.230436337,1.233508177,1.194619103,-1.191644013,0.037743607,-0.039937789
0.20815,-1.25288408,1.255996282,1.198641031,-1.195717837,0.056167902,-0.058353592
0.2082,-1.282102514,1.285255955,1.208603118,-1.205731978,0.075423772,-0.077599601
0.20825,-1.317874325,1.321070136,1.224472967,-1.221654259,0.09532635,-0.097490884
0.2083,-1.360156781,1.363396344,1.246018797,-1.243253113,0.116064744,-0.118216471
0.20835,-1.409039344,1.412324292,1.272819548,-1.270107679,0.13814955,-0.140286858
0.2084,-1.464615147,1.46794736,1.304406327,-1.301749254,0.162142885,-0.164264041
0.20845,-1.526879251,1.530260858,1.340407163,-1.337806043,0.188411886,-0.190515016
0.2085,-1.595716894,1.599150266,1.38059178,-1.378047935,0.217072185,-0.21915526
0.20855,-1.67096537,1.67445312,1.424805494,-1.422320402,0.248115888,-0.250176706
0.2086,-1.752486324,1.756031301,1.472862929,-1.470438212,0.281590153,-0.283626331
0.20865,-1.840194749,1.843800033,1.524487252,-1.522124667,0.317686953,-0.319695909
0.2087,-1.934035752,1.937704652,1.5793309,-1.577032325,0.356699117,-0.358678061
0.20875,-2.033939869,2.037675919,1.637046989,-1.634814416,0.398904233,-0.400850149
0.2088,-2.139795377,2.143602327,1.697348557,-1.69518408,0.444477714,-0.446387353
0.20885,-2.251453898,2.255335717,1.760013272,-1.757919074,0.493493702,-0.495363567
0.2089,-2.368756855,2.372717716,1.824840349,-1.822818697,0.545994593,-0.547820933
0.20895,-2.491557719,2.495602002,1.891602288,-1.889655519,0.602061556,-0.603840358
0.209,-2.619724384,2.623856663,1.96003089,-1.958161405,0.661830887,-0.663557866
0.20905,-2.753125185,2.757350226,2.029843095,-2.028053346,0.725454187,-0.727124782
0.2091,-2.891614132,2.895936888,2.100778889,-2.09907137,0.793045698,-0.794655062
0.20915,-3.035027828,3.039453431,2.172617929,-2.170995171,0.864662581,-0.866205578
0.2092,-3.093205868,3.097687795,2.187125036,-2.185589239,0.914960118,-0.916431818
0.20925,-3.047661292,3.052133318,2.116394993,-2.114944306,0.933516751,-0.934915238
0.2093,-3.003488928,3.007951076,2.05723547,-2.05586733,0.948562144,-0.949886435
0.20935,-2.964649434,2.969101726,2.006580619,-2.005292695,0.960369955,-0.961619045
0.2094,-2.932200244,2.9366427,1.960328644,-1.959118813,0.974166906,-0.975339726
0.20945,-2.851302504,2.855735148,1.8699645,-1.868861297,0.977007664,-0.978102789
0.2095,-2.696158248,2.7005811,1.754384054,-1.753420586,0.944025053,-0.945044123
0.20955,-2.55752001,2.561933092,1.631596213,-1.630762645,0.92807467,-0.929019344
0.2096,-2.431991864,2.436395198,1.509646052,-1.508933231,0.924468027,-0.925339744
0.20965,-2.317191835,2.321585443,1.399928191,-1.399327723,0.919360654,-0.920160709
0.2097,-2.212264214,2.216648117,1.308953565,-1.308457884,0.905385622,-0.906115261
0.20975,-2.117914107,2.122288326,1.234174932,-1.233777294,0.885794895,-0.886455312
0.2098,-2.035152662,2.039517219,1.168128004,-1.167822403,0.869063613,-0.869655859
0.20985,-1.964305112,1.968660028,1.105192658,-1.104973718,0.861136941,-0.861661823
0.2099,-1.904979306,1.909324603,1.045040785,-1.044903703,0.8619507,-0.862408721
0.20995,-1.856612042,1.860947741,0.991114122,-0.991054643,0.867499827,-0.86789119
0.21,-1.818903009,1.823229131,0.946685829,-0.946700259,0.874210714,-0.874535337
0.21005,-1.791826954,1.79614352,0.912111796,-0.912196981,0.881702089,-0.881959608
0.2101,-1.77538577,1.779692802,0.884971432,-0.885124725,0.892396338,-0.892586076
0.21015,-1.769421947,1.773719465,0.862213807,-0.862432997,0.909186846,-0.909307763
0.2102,-1.773645644,1.777933669,0.84221243,-0.842495694,0.933410266,-0.933460923
0.21025,-1.78777914,1.792057695,0.82525737,-0.825603228,0.964498852,-0.964477385
0.2103,-1.811639738,1.815908841,0.812525289,-0.812932582,1.001093296,-1.000997413
0.21035,-1.84508962,1.849349294,0.804657164,-0.805125031,1.04241487,-1.042241849
0.2104,-1.887926653,1.892176918,0.801076254,-0.801604106,1.088838268,-1.088584944
0.21045,-1.939834335,1.944075212,0.800368224,-0.800955698,1.141461438,-1.141124186
0.2105,-2.000435939,2.004667448,0.801197121,-0.801844039,1.201243758,-1.200818468
0.21055,-2.06939373,2.073615892,0.802959488,-0.80366582,1.268451125,-1.267933188
0.2106,-2.146457356,2.150670192,0.805749164,-0.80651499,1.342739546,-1.342123848
0.21065,-2.231421074,2.235624604,0.809810051,-0.810635541,1.423659584,-1.422940501
0.2107,-2.324036197,2.328230443,0.815001561,-0.815886948,1.511103369,-1.510274763
0.21075,-2.423961724,2.428146705,0.820684822,-0.82163037,1.605369009,-1.604424228
0.2108,-2.53079512,2.534970857,0.826033201,-0.827039174,1.706880867,-1.705812735
0.21085,-2.644150169,2.648316682,0.830438678,-0.831505309,1.815861027,-1.814661838
0.2109,-2.763709059,2.767866368,0.833670662,-0.834798124,1.932222561,-1.930884079
0.21095,-2.889204838,2.893352964,0.835705407,-0.836893789,2.055722572,-2.054236035
0.211,-2.961534163,2.965673126,0.822661294,-0.82391083,2.134515231,-2.132907386
0.21105,-2.948279966,2.952409786,0.775848275,-0.777156361,2.174697156,-2.173011283
0.2111,-2.946763217,2.950883914,0.747201956,-0.748566093,2.201766224,-2.200001481
0.21115,-2.954324069,2.958435664,0.733306125,-0.734724094,2.223231447,-2.221386913
0.2112,-2.966568126,2.970670638,0.718247017,-0.719716761,2.250544604,-2.248619236
0.21125,-2.893200389,2.897245583,0.672254925,-0.673773915,2.2297628,-2.227755736
0.2113,-2.722045671,2.725975202,0.599002001,-0.600565417,2.125202236,-2.12311675
0.21135,-2.556036517,2.559857061,0.526690281,-0.528292844,2.031535285,-2.029375399
0.2114,-2.40103557,2.404753399,0.461535467,-0.463172315,1.941655837,-1.939425358
0.21145,-2.258473152,2.262094116,0.407741897,-0.40940862,1.852857105,-1.850559646
0.2115,-2.127690191,2.131219729,0.363089369,-0.364782002,1.766699783,-1.764338767
0.21155,-2.006832077,2.010275227,0.322360808,-0.324075764,1.686546047,-1.684124686
0.2116,-1.894491165,1.897852582,0.282082838,-0.283816835,1.6144614,-1.611982674
0.21165,-1.790558944,1.793842911,0.242462217,-0.244212241,1.550130372,-1.547597025
0.2117,-1.69582719,1.699037624,0.20590407,-0.207667365,1.491939421,-1.489353958
0.21175,-1.610987493,1.614127948,0.174304903,-0.176078973,1.438683435,-1.43604813
0.2118,-1.535960729,1.539034403,0.147532015,-0.149314611,1.390415806,-1.3877327
0.21185,-1.469975992,1.472985737,0.123855039,-0.125644126,1.348095834,-1.34536673
0.2119,-1.412141605,1.415089941,0.101423887,-0.103217608,1.312681798,-1.309908254
0.21195,-1.361957544,1.36484667,0.079409104,-0.081205739,1.284503024,-1.281686346
0.212,-1.319409107,1.322240911,0.058085685,-0.059883627,1.263269732,-1.260410973
0.21205,-1.284680938,1.287457005,0.038109222,-0.039906966,1.248510897,-1.245610857
0.2121,-1.257793762,1.260515385,0.019728734,-0.021524855,1.239998165,-1.237057392
0.21215,-1.238443285,1.241111471,0.002506889,-0.004300026,1.237864525,-1.234883315
0.2122,-1.226105927,1.228721412,-0.014416038,0.012594636,1.242429303,-1.239407695
0.21225,-1.220275304,1.222838563,-0.031756921,0.02994122,1.253937109,-1.250874889
0.2123,-1.220618415,1.223129675,-0.049906486,0.048097819,1.272427851,-1.269324544
0.21235,-1.226985229,1.229444478,-0.06887859,0.067078327,1.297765873,-1.294620751
0.2124,-1.239276994,1.241683991,-0.088602548,0.086812115,1.329781784,-1.326593864
0.21245,-1.257308208,1.259662497,-0.109176193,0.107397085,1.368387969,-1.365156014
0.2125,-1.280759755,1.283060673,-0.130931665,0.129165468,1.41359752,-1.410320042
0.21255,-1.309236184,1.311482872,-0.154315298,0.152563707,1.4654614,-1.462136661
0.2126,-1.342364379,1.344555795,-0.179710783,0.177975622,1.523990281,-1.520616297
0.21265,-1.379855109,1.38199004,-0.207342593,0.205625832,1.589119518,-1.585694057
0.2127,-1.421491681,1.42356875,-0.237308043,0.235611814,1.660729849,-1.657250439
0.21275,-1.467069238,1.469086922,-0.269684898,0.26801151,1.738694319,-1.735158249
0.2128,-1.516339051,1.518295683,-0.304620291,0.30297224,1.82291147,-1.819315795
0.21285,-1.568997853,1.570891638,-0.342341142,0.340721129,1.913305109,-1.909646653
0.2129,-1.624721657,1.626550683,-0.383095966,0.381506906,2.009799926,-2.006075286
0.21295,-1.683210632,1.684972878,-0.427085736,0.425530775,2.112297233,-2.108502787
0.213,-1.74420942,1.745902769,-0.474437475,0.472919996,2.220668876,-2.216800783
0.21305,-1.807492266,1.809114512,-0.525231329,0.523754964,2.334769431,-2.33082364
0.2131,-1.872831228,1.874380091,-0.579549285,0.578117925,2.454453138,-2.45042539
0.21315,-1.93997584,1.941448969,-0.637503389,0.63612119,2.579581776,-2.575467612
0.2132,-2.008658735,2.010053724,-0.699225479,0.69789687,2.71002002,-2.705814789
0.21325,-2.078618441,2.079932833,-0.764834402,0.763564093,2.845625455,-2.841324315
0.2133,-2.149617851,2.150849152,-0.834411898,0.833204886,2.986242929,-2.981840857
0.21335,-2.22144385,2.222589533,-0.908005548,0.90686712,3.131707128,-3.127198924
0.2134,-2.236113577,2.237171449,-0.959816333,0.958751567,3.191603358,-3.18703702
0.21345,-2.165941492,2.166913394,-0.979092828,0.978103717,3.147315503,-3.142759251
0.2135,-2.107219851,2.108108335,-0.995009141,0.994096733,3.104434436,-3.099888249
0.21355,-2.056856778,2.057664164,-1.007854895,1.007020269,3.066910549,-3.062374404
0.2136,-1.964505012,1.965201371,-1.006881443,1.006125977,2.980170665,-2.975644541
0.21365,-1.84547024,1.846020713,-0.971456956,0.970778991,2.819054279,-2.814538153
0.2137,-1.716947488,1.717362339,-0.956018446,0.955416319,2.675125487,-2.670619336
0.21375,-1.587952155,1.588240972,-0.954550372,0.954022658,2.544631181,-2.540134984
0.2138,-1.471907838,1.472079443,-0.95068624,0.95023165,2.424695718,-2.420209452
0.21385,-1.376340275,1.376402633,-0.935888138,0.935505404,2.314306403,-2.309830047
0.2139,-1.298113692,1.298073919,-0.914182934,0.913870809,2.214353911,-2.209887443
0.21395,-1.228512279,1.228376731,-0.895542112,0.895299474,2.126093599,-2.121636996
0.214,-1.161230181,1.161004575,-0.886681693,0.886507661,2.049935434,-2.045488676
0.21405,-1.09624035,1.095929826,-0.887166058,0.887060052,1.985416611,-1.980979675
0.2141,-1.037772219,1.037381354,-0.892104213,0.892065947,1.931875435,-1.927448299
0.21415,-0.989614405,0.989147197,-0.897375745,0.8974052,1.888979952,-1.884562595
0.2142,-0.952025284,0.951485165,-0.902732356,0.902829777,1.856740091,-1.852332491
0.21425,-0.922105624,0.921495506,-0.911122521,0.911288453,1.835204985,-1.83080712
0.2143,-0.896415188,0.895737525,-0.92584829,0.926083631,1.824236392,-1.819848242
0.21435,-0.873309726,0.872566577,-0.948258971,0.948565015,1.823539373,-1.819160916
0.2144,-0.853357505,0.852550571,-0.977503914,0.977882371,1.832831574,-1.828462787
0.21445,-0.838023748,0.837154391,-1.011943772,1.012396771,1.851938909,-1.847579773
0.2145,-0.828023174,0.827092441,-1.050739823,1.051269913,1.88073743,-1.876387922
0.21455,-0.822630553,0.821639201,-1.094420607,1.095030769,1.919030516,-1.914690615
0.2146,-0.820225083,0.819173626,-1.144285342,1.144979011,1.966496689,-1.962166374
0.21465,-0.819376914,0.818265667,-1.201382383,1.202163473,2.022754593,-2.018433844
0.2147,-0.819546101,0.81837522,-1.265920422,1.266793341,2.087473145,-2.08316194
0.21475,-0.820960183,0.819729696,-1.337438264,1.338407923,2.160418874,-2.156117192
0.2148,-0.823944149,0.82265398,-1.41542025,1.416492063,2.241401312,-2.237109131
0.21485,-0.828330739,0.826980735,-1.499787823,1.50096771,2.330174854,-2.325892154
0.2149,-0.833388068,0.831978029,-1.590923358,1.592217755,2.426390225,-2.422116986
0.21495,-0.838215217,0.83674493,-1.689316354,1.690732214,2.529636258,-2.525372457
0.215,-0.84220036,0.840669632,-1.795193503,1.796738308,2.639528092,-2.63527371
0.21505,-0.845162881,0.843571567,-1.908428836,1.910110599,2.755759434,-2.751514449
0.2151,-0.847124975,0.845472999,-2.028745098,2.030572354,2.878075517,-2.873839909
0.21515,-0.84797179,0.84625917,-2.15597978,2.15796159,3.006199291,-3.001973039
0.2152,-0.833891222,0.832117839,-2.237858797,2.239966976,3.080632149,-3.076415234
0.21525,-0.786523319,0.784691836,-2.280001305,2.28219044,3.068795589,-3.064587989
0.2153,-0.757306104,0.755419075,-2.309111325,2.311382339,3.068764262,-3.064565956
0.21535,-0.742643627,0.740703331,-2.332787299,2.335141187,3.077787815,-3.073598783
0.2154,-0.706438572,0.704447603,-2.301883054,2.304320577,3.004059095,-2.999929309
0.21545,-0.639250899,0.637214138,-2.189944548,2.192462323,2.831508163,-2.827498213
0.2155,-0.563428908,0.56135177,-2.095571311,2.09816524,2.661206969,-2.65731003
0.21555,-0.489012576,0.486900141,-2.008792022,2.011458249,2.499976671,-2.49618631
0.2156,-0.427816592,0.425673503,-1.921729121,1.924463988,2.351686502,-2.347996703
0.21565,-0.381537022,0.379367431,-1.833484387,1.836284412,2.217134042,-2.21353921
0.2157,-0.343106468,0.340914086,-1.748788114,1.751650007,2.093981861,-2.090476814
0.21575,-0.304671077,0.302459282,-1.672563681,1.675484374,1.979299235,-1.97587918
0.2158,-0.263761825,0.261533741,-1.606112602,1.609089273,1.871918463,-1.868578978
0.21585,-0.223394572,0.221153088,-1.54734551,1.550375581,1.772765862,-1.76950289
0.2159,-0.187915293,0.185663046,-1.493524195,1.496605323,1.683449008,-1.68025885
0.21595,-0.159071367,0.156810733,-1.443607997,1.446738069,1.604674423,-1.601553742
0.216,-0.13519488,0.132927989,-1.398581121,1.401758254,1.535758216,-1.532704028
0.21605,-0.113162595,0.110891386,-1.360175718,1.363398271,1.475309155,-1.472318814
0.2161,-0.090860466,0.088586729,-1.329443756,1.332710338,1.422265053,-1.419336236
0.21615,-0.068209628,0.065935044,-1.306260372,1.309569848,1.376422098,-1.373552794
0.2162,-0.046434801,0.04416095,-1.289817682,1.293169171,1.338197051,-1.335385553
0.21625,-0.026607041,0.024335418,-1.279445466,1.282838339,1.307990684,-1.30523558
0.2163,-0.008704121,0.006436145,-1.275077427,1.278511305,1.285714416,-1.283014582
0.21635,0.008318539,-0.010554434,-1.277151902,1.28062666,1.270773471,-1.268128062
0.2164,0.025641048,-0.027870635,-1.286149833,1.289665599,1.262447625,-1.259856059
0.21645,0.044020691,-0.046242608,-1.302292626,1.305849788,1.260208585,-1.257670531
0.2165,0.063499834,-0.065712686,-1.325446709,1.32904591,1.263882365,-1.261397734
0.21655,0.083770059,-0.085972399,-1.355324271,1.35896641,1.273489644,-1.271058578
0.2166,0.10466408,-0.1068544,-1.391717921,1.395404149,1.288990365,-1.286613224
0.21665,0.126417872,-0.128594581,-1.434605803,1.438337523,1.310126758,-1.307804115
0.2167,0.149576829,-0.151738234,-1.484090427,1.487869291,1.336456014,-1.33418864
0.21675,0.174700203,-0.176844491,-1.540260944,1.544088851,1.367508123,-1.365296977
0.2168,0.202121331,-0.204246547,-1.603096667,1.606975764,1.402929169,-1.400775383
0.21685,0.231919938,-0.234023969,-1.67246827,1.676400946,1.442510218,-1.440415091
0.2169,0.264075876,-0.26615644,-1.748209197,1.752198078,1.486104988,-1.484069971
0.21695,0.298651419,-0.300706047,-1.830187643,1.834235592,1.533519541,-1.531546228
0.217,0.335863277,-0.337889306,-1.918327582,1.922437695,1.584461287,-1.582551407
0.21705,0.376016329,-0.378010885,-2.012577424,2.01675302,1.638573915,-1.636729316
0.2171,0.419378591,-0.421338576,-2.112863275,2.117107898,1.695515681,-1.693738325
0.21715,0.466103735,-0.468025815,-2.219065657,2.22338307,1.755013615,-1.753305562
0.2172,0.516249645,-0.518130243,-2.331031296,2.335425472,1.816856739,-1.815220141
0.21725,0.569858523,-0.571693805,-2.448602313,2.453077435,1.880845166,-1.879282254
0.2173,0.627023339,-0.628809212,-2.571636284,2.576196736,1.946743696,-1.945256773
0.21735,0.687890911,-0.68962301,-2.700004204,2.704654565,2.014276709,-2.012868139
0.2174,0.752611947,-0.754285632,-2.833573922,2.838318961,2.083161553,-2.081833751
0.21745,0.821289533,-0.82289988,-2.972196402,2.977041073,2.153146319,-2.151901743
0.2175,0.89396932,-0.895511117,-3.115705697,3.120655132,2.224019625,-2.222860767
0.21755,0.945122486,-0.946590727,-3.173861192,3.178867534,2.23764952,-2.236578541
0.2176,0.964162852,-0.965555582,-3.128126537,3.133121821,2.166245791,-2.16526081
0.21765,0.97966923,-0.98098543,-3.083762796,3.088747045,2.106434067,-2.10553249
0.2177,0.992005968,-0.993244596,-3.044746267,3.049719506,2.055073446,-2.054252916
0.21775,0.990603514,-0.991763229,-2.956365653,2.961327907,1.961467531,-1.960757883
0.2178,0.954916062,-0.955998554,-2.793335762,2.798287054,1.840703371,-1.840139296
0.21785,0.939200582,-0.940207546,-2.647571549,2.652511905,1.710551985,-1.71012311
0.2179,0.937295834,-0.938228732,-2.515273132,2.520202575,1.58012725,-1.579823883
0.21795,0.932771615,-0.933631782,-2.393507012,2.398425566,1.462857977,-1.462671204
0.218,0.917178364,-0.91796712,-2.281249979,2.286157668,1.366170198,-1.366091964
0.21805,0.894679608,-0.895398257,-2.179425152,2.184322002,1.286823089,-1.2868462
0.2181,0.875295786,-0.875945514,-2.089325197,2.09421123,1.216088552,-1.216206575
0.21815,0.865676092,-0.866257845,-2.011374878,2.016250118,1.147741953,-1.147949105
0.2182,0.865285172,-0.865799602,-1.945103432,1.949967904,1.081847742,-1.082138819
0.21825,0.869193644,-0.869641114,-1.889834257,1.894687984,1.022658555,-1.023028929
0.2183,0.873324972,-0.873705584,-1.845228154,1.85007116,0.973911566,-0.974357192
0.21835,0.877504694,-0.877818289,-1.81129979,1.816132099,0.935795749,-0.936313156
0.2184,0.884721458,-0.884967581,-1.788110404,1.792932039,0.905383579,-0.905969824
0.21845,0.898263903,-0.898441751,-1.775533804,1.780344789,0.879260168,-0.879912772
0.2185,0.919442572,-0.919550947,-1.77328178,1.778082138,0.855826757,-0.856543641
0.21855,0.947383298,-0.947420591,-1.781072309,1.785862064,0.835675515,-0.836454968
0.2186,0.980455705,-0.98041989,-1.798728089,1.803507265,0.820259552,-0.821100207
0.21865,1.017849319,-1.017737954,-1.82612297,1.830891589,0.810263237,-0.81116405
0.2187,1.060115783,-1.059925995,-1.863062346,1.867820432,0.804940389,-0.805900611
0.21875,1.108559394,-1.108287858,-1.909230694,1.91397827,0.80267129,-0.803690422
0.2188,1.164221177,-1.16386409,-1.964253286,1.968990375,0.802040322,-0.803118072
0.21885,1.227304039,-1.226857106,-2.027802748,2.032529374,0.802517369,-0.803653607
0.2189,1.297350709,-1.296809134,-2.099645382,2.104361568,0.804326187,-0.80552092
0.21895,1.373856347,-1.37321483,-2.179588718,2.184294486,0.807779344,-0.809032685
0.219,1.456752087,-1.456004821,-2.2673866,2.272081974,0.812699758,-0.814011906
0.21905,1.54642444,-1.545565107,-2.36269202,2.367377023,0.818354146,-0.81972535
0.2191,1.643363775,-1.642385534,-2.465097369,2.469772023,0.823844777,-0.825275305
0.21915,1.747799351,-1.746694833,-2.574219891,2.578884219,0.828559911,-0.830050016
0.2192,1.859611264,-1.858372571,-2.689752694,2.694406719,0.832312843,-0.833862734
0.21925,1.978529111,-1.977147816,-2.811439039,2.816082783,0.835117538,-0.836727357
0.2193,2.104394488,-2.102861643,-2.939000896,2.943634383,0.836854672,-0.838524476
0.21935,2.185182308,-2.183525309,-3.01305888,3.017682132,0.823545433,-0.825275412
0.2194,2.226733803,-2.224996934,-3.001075024,3.005688063,0.776634066,-0.778421607
0.21945,2.25524184,-2.253424205,-3.000857256,3.005460105,0.747848673,-0.749691266
0.2195,2.278245632,-2.276346261,-3.009699752,3.014292434,0.733696864,-0.735592275
0.21955,2.24667083,-2.244688988,-2.935786973,2.940320567,0.697951722,-0.699897404
0.2196,2.134159842,-2.132098931,-2.762971687,2.767386984,0.63098717,-0.63297826
0.21965,2.039208459,-2.037072598,-2.592476844,2.596780682,0.5554728,-0.557503899
0.2197,1.951930128,-1.949723192,-2.431036311,2.435235132,0.481276042,-0.483342089
0.21975,1.864434917,-1.862160584,-2.282472929,2.286572759,0.420176907,-0.42227328
0.2198,1.775712396,-1.773374171,-2.14763258,2.151639023,0.374031233,-0.376153803
0.21985,1.69039456,-1.687995754,-2.024265138,2.028183384,0.335956561,-0.338101647
0.2199,1.613419044,-1.610962747,-1.909474965,1.913309813,0.298119366,-0.300283621
0.21995,1.546197629,-1.543686688,-1.802046868,1.805802745,0.257892478,-0.260072818
0.22,1.486743455,-1.484180474,-1.702829985,1.706510952,0.218111716,-0.220305293
0.22005,1.432327886,-1.42971523,-1.613400506,1.617010264,0.183081718,-0.185285936
0.2201,1.38183252,-1.379172328,-1.534505045,1.538046931,0.154667299,-0.156879829
0.22015,1.336154263,-1.333448441,-1.465530914,1.469007914,0.131358684,-0.133577441
0.2202,1.297001763,-1.294251978,-1.40512659,1.40854135,0.11009555,-0.112318649
0.22025,1.265477323,-1.262684992,-1.352209268,1.355564106,0.088692677,-0.090918383
0.2203,1.2415306,-1.238696883,-1.306518689,1.309815611,0.066940061,-0.069166755
0.22035,1.22439316,-1.221518963,-1.268429865,1.271670574,0.045981078,-0.048207238
0.2204,1.213377662,-1.210463639,-1.238348678,1.241534578,0.02690888,-0.029133076
0.22045,1.208369301,-1.205415856,-1.216229333,1.219361539,0.009792419,-0.012013296
0.2205,1.209762227,-1.206769508,-1.201528251,1.204607599,-0.006305221,0.004097987
0.22055,1.21806464,-1.215032543,-1.193510117,1.196537178,-0.022625676,0.020424323
0.2206,1.233508177,-1.230436338,-1.191644013,1.194619103,-0.039937789,0.037743607
0.22065,1.255996282,-1.25288408,-1.195717837,1.198641031,-0.058353592,0.056167902
0.2207,1.285255956,-1.282102515,-1.205731978,1.208603119,-0.077599601,0.075423773
0.22075,1.321070137,-1.317874326,-1.22165426,1.224472968,-0.097490884,0.09532635
0.2208,1.363396345,-1.360156782,-1.243253114,1.246018798,-0.118216471,0.116064744
0.22085,1.412324293,-1.409039345,-1.27010768,1.272819549,-0.140286858,0.138149551
0.2209,1.467947361,-1.464615148,-1.301749255,1.304406328,-0.164264041,0.162142886
0.22095,1.530260859,-1.526879252,-1.337806044,1.340407164,-0.190515016,0.188411886
0.221,1.599150267,-1.595716895,-1.378047936,1.380591781,-0.21915526,0.217072185
0.22105,1.674453121,-1.670965371,-1.422320402,1.424805494,-0.250176707,0.248115888
0.2211,1.756031301,-1.752486325,-1.470438212,1.472862929,-0.283626331,0.281590153
0.22115,1.843800033,-1.840194749,-1.522124667,1.524487253,-0.319695909,0.317686953
0.2212,1.937704653,-1.934035753,-1.577032326,1.579330901,-0.358678061,0.356699117
0.22125,2.037675919,-2.03393987,-1.634814417,1.63704699,-0.40085015,0.398904233
0.2213,2.143602328,-2.139795378,-1.695184081,1.697348558,-0.446387353,0.444477714
0.22135,2.255335718,-2.251453899,-1.757919075,1.760013272,-0.495363567,0.493493702
0.2214,2.372717717,-2.368756856,-1.822818698,1.82484035,-0.547820933,0.545994593
0.22145,2.495602002,-2.49155772,-1.88965552,1.891602288,-0.603840358,0.602061556
0.2215,2.623856664,-2.619724385,-1.958161405,1.96003089,-0.663557866,0.661830887
0.22155,2.757350227,-2.753125186,-2.028053346,2.029843096,-0.727124783,0.725454188
0.2216,2.895936889,-2.891614132,-2.099071371,2.100778889,-0.794655063,0.793045698
0.22165,3.039453431,-3.035027829,-2.170995171,2.172617929,-0.866205579,0.864662581
0.2217,3.097687796,-3.093205869,-2.18558924,2.187125037,-0.916431818,0.914960118
0.22175,3.052133319,-3.047661293,-2.114944307,2.116394993,-0.934915238,0.933516751
0.2218,3.007951077,-3.003488929,-2.055867331,2.057235471,-0.949886436,0.948562144
0.22185,2.969101726,-2.964649435,-2.005292695,2.006580619,-0.961619045,0.960369955
0.2219,2.936642701,-2.932200245,-1.959118813,1.960328645,-0.975339726,0.974166906
0.22195,2.855735148,-2.851302505,-1.868861297,1.8699645,-0.978102789,0.977007664
0.222,2.7005811,-2.696158249,-1.753420587,1.754384054,-0.945044123,0.944025053
0.22205,2.561933093,-2.557520011,-1.630762645,1.631596213,-0.929019344,0.92807467
0.2221,2.436395199,-2.431991865,-1.508933231,1.509646052,-0.925339744,0.924468027
0.22215,2.321585444,-2.317191836,-1.399327724,1.399928192,-0.920160709,0.919360654
0.2222,2.216648118,-2.212264215,-1.308457884,1.308953565,-0.906115261,0.905385622
0.22225,2.122288327,-2.117914107,-1.233777294,1.234174932,-0.886455312,0.885794895
0.2223,2.039517219,-2.035152662,-1.167822403,1.168128005,-0.86965586,0.869063614
0.22235,1.968660029,-1.964305113,-1.104973719,1.105192658,-0.861661823,0.861136942
0.2224,1.909324604,-1.904979307,-1.044903703,1.045040786,-0.862408721,0.8619507
0.22245,1.860947742,-1.856612043,-0.991054644,0.991114122,-0.86789119,0.867499828
0.2225,1.823229132,-1.81890301,-0.946700259,0.94668583,-0.874535338,0.874210715
0.22255,1.796143521,-1.791826955,-0.912196982,0.912111796,-0.881959609,0.881702089
0.2226,1.779692803,-1.775385771,-0.885124725,0.884971433,-0.892586077,0.892396339
0.22265,1.773719466,-1.769421948,-0.862432998,0.862213807,-0.909307764,0.909186846
0.2227,1.77793367,-1.773645644,-0.842495695,0.84221243,-0.933460923,0.933410267
0.22275,1.792057695,-1.787779141,-0.825603228,0.82525737,-0.964477385,0.964498853
0.2228,1.815908842,-1.811639739,-0.812932582,0.812525289,-1.000997413,1.001093296
0.22285,1.849349294,-1.845089621,-0.805125032,0.804657164,-1.042241849,1.04241487
0.2229,1.892176919,-1.887926654,-0.801604106,0.801076254,-1.088584944,1.088838268
0.22295,1.944075213,-1.939834336,-0.800955698,0.800368225,-1.141124186,1.141461439
0.223,2.004667449,-2.000435939,-0.80184404,0.801197121,-1.200818469,1.201243759
0.22305,2.073615893,-2.06939373,-0.80366582,0.802959489,-1.267933189,1.268451125
0.2231,2.150670193,-2.146457357,-0.80651499,0.805749164,-1.342123849,1.342739547
0.22315,2.235624605,-2.231421074,-0.810635542,0.809810051,-1.422940501,1.423659585
0.2232,2.328230444,-2.324036198,-0.815886948,0.815001561,-1.510274763,1.511103369
0.22325,2.428146706,-2.423961725,-0.82163037,0.820684823,-1.604424228,1.605369009
0.2233,2.534970858,-2.530795121,-0.827039174,0.826033201,-1.705812736,1.706880868
0.22335,2.648316683,-2.64415017,-0.831505309,0.830438678,-1.814661838,1.815861028
0.2234,2.767866369,-2.763709059,-0.834798124,0.833670663,-1.93088408,1.932222561
0.22345,2.893352965,-2.889204839,-0.836893789,0.835705407,-2.054236036,2.055722572
0.2235,2.965673127,-2.961534164,-0.82391083,0.822661294,-2.132907386,2.134515231
0.22355,2.952409787,-2.948279967,-0.777156361,0.775848275,-2.173011284,2.174697156
0.2236,2.950883915,-2.946763218,-0.748566093,0.747201956,-2.200001481,2.201766225
0.22365,2.958435665,-2.95432407,-0.734724095,0.733306125,-2.221386914,2.223231447
0.2237,2.970670639,-2.966568126,-0.719716761,0.718247017,-2.248619237,2.250544605
0.22375,2.897245584,-2.89320039,-0.673773915,0.672254925,-2.227755736,2.229762801
0.2238,2.725975203,-2.722045672,-0.600565417,0.599002001,-2.123116751,2.125202237
0.22385,2.559857062,-2.556036517,-0.528292844,0.526690281,-2.029375399,2.031535285
0.2239,2.404753399,-2.401035571,-0.463172315,0.461535467,-1.939425359,1.941655838
0.22395,2.262094117,-2.258473153,-0.409408621,0.407741897,-1.850559647,1.852857106
0.224,2.13121973,-2.127690192,-0.364782003,0.363089369,-1.764338767,1.766699783
0.22405,2.010275228,-2.006832078,-0.324075764,0.322360808,-1.684124686,1.686546048
0.2241,1.897852583,-1.894491165,-0.283816835,0.282082838,-1.611982674,1.6144614
0.22415,1.793842912,-1.790558945,-0.244212241,0.242462217,-1.547597025,1.550130373
0.2242,1.699037625,-1.695827191,-0.207667365,0.20590407,-1.489353959,1.491939422
0.22425,1.614127949,-1.610987494,-0.176078973,0.174304903,-1.436048131,1.438683436
0.2243,1.539034403,-1.53596073,-0.149314611,0.147532015,-1.387732701,1.390415806
0.22435,1.472985738,-1.469975992,-0.125644127,0.123855039,-1.345366731,1.348095834
0.2244,1.415089942,-1.412141605,-0.103217608,0.101423887,-1.309908255,1.312681798
0.22445,1.364846671,-1.361957544,-0.081205739,0.079409104,-1.281686347,1.284503025
0.2245,1.322240912,-1.319409108,-0.059883627,0.058085685,-1.260410974,1.263269733
0.22455,1.287457005,-1.284680938,-0.039906966,0.038109222,-1.245610857,1.248510897
0.2246,1.260515385,-1.257793763,-0.021524855,0.019728734,-1.237057393,1.239998166
0.22465,1.241111471,-1.238443285,-0.004300026,0.002506889,-1.234883316,1.237864526
0.2247,1.228721413,-1.226105928,0.012594636,-0.014416038,-1.239407696,1.242429303
0.22475,1.222838563,-1.220275304,0.02994122,-0.031756922,-1.250874889,1.25393711
0.2248,1.223129675,-1.220618416,0.048097819,-0.049906486,-1.269324545,1.272427851
0.22485,1.229444478,-1.22698523,0.067078327,-0.06887859,-1.294620752,1.297765873
0.2249,1.241683992,-1.239276994,0.086812115,-0.088602548,-1.326593865,1.329781785
0.22495,1.259662498,-1.257308208,0.107397085,-0.109176193,-1.365156014,1.368387969
0.225,1.283060673,-1.280759755,0.129165468,-0.130931665,-1.410320042,1.41359752
0.22505,1.311482872,-1.309236184,0.152563707,-0.154315298,-1.462136662,1.4654614
0.2251,1.344555796,-1.342364379,0.177975622,-0.179710783,-1.520616297,1.523990282
0.22515,1.38199004,-1.37985511,0.205625832,-0.207342593,-1.585694057,1.589119518
0.2252,1.423568751,-1.421491681,0.235611814,-0.237308043,-1.657250439,1.660729849
0.22525,1.469086922,-1.467069239,0.26801151,-0.269684899,-1.73515825,1.73869432
0.2253,1.518295683,-1.516339052,0.30297224,-0.304620291,-1.819315795,1.822911471
0.22535,1.570891638,-1.568997853,0.340721129,-0.342341142,-1.909646653,1.91330511
0.2254,1.626550683,-1.624721657,0.381506907,-0.383095966,-2.006075287,2.009799926
0.22545,1.684972878,-1.683210632,0.425530775,-0.427085736,-2.108502788,2.112297234
0.2255,1.745902769,-1.74420942,0.472919996,-0.474437476,-2.216800784,2.220668877
0.22555,1.809114513,-1.807492266,0.523754964,-0.525231329,-2.33082364,2.334769432
0.2256,1.874380091,-1.872831228,0.578117925,-0.579549285,-2.45042539,2.454453139
0.22565,1.94144897,-1.939975841,0.63612119,-0.637503389,-2.575467613,2.579581776
0.2257,2.010053724,-2.008658736,0.697896871,-0.699225479,-2.705814789,2.710020021
0.22575,2.079932834,-2.078618442,0.763564094,-0.764834402,-2.841324315,2.845625455
0.2258,2.150849152,-2.149617851,0.833204886,-0.834411898,-2.981840857,2.98624293
0.22585,2.222589534,-2.22144385,0.90686712,-0.908005549,-3.127198924,3.131707128
0.2259,2.23717145,-2.236113577,0.958751567,-0.959816333,-3.18703702,3.191603359
0.22595,2.166913394,-2.165941492,0.978103717,-0.979092828,-3.142759251,3.147315503
0.226,2.108108335,-2.107219852,0.994096733,-0.995009141,-3.099888249,3.104434436
0.22605,2.057664164,-2.056856778,1.007020269,-1.007854895,-3.062374404,3.066910549
0.2261,1.965201371,-1.964505012,1.006125978,-1.006881443,-2.975644541,2.980170666
0.22615,1.846020713,-1.84547024,0.970778992,-0.971456956,-2.814538153,2.81905428
0.2262,1.717362339,-1.716947488,0.955416319,-0.956018446,-2.670619336,2.675125487
0.22625,1.588240972,-1.587952155,0.954022659,-0.954550372,-2.540134984,2.544631182
0.2263,1.472079443,-1.471907838,0.95023165,-0.95068624,-2.420209453,2.424695719
0.22635,1.376402634,-1.376340275,0.935505404,-0.935888138,-2.309830048,2.314306404
0.2264,1.298073919,-1.298113692,0.913870809,-0.914182934,-2.209887443,2.214353912
0.22645,1.228376731,-1.228512279,0.895299474,-0.895542112,-2.121636997,2.126093599
0.2265,1.161004575,-1.161230181,0.886507662,-0.886681693,-2.045488676,2.049935435
0.22655,1.095929826,-1.09624035,0.887060052,-0.887166058,-1.980979675,1.985416612
0.2266,1.037381354,-1.037772219,0.892065947,-0.892104213,-1.927448299,1.931875435
0.22665,0.989147197,-0.989614405,0.8974052,-0.897375746,-1.884562595,1.888979953
0.2267,0.951485166,-0.952025284,0.902829777,-0.902732356,-1.852332492,1.856740091
0.22675,0.921495506,-0.922105624,0.911288454,-0.911122522,-1.830807121,1.835204985
0.2268,0.895737525,-0.896415188,0.926083631,-0.92584829,-1.819848242,1.824236392
0.22685,0.872566577,-0.873309726,0.948565015,-0.948258971,-1.819160916,1.823539374
0.2269,0.852550571,-0.853357505,0.977882372,-0.977503914,-1.828462788,1.832831574
0.22695,0.837154391,-0.838023748,1.012396771,-1.011943772,-1.847579774,1.85193891
0.227,0.827092441,-0.828023175,1.051269913,-1.050739823,-1.876387922,1.88073743
0.22705,0.821639202,-0.822630553,1.095030769,-1.094420608,-1.914690616,1.919030516
0.2271,0.819173626,-0.820225083,1.144979012,-1.144285343,-1.962166375,1.966496689
0.22715,0.818265667,-0.819376914,1.202163473,-1.201382383,-2.018433844,2.022754593
0.2272,0.81837522,-0.819546101,1.266793341,-1.265920422,-2.08316194,2.087473145
0.22725,0.819729696,-0.820960183,1.338407923,-1.337438264,-2.156117192,2.160418874
0.2273,0.82265398,-0.823944149,1.416492063,-1.415420251,-2.237109131,2.241401312
0.22735,0.826980735,-0.828330739,1.500967711,-1.499787823,-2.325892154,2.330174854
0.2274,0.831978029,-0.833388068,1.592217755,-1.590923359,-2.422116986,2.426390226
0.22745,0.83674493,-0.838215217,1.690732214,-1.689316354,-2.525372457,2.529636258
0.2275,0.840669632,-0.84220036,1.796738308,-1.795193503,-2.63527371,2.639528093
0.22755,0.843571567,-0.845162881,1.910110599,-1.908428837,-2.751514449,2.755759434
0.2276,0.845472999,-0.847124975,2.030572354,-2.028745098,-2.873839909,2.878075517
0.22765,0.84625917,-0.84797179,2.15796159,-2.15597978,-3.001973039,3.006199291
0.2277,0.832117839,-0.833891222,2.239966976,-2.237858798,-3.076415234,3.08063215
0.22775,0.784691836,-0.786523319,2.28219044,-2.280001305,-3.064587989,3.06879559
0.2278,0.755419075,-0.757306104,2.311382339,-2.309111326,-3.064565957,3.068764263
0.22785,0.740703332,-0.742643627,2.335141187,-2.332787299,-3.073598783,3.077787815
0.2279,0.704447603,-0.706438573,2.304320577,-2.301883055,-2.999929309,3.004059095
0.22795,0.637214138,-0.639250899,2.192462324,-2.189944548,-2.827498214,2.831508163
0.228,0.56135177,-0.563428908,2.09816524,-2.095571311,-2.65731003,2.661206969
0.22805,0.486900141,-0.489012576,2.011458249,-2.008792023,-2.49618631,2.499976671
0.2281,0.425673503,-0.427816592,1.924463988,-1.921729121,-2.347996703,2.351686502
0.22815,0.379367431,-0.381537022,1.836284412,-1.833484387,-2.213539211,2.217134042
0.2282,0.340914086,-0.343106468,1.751650007,-1.748788114,-2.090476814,2.093981861
0.22825,0.302459283,-0.304671077,1.675484374,-1.672563681,-1.97587918,1.979299235
0.2283,0.261533741,-0.263761825,1.609089273,-1.606112602,-1.868578979,1.871918463
0.22835,0.221153088,-0.223394572,1.550375581,-1.547345511,-1.76950289,1.772765863
0.2284,0.185663047,-0.187915293,1.496605324,-1.493524195,-1.68025885,1.683449008
0.22845,0.156810733,-0.159071367,1.446738069,-1.443607997,-1.601553743,1.604674423
0.2285,0.132927989,-0.13519488,1.401758254,-1.398581121,-1.532704028,1.535758216
0.22855,0.110891386,-0.113162595,1.363398271,-1.360175718,-1.472318814,1.475309155
0.2286,0.088586729,-0.090860466,1.332710338,-1.329443756,-1.419336236,1.422265053
0.22865,0.065935044,-0.068209628,1.309569848,-1.306260372,-1.373552794,1.376422098
0.2287,0.04416095,-0.046434801,1.293169171,-1.289817682,-1.335385553,1.338197051
0.22875,0.024335418,-0.026607041,1.282838339,-1.279445466,-1.30523558,1.307990684
0.2288,0.006436145,-0.008704121,1.278511305,-1.275077427,-1.283014582,1.285714416
0.22885,-0.010554434,0.008318539,1.28062666,-1.277151902,-1.268128062,1.270773471
0.2289,-0.027870635,0.025641048,1.289665599,-1.286149833,-1.259856059,1.262447625
0.22895,-0.046242608,0.044020691,1.305849788,-1.302292626,-1.257670531,1.260208585
0.229,-0.065712686,0.063499834,1.32904591,-1.325446709,-1.261397734,1.263882365
0.22905,-0.085972399,0.083770059,1.35896641,-1.355324271,-1.271058578,1.273489644
0.2291,-0.1068544,0.10466408,1.395404149,-1.391717921,-1.286613224,1.288990365
0.22915,-0.128594581,0.126417872,1.438337523,-1.434605803,-1.307804115,1.310126758
0.2292,-0.151738234,0.149576829,1.487869291,-1.484090427,-1.33418864,1.336456014
0.22925,-0.176844491,0.174700203,1.544088851,-1.540260944,-1.365296977,1.367508123
0.2293,-0.204246547,0.202121331,1.606975764,-1.603096667,-1.400775383,1.402929169
0.22935,-0.234023969,0.231919938,1.676400945,-1.67246827,-1.44041509,1.442510218
0.2294,-0.26615644,0.264075876,1.752198078,-1.748209197,-1.484069971,1.486104988
0.22945,-0.300706047,0.298651419,1.834235592,-1.830187642,-1.531546228,1.533519541
0.2295,-0.337889306,0.335863277,1.922437695,-1.918327582,-1.582551407,1.584461287
0.22955,-0.378010884,0.376016329,2.01675302,-2.012577424,-1.636729316,1.638573915
0.2296,-0.421338576,0.419378591,2.117107898,-2.112863274,-1.693738324,1.695515681
0.22965,-0.468025815,0.466103734,2.22338307,-2.219065657,-1.753305562,1.755013615
0.2297,-0.518130242,0.516249645,2.335425472,-2.331031295,-1.815220141,1.816856739
0.22975,-0.571693804,0.569858522,2.453077435,-2.448602312,-1.879282254,1.880845166
0.2298,-0.628809212,0.627023339,2.576196736,-2.571636284,-1.945256773,1.946743696
0.22985,-0.68962301,0.687890911,2.704654565,-2.700004204,-2.012868139,2.014276709
0.2299,-0.754285632,0.752611947,2.838318961,-2.833573921,-2.081833751,2.083161553
0.22995,-0.82289988,0.821289533,2.977041073,-2.972196402,-2.151901743,2.153146319
0.23,-0.895511117,0.89396932,3.120655131,-3.115705697,-2.222860767,2.224019625
0.23005,-0.946590727,0.945122485,3.178867533,-3.173861191,-2.236578541,2.23764952
0.2301,-0.965555582,0.964162852,3.13312182,-3.128126537,-2.16526081,2.166245791
0.23015,-0.98098543,0.97966923,3.088747045,-3.083762796,-2.10553249,2.106434066
0.2302,-0.993244596,0.992005968,3.049719506,-3.044746267,-2.054252916,2.055073446
0.23025,-0.991763229,0.990603514,2.961327907,-2.956365653,-1.960757883,1.961467531
0.2303,-0.955998554,0.954916062,2.798287054,-2.793335762,-1.840139296,1.840703371
0.23035,-0.940207546,0.939200582,2.652511904,-2.647571549,-1.710123109,1.710551985
0.2304,-0.938228732,0.937295834,2.520202575,-2.515273132,-1.579823883,1.580127249
0.23045,-0.933631782,0.932771615,2.398425566,-2.393507011,-1.462671203,1.462857977
0.2305,-0.91796712,0.917178364,2.286157668,-2.281249978,-1.366091964,1.366170198
0.23055,-0.895398257,0.894679607,2.184322001,-2.179425152,-1.286846199,1.286823089
0.2306,-0.875945514,0.875295786,2.094211229,-2.089325196,-1.216206574,1.216088551
0.23065,-0.866257845,0.865676092,2.016250118,-2.011374877,-1.147949105,1.147741953
0.2307,-0.865799602,0.865285172,1.949967904,-1.945103432,-1.082138819,1.081847742
0.23075,-0.869641114,0.869193643,1.894687984,-1.889834257,-1.023028929,1.022658554
0.2308,-0.873705584,0.873324971,1.850071159,-1.845228153,-0.974357192,0.973911566
0.23085,-0.877818289,0.877504694,1.816132098,-1.811299789,-0.936313156,0.935795749
0.2309,-0.884967581,0.884721457,1.792932038,-1.788110403,-0.905969824,0.905383578
0.23095,-0.89844175,0.898263902,1.780344788,-1.775533804,-0.879912771,0.879260168
0.231,-0.919550947,0.919442572,1.778082137,-1.773281779,-0.856543641,0.855826757
0.23105,-0.947420591,0.947383298,1.785862063,-1.781072308,-0.836454968,0.835675515
0.2311,-0.98041989,0.980455704,1.803507264,-1.798728089,-0.821100206,0.820259552
0.23115,-1.017737954,1.017849318,1.830891589,-1.82612297,-0.81116405,0.810263237
0.2312,-1.059925995,1.060115782,1.867820431,-1.863062345,-0.80590061,0.804940389
0.23125,-1.108287857,1.108559393,1.913978269,-1.909230693,-0.803690422,0.80267129
0.2313,-1.16386409,1.164221176,1.968990375,-1.964253285,-0.803118072,0.802040322
0.23135,-1.226857106,1.227304038,2.032529373,-2.027802747,-0.803653607,0.802517369
0.2314,-1.296809134,1.297350708,2.104361567,-2.099645382,-0.80552092,0.804326187
0.23145,-1.373214829,1.373856346,2.184294486,-2.179588718,-0.809032685,0.807779343
0.2315,-1.456004821,1.456752087,2.272081973,-2.267386599,-0.814011906,0.812699758
0.23155,-1.545565106,1.546424439,2.367377022,-2.36269202,-0.81972535,0.818354146
0.2316,-1.642385533,1.643363775,2.469772022,-2.465097368,-0.825275305,0.823844777
0.23165,-1.746694832,1.74779935,2.578884219,-2.574219891,-0.830050016,0.828559911
0.2317,-1.858372571,1.859611264,2.694406718,-2.689752693,-0.833862734,0.832312843
0.23175,-1.977147816,1.97852911,2.816082783,-2.811439038,-0.836727357,0.835117537
0.2318,-2.102861642,2.104394487,2.943634382,-2.939000895,-0.838524476,0.836854672
0.23185,-2.183525309,2.185182308,3.017682131,-3.013058879,-0.825275412,0.823545433
0.2319,-2.224996933,2.226733803,3.005688062,-3.001075023,-0.778421607,0.776634066
0.23195,-2.253424204,2.255241839,3.005460104,-3.000857255,-0.749691266,0.747848673
0.232,-2.27634626,2.278245632,3.014292433,-3.009699751,-0.735592274,0.733696864
0.23205,-2.244688987,2.246670829,2.940320567,-2.935786973,-0.699897404,0.697951722
0.2321,-2.132098931,2.134159841,2.767386984,-2.762971686,-0.63297826,0.63098717
0.23215,-2.037072598,2.039208459,2.596780681,-2.592476843,-0.557503899,0.5554728
0.2322,-1.949723192,1.951930128,2.435235131,-2.43103631,-0.483342089,0.481276042
0.23225,-1.862160584,1.864434916,2.286572759,-2.282472928,-0.42227328,0.420176907
0.2323,-1.77337417,1.775712396,2.151639023,-2.147632579,-0.376153803,0.374031233
0.23235,-1.687995753,1.69039456,2.028183384,-2.024265137,-0.338101647,0.335956561
0.2324,-1.610962747,1.613419044,1.913309813,-1.909474964,-0.300283621,0.298119366
0.23245,-1.543686688,1.546197628,1.805802744,-1.802046868,-0.260072818,0.257892478
0.2325,-1.484180473,1.486743454,1.706510952,-1.702829985,-0.220305293,0.218111716
0.23255,-1.42971523,1.432327885,1.617010263,-1.613400506,-0.185285936,0.183081718
0.2326,-1.379172327,1.381832519,1.53804693,-1.534505044,-0.156879829,0.154667299
0.23265,-1.33344844,1.336154262,1.469007914,-1.465530913,-0.133577441,0.131358684
0.2327,-1.294251978,1.297001762,1.408541349,-1.40512659,-0.112318649,0.11009555
0.23275,-1.262684991,1.265477322,1.355564105,-1.352209268,-0.090918383,0.088692677
0.2328,-1.238696883,1.241530599,1.30981561,-1.306518688,-0.069166755,0.066940061
0.23285,-1.221518963,1.224393159,1.271670574,-1.268429865,-0.048207238,0.045981078
0.2329,-1.210463639,1.213377661,1.241534578,-1.238348678,-0.029133076,0.02690888
0.23295,-1.205415855,1.2083693,1.219361538,-1.216229332,-0.012013296,0.009792419
0.233,-1.206769508,1.209762226,1.204607599,-1.20152825,0.004097987,-0.006305221
0.23305,-1.215032542,1.21806464,1.196537177,-1.193510116,0.020424323,-0.022625676
0.2331,-1.230436337,1.233508177,1.194619103,-1.191644013,0.037743607,-0.039937789
0.23315,-1.25288408,1.255996282,1.198641031,-1.195717837,0.056167902,-0.058353592
0.2332,-1.282102514,1.285255955,1.208603118,-1.205731978,0.075423772,-0.077599601
0.23325,-1.317874325,1.321070136,1.224472967,-1.221654259,0.09532635,-0.097490884
0.2333,-1.360156781,1.363396344,1.246018797,-1.243253113,0.116064744,-0.118216471
0.23335,-1.409039344,1.412324292,1.272819548,-1.270107679,0.13814955,-0.140286858
0.2334,-1.464615147,1.46794736,1.304406327,-1.301749254,0.162142885,-0.164264041
0.23345,-1.526879251,1.530260858,1.340407163,-1.337806043,0.188411886,-0.190515016
0.2335,-1.595716894,1.599150266,1.38059178,-1.378047935,0.217072185,-0.21915526
0.23355,-1.67096537,1.67445312,1.424805494,-1.422320402,0.248115888,-0.250176706
0.2336,-1.752486324,1.756031301,1.472862929,-1.470438212,0.281590153,-0.283626331
0.23365,-1.840194749,1.843800033,1.524487252,-1.522124667,0.317686953,-0.319695909
0.2337,-1.934035752,1.937704652,1.5793309,-1.577032325,0.356699117,-0.358678061
0.23375,-2.033939869,2.037675919,1.637046989,-1.634814416,0.398904233,-0.400850149
0.2338,-2.139795377,2.143602327,1.697348557,-1.69518408,0.444477714,-0.446387353
0.23385,-2.251453898,2.255335717,1.760013272,-1.757919074,0.493493702,-0.495363567
0.2339,-2.368756855,2.372717716,1.824840349,-1.822818697,0.545994593,-0.547820933
0.23395,-2.491557719,2.495602002,1.891602288,-1.889655519,0.602061556,-0.603840358
0.234,-2.619724384,2.623856663,1.96003089,-1.958161405,0.661830887,-0.663557866
0.23405,-2.753125185,2.757350226,2.029843095,-2.028053346,0.725454187,-0.727124782
0.2341,-2.891614132,2.895936888,2.100778889,-2.09907137,0.793045698,-0.794655062
0.23415,-3.035027828,3.039453431,2.172617929,-2.170995171,0.864662581,-0.866205578
0.2342,-3.093205868,3.097687795,2.187125036,-2.185589239,0.914960118,-0.916431818
0.23425,-3.047661292,3.052133318,2.116394993,-2.114944306,0.933516751,-0.934915238
0.2343,-3.003488928,3.007951076,2.05723547,-2.05586733,0.948562144,-0.949886435
0.23435,-2.964649434,2.969101726,2.006580619,-2.005292695,0.960369955,-0.961619045
0.2344,-2.932200244,2.9366427,1.960328644,-1.959118813,0.974166906,-0.975339726
0.23445,-2.851302504,2.855735148,1.8699645,-1.868861297,0.977007664,-0.978102789
0.2345,-2.696158248,2.7005811,1.754384054,-1.753420586,0.944025053,-0.945044123
0.23455,-2.55752001,2.561933092,1.631596213,-1.630762645,0.92807467,-0.929019344
0.2346,-2.431991864,2.436395198,1.509646052,-1.508933231,0.924468027,-0.925339744
0.23465,-2.317191835,2.321585443,1.399928191,-1.399327723,0.919360654,-0.920160709
0.2347,-2.212264214,2.216648117,1.308953565,-1.308457884,0.905385622,-0.906115261
0.23475,-2.117914107,2.122288326,1.234174932,-1.233777294,0.885794895,-0.886455312
0.2348,-2.035152662,2.039517219,1.168128004,-1.167822403,0.869063613,-0.869655859
0.23485,-1.964305112,1.968660028,1.105192658,-1.104973718,0.861136941,-0.861661823
0.2349,-1.904979306,1.909324603,1.045040785,-1.044903703,0.8619507,-0.862408721
0.23495,-1.856612042,1.860947741,0.991114122,-0.991054643,0.867499827,-0.86789119
0.235,-1.818903009,1.823229131,0.946685829,-0.946700259,0.874210714,-0.874535337
0.23505,-1.791826954,1.79614352,0.912111796,-0.912196981,0.881702089,-0.881959608
0.2351,-1.77538577,1.779692802,0.884971432,-0.885124725,0.892396338,-0.892586076
0.23515,-1.769421947,1.773719465,0.862213807,-0.862432997,0.909186846,-0.909307763
0.2352,-1.773645644,1.777933669,0.84221243,-0.842495694,0.933410266,-0.933460923
0.23525,-1.78777914,1.792057695,0.82525737,-0.825603228,0.964498852,-0.964477385
0.2353,-1.811639738,1.815908841,0.812525289,-0.812932582,1.001093296,-1.000997413
0.23535,-1.84508962,1.849349294,0.804657164,-0.805125031,1.04241487,-1.042241849
0.2354,-1.887926653,1.892176918,0.801076254,-0.801604106,1.088838268,-1.088584944
0.23545,-1.939834335,1.944075212,0.800368224,-0.800955698,1.141461438,-1.141124186
0.2355,-2.000435939,2.004667448,0.801197121,-0.801844039,1.201243758,-1.200818468
0.23555,-2.06939373,2.073615892,0.802959488,-0.80366582,1.268451125,-1.267933188
0.2356,-2.146457356,2.150670192,0.805749164,-0.80651499,1.342739546,-1.342123848
0.23565,-2.231421074,2.235624604,0.809810051,-0.810635541,1.423659584,-1.422940501
0.2357,-2.324036197,2.328230443,0.815001561,-0.815886948,1.511103369,-1.510274763
0.23575,-2.423961724,2.428146705,0.820684822,-0.82163037,1.605369009,-1.604424228
0.2358,-2.53079512,2.534970857,0.826033201,-0.827039174,1.706880867,-1.705812735
0.23585,-2.644150169,2.648316682,0.830438678,-0.831505309,1.815861027,-1.814661838
0.2359,-2.763709059,2.767866368,0.833670662,-0.834798124,1.932222561,-1.930884079
0.23595,-2.889204838,2.893352964,0.835705407,-0.836893789,2.055722572,-2.054236035
0.236,-2.961534163,2.965673126,0.822661294,-0.82391083,2.134515231,-2.132907386
0.23605,-2.948279966,2.952409786,0.775848275,-0.777156361,2.174697156,-2.173011283
0.2361,-2.946763217,2.950883914,0.747201956,-0.748566093,2.201766224,-2.200001481
0.23615,-2.954324069,2.958435664,0.733306125,-0.734724094,2.223231447,-2.221386913
0.2362,-2.966568126,2.970670638,0.718247017,-0.719716761,2.250544604,-2.248619236
0.23625,-2.893200389,2.897245583,0.672254925,-0.673773915,2.2297628,-2.227755736
0.2363,-2.722045671,2.725975202,0.599002001,-0.600565417,2.125202236,-2.12311675
0.23635,-2.556036517,2.559857061,0.526690281,-0.528292844,2.031535285,-2.029375399
0.2364,-2.40103557,2.404753399,0.461535467,-0.463172315,1.941655837,-1.939425358
0.23645,-2.258473152,2.262094116,0.407741897,-0.40940862,1.852857105,-1.850559646
0.2365,-2.127690191,2.131219729,0.363089369,-0.364782002,1.766699783,-1.764338767
0.23655,-2.006832077,2.010275227,0.322360808,-0.324075764,1.686546047,-1.684124686
0.2366,-1.894491165,1.897852582,0.282082838,-0.283816835,1.6144614,-1.611982674
0.23665,-1.790558944,1.793842911,0.242462217,-0.244212241,1.550130372,-1.547597025
0.2367,-1.69582719,1.699037624,0.20590407,-0.207667365,1.491939421,-1.489353958
0.23675,-1.610987493,1.614127948,0.174304903,-0.176078973,1.438683435,-1.43604813
0.2368,-1.535960729,1.539034403,0.147532015,-0.149314611,1.390415806,-1.3877327
0.23685,-1.469975992,1.472985737,0.123855039,-0.125644126,1.348095834,-1.34536673
0.2369,-1.412141605,1.415089941,0.101423887,-0.103217608,1.312681798,-1.309908254
0.23695,-1.361957544,1.36484667,0.079409104,-0.081205739,1.284503024,-1.281686346
0.237,-1.319409107,1.322240911,0.058085685,-0.059883627,1.263269732,-1.260410973
0.23705,-1.284680938,1.287457005,0.038109222,-0.039906966,1.248510897,-1.245610857
0.2371,-1.257793762,1.260515385,0.019728734,-0.021524855,1.239998165,-1.237057392
0.23715,-1.238443285,1.241111471,0.002506889,-0.004300026,1.237864525,-1.234883315
0.2372,-1.226105927,1.228721412,-0.014416038,0.012594636,1.242429303,-1.239407695
0.23725,-1.220275304,1.222838563,-0.031756921,0.02994122,1.253937109,-1.250874889
0.2373,-1.220618415,1.223129675,-0.049906486,0.048097819,1.272427851,-1.269324544
0.23735,-1.226985229,1.229444478,-0.06887859,0.067078327,1.297765873,-1.294620751
0.2374,-1.239276994,1.241683991,-0.088602548,0.086812115,1.329781784,-1.326593864
0.23745,-1.257308208,1.259662497,-0.109176193,0.107397085,1.368387969,-1.365156014
0.2375,-1.280759755,1.283060673,-0.130931665,0.129165468,1.41359752,-1.410320042
0.23755,-1.309236184,1.311482872,-0.154315298,0.152563707,1.4654614,-1.462136661
0.2376,-1.342364379,1.344555795,-0.179710783,0.177975622,1.523990281,-1.520616297
0.23765,-1.379855109,1.38199004,-0.207342593,0.205625832,1.589119518,-1.585694057
0.2377,-1.421491681,1.42356875,-0.237308043,0.235611814,1.660729849,-1.657250439
0.23775,-1.467069238,1.469086922,-0.269684898,0.26801151,1.738694319,-1.735158249
0.2378,-1.516339051,1.518295683,-0.304620291,0.30297224,1.82291147,-1.819315795
0.23785,-1.568997853,1.570891638,-0.342341142,0.340721129,1.913305109,-1.909646653
0.2379,-1.624721657,1.626550683,-0.383095966,0.381506906,2.009799926,-2.006075286
0.23795,-1.683210632,1.684972878,-0.427085736,0.425530775,2.112297233,-2.108502787
0.238,-1.74420942,1.745902769,-0.474437475,0.472919996,2.220668876,-2.216800783
0.23805,-1.807492266,1.809114512,-0.525231329,0.523754964,2.334769431,-2.33082364
0.2381,-1.872831228,1.874380091,-0.579549285,0.578117925,2.454453138,-2.45042539
0.23815,-1.93997584,1.941448969,-0.637503389,0.63612119,2.579581776,-2.575467612
0.2382,-2.008658735,2.010053724,-0.699225479,0.69789687,2.71002002,-2.705814789
0.23825,-2.078618441,2.079932833,-0.764834402,0.763564093,2.845625455,-2.841324315
0.2383,-2.149617851,2.150849152,-0.834411898,0.833204886,2.986242929,-2.981840857
0.23835,-2.22144385,2.222589533,-0.908005548,0.90686712,3.131707128,-3.127198924
0.2384,-2.236113577,2.237171449,-0.959816333,0.958751567,3.191603358,-3.18703702
0.23845,-2.165941492,2.166913394,-0.979092828,0.978103717,3.147315503,-3.142759251
0.2385,-2.107219851,2.108108335,-0.995009141,0.994096733,3.104434436,-3.099888249
0.23855,-2.056856778,2.057664164,-1.007854895,1.007020269,3.066910549,-3.062374404
0.2386,-1.964505012,1.965201371,-1.006881443,1.006125977,2.980170665,-2.975644541
0.23865,-1.84547024,1.846020713,-0.971456956,0.970778991,2.819054279,-2.814538153
0.2387,-1.716947488,1.717362339,-0.956018446,0.955416319,2.675125487,-2.670619336
0.23875,-1.587952155,1.588240972,-0.954550372,0.954022658,2.544631181,-2.540134984
0.2388,-1.471907838,1.472079443,-0.95068624,0.95023165,2.424695718,-2.420209452
0.23885,-1.376340275,1.376402633,-0.935888138,0.935505404,2.314306403,-2.309830047
0.2389,-1.298113692,1.298073919,-0.914182934,0.913870809,2.214353911,-2.209887443
0.23895,-1.228512279,1.228376731,-0.895542112,0.895299474,2.126093599,-2.121636996
0.239,-1.161230181,1.161004575,-0.886681693,0.886507661,2.049935434,-2.045488676
0.23905,-1.09624035,1.095929826,-0.887166058,0.887060052,1.985416611,-1.980979675
0.2391,-1.037772219,1.037381354,-0.892104213,0.892065947,1.931875435,-1.927448299
0.23915,-0.989614405,0.989147197,-0.897375745,0.8974052,1.888979952,-1.884562595
0.2392,-0.952025284,0.951485165,-0.902732356,0.902829777,1.856740091,-1.852332491
0.23925,-0.922105624,0.921495506,-0.911122521,0.911288453,1.835204985,-1.83080712
0.2393,-0.896415188,0.895737525,-0.92584829,0.926083631,1.824236392,-1.819848242
0.23935,-0.873309726,0.872566577,-0.948258971,0.948565015,1.823539373,-1.819160916
0.2394,-0.853357505,0.852550571,-0.977503914,0.977882371,1.832831574,-1.828462787
0.23945,-0.838023748,0.837154391,-1.011943772,1.012396771,1.851938909,-1.847579773
0.2395,-0.828023174,0.827092441,-1.050739823,1.051269913,1.88073743,-1.876387922
0.23955,-0.822630553,0.821639201,-1.094420607,1.095030769,1.919030516,-1.914690615
0.2396,-0.820225083,0.819173626,-1.144285342,1.144979011,1.966496689,-1.962166374
0.23965,-0.819376914,0.818265667,-1.201382383,1.202163473,2.022754593,-2.018433844
0.2397,-0.819546101,0.81837522,-1.265920422,1.266793341,2.087473145,-2.08316194
0.23975,-0.820960183,0.819729696,-1.337438264,1.338407923,2.160418874,-2.156117192
0.2398,-0.823944149,0.82265398,-1.41542025,1.416492063,2.241401312,-2.237109131
0.23985,-0.828330739,0.826980735,-1.499787823,1.50096771,2.330174854,-2.325892154
0.2399,-0.833388068,0.831978029,-1.590923358,1.592217755,2.426390225,-2.422116986
0.23995,-0.838215217,0.83674493,-1.689316354,1.690732214,2.529636258,-2.525372457
0.24,-0.84220036,0.840669632,-1.795193503,1.796738308,2.639528092,-2.63527371
0.24005,-0.845162881,0.843571567,-1.908428836,1.910110599,2.755759434,-2.751514449
0.2401,-0.847124975,0.845472999,-2.028745098,2.030572354,2.878075517,-2.873839909
0.24015,-0.84797179,0.84625917,-2.15597978,2.15796159,3.006199291,-3.001973039
0.2402,-0.833891222,0.832117839,-2.237858797,2.239966976,3.080632149,-3.076415234
0.24025,-0.786523319,0.784691836,-2.280001305,2.28219044,3.068795589,-3.064587989
0.2403,-0.757306104,0.755419075,-2.309111325,2.311382339,3.068764262,-3.064565956
0.24035,-0.742643627,0.740703331,-2.332787299,2.335141187,3.077787815,-3.073598783
0.2404,-0.706438572,0.704447603,-2.301883054,2.304320577,3.004059095,-2.999929309
0.24045,-0.639250899,0.637214138,-2.189944548,2.192462323,2.831508163,-2.827498213
0.2405,-0.563428908,0.56135177,-2.095571311,2.09816524,2.661206969,-2.65731003
0.24055,-0.489012576,0.486900141,-2.008792022,2.011458249,2.499976671,-2.49618631
0.2406,-0.427816592,0.425673503,-1.921729121,1.924463988,2.351686502,-2.347996703
0.24065,-0.381537022,0.379367431,-1.833484387,1.836284412,2.217134042,-2.21353921
0.2407,-0.343106468,0.340914086,-1.748788114,1.751650007,2.093981861,-2.090476814
0.24075,-0.304671077,0.302459282,-1.672563681,1.675484374,1.979299235,-1.97587918
0.2408,-0.263761825,0.261533741,-1.606112602,1.609089273,1.871918463,-1.868578978
0.24085,-0.223394572,0.221153088,-1.54734551,1.550375581,1.772765862,-1.76950289
0.2409,-0.187915293,0.185663046,-1.493524195,1.496605323,1.683449008,-1.68025885
0.24095,-0.159071367,0.156810733,-1.443607997,1.446738069,1.604674423,-1.601553742
0.241,-0.13519488,0.132927989,-1.398581121,1.401758254,1.535758216,-1.532704028
0.24105,-0.113162595,0.110891386,-1.360175718,1.363398271,1.475309155,-1.472318814
0.2411,-0.090860466,0.088586729,-1.329443756,1.332710338,1.422265053,-1.419336236
0.24115,-0.068209628,0.065935044,-1.306260372,1.309569848,1.376422098,-1.373552794
0.2412,-0.046434801,0.04416095,-1.289817682,1.293169171,1.338197051,-1.335385553
0.24125,-0.026607041,0.024335418,-1.279445466,1.282838339,1.307990684,-1.30523558
0.2413,-0.008704121,0.006436145,-1.275077427,1.278511305,1.285714416,-1.283014582
0.24135,0.008318539,-0.010554434,-1.277151902,1.28062666,1.270773471,-1.268128062
0.2414,0.025641048,-0.027870635,-1.286149833,1.289665599,1.262447625,-1.259856059
0.24145,0.044020691,-0.046242608,-1.302292626,1.305849788,1.260208585,-1.257670531
0.2415,0.063499834,-0.065712686,-1.325446709,1.32904591,1.263882365,-1.261397734
0.24155,0.083770059,-0.085972399,-1.355324271,1.35896641,1.273489644,-1.271058578
0.2416,0.10466408,-0.1068544,-1.391717921,1.395404149,1.288990365,-1.286613224
0.24165,0.126417872,-0.128594581,-1.434605803,1.438337523,1.310126758,-1.307804115
0.2417,0.149576829,-0.151738234,-1.484090427,1.487869291,1.336456014,-1.33418864
0.24175,0.174700203,-0.176844491,-1.540260944,1.544088851,1.367508123,-1.365296977
0.2418,0.202121331,-0.204246547,-1.603096667,1.606975764,1.402929169,-1.400775383
0.24185,0.231919938,-0.234023969,-1.67246827,1.676400946,1.442510218,-1.440415091
0.2419,0.264075876,-0.26615644,-1.748209197,1.752198078,1.486104988,-1.484069971
0.24195,0.298651419,-0.300706047,-1.830187643,1.834235592,1.533519541,-1.531546228
0.242,0.335863277,-0.337889306,-1.918327582,1.922437695,1.584461287,-1.582551407
0.24205,0.376016329,-0.378010885,-2.012577424,2.01675302,1.638573915,-1.636729316
0.2421,0.419378591,-0.421338576,-2.112863275,2.117107898,1.695515681,-1.693738325
0.24215,0.466103735,-0.468025815,-2.219065657,2.22338307,1.755013615,-1.753305562
0.2422,0.516249645,-0.518130243,-2.331031296,2.335425472,1.816856739,-1.815220141
0.24225,0.569858523,-0.571693805,-2.448602313,2.453077435,1.880845166,-1.879282254
0.2423,0.627023339,-0.628809212,-2.571636284,2.576196736,1.946743696,-1.945256773
0.24235,0.687890911,-0.68962301,-2.700004204,2.704654565,2.014276709,-2.012868139
0.2424,0.752611947,-0.754285632,-2.833573922,2.838318961,2.083161553,-2.081833751
0.24245,0.821289533,-0.82289988,-2.972196402,2.977041073,2.153146319,-2.151901743
0.2425,0.89396932,-0.895511117,-3.115705697,3.120655132,2.224019625,-2.222860767
0.24255,0.945122486,-0.946590727,-3.173861192,3.178867534,2.23764952,-2.236578541
0.2426,0.964162852,-0.965555582,-3.128126537,3.133121821,2.166245791,-2.16526081
0.24265,0.97966923,-0.98098543,-3.083762796,3.088747045,2.106434067,-2.10553249
0.2427,0.992005968,-0.993244596,-3.044746267,3.049719506,2.055073446,-2.054252916
0.24275,0.990603514,-0.991763229,-2.956365653,2.961327907,1.961467531,-1.960757883
0.2428,0.954916062,-0.955998554,-2.793335762,2.798287054,1.840703371,-1.840139296
0.24285,0.939200582,-0.940207546,-2.647571549,2.652511905,1.710551985,-1.71012311
0.2429,0.937295834,-0.938228732,-2.515273132,2.520202575,1.58012725,-1.579823883
0.24295,0.932771615,-0.933631782,-2.393507012,2.398425566,1.462857977,-1.462671204
0.243,0.917178364,-0.91796712,-2.281249979,2.286157668,1.366170198,-1.366091964
0.24305,0.894679608,-0.895398257,-2.179425152,2.184322002,1.286823089,-1.2868462
0.2431,0.875295786,-0.875945514,-2.089325197,2.09421123,1.216088552,-1.216206575
0.24315,0.865676092,-0.866257845,-2.011374878,2.016250118,1.147741953,-1.147949105
0.2432,0.865285172,-0.865799602,-1.945103432,1.949967904,1.081847742,-1.082138819
0.24325,0.869193644,-0.869641114,-1.889834257,1.894687984,1.022658555,-1.023028929
0.2433,0.873324972,-0.873705584,-1.845228154,1.85007116,0.973911566,-0.974357192
0.24335,0.877504694,-0.877818289,-1.81129979,1.816132099,0.935795749,-0.936313156
0.2434,0.884721458,-0.884967581,-1.788110404,1.792932039,0.905383579,-0.905969824
0.24345,0.898263903,-0.898441751,-1.775533804,1.780344789,0.879260168,-0.879912772
0.2435,0.919442572,-0.919550947,-1.77328178,1.778082138,0.855826757,-0.856543641
0.24355,0.947383298,-0.947420591,-1.781072309,1.785862064,0.835675515,-0.836454968
0.2436,0.980455705,-0.98041989,-1.798728089,1.803507265,0.820259552,-0.821100207
0.24365,1.017849319,-1.017737954,-1.82612297,1.830891589,0.810263237,-0.81116405
0.2437,1.060115783,-1.059925995,-1.863062346,1.867820432,0.804940389,-0.805900611
0.24375,1.108559394,-1.108287858,-1.909230694,1.91397827,0.80267129,-0.803690422
0.2438,1.164221177,-1.16386409,-1.964253286,1.968990375,0.802040322,-0.803118072
0.24385,1.227304039,-1.226857106,-2.027802748,2.032529374,0.802517369,-0.803653607
0.2439,1.297350709,-1.296809134,-2.099645382,2.104361568,0.804326187,-0.80552092
0.24395,1.373856347,-1.37321483,-2.179588718,2.184294486,0.807779344,-0.809032685
0.244,1.456752087,-1.456004821,-2.2673866,2.272081974,0.812699758,-0.814011906
0.24405,1.54642444,-1.545565107,-2.36269202,2.367377023,0.818354146,-0.81972535
0.2441,1.643363775,-1.642385534,-2.465097369,2.469772023,0.823844777,-0.825275305
0.24415,1.747799351,-1.746694833,-2.574219891,2.578884219,0.828559911,-0.830050016
0.2442,1.859611264,-1.858372571,-2.689752694,2.694406719,0.832312843,-0.833862734
0.24425,1.978529111,-1.977147816,-2.811439039,2.816082783,0.835117538,-0.836727357
0.2443,2.104394488,-2.102861643,-2.939000896,2.943634383,0.836854672,-0.838524476
0.24435,2.185182308,-2.183525309,-3.01305888,3.017682132,0.823545433,-0.825275412
0.2444,2.226733803,-2.224996934,-3.001075024,3.005688063,0.776634066,-0.778421607
0.24445,2.25524184,-2.253424205,-3.000857256,3.005460105,0.747848673,-0.749691266
0.2445,2.278245632,-2.276346261,-3.009699752,3.014292434,0.733696864,-0.735592275
0.24455,2.24667083,-2.244688988,-2.935786973,2.940320567,0.697951722,-0.699897404
0.2446,2.134159842,-2.132098931,-2.762971687,2.767386984,0.63098717,-0.63297826
0.24465,2.039208459,-2.037072598,-2.592476844,2.596780682,0.5554728,-0.557503899
0.2447,1.951930128,-1.949723192,-2.431036311,2.435235132,0.481276042,-0.483342089
0.24475,1.864434917,-1.862160584,-2.282472929,2.286572759,0.420176907,-0.42227328
0.2448,1.775712396,-1.773374171,-2.14763258,2.151639023,0.374031233,-0.376153803
0.24485,1.69039456,-1.687995754,-2.024265138,2.028183384,0.335956561,-0.338101647
0.2449,1.613419044,-1.610962747,-1.909474965,1.913309813,0.298119366,-0.300283621
0.24495,1.546197629,-1.543686688,-1.802046868,1.805802745,0.257892478,-0.260072818
0.245,1.486743455,-1.484180474,-1.702829985,1.706510952,0.218111716,-0.220305293
0.24505,1.432327886,-1.42971523,-1.613400506,1.617010264,0.183081718,-0.185285936
0.2451,1.38183252,-1.379172328,-1.534505045,1.538046931,0.154667299,-0.156879829
0.24515,1.336154263,-1.333448441,-1.465530914,1.469007914,0.131358684,-0.133577441
0.2452,1.297001763,-1.294251978,-1.40512659,1.40854135,0.11009555,-0.112318649
0.24525,1.265477323,-1.262684992,-1.352209268,1.355564106,0.088692677,-0.090918383
0.2453,1.2415306,-1.238696883,-1.306518689,1.309815611,0.066940061,-0.069166755
0.24535,1.22439316,-1.221518963,-1.268429865,1.271670574,0.045981078,-0.048207238
0.2454,1.213377662,-1.210463639,-1.238348678,1.241534578,0.02690888,-0.029133076
0.24545,1.208369301,-1.205415856,-1.216229333,1.219361539,0.009792419,-0.012013296
0.2455,1.209762227,-1.206769508,-1.201528251,1.204607599,-0.006305221,0.004097987
0.24555,1.21806464,-1.215032543,-1.193510117,1.196537178,-0.022625676,0.020424323
0.2456,1.233508177,-1.230436338,-1.191644013,1.194619103,-0.039937789,0.037743607
0.24565,1.255996282,-1.25288408,-1.195717837,1.198641031,-0.058353592,0.056167902
0.2457,1.285255956,-1.282102515,-1.205731978,1.208603119,-0.077599601,0.075423773
0.24575,1.321070137,-1.317874326,-1.22165426,1.224472968,-0.097490884,0.09532635
0.2458,1.363396345,-1.360156782,-1.243253114,1.246018798,-0.118216471,0.116064744
0.24585,1.412324293,-1.409039345,-1.27010768,1.272819549,-0.140286858,0.138149551
0.2459,1.467947361,-1.464615148,-1.301749255,1.304406328,-0.164264041,0.162142886
0.24595,1.530260859,-1.526879252,-1.337806044,1.340407164,-0.190515016,0.188411886
0.246,1.599150267,-1.595716895,-1.378047936,1.380591781,-0.21915526,0.217072185
0.24605,1.674453121,-1.670965371,-1.422320402,1.424805494,-0.250176707,0.248115888
0.2461,1.756031301,-1.752486325,-1.470438212,1.472862929,-0.283626331,0.281590153
0.24615,1.843800033,-1.840194749,-1.522124667,1.524487253,-0.319695909,0.317686953
0.2462,1.937704653,-1.934035753,-1.577032326,1.579330901,-0.358678061,0.356699117
0.24625,2.037675919,-2.03393987,-1.634814417,1.63704699,-0.40085015,0.398904233
0.2463,2.143602328,-2.139795378,-1.695184081,1.697348558,-0.446387353,0.444477714
0.24635,2.255335718,-2.251453899,-1.757919075,1.760013272,-0.495363567,0.493493702
0.2464,2.372717717,-2.368756856,-1.822818698,1.82484035,-0.547820933,0.545994593
0.24645,2.495602002,-2.49155772,-1.88965552,1.891602288,-0.603840358,0.602061556
0.2465,2.623856664,-2.619724385,-1.958161405,1.96003089,-0.663557866,0.661830887
0.24655,2.757350227,-2.753125186,-2.028053346,2.029843096,-0.727124783,0.725454188
0.2466,2.895936889,-2.891614132,-2.099071371,2.100778889,-0.794655063,0.793045698
0.24665,3.039453431,-3.035027829,-2.170995171,2.172617929,-0.866205579,0.864662581
0.2467,3.097687796,-3.093205869,-2.18558924,2.187125037,-0.916431818,0.914960118
0.24675,3.052133319,-3.047661293,-2.114944307,2.116394993,-0.934915238,0.933516751
0.2468,3.007951077,-3.003488929,-2.055867331,2.057235471,-0.949886436,0.948562144
0.24685,2.969101726,-2.964649435,-2.005292695,2.006580619,-0.961619045,0.960369955
0.2469,2.936642701,-2.932200245,-1.959118813,1.960328645,-0.975339726,0.974166906
0.24695,2.855735148,-2.851302505,-1.868861297,1.8699645,-0.978102789,0.977007664
0.247,2.7005811,-2.696158249,-1.753420587,1.754384054,-0.945044123,0.944025053
0.24705,2.561933093,-2.557520011,-1.630762645,1.631596213,-0.929019344,0.92807467
0.2471,2.436395199,-2.431991865,-1.508933231,1.509646052,-0.925339744,0.924468027
0.24715,2.321585444,-2.317191836,-1.399327724,1.399928192,-0.920160709,0.919360654
0.2472,2.216648118,-2.212264215,-1.308457884,1.308953565,-0.906115261,0.905385622
0.24725,2.122288327,-2.117914107,-1.233777294,1.234174932,-0.886455312,0.885794895
0.2473,2.039517219,-2.035152662,-1.167822403,1.168128005,-0.86965586,0.869063614
0.24735,1.968660029,-1.964305113,-1.104973719,1.105192658,-0.861661823,0.861136942
0.2474,1.909324604,-1.904979307,-1.044903703,1.045040786,-0.862408721,0.8619507
0.24745,1.860947742,-1.856612043,-0.991054644,0.991114122,-0.86789119,0.867499828
0.2475,1.823229132,-1.81890301,-0.946700259,0.94668583,-0.874535338,0.874210715
0.24755,1.796143521,-1.791826955,-0.912196982,0.912111796,-0.881959609,0.881702089
0.2476,1.779692803,-1.775385771,-0.885124725,0.884971433,-0.892586077,0.892396339
0.24765,1.773719466,-1.769421948,-0.862432998,0.862213807,-0.909307764,0.909186846
0.2477,1.77793367,-1.773645644,-0.842495695,0.84221243,-0.933460923,0.933410267
0.24775,1.792057695,-1.787779141,-0.825603228,0.82525737,-0.964477385,0.964498853
0.2478,1.815908842,-1.811639739,-0.812932582,0.812525289,-1.000997413,1.001093296
0.24785,1.849349294,-1.845089621,-0.805125032,0.804657164,-1.042241849,1.04241487
0.2479,1.892176919,-1.887926654,-0.801604106,0.801076254,-1.088584944,1.088838268
0.24795,1.944075213,-1.939834336,-0.800955698,0.800368225,-1.141124186,1.141461439
0.248,2.004667449,-2.000435939,-0.80184404,0.801197121,-1.200818469,1.201243759
0.24805,2.073615893,-2.06939373,-0.80366582,0.802959489,-1.267933189,1.268451125
0.2481,2.150670193,-2.146457357,-0.80651499,0.805749164,-1.342123849,1.342739547
0.24815,2.235624605,-2.231421074,-0.810635542,0.809810051,-1.422940501,1.423659585
0.2482,2.328230444,-2.324036198,-0.815886948,0.815001561,-1.510274763,1.511103369
0.24825,2.428146706,-2.423961725,-0.82163037,0.820684823,-1.604424228,1.605369009
0.2483,2.534970858,-2.530795121,-0.827039174,0.826033201,-1.705812736,1.706880868
0.24835,2.648316683,-2.64415017,-0.831505309,0.830438678,-1.814661838,1.815861028
0.2484,2.767866369,-2.763709059,-0.834798124,0.833670663,-1.93088408,1.932222561
0.24845,2.893352965,-2.889204839,-0.836893789,0.835705407,-2.054236036,2.055722572
0.2485,2.965673127,-2.961534164,-0.82391083,0.822661294,-2.132907386,2.134515231
0.24855,2.952409787,-2.948279967,-0.777156361,0.775848275,-2.173011284,2.174697156
0.2486,2.950883915,-2.946763218,-0.748566093,0.747201956,-2.200001481,2.201766225
0.24865,2.958435665,-2.95432407,-0.734724095,0.733306125,-2.221386914,2.223231447
0.2487,2.970670639,-2.966568126,-0.719716761,0.718247017,-2.248619237,2.250544605
0.24875,2.897245584,-2.89320039,-0.673773915,0.672254925,-2.227755736,2.229762801
0.2488,2.725975203,-2.722045672,-0.600565417,0.599002001,-2.123116751,2.125202237
0.24885,2.559857062,-2.556036517,-0.528292844,0.526690281,-2.029375399,2.031535285
0.2489,2.404753399,-2.401035571,-0.463172315,0.461535467,-1.939425359,1.941655838
0.24895,2.262094117,-2.258473153,-0.409408621,0.407741897,-1.850559647,1.852857106
0.249,2.13121973,-2.127690192,-0.364782003,0.363089369,-1.764338767,1.766699783
0.24905,2.010275228,-2.006832078,-0.324075764,0.322360808,-1.684124686,1.686546048
0.2491,1.897852583,-1.894491165,-0.283816835,0.282082838,-1.611982674,1.6144614
0.24915,1.793842912,-1.790558945,-0.244212241,0.242462217,-1.547597025,1.550130373
0.2492,1.699037625,-1.695827191,-0.207667365,0.20590407,-1.489353959,1.491939422
0.24925,1.614127949,-1.610987494,-0.176078973,0.174304903,-1.436048131,1.438683436
0.2493,1.539034403,-1.53596073,-0.149314611,0.147532015,-1.387732701,1.390415806
0.24935,1.472985738,-1.469975992,-0.125644127,0.123855039,-1.345366731,1.348095834
0.2494,1.415089942,-1.412141605,-0.103217608,0.101423887,-1.309908255,1.312681798
0.24945,1.364846671,-1.361957544,-0.081205739,0.079409104,-1.281686347,1.284503025
0.2495,1.322240912,-1.319409108,-0.059883627,0.058085685,-1.260410974,1.263269733
0.24955,1.287457005,-1.284680938,-0.039906966,0.038109222,-1.245610857,1.248510897
0.2496,1.260515385,-1.257793763,-0.021524855,0.019728734,-1.237057393,1.239998166
0.24965,1.241111471,-1.238443285,-0.004300026,0.002506889,-1.234883316,1.237864526
0.2497,1.228721413,-1.226105928,0.012594636,-0.014416038,-1.239407696,1.242429303
0.24975,1.222838563,-1.220275304,0.02994122,-0.031756922,-1.250874889,1.25393711
0.2498,1.223129675,-1.220618416,0.048097819,-0.049906486,-1.269324545,1.272427851
0.24985,1.229444478,-1.22698523,0.067078327,-0.06887859,-1.294620752,1.297765873
0.2499,1.241683992,-1.239276994,0.086812115,-0.088602548,-1.326593865,1.329781785
0.24995,1.259662498,-1.257308208,0.107397085,-0.109176193,-1.365156014,1.368387969
0.25,1.283060673,-1.280759755,0.129165468,-0.130931665,-1.410320042,1.41359752
0.25005,1.311482872,-1.309236184,0.152563707,-0.154315298,-1.462136662,1.4654614
0.2501,1.344555796,-1.342364379,0.177975622,-0.179710783,-1.520616297,1.523990282
0.25015,1.38199004,-1.37985511,0.205625832,-0.207342593,-1.585694057,1.589119518
0.2502,1.423568751,-1.421491681,0.235611814,-0.237308043,-1.657250439,1.660729849
0.25025,1.469086922,-1.467069239,0.26801151,-0.269684899,-1.73515825,1.73869432
0.2503,1.518295683,-1.516339052,0.30297224,-0.304620291,-1.819315795,1.822911471
0.25035,1.570891638,-1.568997853,0.340721129,-0.342341142,-1.909646653,1.91330511
0.2504,1.626550683,-1.624721657,0.381506907,-0.383095966,-2.006075287,2.009799926
0.25045,1.684972878,-1.683210632,0.425530775,-0.427085736,-2.108502788,2.112297234
0.2505,1.745902769,-1.74420942,0.472919996,-0.474437476,-2.216800784,2.220668877
0.25055,1.809114513,-1.807492266,0.523754964,-0.525231329,-2.33082364,2.334769432
0.2506,1.874380091,-1.872831228,0.578117925,-0.579549285,-2.45042539,2.454453139
0.25065,1.94144897,-1.939975841,0.63612119,-0.637503389,-2.575467613,2.579581776
0.2507,2.010053724,-2.008658736,0.697896871,-0.699225479,-2.705814789,2.710020021
0.25075,2.079932834,-2.078618442,0.763564094,-0.764834402,-2.841324315,2.845625455
0.2508,2.150849152,-2.149617851,0.833204886,-0.834411898,-2.981840857,2.98624293
0.25085,2.222589534,-2.22144385,0.90686712,-0.908005549,-3.127198924,3.131707128
0.2509,2.23717145,-2.236113577,0.958751567,-0.959816333,-3.18703702,3.191603359
0.25095,2.166913394,-2.165941492,0.978103717,-0.979092828,-3.142759251,3.147315503
0.251,2.108108335,-2.107219852,0.994096733,-0.995009141,-3.099888249,3.104434436
0.25105,2.057664164,-2.056856778,1.007020269,-1.007854895,-3.062374404,3.066910549
0.2511,1.965201371,-1.964505012,1.006125978,-1.006881443,-2.975644541,2.980170666
0.25115,1.846020713,-1.84547024,0.970778992,-0.971456956,-2.814538153,2.81905428
0.2512,1.717362339,-1.716947488,0.955416319,-0.956018446,-2.670619336,2.675125487
0.25125,1.588240972,-1.587952155,0.954022659,-0.954550372,-2.540134984,2.544631182
0.2513,1.472079443,-1.471907838,0.95023165,-0.95068624,-2.420209453,2.424695719
0.25135,1.376402634,-1.376340275,0.935505404,-0.935888138,-2.309830048,2.314306404
0.2514,1.298073919,-1.298113692,0.913870809,-0.914182934,-2.209887443,2.214353912
0.25145,1.228376731,-1.228512279,0.895299474,-0.895542112,-2.121636997,2.126093599
0.2515,1.161004575,-1.161230181,0.886507662,-0.886681693,-2.045488676,2.049935435
0.25155,1.095929826,-1.09624035,0.887060052,-0.887166058,-1.980979675,1.985416612
0.2516,1.037381354,-1.037772219,0.892065947,-0.892104213,-1.927448299,1.931875435
0.25165,0.989147197,-0.989614405,0.8974052,-0.897375746,-1.884562595,1.888979953
0.2517,0.951485166,-0.952025284,0.902829777,-0.902732356,-1.852332492,1.856740091
0.25175,0.921495506,-0.922105624,0.911288454,-0.911122522,-1.830807121,1.835204985
0.2518,0.895737525,-0.896415188,0.926083631,-0.92584829,-1.819848242,1.824236392
0.25185,0.872566577,-0.873309726,0.948565015,-0.948258971,-1.819160916,1.823539374
0.2519,0.852550571,-0.853357505,0.977882372,-0.977503914,-1.828462788,1.832831574
0.25195,0.837154391,-0.838023748,1.012396771,-1.011943772,-1.847579774,1.85193891
0.252,0.827092441,-0.828023175,1.051269913,-1.050739823,-1.876387922,1.88073743
0.25205,0.821639202,-0.822630553,1.095030769,-1.094420608,-1.914690616,1.919030516
0.2521,0.819173626,-0.820225083,1.144979012,-1.144285343,-1.962166375,1.966496689
0.25215,0.818265667,-0.819376914,1.202163473,-1.201382383,-2.018433844,2.022754593
0.2522,0.81837522,-0.819546101,1.266793341,-1.265920422,-2.08316194,2.087473145
0.25225,0.819729696,-0.820960183,1.338407923,-1.337438264,-2.156117192,2.160418874
0.2523,0.82265398,-0.823944149,1.416492063,-1.415420251,-2.237109131,2.241401312
0.25235,0.826980735,-0.828330739,1.500967711,-1.499787823,-2.325892154,2.330174854
0.2524,0.831978029,-0.833388068,1.592217755,-1.590923359,-2.422116986,2.426390226
0.25245,0.83674493,-0.838215217,1.690732214,-1.689316354,-2.525372457,2.529636258
0.2525,0.840669632,-0.84220036,1.796738308,-1.795193503,-2.63527371,2.639528093
0.25255,0.843571567,-0.845162881,1.910110599,-1.908428837,-2.751514449,2.755759434
0.2526,0.845472999,-0.847124975,2.030572354,-2.028745098,-2.873839909,2.878075517
0.25265,0.84625917,-0.84797179,2.15796159,-2.15597978,-3.001973039,3.006199291
0.2527,0.832117839,-0.833891222,2.239966976,-2.237858798,-3.076415234,3.08063215
0.25275,0.784691836,-0.786523319,2.28219044,-2.280001305,-3.064587989,3.06879559
0.2528,0.755419075,-0.757306104,2.311382339,-2.309111326,-3.064565957,3.068764263
0.25285,0.740703332,-0.742643627,2.335141187,-2.332787299,-3.073598783,3.077787815
0.2529,0.704447603,-0.706438573,2.304320577,-2.301883055,-2.999929309,3.004059095
0.25295,0.637214138,-0.639250899,2.192462324,-2.189944548,-2.827498214,2.831508163
0.253,0.56135177,-0.563428908,2.09816524,-2.095571311,-2.65731003,2.661206969
0.25305,0.486900141,-0.489012576,2.011458249,-2.008792023,-2.49618631,2.499976671
0.2531,0.425673503,-0.427816592,1.924463988,-1.921729121,-2.347996703,2.351686502
0.25315,0.379367431,-0.381537022,1.836284412,-1.833484387,-2.213539211,2.217134042
0.2532,0.340914086,-0.343106468,1.751650007,-1.748788114,-2.090476814,2.093981861
0.25325,0.302459283,-0.304671077,1.675484374,-1.672563681,-1.97587918,1.979299235
0.2533,0.261533741,-0.263761825,1.609089273,-1.606112602,-1.868578979,1.871918463
0.25335,0.221153088,-0.223394572,1.550375581,-1.547345511,-1.76950289,1.772765863
0.2534,0.185663047,-0.187915293,1.496605324,-1.493524195,-1.68025885,1.683449008
0.25345,0.156810733,-0.159071367,1.446738069,-1.443607997,-1.601553743,1.604674423
0.2535,0.132927989,-0.13519488,1.401758254,-1.398581121,-1.532704028,1.535758216
0.25355,0.110891386,-0.113162595,1.363398271,-1.360175718,-1.472318814,1.475309155
0.2536,0.088586729,-0.090860466,1.332710338,-1.329443756,-1.419336236,1.422265053
0.25365,0.065935044,-0.068209628,1.309569848,-1.306260372,-1.373552794,1.376422098
0.2537,0.04416095,-0.046434801,1.293169171,-1.289817682,-1.335385553,1.338197051
0.25375,0.024335418,-0.026607041,1.282838339,-1.279445466,-1.30523558,1.307990684
0.2538,0.006436145,-0.008704121,1.278511305,-1.275077427,-1.283014582,1.285714416
0.25385,-0.010554434,0.008318539,1.28062666,-1.277151902,-1.268128062,1.270773471
0.2539,-0.027870635,0.025641048,1.289665599,-1.286149833,-1.259856059,1.262447625
0.25395,-0.046242608,0.044020691,1.305849788,-1.302292626,-1.257670531,1.260208585
0.254,-0.065712686,0.063499834,1.32904591,-1.325446709,-1.261397734,1.263882365
0.25405,-0.085972399,0.083770059,1.35896641,-1.355324271,-1.271058578,1.273489644
0.2541,-0.1068544,0.10466408,1.395404149,-1.391717921,-1.286613224,1.288990365
0.25415,-0.128594581,0.126417872,1.438337523,-1.434605803,-1.307804115,1.310126758
0.2542,-0.151738234,0.149576829,1.487869291,-1.484090427,-1.33418864,1.336456014
0.25425,-0.176844491,0.174700203,1.544088851,-1.540260944,-1.365296977,1.367508123
0.2543,-0.204246547,0.202121331,1.606975764,-1.603096667,-1.400775383,1.402929169
0.25435,-0.234023969,0.231919938,1.676400945,-1.67246827,-1.44041509,1.442510218
0.2544,-0.26615644,0.264075876,1.752198078,-1.748209197,-1.484069971,1.486104988
0.25445,-0.300706047,0.298651419,1.834235592,-1.830187642,-1.531546228,1.533519541
0.2545,-0.337889306,0.335863277,1.922437695,-1.918327582,-1.582551407,1.584461287
0.25455,-0.378010884,0.376016329,2.01675302,-2.012577424,-1.636729316,1.638573915
0.2546,-0.421338576,0.419378591,2.117107898,-2.112863274,-1.693738324,1.695515681
0.25465,-0.468025815,0.466103734,2.22338307,-2.219065657,-1.753305562,1.755013615
0.2547,-0.518130242,0.516249645,2.335425472,-2.331031295,-1.815220141,1.816856739
0.25475,-0.571693804,0.569858522,2.453077435,-2.448602312,-1.879282254,1.880845166
0.2548,-0.628809212,0.627023339,2.576196736,-2.571636284,-1.945256773,1.946743696
0.25485,-0.68962301,0.687890911,2.704654565,-2.700004204,-2.012868139,2.014276709
0.2549,-0.754285632,0.752611947,2.838318961,-2.833573921,-2.081833751,2.083161553
0.25495,-0.82289988,0.821289533,2.977041073,-2.972196402,-2.151901743,2.153146319
0.255,-0.895511117,0.89396932,3.120655131,-3.115705697,-2.222860767,2.224019625
0.25505,-0.946590727,0.945122485,3.178867533,-3.173861191,-2.236578541,2.23764952
0.2551,-0.965555582,0.964162852,3.13312182,-3.128126537,-2.16526081,2.166245791
0.25515,-0.98098543,0.97966923,3.088747045,-3.083762796,-2.10553249,2.106434066
0.2552,-0.993244596,0.992005968,3.049719506,-3.044746267,-2.054252916,2.055073446
0.25525,-0.991763229,0.990603514,2.961327907,-2.956365653,-1.960757883,1.961467531
0.2553,-0.955998554,0.954916062,2.798287054,-2.793335762,-1.840139296,1.840703371
0.25535,-0.940207546,0.939200582,2.652511904,-2.647571549,-1.710123109,1.710551985
0.2554,-0.938228732,0.937295834,2.520202575,-2.515273132,-1.579823883,1.580127249
0.25545,-0.933631782,0.932771615,2.398425566,-2.393507011,-1.462671203,1.462857977
0.2555,-0.91796712,0.917178364,2.286157668,-2.281249978,-1.366091964,1.366170198
0.25555,-0.895398257,0.894679607,2.184322001,-2.179425152,-1.286846199,1.286823089
0.2556,-0.875945514,0.875295786,2.094211229,-2.089325196,-1.216206574,1.216088551
0.25565,-0.866257845,0.865676092,2.016250118,-2.011374877,-1.147949105,1.147741953
0.2557,-0.865799602,0.865285172,1.949967904,-1.945103432,-1.082138819,1.081847742
0.25575,-0.869641114,0.869193643,1.894687984,-1.889834257,-1.023028929,1.022658554
0.2558,-0.873705584,0.873324971,1.850071159,-1.845228153,-0.974357192,0.973911566
0.25585,-0.877818289,0.877504694,1.816132098,-1.811299789,-0.936313156,0.935795749
0.2559,-0.884967581,0.884721457,1.792932038,-1.788110403,-0.905969824,0.905383578
0.25595,-0.89844175,0.898263902,1.780344788,-1.775533804,-0.879912771,0.879260168
0.256,-0.919550947,0.919442572,1.778082137,-1.773281779,-0.856543641,0.855826757
0.25605,-0.947420591,0.947383298,1.785862063,-1.781072308,-0.836454968,0.835675515
0.2561,-0.98041989,0.980455704,1.803507264,-1.798728089,-0.821100206,0.820259552
0.25615,-1.017737954,1.017849318,1.830891589,-1.82612297,-0.81116405,0.810263237
0.2562,-1.059925995,1.060115782,1.867820431,-1.863062345,-0.80590061,0.804940389
0.25625,-1.108287857,1.108559393,1.913978269,-1.909230693,-0.803690422,0.80267129
0.2563,-1.16386409,1.164221176,1.968990375,-1.964253285,-0.803118072,0.802040322
0.25635,-1.226857106,1.227304038,2.032529373,-2.027802747,-0.803653607,0.802517369
0.2564,-1.296809134,1.297350708,2.104361567,-2.099645382,-0.80552092,0.804326187
0.25645,-1.373214829,1.373856346,2.184294486,-2.179588718,-0.809032685,0.807779343
0.2565,-1.456004821,1.456752087,2.272081973,-2.267386599,-0.814011906,0.812699758
0.25655,-1.545565106,1.546424439,2.367377022,-2.36269202,-0.81972535,0.818354146
0.2566,-1.642385533,1.643363775,2.469772022,-2.465097368,-0.825275305,0.823844777
0.25665,-1.746694832,1.74779935,2.578884219,-2.574219891,-0.830050016,0.828559911
0.2567,-1.858372571,1.859611264,2.694406718,-2.689752693,-0.833862734,0.832312843
0.25675,-1.977147816,1.97852911,2.816082783,-2.811439038,-0.836727357,0.835117537
0.2568,-2.102861642,2.104394487,2.943634382,-2.939000895,-0.838524476,0.836854672
0.25685,-2.183525309,2.185182308,3.017682131,-3.013058879,-0.825275412,0.823545433
0.2569,-2.224996933,2.226733803,3.005688062,-3.001075023,-0.778421607,0.776634066
0.25695,-2.253424204,2.255241839,3.005460104,-3.000857255,-0.749691266,0.747848673
0.257,-2.27634626,2.278245632,3.014292433,-3.009699751,-0.735592274,0.733696864
0.25705,-2.244688987,2.246670829,2.940320567,-2.935786973,-0.699897404,0.697951722
0.2571,-2.132098931,2.134159841,2.767386984,-2.762971686,-0.63297826,0.63098717
0.25715,-2.037072598,2.039208459,2.596780681,-2.592476843,-0.557503899,0.5554728
0.2572,-1.949723192,1.951930128,2.435235131,-2.43103631,-0.483342089,0.481276042
0.25725,-1.862160584,1.864434916,2.286572759,-2.282472928,-0.42227328,0.420176907
0.2573,-1.77337417,1.775712396,2.151639023,-2.147632579,-0.376153803,0.374031233
0.25735,-1.687995753,1.69039456,2.028183384,-2.024265137,-0.338101647,0.335956561
0.2574,-1.610962747,1.613419044,1.913309813,-1.909474964,-0.300283621,0.298119366
0.25745,-1.543686688,1.546197628,1.805802744,-1.802046868,-0.260072818,0.257892478
0.2575,-1.484180473,1.486743454,1.706510952,-1.702829985,-0.220305293,0.218111716
0.25755,-1.42971523,1.432327885,1.617010263,-1.613400506,-0.185285936,0.183081718
0.2576,-1.379172327,1.381832519,1.53804693,-1.534505044,-0.156879829,0.154667299
0.25765,-1.33344844,1.336154262,1.469007914,-1.465530913,-0.133577441,0.131358684
0.2577,-1.294251978,1.297001762,1.408541349,-1.40512659,-0.112318649,0.11009555
0.25775,-1.262684991,1.265477322,1.355564105,-1.352209268,-0.090918383,0.088692677
0.2578,-1.238696883,1.241530599,1.30981561,-1.306518688,-0.069166755,0.066940061
0.25785,-1.221518963,1.224393159,1.271670574,-1.268429865,-0.048207238,0.045981078
0.2579,-1.210463639,1.213377661,1.241534578,-1.238348678,-0.029133076,0.02690888
0.25795,-1.205415855,1.2083693,1.219361538,-1.216229332,-0.012013296,0.009792419
0.258,-1.206769508,1.209762226,1.204607599,-1.20152825,0.004097987,-0.006305221
0.25805,-1.215032542,1.21806464,1.196537177,-1.193510116,0.020424323,-0.022625676
0.2581,-1.230436337,1.233508177,1.194619103,-1.191644013,0.037743607,-0.039937789
0.25815,-1.25288408,1.255996282,1.198641031,-1.195717837,0.056167902,-0.058353592
0.2582,-1.282102514,1.285255955,1.208603118,-1.205731978,0.075423772,-0.077599601
0.25825,-1.317874325,1.321070136,1.224472967,-1.221654259,0.09532635,-0.097490884
0.2583,-1.360156781,1.363396344,1.246018797,-1.243253113,0.116064744,-0.118216471
0.25835,-1.409039344,1.412324292,1.272819548,-1.270107679,0.13814955,-0.140286858
0.2584,-1.464615147,1.46794736,1.304406327,-1.301749254,0.162142885,-0.164264041
0.25845,-1.526879251,1.530260858,1.340407163,-1.337806043,0.188411886,-0.190515016
0.2585,-1.595716894,1.599150266,1.38059178,-1.378047935,0.217072185,-0.21915526
0.25855,-1.67096537,1.67445312,1.424805494,-1.422320402,0.248115888,-0.250176706
0.2586,-1.752486324,1.756031301,1.472862929,-1.470438212,0.281590153,-0.283626331
0.25865,-1.840194749,1.843800033,1.524487252,-1.522124667,0.317686953,-0.319695909
0.2587,-1.934035752,1.937704652,1.5793309,-1.577032325,0.356699117,-0.358678061
0.25875,-2.033939869,2.037675919,1.637046989,-1.634814416,0.398904233,-0.400850149
0.2588,-2.139795377,2.143602327,1.697348557,-1.69518408,0.444477714,-0.446387353
0.25885,-2.251453898,2.255335717,1.760013272,-1.757919074,0.493493702,-0.495363567
0.2589,-2.368756855,2.372717716,1.824840349,-1.822818697,0.545994593,-0.547820933
0.25895,-2.491557719,2.495602002,1.891602288,-1.889655519,0.602061556,-0.603840358
0.259,-2.619724384,2.623856663,1.96003089,-1.958161405,0.661830887,-0.663557866
0.25905,-2.753125185,2.757350226,2.029843095,-2.028053346,0.725454187,-0.727124782
0.2591,-2.891614132,2.895936888,2.100778889,-2.09907137,0.793045698,-0.794655062
0.25915,-3.035027828,3.039453431,2.172617929,-2.170995171,0.864662581,-0.866205578
0.2592,-3.093205868,3.097687795,2.187125036,-2.185589239,0.914960118,-0.916431818
0.25925,-3.047661292,3.052133318,2.116394993,-2.114944306,0.933516751,-0.934915238
0.2593,-3.003488928,3.007951076,2.05723547,-2.05586733,0.948562144,-0.949886435
0.25935,-2.964649434,2.969101726,2.006580619,-2.005292695,0.960369955,-0.961619045
0.2594,-2.932200244,2.9366427,1.960328644,-1.959118813,0.974166906,-0.975339726
0.25945,-2.851302504,2.855735148,1.8699645,-1.868861297,0.977007664,-0.978102789
0.2595,-2.696158248,2.7005811,1.754384054,-1.753420586,0.944025053,-0.945044123
0.25955,-2.55752001,2.561933092,1.631596213,-1.630762645,0.92807467,-0.929019344
0.2596,-2.431991864,2.436395198,1.509646052,-1.508933231,0.924468027,-0.925339744
0.25965,-2.317191835,2.321585443,1.399928191,-1.399327723,0.919360654,-0.920160709
0.2597,-2.212264214,2.216648117,1.308953565,-1.308457884,0.905385622,-0.906115261
0.25975,-2.117914107,2.122288326,1.234174932,-1.233777294,0.885794895,-0.886455312
0.2598,-2.035152662,2.039517219,1.168128004,-1.167822403,0.869063613,-0.869655859
0.25985,-1.964305112,1.968660028,1.105192658,-1.104973718,0.861136941,-0.861661823
0.2599,-1.904979306,1.909324603,1.045040785,-1.044903703,0.8619507,-0.862408721
0.25995,-1.856612042,1.860947741,0.991114122,-0.991054643,0.867499827,-0.86789119
0.26,-1.818903009,1.823229131,0.946685829,-0.946700259,0.874210714,-0.874535337
0.26005,-1.791826954,1.79614352,0.912111796,-0.912196981,0.881702089,-0.881959608
0.2601,-1.77538577,1.779692802,0.884971432,-0.885124725,0.892396338,-0.892586076
0.26015,-1.769421947,1.773719465,0.862213807,-0.862432997,0.909186846,-0.909307763
0.2602,-1.773645644,1.777933669,0.84221243,-0.842495694,0.933410266,-0.933460923
0.26025,-1.78777914,1.792057695,0.82525737,-0.825603228,0.964498852,-0.964477385
0.2603,-1.811639738,1.815908841,0.812525289,-0.812932582,1.001093296,-1.000997413
0.26035,-1.84508962,1.849349294,0.804657164,-0.805125031,1.04241487,-1.042241849
0.2604,-1.887926653,1.892176918,0.801076254,-0.801604106,1.088838268,-1.088584944
0.26045,-1.939834335,1.944075212,0.800368224,-0.800955698,1.141461438,-1.141124186
0.2605,-2.000435939,2.004667448,0.801197121,-0.801844039,1.201243758,-1.200818468
0.26055,-2.06939373,2.073615892,0.802959488,-0.80366582,1.268451125,-1.267933188
0.2606,-2.146457356,2.150670192,0.805749164,-0.80651499,1.342739546,-1.342123848
0.26065,-2.231421074,2.235624604,0.809810051,-0.810635541,1.423659584,-1.422940501
0.2607,-2.324036197,2.328230443,0.815001561,-0.815886948,1.511103369,-1.510274763
0.26075,-2.423961724,2.428146705,0.820684822,-0.82163037,1.605369009,-1.604424228
0.2608,-2.53079512,2.534970857,0.826033201,-0.827039174,1.706880867,-1.705812735
0.26085,-2.644150169,2.648316682,0.830438678,-0.831505309,1.815861027,-1.814661838
0.2609,-2.763709059,2.767866368,0.833670662,-0.834798124,1.932222561,-1.930884079
0.26095,-2.889204838,2.893352964,0.835705407,-0.836893789,2.055722572,-2.054236035
0.261,-2.961534163,2.965673126,0.822661294,-0.82391083,2.134515231,-2.132907386
0.26105,-2.948279966,2.952409786,0.775848275,-0.777156361,2.174697156,-2.173011283
0.2611,-2.946763217,2.950883914,0.747201956,-0.748566093,2.201766224,-2.200001481
0.26115,-2.954324069,2.958435664,0.733306125,-0.734724094,2.223231447,-2.221386913
0.2612,-2.966568126,2.970670638,0.718247017,-0.719716761,2.250544604,-2.248619236
0.26125,-2.893200389,2.897245583,0.672254925,-0.673773915,2.2297628,-2.227755736
0.2613,-2.722045671,2.725975202,0.599002001,-0.600565417,2.125202236,-2.12311675
0.26135,-2.556036517,2.559857061,0.526690281,-0.528292844,2.031535285,-2.029375399
0.2614,-2.40103557,2.404753399,0.461535467,-0.463172315,1.941655837,-1.939425358
0.26145,-2.258473152,2.262094116,0.407741897,-0.40940862,1.852857105,-1.850559646
0.2615,-2.127690191,2.131219729,0.363089369,-0.364782002,1.766699783,-1.764338767
0.26155,-2.006832077,2.010275227,0.322360808,-0.324075764,1.686546047,-1.684124686
0.2616,-1.894491165,1.897852582,0.282082838,-0.283816835,1.6144614,-1.611982674
0.26165,-1.790558944,1.793842911,0.242462217,-0.244212241,1.550130372,-1.547597025
0.2617,-1.69582719,1.699037624,0.20590407,-0.207667365,1.491939421,-1.489353958
0.26175,-1.610987493,1.614127948,0.174304903,-0.176078973,1.438683435,-1.43604813
0.2618,-1.535960729,1.539034403,0.147532015,-0.149314611,1.390415806,-1.3877327
0.26185,-1.469975992,1.472985737,0.123855039,-0.125644126,1.348095834,-1.34536673
0.2619,-1.412141605,1.415089941,0.101423887,-0.103217608,1.312681798,-1.309908254
0.26195,-1.361957544,1.36484667,0.079409104,-0.081205739,1.284503024,-1.281686346
0.262,-1.319409107,1.322240911,0.058085685,-0.059883627,1.263269732,-1.260410973
0.26205,-1.284680938,1.287457005,0.038109222,-0.039906966,1.248510897,-1.245610857
0.2621,-1.257793762,1.260515385,0.019728734,-0.021524855,1.239998165,-1.237057392
0.26215,-1.238443285,1.241111471,0.002506889,-0.004300026,1.237864525,-1.234883315
0.2622,-1.226105927,1.228721412,-0.014416038,0.012594636,1.242429303,-1.239407695
0.26225,-1.220275304,1.222838563,-0.031756921,0.02994122,1.253937109,-1.250874889
0.2623,-1.220618415,1.223129675,-0.049906486,0.048097819,1.272427851,-1.269324544
0.26235,-1.226985229,1.229444478,-0.06887859,0.067078327,1.297765873,-1.294620751
0.2624,-1.239276994,1.241683991,-0.088602548,0.086812115,1.329781784,-1.326593864
0.26245,-1.257308208,1.259662497,-0.109176193,0.107397085,1.368387969,-1.365156014
0.2625,-1.280759755,1.283060673,-0.130931665,0.129165468,1.41359752,-1.410320042
0.26255,-1.309236184,1.311482872,-0.154315298,0.152563707,1.4654614,-1.462136661
0.2626,-1.342364379,1.344555795,-0.179710783,0.177975622,1.523990281,-1.520616297
0.26265,-1.379855109,1.38199004,-0.207342593,0.205625832,1.589119518,-1.585694057
0.2627,-1.421491681,1.42356875,-0.237308043,0.235611814,1.660729849,-1.657250439
0.26275,-1.467069238,1.469086922,-0.269684898,0.26801151,1.738694319,-1.735158249
0.2628,-1.516339051,1.518295683,-0.304620291,0.30297224,1.82291147,-1.819315795
0.26285,-1.568997853,1.570891638,-0.342341142,0.340721129,1.913305109,-1.909646653
0.2629,-1.624721657,1.626550683,-0.383095966,0.381506906,2.009799926,-2.006075286
0.26295,-1.683210632,1.684972878,-0.427085736,0.425530775,2.112297233,-2.108502787
0.263,-1.74420942,1.745902769,-0.474437475,0.472919996,2.220668876,-2.216800783
0.26305,-1.807492266,1.809114512,-0.525231329,0.523754964,2.334769431,-2.33082364
0.2631,-1.872831228,1.874380091,-0.579549285,0.578117925,2.454453138,-2.45042539
0.26315,-1.93997584,1.941448969,-0.637503389,0.63612119,2.579581776,-2.575467612
0.2632,-2.008658735,2.010053724,-0.699225479,0.69789687,2.71002002,-2.705814789
0.26325,-2.078618441,2.079932833,-0.764834402,0.763564093,2.845625455,-2.841324315
0.2633,-2.149617851,2.150849152,-0.834411898,0.833204886,2.986242929,-2.981840857
0.26335,-2.22144385,2.222589533,-0.908005548,0.90686712,3.131707128,-3.127198924
0.2634,-2.236113577,2.237171449,-0.959816333,0.958751567,3.191603358,-3.18703702
0.26345,-2.165941492,2.166913394,-0.979092828,0.978103717,3.147315503,-3.142759251
0.2635,-2.107219851,2.108108335,-0.995009141,0.994096733,3.104434436,-3.099888249
0.26355,-2.056856778,2.057664164,-1.007854895,1.007020269,3.066910549,-3.062374404
0.2636,-1.964505012,1.965201371,-1.006881443,1.006125977,2.980170665,-2.975644541
0.26365,-1.84547024,1.846020713,-0.971456956,0.970778991,2.819054279,-2.814538153
0.2637,-1.716947488,1.717362339,-0.956018446,0.955416319,2.675125487,-2.670619336
0.26375,-1.587952155,1.588240972,-0.954550372,0.954022658,2.544631181,-2.540134984
0.2638,-1.471907838,1.472079443,-0.95068624,0.95023165,2.424695718,-2.420209452
0.26385,-1.376340275,1.376402633,-0.935888138,0.935505404,2.314306403,-2.309830047
0.2639,-1.298113692,1.298073919,-0.914182934,0.913870809,2.214353911,-2.209887443
0.26395,-1.228512279,1.228376731,-0.895542112,0.895299474,2.126093599,-2.121636996
0.264,-1.161230181,1.161004575,-0.886681693,0.886507661,2.049935434,-2.045488676
0.26405,-1.09624035,1.095929826,-0.887166058,0.887060052,1.985416611,-1.980979675
0.2641,-1.037772219,1.037381354,-0.892104213,0.892065947,1.931875435,-1.927448299
0.26415,-0.989614405,0.989147197,-0.897375745,0.8974052,1.888979952,-1.884562595
0.2642,-0.952025284,0.951485165,-0.902732356,0.902829777,1.856740091,-1.852332491
0.26425,-0.922105624,0.921495506,-0.911122521,0.911288453,1.835204985,-1.83080712
0.2643,-0.896415188,0.895737525,-0.92584829,0.926083631,1.824236392,-1.819848242
0.26435,-0.873309726,0.872566577,-0.948258971,0.948565015,1.823539373,-1.819160916
0.2644,-0.853357505,0.852550571,-0.977503914,0.977882371,1.832831574,-1.828462787
0.26445,-0.838023748,0.837154391,-1.011943772,1.012396771,1.851938909,-1.847579773
0.2645,-0.828023174,0.827092441,-1.050739823,1.051269913,1.88073743,-1.876387922
0.26455,-0.822630553,0.821639201,-1.094420607,1.095030769,1.919030516,-1.914690615
0.2646,-0.820225083,0.819173626,-1.144285342,1.144979011,1.966496689,-1.962166374
0.26465,-0.819376914,0.818265667,-1.201382383,1.202163473,2.022754593,-2.018433844
0.2647,-0.819546101,0.81837522,-1.265920422,1.266793341,2.087473145,-2.08316194
0.26475,-0.820960183,0.819729696,-1.337438264,1.338407923,2.160418874,-2.156117192
0.2648,-0.823944149,0.82265398,-1.41542025,1.416492063,2.241401312,-2.237109131
0.26485,-0.828330739,0.826980735,-1.499787823,1.50096771,2.330174854,-2.325892154
0.2649,-0.833388068,0.831978029,-1.590923358,1.592217755,2.426390225,-2.422116986
0.26495,-0.838215217,0.83674493,-1.689316354,1.690732214,2.529636258,-2.525372457
0.265,-0.84220036,0.840669632,-1.795193503,1.796738308,2.639528092,-2.63527371
0.26505,-0.845162881,0.843571567,-1.908428836,1.910110599,2.755759434,-2.751514449
0.2651,-0.847124975,0.845472999,-2.028745098,2.030572354,2.878075517,-2.873839909
0.26515,-0.84797179,0.84625917,-2.15597978,2.15796159,3.006199291,-3.001973039
0.2652,-0.833891222,0.832117839,-2.237858797,2.239966976,3.080632149,-3.076415234
0.26525,-0.786523319,0.784691836,-2.280001305,2.28219044,3.068795589,-3.064587989
0.2653,-0.757306104,0.755419075,-2.309111325,2.311382339,3.068764262,-3.064565956
0.26535,-0.742643627,0.740703331,-2.332787299,2.335141187,3.077787815,-3.073598783
0.2654,-0.706438572,0.704447603,-2.301883054,2.304320577,3.004059095,-2.999929309
0.26545,-0.639250899,0.637214138,-2.189944548,2.192462323,2.831508163,-2.827498213
0.2655,-0.563428908,0.56135177,-2.095571311,2.09816524,2.661206969,-2.65731003
0.26555,-0.489012576,0.486900141,-2.008792022,2.011458249,2.499976671,-2.49618631
0.2656,-0.427816592,0.425673503,-1.921729121,1.924463988,2.351686502,-2.347996703
0.26565,-0.381537022,0.379367431,-1.833484387,1.836284412,2.217134042,-2.21353921
0.2657,-0.343106468,0.340914086,-1.748788114,1.751650007,2.093981861,-2.090476814
0.26575,-0.304671077,0.302459282,-1.672563681,1.675484374,1.979299235,-1.97587918
0.2658,-0.263761825,0.261533741,-1.606112602,1.609089273,1.871918463,-1.868578978
0.26585,-0.223394572,0.221153088,-1.54734551,1.550375581,1.772765862,-1.76950289
0.2659,-0.187915293,0.185663046,-1.493524195,1.496605323,1.683449008,-1.68025885
0.26595,-0.159071367,0.156810733,-1.443607997,1.446738069,1.604674423,-1.601553742
0.266,-0.13519488,0.132927989,-1.398581121,1.401758254,1.535758216,-1.532704028
0.26605,-0.113162595,0.110891386,-1.360175718,1.363398271,1.475309155,-1.472318814
0.2661,-0.090860466,0.088586729,-1.329443756,1.332710338,1.422265053,-1.419336236
0.26615,-0.068209628,0.065935044,-1.306260372,1.309569848,1.376422098,-1.373552794
0.2662,-0.046434801,0.04416095,-1.289817682,1.293169171,1.338197051,-1.335385553
0.26625,-0.026607041,0.024335418,-1.279445466,1.282838339,1.307990684,-1.30523558
0.2663,-0.008704121,0.006436145,-1.275077427,1.278511305,1.285714416,-1.283014582
0.26635,0.008318539,-0.010554434,-1.277151902,1.28062666,1.270773471,-1.268128062
0.2664,0.025641048,-0.027870635,-1.286149833,1.289665599,1.262447625,-1.259856059
0.26645,0.044020691,-0.046242608,-1.302292626,1.305849788,1.260208585,-1.257670531
0.2665,0.063499834,-0.065712686,-1.325446709,1.32904591,1.263882365,-1.261397734
0.26655,0.083770059,-0.085972399,-1.355324271,1.35896641,1.273489644,-1.271058578
0.2666,0.10466408,-0.1068544,-1.391717921,1.395404149,1.288990365,-1.286613224
0.26665,0.126417872,-0.128594581,-1.434605803,1.438337523,1.310126758,-1.307804115
0.2667,0.149576829,-0.151738234,-1.484090427,1.487869291,1.336456014,-1.33418864
0.26675,0.174700203,-0.176844491,-1.540260944,1.544088851,1.367508123,-1.365296977
0.2668,0.202121331,-0.204246547,-1.603096667,1.606975764,1.402929169,-1.400775383
0.26685,0.231919938,-0.234023969,-1.67246827,1.676400946,1.442510218,-1.440415091
0.2669,0.264075876,-0.26615644,-1.748209197,1.752198078,1.486104988,-1.484069971
0.26695,0.298651419,-0.300706047,-1.830187643,1.834235592,1.533519541,-1.531546228
0.267,0.335863277,-0.337889306,-1.918327582,1.922437695,1.584461287,-1.582551407
0.26705,0.376016329,-0.378010885,-2.012577424,2.01675302,1.638573915,-1.636729316
0.2671,0.419378591,-0.421338576,-2.112863275,2.117107898,1.695515681,-1.693738325
0.26715,0.466103735,-0.468025815,-2.219065657,2.22338307,1.755013615,-1.753305562
0.2672,0.516249645,-0.518130243,-2.331031296,2.335425472,1.816856739,-1.815220141
0.26725,0.569858523,-0.571693805,-2.448602313,2.453077435,1.880845166,-1.879282254
0.2673,0.627023339,-0.628809212,-2.571636284,2.576196736,1.946743696,-1.945256773
0.26735,0.687890911,-0.68962301,-2.700004204,2.704654565,2.014276709,-2.012868139
0.2674,0.752611947,-0.754285632,-2.833573922,2.838318961,2.083161553,-2.081833751
0.26745,0.821289533,-0.82289988,-2.972196402,2.977041073,2.153146319,-2.151901743
0.2675,0.89396932,-0.895511117,-3.115705697,3.120655132,2.224019625,-2.222860767
0.26755,0.945122486,-0.946590727,-3.173861192,3.178867534,2.23764952,-2.236578541
0.2676,0.964162852,-0.965555582,-3.128126537,3.133121821,2.166245791,-2.16526081
0.26765,0.97966923,-0.98098543,-3.083762796,3.088747045,2.106434067,-2.10553249
0.2677,0.992005968,-0.993244596,-3.044746267,3.049719506,2.055073446,-2.054252916
0.26775,0.990603514,-0.991763229,-2.956365653,2.961327907,1.961467531,-1.960757883
0.2678,0.954916062,-0.955998554,-2.793335762,2.798287054,1.840703371,-1.840139296
0.26785,0.939200582,-0.940207546,-2.647571549,2.652511905,1.710551985,-1.71012311
0.2679,0.937295834,-0.938228732,-2.515273132,2.520202575,1.58012725,-1.579823883
0.26795,0.932771615,-0.933631782,-2.393507012,2.398425566,1.462857977,-1.462671204
0.268,0.917178364,-0.91796712,-2.281249979,2.286157668,1.366170198,-1.366091964
0.26805,0.894679608,-0.895398257,-2.179425152,2.184322002,1.286823089,-1.2868462
0.2681,0.875295786,-0.875945514,-2.089325197,2.09421123,1.216088552,-1.216206575
0.26815,0.865676092,-0.866257845,-2.011374878,2.016250118,1.147741953,-1.147949105
0.2682,0.865285172,-0.865799602,-1.945103432,1.949967904,1.081847742,-1.082138819
0.26825,0.869193644,-0.869641114,-1.889834257,1.894687984,1.022658555,-1.023028929
0.2683,0.873324972,-0.873705584,-1.845228154,1.85007116,0.973911566,-0.974357192
0.26835,0.877504694,-0.877818289,-1.81129979,1.816132099,0.935795749,-0.936313156
0.2684,0.884721458,-0.884967581,-1.788110404,1.792932039,0.905383579,-0.905969824
0.26845,0.898263903,-0.898441751,-1.775533804,1.780344789,0.879260168,-0.879912772
0.2685,0.919442572,-0.919550947,-1.77328178,1.778082138,0.855826757,-0.856543641
0.26855,0.947383298,-0.947420591,-1.781072309,1.785862064,0.835675515,-0.836454968
0.2686,0.980455705,-0.98041989,-1.798728089,1.803507265,0.820259552,-0.821100207
0.26865,1.017849319,-1.017737954,-1.82612297,1.830891589,0.810263237,-0.81116405
0.2687,1.060115783,-1.059925995,-1.863062346,1.867820432,0.804940389,-0.805900611
0.26875,1.108559394,-1.108287858,-1.909230694,1.91397827,0.80267129,-0.803690422
0.2688,1.164221177,-1.16386409,-1.964253286,1.968990375,0.802040322,-0.803118072
0.26885,1.227304039,-1.226857106,-2.027802748,2.032529374,0.802517369,-0.803653607
0.2689,1.297350709,-1.296809134,-2.099645382,2.104361568,0.804326187,-0.80552092
0.26895,1.373856347,-1.37321483,-2.179588718,2.184294486,0.807779344,-0.809032685
0.269,1.456752087,-1.456004821,-2.2673866,2.272081974,0.812699758,-0.814011906
0.26905,1.54642444,-1.545565107,-2.36269202,2.367377023,0.818354146,-0.81972535
0.2691,1.643363775,-1.642385534,-2.465097369,2.469772023,0.823844777,-0.825275305
0.26915,1.747799351,-1.746694833,-2.574219891,2.578884219,0.828559911,-0.830050016
0.2692,1.859611264,-1.858372571,-2.689752694,2.694406719,0.832312843,-0.833862734
0.26925,1.978529111,-1.977147816,-2.811439039,2.816082783,0.835117538,-0.836727357
0.2693,2.104394488,-2.102861643,-2.939000896,2.943634383,0.836854672,-0.838524476
0.26935,2.185182308,-2.183525309,-3.01305888,3.017682132,0.823545433,-0.825275412
0.2694,2.226733803,-2.224996934,-3.001075024,3.005688063,0.776634066,-0.778421607
0.26945,2.25524184,-2.253424205,-3.000857256,3.005460105,0.747848673,-0.749691266
0.2695,2.278245632,-2.276346261,-3.009699752,3.014292434,0.733696864,-0.735592275
0.26955,2.24667083,-2.244688988,-2.935786973,2.940320567,0.697951722,-0.699897404
0.2696,2.134159842,-2.132098931,-2.762971687,2.767386984,0.63098717,-0.63297826
0.26965,2.039208459,-2.037072598,-2.592476844,2.596780682,0.5554728,-0.557503899
0.2697,1.951930128,-1.949723192,-2.431036311,2.435235132,0.481276042,-0.483342089
0.26975,1.864434917,-1.862160584,-2.282472929,2.286572759,0.420176907,-0.42227328
0.2698,1.775712396,-1.773374171,-2.14763258,2.151639023,0.374031233,-0.376153803
0.26985,1.69039456,-1.687995754,-2.024265138,2.028183384,0.335956561,-0.338101647
0.2699,1.613419044,-1.610962747,-1.909474965,1.913309813,0.298119366,-0.300283621
0.26995,1.546197629,-1.543686688,-1.802046868,1.805802745,0.257892478,-0.260072818
0.27,1.486743455,-1.484180474,-1.702829985,1.706510952,0.218111716,-0.220305293
0.27005,1.432327886,-1.42971523,-1.613400506,1.617010264,0.183081718,-0.185285936
0.2701,1.38183252,-1.379172328,-1.534505045,1.538046931,0.154667299,-0.156879829
0.27015,1.336154263,-1.333448441,-1.465530914,1.469007914,0.131358684,-0.133577441
0.2702,1.297001763,-1.294251978,-1.40512659,1.40854135,0.11009555,-0.112318649
0.27025,1.265477323,-1.262684992,-1.352209268,1.355564106,0.088692677,-0.090918383
0.2703,1.2415306,-1.238696883,-1.306518689,1.309815611,0.066940061,-0.069166755
0.27035,1.22439316,-1.221518963,-1.268429865,1.271670574,0.045981078,-0.048207238
0.2704,1.213377662,-1.210463639,-1.238348678,1.241534578,0.02690888,-0.029133076
0.27045,1.208369301,-1.205415856,-1.216229333,1.219361539,0.009792419,-0.012013296
0.2705,1.209762227,-1.206769508,-1.201528251,1.204607599,-0.006305221,0.004097987
0.27055,1.21806464,-1.215032543,-1.193510117,1.196537178,-0.022625676,0.020424323
0.2706,1.233508177,-1.230436338,-1.191644013,1.194619103,-0.039937789,0.037743607
0.27065,1.255996282,-1.25288408,-1.195717837,1.198641031,-0.058353592,0.056167902
0.2707,1.285255956,-1.282102515,-1.205731978,1.208603119,-0.077599601,0.075423773
0.27075,1.321070137,-1.317874326,-1.22165426,1.224472968,-0.097490884,0.09532635
0.2708,1.363396345,-1.360156782,-1.243253114,1.246018798,-0.118216471,0.116064744
0.27085,1.412324293,-1.409039345,-1.27010768,1.272819549,-0.140286858,0.138149551
0.2709,1.467947361,-1.464615148,-1.301749255,1.304406328,-0.164264041,0.162142886
0.27095,1.530260859,-1.526879252,-1.337806044,1.340407164,-0.190515016,0.188411886
0.271,1.599150267,-1.595716895,-1.378047936,1.380591781,-0.21915526,0.217072185
0.27105,1.674453121,-1.670965371,-1.422320402,1.424805494,-0.250176707,0.248115888
0.2711,1.756031301,-1.752486325,-1.470438212,1.472862929,-0.283626331,0.281590153
0.27115,1.843800033,-1.840194749,-1.522124667,1.524487253,-0.319695909,0.317686953
0.2712,1.937704653,-1.934035753,-1.577032326,1.579330901,-0.358678061,0.356699117
0.27125,2.037675919,-2.03393987,-1.634814417,1.63704699,-0.40085015,0.398904233
0.2713,2.143602328,-2.139795378,-1.695184081,1.697348558,-0.446387353,0.444477714
0.27135,2.255335718,-2.251453899,-1.757919075,1.760013272,-0.495363567,0.493493702
0.2714,2.372717717,-2.368756856,-1.822818698,1.82484035,-0.547820933,0.545994593
0.27145,2.495602002,-2.49155772,-1.88965552,1.891602288,-0.603840358,0.602061556
0.2715,2.623856664,-2.619724385,-1.958161405,1.96003089,-0.663557866,0.661830887
0.27155,2.757350227,-2.753125186,-2.028053346,2.029843096,-0.727124783,0.725454188
0.2716,2.895936889,-2.891614132,-2.099071371,2.100778889,-0.794655063,0.793045698
0.27165,3.039453431,-3.035027829,-2.170995171,2.172617929,-0.866205579,0.864662581
0.2717,3.097687796,-3.093205869,-2.18558924,2.187125037,-0.916431818,0.914960118
0.27175,3.052133319,-3.047661293,-2.114944307,2.116394993,-0.934915238,0.933516751
0.2718,3.007951077,-3.003488929,-2.055867331,2.057235471,-0.949886436,0.948562144
0.27185,2.969101726,-2.964649435,-2.005292695,2.006580619,-0.961619045,0.960369955
0.2719,2.936642701,-2.932200245,-1.959118813,1.960328645,-0.975339726,0.974166906
0.27195,2.855735148,-2.851302505,-1.868861297,1.8699645,-0.978102789,0.977007664
0.272,2.7005811,-2.696158249,-1.753420587,1.754384054,-0.945044123,0.944025053
0.27205,2.561933093,-2.557520011,-1.630762645,1.631596213,-0.929019344,0.92807467
0.2721,2.436395199,-2.431991865,-1.508933231,1.509646052,-0.925339744,0.924468027
0.27215,2.321585444,-2.317191836,-1.399327724,1.399928192,-0.920160709,0.919360654
0.2722,2.216648118,-2.212264215,-1.308457884,1.308953565,-0.906115261,0.905385622
0.27225,2.122288327,-2.117914107,-1.233777294,1.234174932,-0.886455312,0.885794895
0.2723,2.039517219,-2.035152662,-1.167822403,1.168128005,-0.86965586,0.869063614
0.27235,1.968660029,-1.964305113,-1.104973719,1.105192658,-0.861661823,0.861136942
0.2724,1.909324604,-1.904979307,-1.044903703,1.045040786,-0.862408721,0.8619507
0.27245,1.860947742,-1.856612043,-0.991054644,0.991114122,-0.86789119,0.867499828
0.2725,1.823229132,-1.81890301,-0.946700259,0.94668583,-0.874535338,0.874210715
0.27255,1.796143521,-1.791826955,-0.912196982,0.912111796,-0.881959609,0.881702089
0.2726,1.779692803,-1.775385771,-0.885124725,0.884971433,-0.892586077,0.892396339
0.27265,1.773719466,-1.769421948,-0.862432998,0.862213807,-0.909307764,0.909186846
0.2727,1.77793367,-1.773645644,-0.842495695,0.84221243,-0.933460923,0.933410267
0.27275,1.792057695,-1.787779141,-0.825603228,0.82525737,-0.964477385,0.964498853
0.2728,1.815908842,-1.811639739,-0.812932582,0.812525289,-1.000997413,1.001093296
0.27285,1.849349294,-1.845089621,-0.805125032,0.804657164,-1.042241849,1.04241487
0.2729,1.892176919,-1.887926654,-0.801604106,0.801076254,-1.088584944,1.088838268
0.27295,1.944075213,-1.939834336,-0.800955698,0.800368225,-1.141124186,1.141461439
0.273,2.004667449,-2.000435939,-0.80184404,0.801197121,-1.200818469,1.201243759
0.27305,2.073615893,-2.06939373,-0.80366582,0.802959489,-1.267933189,1.268451125
0.2731,2.150670193,-2.146457357,-0.80651499,0.805749164,-1.342123849,1.342739547
0.27315,2.235624605,-2.231421074,-0.810635542,0.809810051,-1.422940501,1.423659585
0.2732,2.328230444,-2.324036198,-0.815886948,0.815001561,-1.510274763,1.511103369
0.27325,2.428146706,-2.423961725,-0.82163037,0.820684823,-1.604424228,1.605369009
0.2733,2.534970858,-2.530795121,-0.827039174,0.826033201,-1.705812736,1.706880868
0.27335,2.648316683,-2.64415017,-0.831505309,0.830438678,-1.814661838,1.815861028
0.2734,2.767866369,-2.763709059,-0.834798124,0.833670663,-1.93088408,1.932222561
0.27345,2.893352965,-2.889204839,-0.836893789,0.835705407,-2.054236036,2.055722572
0.2735,2.965673127,-2.961534164,-0.82391083,0.822661294,-2.132907386,2.134515231
0.27355,2.952409787,-2.948279967,-0.777156361,0.775848275,-2.173011284,2.174697156
0.2736,2.950883915,-2.946763218,-0.748566093,0.747201956,-2.200001481,2.201766225
0.27365,2.958435665,-2.95432407,-0.734724095,0.733306125,-2.221386914,2.223231447
0.2737,2.970670639,-2.966568126,-0.719716761,0.718247017,-2.248619237,2.250544605
0.27375,2.897245584,-2.89320039,-0.673773915,0.672254925,-2.227755736,2.229762801
0.2738,2.725975203,-2.722045672,-0.600565417,0.599002001,-2.123116751,2.125202237
0.27385,2.559857062,-2.556036517,-0.528292844,0.526690281,-2.029375399,2.031535285
0.2739,2.404753399,-2.401035571,-0.463172315,0.461535467,-1.939425359,1.941655838
0.27395,2.262094117,-2.258473153,-0.409408621,0.407741897,-1.850559647,1.852857106
0.274,2.13121973,-2.127690192,-0.364782003,0.363089369,-1.764338767,1.766699783
0.27405,2.010275228,-2.006832078,-0.324075764,0.322360808,-1.684124686,1.686546048
0.2741,1.897852583,-1.894491165,-0.283816835,0.282082838,-1.611982674,1.6144614
0.27415,1.793842912,-1.790558945,-0.244212241,0.242462217,-1.547597025,1.550130373
0.2742,1.699037625,-1.695827191,-0.207667365,0.20590407,-1.489353959,1.491939422
0.27425,1.614127949,-1.610987494,-0.176078973,0.174304903,-1.436048131,1.438683436
0.2743,1.539034403,-1.53596073,-0.149314611,0.147532015,-1.387732701,1.390415806
0.27435,1.472985738,-1.469975992,-0.125644127,0.123855039,-1.345366731,1.348095834
0.2744,1.415089942,-1.412141605,-0.103217608,0.101423887,-1.309908255,1.312681798
0.27445,1.364846671,-1.361957544,-0.081205739,0.079409104,-1.281686347,1.284503025
0.2745,1.322240912,-1.319409108,-0.059883627,0.058085685,-1.260410974,1.263269733
0.27455,1.287457005,-1.284680938,-0.039906966,0.038109222,-1.245610857,1.248510897
0.2746,1.260515385,-1.257793763,-0.021524855,0.019728734,-1.237057393,1.239998166
0.27465,1.241111471,-1.238443285,-0.004300026,0.002506889,-1.234883316,1.237864526
0.2747,1.228721413,-1.226105928,0.012594636,-0.014416038,-1.239407696,1.242429303
0.27475,1.222838563,-1.220275304,0.02994122,-0.031756922,-1.250874889,1.25393711
0.2748,1.223129675,-1.220618416,0.048097819,-0.049906486,-1.269324545,1.272427851
0.27485,1.229444478,-1.22698523,0.067078327,-0.06887859,-1.294620752,1.297765873
0.2749,1.241683992,-1.239276994,0.086812115,-0.088602548,-1.326593865,1.329781785
0.27495,1.259662498,-1.257308208,0.107397085,-0.109176193,-1.365156014,1.368387969
0.275,1.283060673,-1.280759755,0.129165468,-0.130931665,-1.410320042,1.41359752
0.27505,1.311482872,-1.309236184,0.152563707,-0.154315298,-1.462136662,1.4654614
0.2751,1.344555796,-1.342364379,0.177975622,-0.179710783,-1.520616297,1.523990282
0.27515,1.38199004,-1.37985511,0.205625832,-0.207342593,-1.585694057,1.589119518
0.2752,1.423568751,-1.421491681,0.235611814,-0.237308043,-1.657250439,1.660729849
0.27525,1.469086922,-1.467069239,0.26801151,-0.269684899,-1.73515825,1.73869432
0.2753,1.518295683,-1.516339052,0.30297224,-0.304620291,-1.819315795,1.822911471
0.27535,1.570891638,-1.568997853,0.340721129,-0.342341142,-1.909646653,1.91330511
0.2754,1.626550683,-1.624721657,0.381506907,-0.383095966,-2.006075287,2.009799926
0.27545,1.684972878,-1.683210632,0.425530775,-0.427085736,-2.108502788,2.112297234
0.2755,1.745902769,-1.74420942,0.472919996,-0.474437476,-2.216800784,2.220668877
0.27555,1.809114513,-1.807492266,0.523754964,-0.525231329,-2.33082364,2.334769432
0.2756,1.874380091,-1.872831228,0.578117925,-0.579549285,-2.45042539,2.454453139
0.27565,1.94144897,-1.939975841,0.63612119,-0.637503389,-2.575467613,2.579581776
0.2757,2.010053724,-2.008658736,0.697896871,-0.699225479,-2.705814789,2.710020021
0.27575,2.079932834,-2.078618442,0.763564094,-0.764834402,-2.841324315,2.845625455
0.2758,2.150849152,-2.149617851,0.833204886,-0.834411898,-2.981840857,2.98624293
0.27585,2.222589534,-2.22144385,0.90686712,-0.908005549,-3.127198924,3.131707128
0.2759,2.23717145,-2.236113577,0.958751567,-0.959816333,-3.18703702,3.191603359
0.27595,2.166913394,-2.165941492,0.978103717,-0.979092828,-3.142759251,3.147315503
0.276,2.108108335,-2.107219852,0.994096733,-0.995009141,-3.099888249,3.104434436
0.27605,2.057664164,-2.056856778,1.007020269,-1.007854895,-3.062374404,3.066910549
0.2761,1.965201371,-1.964505012,1.006125978,-1.006881443,-2.975644541,2.980170666
0.27615,1.846020713,-1.84547024,0.970778992,-0.971456956,-2.814538153,2.81905428
0.2762,1.717362339,-1.716947488,0.955416319,-0.956018446,-2.670619336,2.675125487
0.27625,1.588240972,-1.587952155,0.954022659,-0.954550372,-2.540134984,2.544631182
0.2763,1.472079443,-1.471907838,0.95023165,-0.95068624,-2.420209453,2.424695719
0.27635,1.376402634,-1.376340275,0.935505404,-0.935888138,-2.309830048,2.314306404
0.2764,1.298073919,-1.298113692,0.913870809,-0.914182934,-2.209887443,2.214353912
0.27645,1.228376731,-1.228512279,0.895299474,-0.895542112,-2.121636997,2.126093599
0.2765,1.161004575,-1.161230181,0.886507662,-0.886681693,-2.045488676,2.049935435
0.27655,1.095929826,-1.09624035,0.887060052,-0.887166058,-1.980979675,1.985416612
0.2766,1.037381354,-1.037772219,0.892065947,-0.892104213,-1.927448299,1.931875435
0.27665,0.989147197,-0.989614405,0.8974052,-0.897375746,-1.884562595,1.888979953
0.2767,0.951485166,-0.952025284,0.902829777,-0.902732356,-1.852332492,1.856740091
0.27675,0.921495506,-0.922105624,0.911288454,-0.911122522,-1.830807121,1.835204985
0.2768,0.895737525,-0.896415188,0.926083631,-0.92584829,-1.819848242,1.824236392
0.27685,0.872566577,-0.873309726,0.948565015,-0.948258971,-1.819160916,1.823539374
0.2769,0.852550571,-0.853357505,0.977882372,-0.977503914,-1.828462788,1.832831574
0.27695,0.837154391,-0.838023748,1.012396771,-1.011943772,-1.847579774,1.85193891
0.277,0.827092441,-0.828023175,1.051269913,-1.050739823,-1.876387922,1.88073743
0.27705,0.821639202,-0.822630553,1.095030769,-1.094420608,-1.914690616,1.919030516
0.2771,0.819173626,-0.820225083,1.144979012,-1.144285343,-1.962166375,1.966496689
0.27715,0.818265667,-0.819376914,1.202163473,-1.201382383,-2.018433844,2.022754593
0.2772,0.81837522,-0.819546101,1.266793341,-1.265920422,-2.08316194,2.087473145
0.27725,0.819729696,-0.820960183,1.338407923,-1.337438264,-2.156117192,2.160418874
0.2773,0.82265398,-0.823944149,1.416492063,-1.415420251,-2.237109131,2.241401312
0.27735,0.826980735,-0.828330739,1.500967711,-1.499787823,-2.325892154,2.330174854
0.2774,0.831978029,-0.833388068,1.592217755,-1.590923359,-2.422116986,2.426390226
0.27745,0.83674493,-0.838215217,1.690732214,-1.689316354,-2.525372457,2.529636258
0.2775,0.840669632,-0.84220036,1.796738308,-1.795193503,-2.63527371,2.639528093
0.27755,0.843571567,-0.845162881,1.910110599,-1.908428837,-2.751514449,2.755759434
0.2776,0.845472999,-0.847124975,2.030572354,-2.028745098,-2.873839909,2.878075517
0.27765,0.84625917,-0.84797179,2.15796159,-2.15597978,-3.001973039,3.006199291
0.2777,0.832117839,-0.833891222,2.239966976,-2.237858798,-3.076415234,3.08063215
0.27775,0.784691836,-0.786523319,2.28219044,-2.280001305,-3.064587989,3.06879559
0.2778,0.755419075,-0.757306104,2.311382339,-2.309111326,-3.064565957,3.068764263
0.27785,0.740703332,-0.742643627,2.335141187,-2.332787299,-3.073598783,3.077787815
0.2779,0.704447603,-0.706438573,2.304320577,-2.301883055,-2.999929309,3.004059095
0.27795,0.637214138,-0.639250899,2.192462324,-2.189944548,-2.827498214,2.831508163
0.278,0.56135177,-0.563428908,2.09816524,-2.095571311,-2.65731003,2.661206969
0.27805,0.486900141,-0.489012576,2.011458249,-2.008792023,-2.49618631,2.499976671
0.2781,0.425673503,-0.427816592,1.924463988,-1.921729121,-2.347996703,2.351686502
0.27815,0.379367431,-0.381537022,1.836284412,-1.833484387,-2.213539211,2.217134042
0.2782,0.340914086,-0.343106468,1.751650007,-1.748788114,-2.090476814,2.093981861
0.27825,0.302459283,-0.304671077,1.675484374,-1.672563681,-1.97587918,1.979299235
0.2783,0.261533741,-0.263761825,1.609089273,-1.606112602,-1.868578979,1.871918463
0.27835,0.221153088,-0.223394572,1.550375581,-1.547345511,-1.76950289,1.772765863
0.2784,0.185663047,-0.187915293,1.496605324,-1.493524195,-1.68025885,1.683449008
0.27845,0.156810733,-0.159071367,1.446738069,-1.443607997,-1.601553743,1.604674423
0.2785,0.132927989,-0.13519488,1.401758254,-1.398581121,-1.532704028,1.535758216
0.27855,0.110891386,-0.113162595,1.363398271,-1.360175718,-1.472318814,1.475309155
0.2786,0.088586729,-0.090860466,1.332710338,-1.329443756,-1.419336236,1.422265053
0.27865,0.065935044,-0.068209628,1.309569848,-1.306260372,-1.373552794,1.376422098
0.2787,0.04416095,-0.046434801,1.293169171,-1.289817682,-1.335385553,1.338197051
0.27875,0.024335418,-0.026607041,1.282838339,-1.279445466,-1.30523558,1.307990684
0.2788,0.006436145,-0.008704121,1.278511305,-1.275077427,-1.283014582,1.285714416
0.27885,-0.010554434,0.008318539,1.28062666,-1.277151902,-1.268128062,1.270773471
0.2789,-0.027870635,0.025641048,1.289665599,-1.286149833,-1.259856059,1.262447625
0.27895,-0.046242608,0.044020691,1.305849788,-1.302292626,-1.257670531,1.260208585
0.279,-0.065712686,0.063499834,1.32904591,-1.325446709,-1.261397734,1.263882365
0.27905,-0.085972399,0.083770059,1.35896641,-1.355324271,-1.271058578,1.273489644
0.2791,-0.1068544,0.10466408,1.395404149,-1.391717921,-1.286613224,1.288990365
0.27915,-0.128594581,0.126417872,1.438337523,-1.434605803,-1.307804115,1.310126758
0.2792,-0.151738234,0.149576829,1.487869291,-1.484090427,-1.33418864,1.336456014
0.27925,-0.176844491,0.174700203,1.544088851,-1.540260944,-1.365296977,1.367508123
0.2793,-0.204246547,0.202121331,1.606975764,-1.603096667,-1.400775383,1.402929169
0.27935,-0.234023969,0.231919938,1.676400945,-1.67246827,-1.44041509,1.442510218
0.2794,-0.26615644,0.264075876,1.752198078,-1.748209197,-1.484069971,1.486104988
0.27945,-0.300706047,0.298651419,1.834235592,-1.830187642,-1.531546228,1.533519541
0.2795,-0.337889306,0.335863277,1.922437695,-1.918327582,-1.582551407,1.584461287
0.27955,-0.378010884,0.376016329,2.01675302,-2.012577424,-1.636729316,1.638573915
0.2796,-0.421338576,0.419378591,2.117107898,-2.112863274,-1.693738324,1.695515681
0.27965,-0.468025815,0.466103734,2.22338307,-2.219065657,-1.753305562,1.755013615
0.2797,-0.518130242,0.516249645,2.335425472,-2.331031295,-1.815220141,1.816856739
0.27975,-0.571693804,0.569858522,2.453077435,-2.448602312,-1.879282254,1.880845166
0.2798,-0.628809212,0.627023339,2.576196736,-2.571636284,-1.945256773,1.946743696
0.27985,-0.68962301,0.687890911,2.704654565,-2.700004204,-2.012868139,2.014276709
0.2799,-0.754285632,0.752611947,2.838318961,-2.833573921,-2.081833751,2.083161553
0.27995,-0.82289988,0.821289533,2.977041073,-2.972196402,-2.151901743,2.153146319
0.28,-0.895511117,0.89396932,3.120655131,-3.115705697,-2.222860767,2.224019625
0.28005,-0.946590727,0.945122485,3.178867533,-3.173861191,-2.236578541,2.23764952
0.2801,-0.965555582,0.964162852,3.13312182,-3.128126537,-2.16526081,2.166245791
0.28015,-0.98098543,0.97966923,3.088747045,-3.083762796,-2.10553249,2.106434066
0.2802,-0.993244596,0.992005968,3.049719506,-3.044746267,-2.054252916,2.055073446
0.28025,-0.991763229,0.990603514,2.961327907,-2.956365653,-1.960757883,1.961467531
0.2803,-0.955998554,0.954916062,2.798287054,-2.793335762,-1.840139296,1.840703371
0.28035,-0.940207546,0.939200582,2.652511904,-2.647571549,-1.710123109,1.710551985
0.2804,-0.938228732,0.937295834,2.520202575,-2.515273132,-1.579823883,1.580127249
0.28045,-0.933631782,0.932771615,2.398425566,-2.393507011,-1.462671203,1.462857977
0.2805,-0.91796712,0.917178364,2.286157668,-2.281249978,-1.366091964,1.366170198
0.28055,-0.895398257,0.894679607,2.184322001,-2.179425152,-1.286846199,1.286823089
0.2806,-0.875945514,0.875295786,2.094211229,-2.089325196,-1.216206574,1.216088551
0.28065,-0.866257845,0.865676092,2.016250118,-2.011374877,-1.147949105,1.147741953
0.2807,-0.865799602,0.865285172,1.949967904,-1.945103432,-1.082138819,1.081847742
0.28075,-0.869641114,0.869193643,1.894687984,-1.889834257,-1.023028929,1.022658554
0.2808,-0.873705584,0.873324971,1.850071159,-1.845228153,-0.974357192,0.973911566
0.28085,-0.877818289,0.877504694,1.816132098,-1.811299789,-0.936313156,0.935795749
0.2809,-0.884967581,0.884721457,1.792932038,-1.788110403,-0.905969824,0.905383578
0.28095,-0.89844175,0.898263902,1.780344788,-1.775533804,-0.879912771,0.879260168
0.281,-0.919550947,0.919442572,1.778082137,-1.773281779,-0.856543641,0.855826757
0.28105,-0.947420591,0.947383298,1.785862063,-1.781072308,-0.836454968,0.835675515
0.2811,-0.98041989,0.980455704,1.803507264,-1.798728089,-0.821100206,0.820259552
0.28115,-1.017737954,1.017849318,1.830891589,-1.82612297,-0.81116405,0.810263237
0.2812,-1.059925995,1.060115782,1.867820431,-1.863062345,-0.80590061,0.804940389
0.28125,-1.108287857,1.108559393,1.913978269,-1.909230693,-0.803690422,0.80267129
0.2813,-1.16386409,1.164221176,1.968990375,-1.964253285,-0.803118072,0.802040322
0.28135,-1.226857106,1.227304038,2.032529373,-2.027802747,-0.803653607,0.802517369
0.2814,-1.296809134,1.297350708,2.104361567,-2.099645382,-0.80552092,0.804326187
0.28145,-1.373214829,1.373856346,2.184294486,-2.179588718,-0.809032685,0.807779343
0.2815,-1.456004821,1.456752087,2.272081973,-2.267386599,-0.814011906,0.812699758
0.28155,-1.545565106,1.546424439,2.367377022,-2.36269202,-0.81972535,0.818354146
0.2816,-1.642385533,1.643363775,2.469772022,-2.465097368,-0.825275305,0.823844777
0.28165,-1.746694832,1.74779935,2.578884219,-2.574219891,-0.830050016,0.828559911
0.2817,-1.858372571,1.859611264,2.694406718,-2.689752693,-0.833862734,0.832312843
0.28175,-1.977147816,1.97852911,2.816082783,-2.811439038,-0.836727357,0.835117537
0.2818,-2.102861642,2.104394487,2.943634382,-2.939000895,-0.838524476,0.836854672
0.28185,-2.183525309,2.185182308,3.017682131,-3.013058879,-0.825275412,0.823545433
0.2819,-2.224996933,2.226733803,3.005688062,-3.001075023,-0.778421607,0.776634066
0.28195,-2.253424204,2.255241839,3.005460104,-3.000857255,-0.749691266,0.747848673
0.282,-2.27634626,2.278245632,3.014292433,-3.009699751,-0.735592274,0.733696864
0.28205,-2.244688987,2.246670829,2.940320567,-2.935786973,-0.699897404,0.697951722
0.2821,-2.132098931,2.134159841,2.767386984,-2.762971686,-0.63297826,0.63098717
0.28215,-2.037072598,2.039208459,2.596780681,-2.592476843,-0.557503899,0.5554728
0.2822,-1.949723192,1.951930128,2.435235131,-2.43103631,-0.483342089,0.481276042
0.28225,-1.862160584,1.864434916,2.286572759,-2.282472928,-0.42227328,0.420176907
0.2823,-1.77337417,1.775712396,2.151639023,-2.147632579,-0.376153803,0.374031233
0.28235,-1.687995753,1.69039456,2.028183384,-2.024265137,-0.338101647,0.335956561
0.2824,-1.610962747,1.613419044,1.913309813,-1.909474964,-0.300283621,0.298119366
0.28245,-1.543686688,1.546197628,1.805802744,-1.802046868,-0.260072818,0.257892478
0.2825,-1.484180473,1.486743454,1.706510952,-1.702829985,-0.220305293,0.218111716
0.28255,-1.42971523,1.432327885,1.617010263,-1.613400506,-0.185285936,0.183081718
0.2826,-1.379172327,1.381832519,1.53804693,-1.534505044,-0.156879829,0.154667299
0.28265,-1.33344844,1.336154262,1.469007914,-1.465530913,-0.133577441,0.131358684
0.2827,-1.294251978,1.297001762,1.408541349,-1.40512659,-0.112318649,0.11009555
0.28275,-1.262684991,1.265477322,1.355564105,-1.352209268,-0.090918383,0.088692677
0.2828,-1.238696883,1.241530599,1.30981561,-1.306518688,-0.069166755,0.066940061
0.28285,-1.221518963,1.224393159,1.271670574,-1.268429865,-0.048207238,0.045981078
0.2829,-1.210463639,1.213377661,1.241534578,-1.238348678,-0.029133076,0.02690888
0.28295,-1.205415855,1.2083693,1.219361538,-1.216229332,-0.012013296,0.009792419
0.283,-1.206769508,1.209762226,1.204607599,-1.20152825,0.004097987,-0.006305221
0.28305,-1.215032542,1.21806464,1.196537177,-1.193510116,0.020424323,-0.022625676
0.2831,-1.230436337,1.233508177,1.194619103,-1.191644013,0.037743607,-0.039937789
0.28315,-1.25288408,1.255996282,1.198641031,-1.195717837,0.056167902,-0.058353592
0.2832,-1.282102514,1.285255955,1.208603118,-1.205731978,0.075423772,-0.077599601
0.28325,-1.317874325,1.321070136,1.224472967,-1.221654259,0.09532635,-0.097490884
0.2833,-1.360156781,1.363396344,1.246018797,-1.243253113,0.116064744,-0.118216471
0.28335,-1.409039344,1.412324292,1.272819548,-1.270107679,0.13814955,-0.140286858
0.2834,-1.464615147,1.46794736,1.304406327,-1.301749254,0.162142885,-0.164264041
0.28345,-1.526879251,1.530260858,1.340407163,-1.337806043,0.188411886,-0.190515016
0.2835,-1.595716894,1.599150266,1.38059178,-1.378047935,0.217072185,-0.21915526
0.28355,-1.67096537,1.67445312,1.424805494,-1.422320402,0.248115888,-0.250176706
0.2836,-1.752486324,1.756031301,1.472862929,-1.470438212,0.281590153,-0.283626331
0.28365,-1.840194749,1.843800033,1.524487252,-1.522124667,0.317686953,-0.319695909
0.2837,-1.934035752,1.937704652,1.5793309,-1.577032325,0.356699117,-0.358678061
0.28375,-2.033939869,2.037675919,1.637046989,-1.634814416,0.398904233,-0.400850149
0.2838,-2.139795377,2.143602327,1.697348557,-1.69518408,0.444477714,-0.446387353
0.28385,-2.251453898,2.255335717,1.760013272,-1.757919074,0.493493702,-0.495363567
0.2839,-2.368756855,2.372717716,1.824840349,-1.822818697,0.545994593,-0.547820933
0.28395,-2.491557719,2.495602002,1.891602288,-1.889655519,0.602061556,-0.603840358
0.284,-2.619724384,2.623856663,1.96003089,-1.958161405,0.661830887,-0.663557866
0.28405,-2.753125185,2.757350226,2.029843095,-2.028053346,0.725454187,-0.727124782
0.2841,-2.891614132,2.895936888,2.100778889,-2.09907137,0.793045698,-0.794655062
0.28415,-3.035027828,3.039453431,2.172617929,-2.170995171,0.864662581,-0.866205578
0.2842,-3.093205868,3.097687795,2.187125036,-2.185589239,0.914960118,-0.916431818
0.28425,-3.047661292,3.052133318,2.116394993,-2.114944306,0.933516751,-0.934915238
0.2843,-3.003488928,3.007951076,2.05723547,-2.05586733,0.948562144,-0.949886435
0.28435,-2.964649434,2.969101726,2.006580619,-2.005292695,0.960369955,-0.961619045
0.2844,-2.932200244,2.9366427,1.960328644,-1.959118813,0.974166906,-0.975339726
0.28445,-2.851302504,2.855735148,1.8699645,-1.868861297,0.977007664,-0.978102789
0.2845,-2.696158248,2.7005811,1.754384054,-1.753420586,0.944025053,-0.945044123
0.28455,-2.55752001,2.561933092,1.631596213,-1.630762645,0.92807467,-0.929019344
0.2846,-2.431991864,2.436395198,1.509646052,-1.508933231,0.924468027,-0.925339744
0.28465,-2.317191835,2.321585443,1.399928191,-1.399327723,0.919360654,-0.920160709
0.2847,-2.212264214,2.216648117,1.308953565,-1.308457884,0.905385622,-0.906115261
0.28475,-2.117914107,2.122288326,1.234174932,-1.233777294,0.885794895,-0.886455312
0.2848,-2.035152662,2.039517219,1.168128004,-1.167822403,0.869063613,-0.869655859
0.28485,-1.964305112,1.968660028,1.105192658,-1.104973718,0.861136941,-0.861661823
0.2849,-1.904979306,1.909324603,1.045040785,-1.044903703,0.8619507,-0.862408721
0.28495,-1.856612042,1.860947741,0.991114122,-0.991054643,0.867499827,-0.86789119
0.285,-1.818903009,1.823229131,0.946685829,-0.946700259,0.874210714,-0.874535337
0.28505,-1.791826954,1.79614352,0.912111796,-0.912196981,0.881702089,-0.881959608
0.2851,-1.77538577,1.779692802,0.884971432,-0.885124725,0.892396338,-0.892586076
0.28515,-1.769421947,1.773719465,0.862213807,-0.862432997,0.909186846,-0.909307763
0.2852,-1.773645644,1.777933669,0.84221243,-0.842495694,0.933410266,-0.933460923
0.28525,-1.78777914,1.792057695,0.82525737,-0.825603228,0.964498852,-0.964477385
0.2853,-1.811639738,1.815908841,0.812525289,-0.812932582,1.001093296,-1.000997413
0.28535,-1.84508962,1.849349294,0.804657164,-0.805125031,1.04241487,-1.042241849
0.2854,-1.887926653,1.892176918,0.801076254,-0.801604106,1.088838268,-1.088584944
0.28545,-1.939834335,1.944075212,0.800368224,-0.800955698,1.141461438,-1.141124186
0.2855,-2.000435939,2.004667448,0.801197121,-0.801844039,1.201243758,-1.200818468
0.28555,-2.06939373,2.073615892,0.802959488,-0.80366582,1.268451125,-1.267933188
0.2856,-2.146457356,2.150670192,0.805749164,-0.80651499,1.342739546,-1.342123848
0.28565,-2.231421074,2.235624604,0.809810051,-0.810635541,1.423659584,-1.422940501
0.2857,-2.324036197,2.328230443,0.815001561,-0.815886948,1.511103369,-1.510274763
0.28575,-2.423961724,2.428146705,0.820684822,-0.82163037,1.605369009,-1.604424228
0.2858,-2.53079512,2.534970857,0.826033201,-0.827039174,1.706880867,-1.705812735
0.28585,-2.644150169,2.648316682,0.830438678,-0.831505309,1.815861027,-1.814661838
0.2859,-2.763709059,2.767866368,0.833670662,-0.834798124,1.932222561,-1.930884079
0.28595,-2.889204838,2.893352964,0.835705407,-0.836893789,2.055722572,-2.054236035
0.286,-2.961534163,2.965673126,0.822661294,-0.82391083,2.134515231,-2.132907386
0.28605,-2.948279966,2.952409786,0.775848275,-0.777156361,2.174697156,-2.173011283
0.2861,-2.946763217,2.950883914,0.747201956,-0.748566093,2.201766224,-2.200001481
0.28615,-2.954324069,2.958435664,0.733306125,-0.734724094,2.223231447,-2.221386913
0.2862,-2.966568126,2.970670638,0.718247017,-0.719716761,2.250544604,-2.248619236
0.28625,-2.893200389,2.897245583,0.672254925,-0.673773915,2.2297628,-2.227755736
0.2863,-2.722045671,2.725975202,0.599002001,-0.600565417,2.125202236,-2.12311675
0.28635,-2.556036517,2.559857061,0.526690281,-0.528292844,2.031535285,-2.029375399
0.2864,-2.40103557,2.404753399,0.461535467,-0.463172315,1.941655837,-1.939425358
0.28645,-2.258473152,2.262094116,0.407741897,-0.40940862,1.852857105,-1.850559646
0.2865,-2.127690191,2.131219729,0.363089369,-0.364782002,1.766699783,-1.764338767
0.28655,-2.006832077,2.010275227,0.322360808,-0.324075764,1.686546047,-1.684124686
0.2866,-1.894491165,1.897852582,0.282082838,-0.283816835,1.6144614,-1.611982674
0.28665,-1.790558944,1.793842911,0.242462217,-0.244212241,1.550130372,-1.547597025
0.2867,-1.69582719,1.699037624,0.20590407,-0.207667365,1.491939421,-1.489353958
0.28675,-1.610987493,1.614127948,0.174304903,-0.176078973,1.438683435,-1.43604813
0.2868,-1.535960729,1.539034403,0.147532015,-0.149314611,1.390415806,-1.3877327
0.28685,-1.469975992,1.472985737,0.123855039,-0.125644126,1.348095834,-1.34536673
0.2869,-1.412141605,1.415089941,0.101423887,-0.103217608,1.312681798,-1.309908254
0.28695,-1.361957544,1.36484667,0.079409104,-0.081205739,1.284503024,-1.281686346
0.287,-1.319409107,1.322240911,0.058085685,-0.059883627,1.263269732,-1.260410973
0.28705,-1.284680938,1.287457005,0.038109222,-0.039906966,1.248510897,-1.245610857
0.2871,-1.257793762,1.260515385,0.019728734,-0.021524855,1.239998165,-1.237057392
0.28715,-1.238443285,1.241111471,0.002506889,-0.004300026,1.237864525,-1.234883315
0.2872,-1.226105927,1.228721412,-0.014416038,0.012594636,1.242429303,-1.239407695
0.28725,-1.220275304,1.222838563,-0.031756921,0.02994122,1.253937109,-1.250874889
0.2873,-1.220618415,1.223129675,-0.049906486,0.048097819,1.272427851,-1.269324544
0.28735,-1.226985229,1.229444478,-0.06887859,0.067078327,1.297765873,-1.294620751
0.2874,-1.239276994,1.241683991,-0.088602548,0.086812115,1.329781784,-1.326593864
0.28745,-1.257308208,1.259662497,-0.109176193,0.107397085,1.368387969,-1.365156014
0.2875,-1.280759755,1.283060673,-0.130931665,0.129165468,1.41359752,-1.410320042
0.28755,-1.309236184,1.311482872,-0.154315298,0.152563707,1.4654614,-1.462136661
0.2876,-1.342364379,1.344555795,-0.179710783,0.177975622,1.523990281,-1.520616297
0.28765,-1.379855109,1.38199004,-0.207342593,0.205625832,1.589119518,-1.585694057
0.2877,-1.421491681,1.42356875,-0.237308043,0.235611814,1.660729849,-1.657250439
0.28775,-1.467069238,1.469086922,-0.269684898,0.26801151,1.738694319,-1.735158249
0.2878,-1.516339051,1.518295683,-0.304620291,0.30297224,1.82291147,-1.819315795
0.28785,-1.568997853,1.570891638,-0.342341142,0.340721129,1.913305109,-1.909646653
0.2879,-1.624721657,1.626550683,-0.383095966,0.381506906,2.009799926,-2.006075286
0.28795,-1.683210632,1.684972878,-0.427085736,0.425530775,2.112297233,-2.108502787
0.288,-1.74420942,1.745902769,-0.474437475,0.472919996,2.220668876,-2.216800783
0.28805,-1.807492266,1.809114512,-0.525231329,0.523754964,2.334769431,-2.33082364
0.2881,-1.872831228,1.874380091,-0.579549285,0.578117925,2.454453138,-2.45042539
0.28815,-1.93997584,1.941448969,-0.637503389,0.63612119,2.579581776,-2.575467612
0.2882,-2.008658735,2.010053724,-0.699225479,0.69789687,2.71002002,-2.705814789
0.28825,-2.078618441,2.079932833,-0.764834402,0.763564093,2.845625455,-2.841324315
0.2883,-2.149617851,2.150849152,-0.834411898,0.833204886,2.986242929,-2.981840857
0.28835,-2.22144385,2.222589533,-0.908005548,0.90686712,3.131707128,-3.127198924
0.2884,-2.236113577,2.237171449,-0.959816333,0.958751567,3.191603358,-3.18703702
0.28845,-2.165941492,2.166913394,-0.979092828,0.978103717,3.147315503,-3.142759251
0.2885,-2.107219851,2.108108335,-0.995009141,0.994096733,3.104434436,-3.099888249
0.28855,-2.056856778,2.057664164,-1.007854895,1.007020269,3.066910549,-3.062374404
0.2886,-1.964505012,1.965201371,-1.006881443,1.006125977,2.980170665,-2.975644541
0.28865,-1.84547024,1.846020713,-0.971456956,0.970778991,2.819054279,-2.814538153
0.2887,-1.716947488,1.717362339,-0.956018446,0.955416319,2.675125487,-2.670619336
0.28875,-1.587952155,1.588240972,-0.954550372,0.954022658,2.544631181,-2.540134984
0.2888,-1.471907838,1.472079443,-0.95068624,0.95023165,2.424695718,-2.420209452
0.28885,-1.376340275,1.376402633,-0.935888138,0.935505404,2.314306403,-2.309830047
0.2889,-1.298113692,1.298073919,-0.914182934,0.913870809,2.214353911,-2.209887443
0.28895,-1.228512279,1.228376731,-0.895542112,0.895299474,2.126093599,-2.121636996
0.289,-1.161230181,1.161004575,-0.886681693,0.886507661,2.049935434,-2.045488676
0.28905,-1.09624035,1.095929826,-0.887166058,0.887060052,1.985416611,-1.980979675
0.2891,-1.037772219,1.037381354,-0.892104213,0.892065947,1.931875435,-1.927448299
0.28915,-0.989614405,0.989147197,-0.897375745,0.8974052,1.888979952,-1.884562595
0.2892,-0.952025284,0.951485165,-0.902732356,0.902829777,1.856740091,-1.852332491
0.28925,-0.922105624,0.921495506,-0.911122521,0.911288453,1.835204985,-1.83080712
0.2893,-0.896415188,0.895737525,-0.92584829,0.926083631,1.824236392,-1.819848242
0.28935,-0.873309726,0.872566577,-0.948258971,0.948565015,1.823539373,-1.819160916
0.2894,-0.853357505,0.852550571,-0.977503914,0.977882371,1.832831574,-1.828462787
0.28945,-0.838023748,0.837154391,-1.011943772,1.012396771,1.851938909,-1.847579773
0.2895,-0.828023174,0.827092441,-1.050739823,1.051269913,1.88073743,-1.876387922
0.28955,-0.822630553,0.821639201,-1.094420607,1.095030769,1.919030516,-1.914690615
0.2896,-0.820225083,0.819173626,-1.144285342,1.144979011,1.966496689,-1.962166374
0.28965,-0.819376914,0.818265667,-1.201382383,1.202163473,2.022754593,-2.018433844
0.2897,-0.819546101,0.81837522,-1.265920422,1.266793341,2.087473145,-2.08316194
0.28975,-0.820960183,0.819729696,-1.337438264,1.338407923,2.160418874,-2.156117192
0.2898,-0.823944149,0.82265398,-1.41542025,1.416492063,2.241401312,-2.237109131
0.28985,-0.828330739,0.826980735,-1.499787823,1.50096771,2.330174854,-2.325892154
0.2899,-0.833388068,0.831978029,-1.590923358,1.592217755,2.426390225,-2.422116986
0.28995,-0.838215217,0.83674493,-1.689316354,1.690732214,2.529636258,-2.525372457
0.29,-0.84220036,0.840669632,-1.795193503,1.796738308,2.639528092,-2.63527371
0.29005,-0.845162881,0.843571567,-1.908428836,1.910110599,2.755759434,-2.751514449
0.2901,-0.847124975,0.845472999,-2.028745098,2.030572354,2.878075517,-2.873839909
0.29015,-0.84797179,0.84625917,-2.15597978,2.15796159,3.006199291,-3.001973039
0.2902,-0.833891222,0.832117839,-2.237858797,2.239966976,3.080632149,-3.076415234
0.29025,-0.786523319,0.784691836,-2.280001305,2.28219044,3.068795589,-3.064587989
0.2903,-0.757306104,0.755419075,-2.309111325,2.311382339,3.068764262,-3.064565956
0.29035,-0.742643627,0.740703331,-2.332787299,2.335141187,3.077787815,-3.073598783
0.2904,-0.706438572,0.704447603,-2.301883054,2.304320577,3.004059095,-2.999929309
0.29045,-0.639250899,0.637214138,-2.189944548,2.192462323,2.831508163,-2.827498213
0.2905,-0.563428908,0.56135177,-2.095571311,2.09816524,2.661206969,-2.65731003
0.29055,-0.489012576,0.486900141,-2.008792022,2.011458249,2.499976671,-2.49618631
0.2906,-0.427816592,0.425673503,-1.921729121,1.924463988,2.351686502,-2.347996703
0.29065,-0.381537022,0.379367431,-1.833484387,1.836284412,2.217134042,-2.21353921
0.2907,-0.343106468,0.340914086,-1.748788114,1.751650007,2.093981861,-2.090476814
0.29075,-0.304671077,0.302459282,-1.672563681,1.675484374,1.979299235,-1.97587918
0.2908,-0.263761825,0.261533741,-1.606112602,1.609089273,1.871918463,-1.868578978
0.29085,-0.223394572,0.221153088,-1.54734551,1.550375581,1.772765862,-1.76950289
0.2909,-0.187915293,0.185663046,-1.493524195,1.496605323,1.683449008,-1.68025885
0.29095,-0.159071367,0.156810733,-1.443607997,1.446738069,1.604674423,-1.601553742
0.291,-0.13519488,0.132927989,-1.398581121,1.401758254,1.535758216,-1.532704028
0.29105,-0.113162595,0.110891386,-1.360175718,1.363398271,1.475309155,-1.472318814
0.2911,-0.090860466,0.088586729,-1.329443756,1.332710338,1.422265053,-1.419336236
0.29115,-0.068209628,0.065935044,-1.306260372,1.309569848,1.376422098,-1.373552794
0.2912,-0.046434801,0.04416095,-1.289817682,1.293169171,1.338197051,-1.335385553
0.29125,-0.026607041,0.024335418,-1.279445466,1.282838339,1.307990684,-1.30523558
0.2913,-0.008704121,0.006436145,-1.275077427,1.278511305,1.285714416,-1.283014582
0.29135,0.008318539,-0.010554434,-1.277151902,1.28062666,1.270773471,-1.268128062
0.2914,0.025641048,-0.027870635,-1.286149833,1.289665599,1.262447625,-1.259856059
0.29145,0.044020691,-0.046242608,-1.302292626,1.305849788,1.260208585,-1.257670531
0.2915,0.063499834,-0.065712686,-1.325446709,1.32904591,1.263882365,-1.261397734
0.29155,0.083770059,-0.085972399,-1.355324271,1.35896641,1.273489644,-1.271058578
0.2916,0.10466408,-0.1068544,-1.391717921,1.395404149,1.288990365,-1.286613224
0.29165,0.126417872,-0.128594581,-1.434605803,1.438337523,1.310126758,-1.307804115
0.2917,0.149576829,-0.151738234,-1.484090427,1.487869291,1.336456014,-1.33418864
0.29175,0.174700203,-0.176844491,-1.540260944,1.544088851,1.367508123,-1.365296977
0.2918,0.202121331,-0.204246547,-1.603096667,1.606975764,1.402929169,-1.400775383
0.29185,0.231919938,-0.234023969,-1.67246827,1.676400946,1.442510218,-1.440415091
0.2919,0.264075876,-0.26615644,-1.748209197,1.752198078,1.486104988,-1.484069971
0.29195,0.298651419,-0.300706047,-1.830187643,1.834235592,1.533519541,-1.531546228
0.292,0.335863277,-0.337889306,-1.918327582,1.922437695,1.584461287,-1.582551407
0.29205,0.376016329,-0.378010885,-2.012577424,2.01675302,1.638573915,-1.636729316
0.2921,0.419378591,-0.421338576,-2.112863275,2.117107898,1.695515681,-1.693738325
0.29215,0.466103735,-0.468025815,-2.219065657,2.22338307,1.755013615,-1.753305562
0.2922,0.516249645,-0.518130243,-2.331031296,2.335425472,1.816856739,-1.815220141
0.29225,0.569858523,-0.571693805,-2.448602313,2.453077435,1.880845166,-1.879282254
0.2923,0.627023339,-0.628809212,-2.571636284,2.576196736,1.946743696,-1.945256773
0.29235,0.687890911,-0.68962301,-2.700004204,2.704654565,2.014276709,-2.012868139
0.2924,0.752611947,-0.754285632,-2.833573922,2.838318961,2.083161553,-2.081833751
0.29245,0.821289533,-0.82289988,-2.972196402,2.977041073,2.153146319,-2.151901743
0.2925,0.89396932,-0.895511117,-3.115705697,3.120655132,2.224019625,-2.222860767
0.29255,0.945122486,-0.946590727,-3.173861192,3.178867534,2.23764952,-2.236578541
0.2926,0.964162852,-0.965555582,-3.128126537,3.133121821,2.166245791,-2.16526081
0.29265,0.97966923,-0.98098543,-3.083762796,3.088747045,2.106434067,-2.10553249
0.2927,0.992005968,-0.993244596,-3.044746267,3.049719506,2.055073446,-2.054252916
0.29275,0.990603514,-0.991763229,-2.956365653,2.961327907,1.961467531,-1.960757883
0.2928,0.954916062,-0.955998554,-2.793335762,2.798287054,1.840703371,-1.840139296
0.29285,0.939200582,-0.940207546,-2.647571549,2.652511905,1.710551985,-1.71012311
0.2929,0.937295834,-0.938228732,-2.515273132,2.520202575,1.58012725,-1.579823883
0.29295,0.932771615,-0.933631782,-2.393507012,2.398425566,1.462857977,-1.462671204
0.293,0.917178364,-0.91796712,-2.281249979,2.286157668,1.366170198,-1.366091964
0.29305,0.894679608,-0.895398257,-2.179425152,2.184322002,1.286823089,-1.2868462
0.2931,0.875295786,-0.875945514,-2.089325197,2.09421123,1.216088552,-1.216206575
0.29315,0.865676092,-0.866257845,-2.011374878,2.016250118,1.147741953,-1.147949105
0.2932,0.865285172,-0.865799602,-1.945103432,1.949967904,1.081847742,-1.082138819
0.29325,0.869193644,-0.869641114,-1.889834257,1.894687984,1.022658555,-1.023028929
0.2933,0.873324972,-0.873705584,-1.845228154,1.85007116,0.973911566,-0.974357192
0.29335,0.877504694,-0.877818289,-1.81129979,1.816132099,0.935795749,-0.936313156
0.2934,0.884721458,-0.884967581,-1.788110404,1.792932039,0.905383579,-0.905969824
0.29345,0.898263903,-0.898441751,-1.775533804,1.780344789,0.879260168,-0.879912772
0.2935,0.919442572,-0.919550947,-1.77328178,1.778082138,0.855826757,-0.856543641
0.29355,0.947383298,-0.947420591,-1.781072309,1.785862064,0.835675515,-0.836454968
0.2936,0.980455705,-0.98041989,-1.798728089,1.803507265,0.820259552,-0.821100207
0.29365,1.017849319,-1.017737954,-1.82612297,1.830891589,0.810263237,-0.81116405
0.2937,1.060115783,-1.059925995,-1.863062346,1.867820432,0.804940389,-0.805900611
0.29375,1.108559394,-1.108287858,-1.909230694,1.91397827,0.80267129,-0.803690422
0.2938,1.164221177,-1.16386409,-1.964253286,1.968990375,0.802040322,-0.803118072
0.29385,1.227304039,-1.226857106,-2.027802748,2.032529374,0.802517369,-0.803653607
0.2939,1.297350709,-1.296809134,-2.099645382,2.104361568,0.804326187,-0.80552092
0.29395,1.373856347,-1.37321483,-2.179588718,2.184294486,0.807779344,-0.809032685
0.294,1.456752087,-1.456004821,-2.2673866,2.272081974,0.812699758,-0.814011906
0.29405,1.54642444,-1.545565107,-2.36269202,2.367377023,0.818354146,-0.81972535
0.2941,1.643363775,-1.642385534,-2.465097369,2.469772023,0.823844777,-0.825275305
0.29415,1.747799351,-1.746694833,-2.574219891,2.578884219,0.828559911,-0.830050016
0.2942,1.859611264,-1.858372571,-2.689752694,2.694406719,0.832312843,-0.833862734
0.29425,1.978529111,-1.977147816,-2.811439039,2.816082783,0.835117538,-0.836727357
0.2943,2.104394488,-2.102861643,-2.939000896,2.943634383,0.836854672,-0.838524476
0.29435,2.185182308,-2.183525309,-3.01305888,3.017682132,0.823545433,-0.825275412
0.2944,2.226733803,-2.224996934,-3.001075024,3.005688063,0.776634066,-0.778421607
0.29445,2.25524184,-2.253424205,-3.000857256,3.005460105,0.747848673,-0.749691266
0.2945,2.278245632,-2.276346261,-3.009699752,3.014292434,0.733696864,-0.735592275
0.29455,2.24667083,-2.244688988,-2.935786973,2.940320567,0.697951722,-0.699897404
0.2946,2.134159842,-2.132098931,-2.762971687,2.767386984,0.63098717,-0.63297826
0.29465,2.039208459,-2.037072598,-2.592476844,2.596780682,0.5554728,-0.557503899
0.2947,1.951930128,-1.949723192,-2.431036311,2.435235132,0.481276042,-0.483342089
0.29475,1.864434917,-1.862160584,-2.282472929,2.286572759,0.420176907,-0.42227328
0.2948,1.775712396,-1.773374171,-2.14763258,2.151639023,0.374031233,-0.376153803
0.29485,1.69039456,-1.687995754,-2.024265138,2.028183384,0.335956561,-0.338101647
0.2949,1.613419044,-1.610962747,-1.909474965,1.913309813,0.298119366,-0.300283621
0.29495,1.546197629,-1.543686688,-1.802046868,1.805802745,0.257892478,-0.260072818
0.295,1.486743455,-1.484180474,-1.702829985,1.706510952,0.218111716,-0.220305293
0.29505,1.432327886,-1.42971523,-1.613400506,1.617010264,0.183081718,-0.185285936
0.2951,1.38183252,-1.379172328,-1.534505045,1.538046931,0.154667299,-0.156879829
0.29515,1.336154263,-1.333448441,-1.465530914,1.469007914,0.131358684,-0.133577441
0.2952,1.297001763,-1.294251978,-1.40512659,1.40854135,0.11009555,-0.112318649
0.29525,1.265477323,-1.262684992,-1.352209268,1.355564106,0.088692677,-0.090918383
0.2953,1.2415306,-1.238696883,-1.306518689,1.309815611,0.066940061,-0.069166755
0.29535,1.22439316,-1.221518963,-1.268429865,1.271670574,0.045981078,-0.048207238
0.2954,1.213377662,-1.210463639,-1.238348678,1.241534578,0.02690888,-0.029133076
0.29545,1.208369301,-1.205415856,-1.216229333,1.219361539,0.009792419,-0.012013296
0.2955,1.209762227,-1.206769508,-1.201528251,1.204607599,-0.006305221,0.004097987
0.29555,1.21806464,-1.215032543,-1.193510117,1.196537178,-0.022625676,0.020424323
0.2956,1.233508177,-1.230436338,-1.191644013,1.194619103,-0.039937789,0.037743607
0.29565,1.255996282,-1.25288408,-1.195717837,1.198641031,-0.058353592,0.056167902
0.2957,1.285255956,-1.282102515,-1.205731978,1.208603119,-0.077599601,0.075423773
0.29575,1.321070137,-1.317874326,-1.22165426,1.224472968,-0.097490884,0.09532635
0.2958,1.363396345,-1.360156782,-1.243253114,1.246018798,-0.118216471,0.116064744
0.29585,1.412324293,-1.409039345,-1.27010768,1.272819549,-0.140286858,0.138149551
0.2959,1.467947361,-1.464615148,-1.301749255,1.304406328,-0.164264041,0.162142886
0.29595,1.530260859,-1.526879252,-1.337806044,1.340407164,-0.190515016,0.188411886
0.296,1.599150267,-1.595716895,-1.378047936,1.380591781,-0.21915526,0.217072185
0.29605,1.674453121,-1.670965371,-1.422320402,1.424805494,-0.250176707,0.248115888
0.2961,1.756031301,-1.752486325,-1.470438212,1.472862929,-0.283626331,0.281590153
0.29615,1.843800033,-1.840194749,-1.522124667,1.524487253,-0.319695909,0.317686953
0.2962,1.937704653,-1.934035753,-1.577032326,1.579330901,-0.358678061,0.356699117
0.29625,2.037675919,-2.03393987,-1.634814417,1.63704699,-0.40085015,0.398904233
0.2963,2.143602328,-2.139795378,-1.695184081,1.697348558,-0.446387353,0.444477714
0.29635,2.255335718,-2.251453899,-1.757919075,1.760013272,-0.495363567,0.493493702
0.2964,2.372717717,-2.368756856,-1.822818698,1.82484035,-0.547820933,0.545994593
0.29645,2.495602002,-2.49155772,-1.88965552,1.891602288,-0.603840358,0.602061556
0.2965,2.623856664,-2.619724385,-1.958161405,1.96003089,-0.663557866,0.661830887
0.29655,2.757350227,-2.753125186,-2.028053346,2.029843096,-0.727124783,0.725454188
0.2966,2.895936889,-2.891614132,-2.099071371,2.100778889,-0.794655063,0.793045698
0.29665,3.039453431,-3.035027829,-2.170995171,2.172617929,-0.866205579,0.864662581
0.2967,3.097687796,-3.093205869,-2.18558924,2.187125037,-0.916431818,0.914960118
0.29675,3.052133319,-3.047661293,-2.114944307,2.116394993,-0.934915238,0.933516751
0.2968,3.007951077,-3.003488929,-2.055867331,2.057235471,-0.949886436,0.948562144
0.29685,2.969101726,-2.964649435,-2.005292695,2.006580619,-0.961619045,0.960369955
0.2969,2.936642701,-2.932200245,-1.959118813,1.960328645,-0.975339726,0.974166906
0.29695,2.855735148,-2.851302505,-1.868861297,1.8699645,-0.978102789,0.977007664
0.297,2.7005811,-2.696158249,-1.753420587,1.754384054,-0.945044123,0.944025053
0.29705,2.561933093,-2.557520011,-1.630762645,1.631596213,-0.929019344,0.92807467
0.2971,2.436395199,-2.431991865,-1.508933231,1.509646052,-0.925339744,0.924468027
0.29715,2.321585444,-2.317191836,-1.399327724,1.399928192,-0.920160709,0.919360654
0.2972,2.216648118,-2.212264215,-1.308457884,1.308953565,-0.906115261,0.905385622
0.29725,2.122288327,-2.117914107,-1.233777294,1.234174932,-0.886455312,0.885794895
0.2973,2.039517219,-2.035152662,-1.167822403,1.168128005,-0.86965586,0.869063614
0.29735,1.968660029,-1.964305113,-1.104973719,1.105192658,-0.861661823,0.861136942
0.2974,1.909324604,-1.904979307,-1.044903703,1.045040786,-0.862408721,0.8619507
0.29745,1.860947742,-1.856612043,-0.991054644,0.991114122,-0.86789119,0.867499828
0.2975,1.823229132,-1.81890301,-0.946700259,0.94668583,-0.874535338,0.874210715
0.29755,1.796143521,-1.791826955,-0.912196982,0.912111796,-0.881959609,0.881702089
0.2976,1.779692803,-1.775385771,-0.885124725,0.884971433,-0.892586077,0.892396339
0.29765,1.773719466,-1.769421948,-0.862432998,0.862213807,-0.909307764,0.909186846
0.2977,1.77793367,-1.773645644,-0.842495695,0.84221243,-0.933460923,0.933410267
0.29775,1.792057695,-1.787779141,-0.825603228,0.82525737,-0.964477385,0.964498853
0.2978,1.815908842,-1.811639739,-0.812932582,0.812525289,-1.000997413,1.001093296
0.29785,1.849349294,-1.845089621,-0.805125032,0.804657164,-1.042241849,1.04241487
0.2979,1.892176919,-1.887926654,-0.801604106,0.801076254,-1.088584944,1.088838268
0.29795,1.944075213,-1.939834336,-0.800955698,0.800368225,-1.141124186,1.141461439
0.298,2.004667449,-2.000435939,-0.80184404,0.801197121,-1.200818469,1.201243759
0.29805,2.073615893,-2.06939373,-0.80366582,0.802959489,-1.267933189,1.268451125
0.2981,2.150670193,-2.146457357,-0.80651499,0.805749164,-1.342123849,1.342739547
0.29815,2.235624605,-2.231421074,-0.810635542,0.809810051,-1.422940501,1.423659585
0.2982,2.328230444,-2.324036198,-0.815886948,0.815001561,-1.510274763,1.511103369
0.29825,2.428146706,-2.423961725,-0.82163037,0.820684823,-1.604424228,1.605369009
0.2983,2.534970858,-2.530795121,-0.827039174,0.826033201,-1.705812736,1.706880868
0.29835,2.648316683,-2.64415017,-0.831505309,0.830438678,-1.814661838,1.815861028
0.2984,2.767866369,-2.763709059,-0.834798124,0.833670663,-1.93088408,1.932222561
0.29845,2.893352965,-2.889204839,-0.836893789,0.835705407,-2.054236036,2.055722572
0.2985,2.965673127,-2.961534164,-0.82391083,0.822661294,-2.132907386,2.134515231
0.29855,2.952409787,-2.948279967,-0.777156361,0.775848275,-2.173011284,2.174697156
0.2986,2.950883915,-2.946763218,-0.748566093,0.747201956,-2.200001481,2.201766225
0.29865,2.958435665,-2.95432407,-0.734724095,0.733306125,-2.221386914,2.223231447
0.2987,2.970670639,-2.966568126,-0.719716761,0.718247017,-2.248619237,2.250544605
0.29875,2.897245584,-2.89320039,-0.673773915,0.672254925,-2.227755736,2.229762801
0.2988,2.725975203,-2.722045672,-0.600565417,0.599002001,-2.123116751,2.125202237
0.29885,2.559857062,-2.556036517,-0.528292844,0.526690281,-2.029375399,2.031535285
0.2989,2.404753399,-2.401035571,-0.463172315,0.461535467,-1.939425359,1.941655838
0.29895,2.262094117,-2.258473153,-0.409408621,0.407741897,-1.850559647,1.852857106
0.299,2.13121973,-2.127690192,-0.364782003,0.363089369,-1.764338767,1.766699783
0.29905,2.010275228,-2.006832078,-0.324075764,0.322360808,-1.684124686,1.686546048
0.2991,1.897852583,-1.894491165,-0.283816835,0.282082838,-1.611982674,1.6144614
0.29915,1.793842912,-1.790558945,-0.244212241,0.242462217,-1.547597025,1.550130373
0.2992,1.699037625,-1.695827191,-0.207667365,0.20590407,-1.489353959,1.491939422
0.29925,1.614127949,-1.610987494,-0.176078973,0.174304903,-1.436048131,1.438683436
0.2993,1.539034403,-1.53596073,-0.149314611,0.147532015,-1.387732701,1.390415806
0.29935,1.472985738,-1.469975992,-0.125644127,0.123855039,-1.345366731,1.348095834
0.2994,1.415089942,-1.412141605,-0.103217608,0.101423887,-1.309908255,1.312681798
0.29945,1.364846671,-1.361957544,-0.081205739,0.079409104,-1.281686347,1.284503025
0.2995,1.322240912,-1.319409108,-0.059883627,0.058085685,-1.260410974,1.263269733
0.29955,1.287457005,-1.284680938,-0.039906966,0.038109222,-1.245610857,1.248510897
0.2996,1.260515385,-1.257793763,-0.021524855,0.019728734,-1.237057393,1.239998166
0.29965,1.241111471,-1.238443285,-0.004300026,0.002506889,-1.234883316,1.237864526
0.2997,1.228721413,-1.226105928,0.012594636,-0.014416038,-1.239407696,1.242429303
0.29975,1.222838563,-1.220275304,0.02994122,-0.031756922,-1.250874889,1.25393711
0.2998,1.223129675,-1.220618416,0.048097819,-0.049906486,-1.269324545,1.272427851
0.29985,1.229444478,-1.22698523,0.067078327,-0.06887859,-1.294620752,1.297765873
0.2999,1.241683992,-1.239276994,0.086812115,-0.088602548,-1.326593865,1.329781785
0.29995,1.259662498,-1.257308208,0.107397085,-0.109176193,-1.365156014,1.368387969
0.3,1.283060673,-1.280759755,0.129165468,-0.130931665,-1.410320042,1.41359752
0.30005,1.311482872,-1.309236184,0.152563707,-0.154315298,-1.462136662,1.4654614
0.3001,1.344555796,-1.342364379,0.177975622,-0.179710783,-1.520616297,1.523990282
0.30015,1.38199004,-1.37985511,0.205625832,-0.207342593,-1.585694057,1.589119518
0.3002,1.423568751,-1.421491681,0.235611814,-0.237308043,-1.657250439,1.660729849
0.30025,1.469086922,-1.467069239,0.26801151,-0.269684899,-1.73515825,1.73869432
0.3003,1.518295683,-1.516339052,0.30297224,-0.304620291,-1.819315795,1.822911471
0.30035,1.570891638,-1.568997853,0.340721129,-0.342341142,-1.909646653,1.91330511
0.3004,1.626550683,-1.624721657,0.381506907,-0.383095966,-2.006075287,2.009799926
0.30045,1.684972878,-1.683210632,0.425530775,-0.427085736,-2.108502788,2.112297234
0.3005,1.745902769,-1.74420942,0.472919996,-0.474437476,-2.216800784,2.220668877
0.30055,1.809114513,-1.807492266,0.523754964,-0.525231329,-2.33082364,2.334769432
0.3006,1.874380091,-1.872831228,0.578117925,-0.579549285,-2.45042539,2.454453139
0.30065,1.94144897,-1.939975841,0.63612119,-0.637503389,-2.575467613,2.579581776
0.3007,2.010053724,-2.008658736,0.697896871,-0.699225479,-2.705814789,2.710020021
0.30075,2.079932834,-2.078618442,0.763564094,-0.764834402,-2.841324315,2.845625455
0.3008,2.150849152,-2.149617851,0.833204886,-0.834411898,-2.981840857,2.98624293
0.30085,2.222589534,-2.22144385,0.90686712,-0.908005549,-3.127198924,3.131707128
0.3009,2.23717145,-2.236113577,0.958751567,-0.959816333,-3.18703702,3.191603359
0.30095,2.166913394,-2.165941492,0.978103717,-0.979092828,-3.142759251,3.147315503
0.301,2.108108335,-2.107219852,0.994096733,-0.995009141,-3.099888249,3.104434436
0.30105,2.057664164,-2.056856778,1.007020269,-1.007854895,-3.062374404,3.066910549
0.3011,1.965201371,-1.964505012,1.006125978,-1.006881443,-2.975644541,2.980170666
0.30115,1.846020713,-1.84547024,0.970778992,-0.971456956,-2.814538153,2.81905428
0.3012,1.717362339,-1.716947488,0.955416319,-0.956018446,-2.670619336,2.675125487
0.30125,1.588240972,-1.587952155,0.954022659,-0.954550372,-2.540134984,2.544631182
0.3013,1.472079443,-1.471907838,0.95023165,-0.95068624,-2.420209453,2.424695719
0.30135,1.376402634,-1.376340275,0.935505404,-0.935888138,-2.309830048,2.314306404
0.3014,1.298073919,-1.298113692,0.913870809,-0.914182934,-2.209887443,2.214353912
0.30145,1.228376731,-1.228512279,0.895299474,-0.895542112,-2.121636997,2.126093599
0.3015,1.161004575,-1.161230181,0.886507662,-0.886681693,-2.045488676,2.049935435
0.30155,1.095929826,-1.09624035,0.887060052,-0.887166058,-1.980979675,1.985416612
0.3016,1.037381354,-1.037772219,0.892065947,-0.892104213,-1.927448299,1.931875435
0.30165,0.989147197,-0.989614405,0.8974052,-0.897375746,-1.884562595,1.888979953
0.3017,0.951485166,-0.952025284,0.902829777,-0.902732356,-1.852332492,1.856740091
0.30175,0.921495506,-0.922105624,0.911288454,-0.911122522,-1.830807121,1.835204985
0.3018,0.895737525,-0.896415188,0.926083631,-0.92584829,-1.819848242,1.824236392
0.30185,0.872566577,-0.873309726,0.948565015,-0.948258971,-1.819160916,1.823539374
0.3019,0.852550571,-0.853357505,0.977882372,-0.977503914,-1.828462788,1.832831574
0.30195,0.837154391,-0.838023748,1.012396771,-1.011943772,-1.847579774,1.85193891
0.302,0.827092441,-0.828023175,1.051269913,-1.050739823,-1.876387922,1.88073743
0.30205,0.821639202,-0.822630553,1.095030769,-1.094420608,-1.914690616,1.919030516
0.3021,0.819173626,-0.820225083,1.144979012,-1.144285343,-1.962166375,1.966496689
0.30215,0.818265667,-0.819376914,1.202163473,-1.201382383,-2.018433844,2.022754593
0.3022,0.81837522,-0.819546101,1.266793341,-1.265920422,-2.08316194,2.087473145
0.30225,0.819729696,-0.820960183,1.338407923,-1.337438264,-2.156117192,2.160418874
0.3023,0.82265398,-0.823944149,1.416492063,-1.415420251,-2.237109131,2.241401312
0.30235,0.826980735,-0.828330739,1.500967711,-1.499787823,-2.325892154,2.330174854
0.3024,0.831978029,-0.833388068,1.592217755,-1.590923359,-2.422116986,2.426390226
0.30245,0.83674493,-0.838215217,1.690732214,-1.689316354,-2.525372457,2.529636258
0.3025,0.840669632,-0.84220036,1.796738308,-1.795193503,-2.63527371,2.639528093
0.30255,0.843571567,-0.845162881,1.910110599,-1.908428837,-2.751514449,2.755759434
0.3026,0.845472999,-0.847124975,2.030572354,-2.028745098,-2.873839909,2.878075517
0.30265,0.84625917,-0.84797179,2.15796159,-2.15597978,-3.001973039,3.006199291
0.3027,0.832117839,-0.833891222,2.239966976,-2.237858798,-3.076415234,3.08063215
0.30275,0.784691836,-0.786523319,2.28219044,-2.280001305,-3.064587989,3.06879559
0.3028,0.755419075,-0.757306104,2.311382339,-2.309111326,-3.064565957,3.068764263
0.30285,0.740703332,-0.742643627,2.335141187,-2.332787299,-3.073598783,3.077787815
0.3029,0.704447603,-0.706438573,2.304320577,-2.301883055,-2.999929309,3.004059095
0.30295,0.637214138,-0.639250899,2.192462324,-2.189944548,-2.827498214,2.831508163
0.303,0.56135177,-0.563428908,2.09816524,-2.095571311,-2.65731003,2.661206969
0.30305,0.486900141,-0.489012576,2.011458249,-2.008792023,-2.49618631,2.499976671
0.3031,0.425673503,-0.427816592,1.924463988,-1.921729121,-2.347996703,2.351686502
0.30315,0.379367431,-0.381537022,1.836284412,-1.833484387,-2.213539211,2.217134042
0.3032,0.340914086,-0.343106468,1.751650007,-1.748788114,-2.090476814,2.093981861
0.30325,0.302459283,-0.304671077,1.675484374,-1.672563681,-1.97587918,1.979299235
0.3033,0.261533741,-0.263761825,1.609089273,-1.606112602,-1.868578979,1.871918463
0.30335,0.221153088,-0.223394572,1.550375581,-1.547345511,-1.76950289,1.772765863
0.3034,0.185663047,-0.187915293,1.496605324,-1.493524195,-1.68025885,1.683449008
0.30345,0.156810733,-0.159071367,1.446738069,-1.443607997,-1.601553743,1.604674423
0.3035,0.132927989,-0.13519488,1.401758254,-1.398581121,-1.532704028,1.535758216
0.30355,0.110891386,-0.113162595,1.363398271,-1.360175718,-1.472318814,1.475309155
0.3036,0.088586729,-0.090860466,1.332710338,-1.329443756,-1.419336236,1.422265053
0.30365,0.065935044,-0.068209628,1.309569848,-1.306260372,-1.373552794,1.376422098
0.3037,0.04416095,-0.046434801,1.293169171,-1.289817682,-1.335385553,1.338197051
0.30375,0.024335418,-0.026607041,1.282838339,-1.279445466,-1.30523558,1.307990684
0.3038,0.006436145,-0.008704121,1.278511305,-1.275077427,-1.283014582,1.285714416
0.30385,-0.010554434,0.008318539,1.28062666,-1.277151902,-1.268128062,1.270773471
0.3039,-0.027870635,0.025641048,1.289665599,-1.286149833,-1.259856059,1.262447625
0.30395,-0.046242608,0.044020691,1.305849788,-1.302292626,-1.257670531,1.260208585
0.304,-0.065712686,0.063499834,1.32904591,-1.325446709,-1.261397734,1.263882365
0.30405,-0.085972399,0.083770059,1.35896641,-1.355324271,-1.271058578,1.273489644
0.3041,-0.1068544,0.10466408,1.395404149,-1.391717921,-1.286613224,1.288990365
0.30415,-0.128594581,0.126417872,1.438337523,-1.434605803,-1.307804115,1.310126758
0.3042,-0.151738234,0.149576829,1.487869291,-1.484090427,-1.33418864,1.336456014
0.30425,-0.176844491,0.174700203,1.544088851,-1.540260944,-1.365296977,1.367508123
0.3043,-0.204246547,0.202121331,1.606975764,-1.603096667,-1.400775383,1.402929169
0.30435,-0.234023969,0.231919938,1.676400945,-1.67246827,-1.44041509,1.442510218
0.3044,-0.26615644,0.264075876,1.752198078,-1.748209197,-1.484069971,1.486104988
0.30445,-0.300706047,0.298651419,1.834235592,-1.830187642,-1.531546228,1.533519541
0.3045,-0.337889306,0.335863277,1.922437695,-1.918327582,-1.582551407,1.584461287
0.30455,-0.378010884,0.376016329,2.01675302,-2.012577424,-1.636729316,1.638573915
0.3046,-0.421338576,0.419378591,2.117107898,-2.112863274,-1.693738324,1.695515681
0.30465,-0.468025815,0.466103734,2.22338307,-2.219065657,-1.753305562,1.755013615
0.3047,-0.518130242,0.516249645,2.335425472,-2.331031295,-1.815220141,1.816856739
0.30475,-0.571693804,0.569858522,2.453077435,-2.448602312,-1.879282254,1.880845166
0.3048,-0.628809212,0.627023339,2.576196736,-2.571636284,-1.945256773,1.946743696
0.30485,-0.68962301,0.687890911,2.704654565,-2.700004204,-2.012868139,2.014276709
0.3049,-0.754285632,0.752611947,2.838318961,-2.833573921,-2.081833751,2.083161553
0.30495,-0.82289988,0.821289533,2.977041073,-2.972196402,-2.151901743,2.153146319
0.305,-0.895511117,0.89396932,3.120655131,-3.115705697,-2.222860767,2.224019625
0.30505,-0.946590727,0.945122485,3.178867533,-3.173861191,-2.236578541,2.23764952
0.3051,-0.965555582,0.964162852,3.13312182,-3.128126537,-2.16526081,2.166245791
0.30515,-0.98098543,0.97966923,3.088747045,-3.083762796,-2.10553249,2.106434066
0.3052,-0.993244596,0.992005968,3.049719506,-3.044746267,-2.054252916,2.055073446
0.30525,-0.991763229,0.990603514,2.961327907,-2.956365653,-1.960757883,1.961467531
0.3053,-0.955998554,0.954916062,2.798287054,-2.793335762,-1.840139296,1.840703371
0.30535,-0.940207546,0.939200582,2.652511904,-2.647571549,-1.710123109,1.710551985
0.3054,-0.938228732,0.937295834,2.520202575,-2.515273132,-1.579823883,1.580127249
0.30545,-0.933631782,0.932771615,2.398425566,-2.393507011,-1.462671203,1.462857977
0.3055,-0.91796712,0.917178364,2.286157668,-2.281249978,-1.366091964,1.366170198
0.30555,-0.895398257,0.894679607,2.184322001,-2.179425152,-1.286846199,1.286823089
0.3056,-0.875945514,0.875295786,2.094211229,-2.089325196,-1.216206574,1.216088551
0.30565,-0.866257845,0.865676092,2.016250118,-2.011374877,-1.147949105,1.147741953
0.3057,-0.865799602,0.865285172,1.949967904,-1.945103432,-1.082138819,1.081847742
0.30575,-0.869641114,0.869193643,1.894687984,-1.889834257,-1.023028929,1.022658554
0.3058,-0.873705584,0.873324971,1.850071159,-1.845228153,-0.974357192,0.973911566
0.30585,-0.877818289,0.877504694,1.816132098,-1.811299789,-0.936313156,0.935795749
0.3059,-0.884967581,0.884721457,1.792932038,-1.788110403,-0.905969824,0.905383578
0.30595,-0.89844175,0.898263902,1.780344788,-1.775533804,-0.879912771,0.879260168
0.306,-0.919550947,0.919442572,1.778082137,-1.773281779,-0.856543641,0.855826757
0.30605,-0.947420591,0.947383298,1.785862063,-1.781072308,-0.836454968,0.835675515
0.3061,-0.98041989,0.980455704,1.803507264,-1.798728089,-0.821100206,0.820259552
0.30615,-1.017737954,1.017849318,1.830891589,-1.82612297,-0.81116405,0.810263237
0.3062,-1.059925995,1.060115782,1.867820431,-1.863062345,-0.80590061,0.804940389
0.30625,-1.108287857,1.108559393,1.913978269,-1.909230693,-0.803690422,0.80267129
0.3063,-1.16386409,1.164221176,1.968990375,-1.964253285,-0.803118072,0.802040322
0.30635,-1.226857106,1.227304038,2.032529373,-2.027802747,-0.803653607,0.802517369
0.3064,-1.296809134,1.297350708,2.104361567,-2.099645382,-0.80552092,0.804326187
0.30645,-1.373214829,1.373856346,2.184294486,-2.179588718,-0.809032685,0.807779343
0.3065,-1.456004821,1.456752087,2.272081973,-2.267386599,-0.814011906,0.812699758
0.30655,-1.545565106,1.546424439,2.367377022,-2.36269202,-0.81972535,0.818354146
0.3066,-1.642385533,1.643363775,2.469772022,-2.465097368,-0.825275305,0.823844777
0.30665,-1.746694832,1.74779935,2.578884219,-2.574219891,-0.830050016,0.828559911
0.3067,-1.858372571,1.859611264,2.694406718,-2.689752693,-0.833862734,0.832312843
0.30675,-1.977147816,1.97852911,2.816082783,-2.811439038,-0.836727357,0.835117537
0.3068,-2.102861642,2.104394487,2.943634382,-2.939000895,-0.838524476,0.836854672
0.30685,-2.183525309,2.185182308,3.017682131,-3.013058879,-0.825275412,0.823545433
0.3069,-2.224996933,2.226733803,3.005688062,-3.001075023,-0.778421607,0.776634066
0.30695,-2.253424204,2.255241839,3.005460104,-3.000857255,-0.749691266,0.747848673
0.307,-2.27634626,2.278245632,3.014292433,-3.009699751,-0.735592274,0.733696864
0.30705,-2.244688987,2.246670829,2.940320567,-2.935786973,-0.699897404,0.697951722
0.3071,-2.132098931,2.134159841,2.767386984,-2.762971686,-0.63297826,0.63098717
0.30715,-2.037072598,2.039208459,2.596780681,-2.592476843,-0.557503899,0.5554728
0.3072,-1.949723192,1.951930128,2.435235131,-2.43103631,-0.483342089,0.481276042
0.30725,-1.862160584,1.864434916,2.286572759,-2.282472928,-0.42227328,0.420176907
0.3073,-1.77337417,1.775712396,2.151639023,-2.147632579,-0.376153803,0.374031233
0.30735,-1.687995753,1.69039456,2.028183384,-2.024265137,-0.338101647,0.335956561
0.3074,-1.610962747,1.613419044,1.913309813,-1.909474964,-0.300283621,0.298119366
0.30745,-1.543686688,1.546197628,1.805802744,-1.802046868,-0.260072818,0.257892478
0.3075,-1.484180473,1.486743454,1.706510952,-1.702829985,-0.220305293,0.218111716
0.30755,-1.42971523,1.432327885,1.617010263,-1.613400506,-0.185285936,0.183081718
0.3076,-1.379172327,1.381832519,1.53804693,-1.534505044,-0.156879829,0.154667299
0.30765,-1.33344844,1.336154262,1.469007914,-1.465530913,-0.133577441,0.131358684
0.3077,-1.294251978,1.297001762,1.408541349,-1.40512659,-0.112318649,0.11009555
0.30775,-1.262684991,1.265477322,1.355564105,-1.352209268,-0.090918383,0.088692677
0.3078,-1.238696883,1.241530599,1.30981561,-1.306518688,-0.069166755,0.066940061
0.30785,-1.221518963,1.224393159,1.271670574,-1.268429865,-0.048207238,0.045981078
0.3079,-1.210463639,1.213377661,1.241534578,-1.238348678,-0.029133076,0.02690888
0.30795,-1.205415855,1.2083693,1.219361538,-1.216229332,-0.012013296,0.009792419
0.308,-1.206769508,1.209762226,1.204607599,-1.20152825,0.004097987,-0.006305221
0.30805,-1.215032542,1.21806464,1.196537177,-1.193510116,0.020424323,-0.022625676
0.3081,-1.230436337,1.233508177,1.194619103,-1.191644013,0.037743607,-0.039937789
0.30815,-1.25288408,1.255996282,1.198641031,-1.195717837,0.056167902,-0.058353592
0.3082,-1.282102514,1.285255955,1.208603118,-1.205731978,0.075423772,-0.077599601
0.30825,-1.317874325,1.321070136,1.224472967,-1.221654259,0.09532635,-0.097490884
0.3083,-1.360156781,1.363396344,1.246018797,-1.243253113,0.116064744,-0.118216471
0.30835,-1.409039344,1.412324292,1.272819548,-1.270107679,0.13814955,-0.140286858
0.3084,-1.464615147,1.46794736,1.304406327,-1.301749254,0.162142885,-0.164264041
0.30845,-1.526879251,1.530260858,1.340407163,-1.337806043,0.188411886,-0.190515016
0.3085,-1.595716894,1.599150266,1.38059178,-1.378047935,0.217072185,-0.21915526
0.30855,-1.67096537,1.67445312,1.424805494,-1.422320402,0.248115888,-0.250176706
0.3086,-1.752486324,1.756031301,1.472862929,-1.470438212,0.281590153,-0.283626331
0.30865,-1.840194749,1.843800033,1.524487252,-1.522124667,0.317686953,-0.319695909
0.3087,-1.934035752,1.937704652,1.5793309,-1.577032325,0.356699117,-0.358678061
0.30875,-2.033939869,2.037675919,1.637046989,-1.634814416,0.398904233,-0.400850149
0.3088,-2.139795377,2.143602327,1.697348557,-1.69518408,0.444477714,-0.446387353
0.30885,-2.251453898,2.255335717,1.760013272,-1.757919074,0.493493702,-0.495363567
0.3089,-2.368756855,2.372717716,1.824840349,-1.822818697,0.545994593,-0.547820933
0.30895,-2.491557719,2.495602002,1.891602288,-1.889655519,0.602061556,-0.603840358
0.309,-2.619724384,2.623856663,1.96003089,-1.958161405,0.661830887,-0.663557866
0.30905,-2.753125185,2.757350226,2.029843095,-2.028053346,0.725454187,-0.727124782
0.3091,-2.891614132,2.895936888,2.100778889,-2.09907137,0.793045698,-0.794655062
0.30915,-3.035027828,3.039453431,2.172617929,-2.170995171,0.864662581,-0.866205578
0.3092,-3.093205868,3.097687795,2.187125036,-2.185589239,0.914960118,-0.916431818
0.30925,-3.047661292,3.052133318,2.116394993,-2.114944306,0.933516751,-0.934915238
0.3093,-3.003488928,3.007951076,2.05723547,-2.05586733,0.948562144,-0.949886435
0.30935,-2.964649434,2.969101726,2.006580619,-2.005292695,0.960369955,-0.961619045
0.3094,-2.932200244,2.9366427,1.960328644,-1.959118813,0.974166906,-0.975339726
0.30945,-2.851302504,2.855735148,1.8699645,-1.868861297,0.977007664,-0.978102789
0.3095,-2.696158248,2.7005811,1.754384054,-1.753420586,0.944025053,-0.945044123
0.30955,-2.55752001,2.561933092,1.631596213,-1.630762645,0.92807467,-0.929019344
0.3096,-2.431991864,2.436395198,1.509646052,-1.508933231,0.924468027,-0.925339744
0.30965,-2.317191835,2.321585443,1.399928191,-1.399327723,0.919360654,-0.920160709
0.3097,-2.212264214,2.216648117,1.308953565,-1.308457884,0.905385622,-0.906115261
0.30975,-2.117914107,2.122288326,1.234174932,-1.233777294,0.885794895,-0.886455312
0.3098,-2.035152662,2.039517219,1.168128004,-1.167822403,0.869063613,-0.869655859
0.30985,-1.964305112,1.968660028,1.105192658,-1.104973718,0.861136941,-0.861661823
0.3099,-1.904979306,1.909324603,1.045040785,-1.044903703,0.8619507,-0.862408721
0.30995,-1.856612042,1.860947741,0.991114122,-0.991054643,0.867499827,-0.86789119
0.31,-1.818903009,1.823229131,0.946685829,-0.946700259,0.874210714,-0.874535337
0.31005,-1.791826954,1.79614352,0.912111796,-0.912196981,0.881702089,-0.881959608
0.3101,-1.77538577,1.779692802,0.884971432,-0.885124725,0.892396338,-0.892586076
0.31015,-1.769421947,1.773719465,0.862213807,-0.862432997,0.909186846,-0.909307763
0.3102,-1.773645644,1.777933669,0.84221243,-0.842495694,0.933410266,-0.933460923
0.31025,-1.78777914,1.792057695,0.82525737,-0.825603228,0.964498852,-0.964477385
0.3103,-1.811639738,1.815908841,0.812525289,-0.812932582,1.001093296,-1.000997413
0.31035,-1.84508962,1.849349294,0.804657164,-0.805125031,1.04241487,-1.042241849
0.3104,-1.887926653,1.892176918,0.801076254,-0.801604106,1.088838268,-1.088584944
0.31045,-1.939834335,1.944075212,0.800368224,-0.800955698,1.141461438,-1.141124186
0.3105,-2.000435939,2.004667448,0.801197121,-0.801844039,1.201243758,-1.200818468
0.31055,-2.06939373,2.073615892,0.802959488,-0.80366582,1.268451125,-1.267933188
0.3106,-2.146457356,2.150670192,0.805749164,-0.80651499,1.342739546,-1.342123848
0.31065,-2.231421074,2.235624604,0.809810051,-0.810635541,1.423659584,-1.422940501
0.3107,-2.324036197,2.328230443,0.815001561,-0.815886948,1.511103369,-1.510274763
0.31075,-2.423961724,2.428146705,0.820684822,-0.82163037,1.605369009,-1.604424228
0.3108,-2.53079512,2.534970857,0.826033201,-0.827039174,1.706880867,-1.705812735
0.31085,-2.644150169,2.648316682,0.830438678,-0.831505309,1.815861027,-1.814661838
0.3109,-2.763709059,2.767866368,0.833670662,-0.834798124,1.932222561,-1.930884079
0.31095,-2.889204838,2.893352964,0.835705407,-0.836893789,2.055722572,-2.054236035
0.311,-2.961534163,2.965673126,0.822661294,-0.82391083,2.134515231,-2.132907386
0.31105,-2.948279966,2.952409786,0.775848275,-0.777156361,2.174697156,-2.173011283
0.3111,-2.946763217,2.950883914,0.747201956,-0.748566093,2.201766224,-2.200001481
0.31115,-2.954324069,2.958435664,0.733306125,-0.734724094,2.223231447,-2.221386913
0.3112,-2.966568126,2.970670638,0.718247017,-0.719716761,2.250544604,-2.248619236
0.31125,-2.893200389,2.897245583,0.672254925,-0.673773915,2.2297628,-2.227755736
0.3113,-2.722045671,2.725975202,0.599002001,-0.600565417,2.125202236,-2.12311675
0.31135,-2.556036517,2.559857061,0.526690281,-0.528292844,2.031535285,-2.029375399
0.3114,-2.40103557,2.404753399,0.461535467,-0.463172315,1.941655837,-1.939425358
0.31145,-2.258473152,2.262094116,0.407741897,-0.40940862,1.852857105,-1.850559646
0.3115,-2.127690191,2.131219729,0.363089369,-0.364782002,1.766699783,-1.764338767
0.31155,-2.006832077,2.010275227,0.322360808,-0.324075764,1.686546047,-1.684124686
0.3116,-1.894491165,1.897852582,0.282082838,-0.283816835,1.6144614,-1.611982674
0.31165,-1.790558944,1.793842911,0.242462217,-0.244212241,1.550130372,-1.547597025
0.3117,-1.69582719,1.699037624,0.20590407,-0.207667365,1.491939421,-1.489353958
0.31175,-1.610987493,1.614127948,0.174304903,-0.176078973,1.438683435,-1.43604813
0.3118,-1.535960729,1.539034403,0.147532015,-0.149314611,1.390415806,-1.3877327
0.31185,-1.469975992,1.472985737,0.123855039,-0.125644126,1.348095834,-1.34536673
0.3119,-1.412141605,1.415089941,0.101423887,-0.103217608,1.312681798,-1.309908254
0.31195,-1.361957544,1.36484667,0.079409104,-0.081205739,1.284503024,-1.281686346
0.312,-1.319409107,1.322240911,0.058085685,-0.059883627,1.263269732,-1.260410973
0.31205,-1.284680938,1.287457005,0.038109222,-0.039906966,1.248510897,-1.245610857
0.3121,-1.257793762,1.260515385,0.019728734,-0.021524855,1.239998165,-1.237057392
0.31215,-1.238443285,1.241111471,0.002506889,-0.004300026,1.237864525,-1.234883315
0.3122,-1.226105927,1.228721412,-0.014416038,0.012594636,1.242429303,-1.239407695
0.31225,-1.220275304,1.222838563,-0.031756921,0.02994122,1.253937109,-1.250874889
0.3123,-1.220618415,1.223129675,-0.049906486,0.048097819,1.272427851,-1.269324544
0.31235,-1.226985229,1.229444478,-0.06887859,0.067078327,1.297765873,-1.294620751
0.3124,-1.239276994,1.241683991,-0.088602548,0.086812115,1.329781784,-1.326593864
0.31245,-1.257308208,1.259662497,-0.109176193,0.107397085,1.368387969,-1.365156014
0.3125,-1.280759755,1.283060673,-0.130931665,0.129165468,1.41359752,-1.410320042
0.31255,-1.309236184,1.311482872,-0.154315298,0.152563707,1.4654614,-1.462136661
0.3126,-1.342364379,1.344555795,-0.179710783,0.177975622,1.523990281,-1.520616297
0.31265,-1.379855109,1.38199004,-0.207342593,0.205625832,1.589119518,-1.585694057
0.3127,-1.421491681,1.42356875,-0.237308043,0.235611814,1.660729849,-1.657250439
0.31275,-1.467069238,1.469086922,-0.269684898,0.26801151,1.738694319,-1.735158249
0.3128,-1.516339051,1.518295683,-0.304620291,0.30297224,1.82291147,-1.819315795
0.31285,-1.568997853,1.570891638,-0.342341142,0.340721129,1.913305109,-1.909646653
0.3129,-1.624721657,1.626550683,-0.383095966,0.381506906,2.009799926,-2.006075286
0.31295,-1.683210632,1.684972878,-0.427085736,0.425530775,2.112297233,-2.108502787
0.313,-1.74420942,1.745902769,-0.474437475,0.472919996,2.220668876,-2.216800783
0.31305,-1.807492266,1.809114512,-0.525231329,0.523754964,2.334769431,-2.33082364
0.3131,-1.872831228,1.874380091,-0.579549285,0.578117925,2.454453138,-2.45042539
0.31315,-1.93997584,1.941448969,-0.637503389,0.63612119,2.579581776,-2.575467612
0.3132,-2.008658735,2.010053724,-0.699225479,0.69789687,2.71002002,-2.705814789
0.31325,-2.078618441,2.079932833,-0.764834402,0.763564093,2.845625455,-2.841324315
0.3133,-2.149617851,2.150849152,-0.834411898,0.833204886,2.986242929,-2.981840857
0.31335,-2.22144385,2.222589533,-0.908005548,0.90686712,3.131707128,-3.127198924
0.3134,-2.236113577,2.237171449,-0.959816333,0.958751567,3.191603358,-3.18703702
0.31345,-2.165941492,2.166913394,-0.979092828,0.978103717,3.147315503,-3.142759251
0.3135,-2.107219851,2.108108335,-0.995009141,0.994096733,3.104434436,-3.099888249
0.31355,-2.056856778,2.057664164,-1.007854895,1.007020269,3.066910549,-3.062374404
0.3136,-1.964505012,1.965201371,-1.006881443,1.006125977,2.980170665,-2.975644541
0.31365,-1.84547024,1.846020713,-0.971456956,0.970778991,2.819054279,-2.814538153
0.3137,-1.716947488,1.717362339,-0.956018446,0.955416319,2.675125487,-2.670619336
0.31375,-1.587952155,1.588240972,-0.954550372,0.954022658,2.544631181,-2.540134984
0.3138,-1.471907838,1.472079443,-0.95068624,0.95023165,2.424695718,-2.420209452
0.31385,-1.376340275,1.376402633,-0.935888138,0.935505404,2.314306403,-2.309830047
0.3139,-1.298113692,1.298073919,-0.914182934,0.913870809,2.214353911,-2.209887443
0.31395,-1.228512279,1.228376731,-0.895542112,0.895299474,2.126093599,-2.121636996
0.314,-1.161230181,1.161004575,-0.886681693,0.886507661,2.049935434,-2.045488676
0.31405,-1.09624035,1.095929826,-0.887166058,0.887060052,1.985416611,-1.980979675
0.3141,-1.037772219,1.037381354,-0.892104213,0.892065947,1.931875435,-1.927448299
0.31415,-0.989614405,0.989147197,-0.897375745,0.8974052,1.888979952,-1.884562595
0.3142,-0.952025284,0.951485165,-0.902732356,0.902829777,1.856740091,-1.852332491
0.31425,-0.922105624,0.921495506,-0.911122521,0.911288453,1.835204985,-1.83080712
0.3143,-0.896415188,0.895737525,-0.92584829,0.926083631,1.824236392,-1.819848242
0.31435,-0.873309726,0.872566577,-0.948258971,0.948565015,1.823539373,-1.819160916
0.3144,-0.853357505,0.852550571,-0.977503914,0.977882371,1.832831574,-1.828462787
0.31445,-0.838023748,0.837154391,-1.011943772,1.012396771,1.851938909,-1.847579773
0.3145,-0.828023174,0.827092441,-1.050739823,1.051269913,1.88073743,-1.876387922
0.31455,-0.822630553,0.821639201,-1.094420607,1.095030769,1.919030516,-1.914690615
0.3146,-0.820225083,0.819173626,-1.144285342,1.144979011,1.966496689,-1.962166374
0.31465,-0.819376914,0.818265667,-1.201382383,1.202163473,2.022754593,-2.018433844
0.3147,-0.819546101,0.81837522,-1.265920422,1.266793341,2.087473145,-2.08316194
0.31475,-0.820960183,0.819729696,-1.337438264,1.338407923,2.160418874,-2.156117192
0.3148,-0.823944149,0.82265398,-1.41542025,1.416492063,2.241401312,-2.237109131
0.31485,-0.828330739,0.826980735,-1.499787823,1.50096771,2.330174854,-2.325892154
0.3149,-0.833388068,0.831978029,-1.590923358,1.592217755,2.426390225,-2.422116986
0.31495,-0.838215217,0.83674493,-1.689316354,1.690732214,2.529636258,-2.525372457
0.315,-0.84220036,0.840669632,-1.795193503,1.796738308,2.639528092,-2.63527371
0.31505,-0.845162881,0.843571567,-1.908428836,1.910110599,2.755759434,-2.751514449
0.3151,-0.847124975,0.845472999,-2.028745098,2.030572354,2.878075517,-2.873839909
0.31515,-0.84797179,0.84625917,-2.15597978,2.15796159,3.006199291,-3.001973039
0.3152,-0.833891222,0.832117839,-2.237858797,2.239966976,3.080632149,-3.076415234
0.31525,-0.786523319,0.784691836,-2.280001305,2.28219044,3.068795589,-3.064587989
0.3153,-0.757306104,0.755419075,-2.309111325,2.311382339,3.068764262,-3.064565956
0.31535,-0.742643627,0.740703331,-2.332787299,2.335141187,3.077787815,-3.073598783
0.3154,-0.706438572,0.704447603,-2.301883054,2.304320577,3.004059095,-2.999929309
0.31545,-0.639250899,0.637214138,-2.189944548,2.192462323,2.831508163,-2.827498213
0.3155,-0.563428908,0.56135177,-2.095571311,2.09816524,2.661206969,-2.65731003
0.31555,-0.489012576,0.486900141,-2.008792022,2.011458249,2.499976671,-2.49618631
0.3156,-0.427816592,0.425673503,-1.921729121,1.924463988,2.351686502,-2.347996703
0.31565,-0.381537022,0.379367431,-1.833484387,1.836284412,2.217134042,-2.21353921
0.3157,-0.343106468,0.340914086,-1.748788114,1.751650007,2.093981861,-2.090476814
0.31575,-0.304671077,0.302459282,-1.672563681,1.675484374,1.979299235,-1.97587918
0.3158,-0.263761825,0.261533741,-1.606112602,1.609089273,1.871918463,-1.868578978
0.31585,-0.223394572,0.221153088,-1.54734551,1.550375581,1.772765862,-1.76950289
0.3159,-0.187915293,0.185663046,-1.493524195,1.496605323,1.683449008,-1.68025885
0.31595,-0.159071367,0.156810733,-1.443607997,1.446738069,1.604674423,-1.601553742
0.316,-0.13519488,0.132927989,-1.398581121,1.401758254,1.535758216,-1.532704028
0.31605,-0.113162595,0.110891386,-1.360175718,1.363398271,1.475309155,-1.472318814
0.3161,-0.090860466,0.088586729,-1.329443756,1.332710338,1.422265053,-1.419336236
0.31615,-0.068209628,0.065935044,-1.306260372,1.309569848,1.376422098,-1.373552794
0.3162,-0.046434801,0.04416095,-1.289817682,1.293169171,1.338197051,-1.335385553
0.31625,-0.026607041,0.024335418,-1.279445466,1.282838339,1.307990684,-1.30523558
0.3163,-0.008704121,0.006436145,-1.275077427,1.278511305,1.285714416,-1.283014582
0.31635,0.008318539,-0.010554434,-1.277151902,1.28062666,1.270773471,-1.268128062
0.3164,0.025641048,-0.027870635,-1.286149833,1.289665599,1.262447625,-1.259856059
0.31645,0.044020691,-0.046242608,-1.302292626,1.305849788,1.260208585,-1.257670531
0.3165,0.063499834,-0.065712686,-1.325446709,1.32904591,1.263882365,-1.261397734
0.31655,0.083770059,-0.085972399,-1.355324271,1.35896641,1.273489644,-1.271058578
0.3166,0.10466408,-0.1068544,-1.391717921,1.395404149,1.288990365,-1.286613224
0.31665,0.126417872,-0.128594581,-1.434605803,1.438337523,1.310126758,-1.307804115
0.3167,0.149576829,-0.151738234,-1.484090427,1.487869291,1.336456014,-1.33418864
0.31675,0.174700203,-0.176844491,-1.540260944,1.544088851,1.367508123,-1.365296977
0.3168,0.202121331,-0.204246547,-1.603096667,1.606975764,1.402929169,-1.400775383
0.31685,0.231919938,-0.234023969,-1.67246827,1.676400946,1.442510218,-1.440415091
0.3169,0.264075876,-0.26615644,-1.748209197,1.752198078,1.486104988,-1.484069971
0.31695,0.298651419,-0.300706047,-1.830187643,1.834235592,1.533519541,-1.531546228
0.317,0.335863277,-0.337889306,-1.918327582,1.922437695,1.584461287,-1.582551407
0.31705,0.376016329,-0.378010885,-2.012577424,2.01675302,1.638573915,-1.636729316
0.3171,0.419378591,-0.421338576,-2.112863275,2.117107898,1.695515681,-1.693738325
0.31715,0.466103735,-0.468025815,-2.219065657,2.22338307,1.755013615,-1.753305562
0.3172,0.516249645,-0.518130243,-2.331031296,2.335425472,1.816856739,-1.815220141
0.31725,0.569858523,-0.571693805,-2.448602313,2.453077435,1.880845166,-1.879282254
0.3173,0.627023339,-0.628809212,-2.571636284,2.576196736,1.946743696,-1.945256773
0.31735,0.687890911,-0.68962301,-2.700004204,2.704654565,2.014276709,-2.012868139
0.3174,0.752611947,-0.754285632,-2.833573922,2.838318961,2.083161553,-2.081833751
0.31745,0.821289533,-0.82289988,-2.972196402,2.977041073,2.153146319,-2.151901743
0.3175,0.89396932,-0.895511117,-3.115705697,3.120655132,2.224019625,-2.222860767
0.31755,0.945122486,-0.946590727,-3.173861192,3.178867534,2.23764952,-2.236578541
0.3176,0.964162852,-0.965555582,-3.128126537,3.133121821,2.166245791,-2.16526081
0.31765,0.97966923,-0.98098543,-3.083762796,3.088747045,2.106434067,-2.10553249
0.3177,0.992005968,-0.993244596,-3.044746267,3.049719506,2.055073446,-2.054252916
0.31775,0.990603514,-0.991763229,-2.956365653,2.961327907,1.961467531,-1.960757883
0.3178,0.954916062,-0.955998554,-2.793335762,2.798287054,1.840703371,-1.840139296
0.31785,0.939200582,-0.940207546,-2.647571549,2.652511905,1.710551985,-1.71012311
0.3179,0.937295834,-0.938228732,-2.515273132,2.520202575,1.58012725,-1.579823883
0.31795,0.932771615,-0.933631782,-2.393507012,2.398425566,1.462857977,-1.462671204
0.318,0.917178364,-0.91796712,-2.281249979,2.286157668,1.366170198,-1.366091964
0.31805,0.894679608,-0.895398257,-2.179425152,2.184322002,1.286823089,-1.2868462
0.3181,0.875295786,-0.875945514,-2.089325197,2.09421123,1.216088552,-1.216206575
0.31815,0.865676092,-0.866257845,-2.011374878,2.016250118,1.147741953,-1.147949105
0.3182,0.865285172,-0.865799602,-1.945103432,1.949967904,1.081847742,-1.082138819
0.31825,0.869193644,-0.869641114,-1.889834257,1.894687984,1.022658555,-1.023028929
0.3183,0.873324972,-0.873705584,-1.845228154,1.85007116,0.973911566,-0.974357192
0.31835,0.877504694,-0.877818289,-1.81129979,1.816132099,0.935795749,-0.936313156
0.3184,0.884721458,-0.884967581,-1.788110404,1.792932039,0.905383579,-0.905969824
0.31845,0.898263903,-0.898441751,-1.775533804,1.780344789,0.879260168,-0.879912772
0.3185,0.919442572,-0.919550947,-1.77328178,1.778082138,0.855826757,-0.856543641
0.31855,0.947383298,-0.947420591,-1.781072309,1.785862064,0.835675515,-0.836454968
0.3186,0.980455705,-0.98041989,-1.798728089,1.803507265,0.820259552,-0.821100207
0.31865,1.017849319,-1.017737954,-1.82612297,1.830891589,0.810263237,-0.81116405
0.3187,1.060115783,-1.059925995,-1.863062346,1.867820432,0.804940389,-0.805900611
0.31875,1.108559394,-1.108287858,-1.909230694,1.91397827,0.80267129,-0.803690422
0.3188,1.164221177,-1.16386409,-1.964253286,1.968990375,0.802040322,-0.803118072
0.31885,1.227304039,-1.226857106,-2.027802748,2.032529374,0.802517369,-0.803653607
0.3189,1.297350709,-1.296809134,-2.099645382,2.104361568,0.804326187,-0.80552092
0.31895,1.373856347,-1.37321483,-2.179588718,2.184294486,0.807779344,-0.809032685
0.319,1.456752087,-1.456004821,-2.2673866,2.272081974,0.812699758,-0.814011906
0.31905,1.54642444,-1.545565107,-2.36269202,2.367377023,0.818354146,-0.81972535
0.3191,1.643363775,-1.642385534,-2.465097369,2.469772023,0.823844777,-0.825275305
0.31915,1.747799351,-1.746694833,-2.574219891,2.578884219,0.828559911,-0.830050016
0.3192,1.859611264,-1.858372571,-2.689752694,2.694406719,0.832312843,-0.833862734
0.31925,1.978529111,-1.977147816,-2.811439039,2.816082783,0.835117538,-0.836727357
0.3193,2.104394488,-2.102861643,-2.939000896,2.943634383,0.836854672,-0.838524476
0.31935,2.185182308,-2.183525309,-3.01305888,3.017682132,0.823545433,-0.825275412
0.3194,2.226733803,-2.224996934,-3.001075024,3.005688063,0.776634066,-0.778421607
0.31945,2.25524184,-2.253424205,-3.000857256,3.005460105,0.747848673,-0.749691266
0.3195,2.278245632,-2.276346261,-3.009699752,3.014292434,0.733696864,-0.735592275
0.31955,2.24667083,-2.244688988,-2.935786973,2.940320567,0.697951722,-0.699897404
0.3196,2.134159842,-2.132098931,-2.762971687,2.767386984,0.63098717,-0.63297826
0.31965,2.039208459,-2.037072598,-2.592476844,2.596780682,0.5554728,-0.557503899
0.3197,1.951930128,-1.949723192,-2.431036311,2.435235132,0.481276042,-0.483342089
0.31975,1.864434917,-1.862160584,-2.282472929,2.286572759,0.420176907,-0.42227328
0.3198,1.775712396,-1.773374171,-2.14763258,2.151639023,0.374031233,-0.376153803
0.31985,1.69039456,-1.687995754,-2.024265138,2.028183384,0.335956561,-0.338101647
0.3199,1.613419044,-1.610962747,-1.909474965,1.913309813,0.298119366,-0.300283621
0.31995,1.546197629,-1.543686688,-1.802046868,1.805802745,0.257892478,-0.260072818
0.32,1.486743455,-1.484180474,-1.702829985,1.706510952,0.218111716,-0.220305293
0.32005,1.432327886,-1.42971523,-1.613400506,1.617010264,0.183081718,-0.185285936
0.3201,1.38183252,-1.379172328,-1.534505045,1.538046931,0.154667299,-0.156879829
0.32015,1.336154263,-1.333448441,-1.465530914,1.469007914,0.131358684,-0.133577441
0.3202,1.297001763,-1.294251978,-1.40512659,1.40854135,0.11009555,-0.112318649
0.32025,1.265477323,-1.262684992,-1.352209268,1.355564106,0.088692677,-0.090918383
0.3203,1.2415306,-1.238696883,-1.306518689,1.309815611,0.066940061,-0.069166755
0.32035,1.22439316,-1.221518963,-1.268429865,1.271670574,0.045981078,-0.048207238
0.3204,1.213377662,-1.210463639,-1.238348678,1.241534578,0.02690888,-0.029133076
0.32045,1.208369301,-1.205415856,-1.216229333,1.219361539,0.009792419,-0.012013296
0.3205,1.209762227,-1.206769508,-1.201528251,1.204607599,-0.006305221,0.004097987
0.32055,1.21806464,-1.215032543,-1.193510117,1.196537178,-0.022625676,0.020424323
0.3206,1.233508177,-1.230436338,-1.191644013,1.194619103,-0.039937789,0.037743607
0.32065,1.255996282,-1.25288408,-1.195717837,1.198641031,-0.058353592,0.056167902
0.3207,1.285255956,-1.282102515,-1.205731978,1.208603119,-0.077599601,0.075423773
0.32075,1.321070137,-1.317874326,-1.22165426,1.224472968,-0.097490884,0.09532635
0.3208,1.363396345,-1.360156782,-1.243253114,1.246018798,-0.118216471,0.116064744
0.32085,1.412324293,-1.409039345,-1.27010768,1.272819549,-0.140286858,0.138149551
0.3209,1.467947361,-1.464615148,-1.301749255,1.304406328,-0.164264041,0.162142886
0.32095,1.530260859,-1.526879252,-1.337806044,1.340407164,-0.190515016,0.188411886
0.321,1.599150267,-1.595716895,-1.378047936,1.380591781,-0.21915526,0.217072185
0.32105,1.674453121,-1.670965371,-1.422320402,1.424805494,-0.250176707,0.248115888
0.3211,1.756031301,-1.752486325,-1.470438212,1.472862929,-0.283626331,0.281590153
0.32115,1.843800033,-1.840194749,-1.522124667,1.524487253,-0.319695909,0.317686953
0.3212,1.937704653,-1.934035753,-1.577032326,1.579330901,-0.358678061,0.356699117
0.32125,2.037675919,-2.03393987,-1.634814417,1.63704699,-0.40085015,0.398904233
0.3213,2.143602328,-2.139795378,-1.695184081,1.697348558,-0.446387353,0.444477714
0.32135,2.255335718,-2.251453899,-1.757919075,1.760013272,-0.495363567,0.493493702
0.3214,2.372717717,-2.368756856,-1.822818698,1.82484035,-0.547820933,0.545994593
0.32145,2.495602002,-2.49155772,-1.88965552,1.891602288,-0.603840358,0.602061556
0.3215,2.623856664,-2.619724385,-1.958161405,1.96003089,-0.663557866,0.661830887
0.32155,2.757350227,-2.753125186,-2.028053346,2.029843096,-0.727124783,0.725454188
0.3216,2.895936889,-2.891614132,-2.099071371,2.100778889,-0.794655063,0.793045698
0.32165,3.039453431,-3.035027829,-2.170995171,2.172617929,-0.866205579,0.864662581
0.3217,3.097687796,-3.093205869,-2.18558924,2.187125037,-0.916431818,0.914960118
0.32175,3.052133319,-3.047661293,-2.114944307,2.116394993,-0.934915238,0.933516751
0.3218,3.007951077,-3.003488929,-2.055867331,2.057235471,-0.949886436,0.948562144
0.32185,2.969101726,-2.964649435,-2.005292695,2.006580619,-0.961619045,0.960369955
0.3219,2.936642701,-2.932200245,-1.959118813,1.960328645,-0.975339726,0.974166906
0.32195,2.855735148,-2.851302505,-1.868861297,1.8699645,-0.978102789,0.977007664
0.322,2.7005811,-2.696158249,-1.753420587,1.754384054,-0.945044123,0.944025053
0.32205,2.561933093,-2.557520011,-1.630762645,1.631596213,-0.929019344,0.92807467
0.3221,2.436395199,-2.431991865,-1.508933231,1.509646052,-0.925339744,0.924468027
0.32215,2.321585444,-2.317191836,-1.399327724,1.399928192,-0.920160709,0.919360654
0.3222,2.216648118,-2.212264215,-1.308457884,1.308953565,-0.906115261,0.905385622
0.32225,2.122288327,-2.117914107,-1.233777294,1.234174932,-0.886455312,0.885794895
0.3223,2.039517219,-2.035152662,-1.167822403,1.168128005,-0.86965586,0.869063614
0.32235,1.968660029,-1.964305113,-1.104973719,1.105192658,-0.861661823,0.861136942
0.3224,1.909324604,-1.904979307,-1.044903703,1.045040786,-0.862408721,0.8619507
0.32245,1.860947742,-1.856612043,-0.991054644,0.991114122,-0.86789119,0.867499828
0.3225,1.823229132,-1.81890301,-0.946700259,0.94668583,-0.874535338,0.874210715
0.32255,1.796143521,-1.791826955,-0.912196982,0.912111796,-0.881959609,0.881702089
0.3226,1.779692803,-1.775385771,-0.885124725,0.884971433,-0.892586077,0.892396339
0.32265,1.773719466,-1.769421948,-0.862432998,0.862213807,-0.909307764,0.909186846
0.3227,1.77793367,-1.773645644,-0.842495695,0.84221243,-0.933460923,0.933410267
0.32275,1.792057695,-1.787779141,-0.825603228,0.82525737,-0.964477385,0.964498853
0.3228,1.815908842,-1.811639739,-0.812932582,0.812525289,-1.000997413,1.001093296
0.32285,1.849349294,-1.845089621,-0.805125032,0.804657164,-1.042241849,1.04241487
0.3229,1.892176919,-1.887926654,-0.801604106,0.801076254,-1.088584944,1.088838268
0.32295,1.944075213,-1.939834336,-0.800955698,0.800368225,-1.141124186,1.141461439
0.323,2.004667449,-2.000435939,-0.80184404,0.801197121,-1.200818469,1.201243759
0.32305,2.073615893,-2.06939373,-0.80366582,0.802959489,-1.267933189,1.268451125
0.3231,2.150670193,-2.146457357,-0.80651499,0.805749164,-1.342123849,1.342739547
0.32315,2.235624605,-2.231421074,-0.810635542,0.809810051,-1.422940501,1.423659585
0.3232,2.328230444,-2.324036198,-0.815886948,0.815001561,-1.510274763,1.511103369
0.32325,2.428146706,-2.423961725,-0.82163037,0.820684823,-1.604424228,1.605369009
0.3233,2.534970858,-2.530795121,-0.827039174,0.826033201,-1.705812736,1.706880868
0.32335,2.648316683,-2.64415017,-0.831505309,0.830438678,-1.814661838,1.815861028
0.3234,2.767866369,-2.763709059,-0.834798124,0.833670663,-1.93088408,1.932222561
0.32345,2.893352965,-2.889204839,-0.836893789,0.835705407,-2.054236036,2.055722572
0.3235,2.965673127,-2.961534164,-0.82391083,0.822661294,-2.132907386,2.134515231
0.32355,2.952409787,-2.948279967,-0.777156361,0.775848275,-2.173011284,2.174697156
0.3236,2.950883915,-2.946763218,-0.748566093,0.747201956,-2.200001481,2.201766225
0.32365,2.958435665,-2.95432407,-0.734724095,0.733306125,-2.221386914,2.223231447
0.3237,2.970670639,-2.966568126,-0.719716761,0.718247017,-2.248619237,2.250544605
0.32375,2.897245584,-2.89320039,-0.673773915,0.672254925,-2.227755736,2.229762801
0.3238,2.725975203,-2.722045672,-0.600565417,0.599002001,-2.123116751,2.125202237
0.32385,2.559857062,-2.556036517,-0.528292844,0.526690281,-2.029375399,2.031535285
0.3239,2.404753399,-2.401035571,-0.463172315,0.461535467,-1.939425359,1.941655838
0.32395,2.262094117,-2.258473153,-0.409408621,0.407741897,-1.850559647,1.852857106
0.324,2.13121973,-2.127690192,-0.364782003,0.363089369,-1.764338767,1.766699783
0.32405,2.010275228,-2.006832078,-0.324075764,0.322360808,-1.684124686,1.686546048
0.3241,1.897852583,-1.894491165,-0.283816835,0.282082838,-1.611982674,1.6144614
0.32415,1.793842912,-1.790558945,-0.244212241,0.242462217,-1.547597025,1.550130373
0.3242,1.699037625,-1.695827191,-0.207667365,0.20590407,-1.489353959,1.491939422
0.32425,1.614127949,-1.610987494,-0.176078973,0.174304903,-1.436048131,1.438683436
0.3243,1.539034403,-1.53596073,-0.149314611,0.147532015,-1.387732701,1.390415806
0.32435,1.472985738,-1.469975992,-0.125644127,0.123855039,-1.345366731,1.348095834
0.3244,1.415089942,-1.412141605,-0.103217608,0.101423887,-1.309908255,1.312681798
0.32445,1.364846671,-1.361957544,-0.081205739,0.079409104,-1.281686347,1.284503025
0.3245,1.322240912,-1.319409108,-0.059883627,0.058085685,-1.260410974,1.263269733
0.32455,1.287457005,-1.284680938,-0.039906966,0.038109222,-1.245610857,1.248510897
0.3246,1.260515385,-1.257793763,-0.021524855,0.019728734,-1.237057393,1.239998166
0.32465,1.241111471,-1.238443285,-0.004300026,0.002506889,-1.234883316,1.237864526
0.3247,1.228721413,-1.226105928,0.012594636,-0.014416038,-1.239407696,1.242429303
0.32475,1.222838563,-1.220275304,0.02994122,-0.031756922,-1.250874889,1.25393711
0.3248,1.223129675,-1.220618416,0.048097819,-0.049906486,-1.269324545,1.272427851
0.32485,1.229444478,-1.22698523,0.067078327,-0.06887859,-1.294620752,1.297765873
0.3249,1.241683992,-1.239276994,0.086812115,-0.088602548,-1.326593865,1.329781785
0.32495,1.259662498,-1.257308208,0.107397085,-0.109176193,-1.365156014,1.368387969
0.325,1.283060673,-1.280759755,0.129165468,-0.130931665,-1.410320042,1.41359752
0.32505,1.311482872,-1.309236184,0.152563707,-0.154315298,-1.462136662,1.4654614
0.3251,1.344555796,-1.342364379,0.177975622,-0.179710783,-1.520616297,1.523990282
0.32515,1.38199004,-1.37985511,0.205625832,-0.207342593,-1.585694057,1.589119518
0.3252,1.423568751,-1.421491681,0.235611814,-0.237308043,-1.657250439,1.660729849
0.32525,1.469086922,-1.467069239,0.26801151,-0.269684899,-1.73515825,1.73869432
0.3253,1.518295683,-1.516339052,0.30297224,-0.304620291,-1.819315795,1.822911471
0.32535,1.570891638,-1.568997853,0.340721129,-0.342341142,-1.909646653,1.91330511
0.3254,1.626550683,-1.624721657,0.381506907,-0.383095966,-2.006075287,2.009799926
0.32545,1.684972878,-1.683210632,0.425530775,-0.427085736,-2.108502788,2.112297234
0.3255,1.745902769,-1.74420942,0.472919996,-0.474437476,-2.216800784,2.220668877
0.32555,1.809114513,-1.807492266,0.523754964,-0.525231329,-2.33082364,2.334769432
0.3256,1.874380091,-1.872831228,0.578117925,-0.579549285,-2.45042539,2.454453139
0.32565,1.94144897,-1.939975841,0.63612119,-0.637503389,-2.575467613,2.579581776
0.3257,2.010053724,-2.008658736,0.697896871,-0.699225479,-2.705814789,2.710020021
0.32575,2.079932834,-2.078618442,0.763564094,-0.764834402,-2.841324315,2.845625455
0.3258,2.150849152,-2.149617851,0.833204886,-0.834411898,-2.981840857,2.98624293
0.32585,2.222589534,-2.22144385,0.90686712,-0.908005549,-3.127198924,3.131707128
0.3259,2.23717145,-2.236113577,0.958751567,-0.959816333,-3.18703702,3.191603359
0.32595,2.166913394,-2.165941492,0.978103717,-0.979092828,-3.142759251,3.147315503
0.326,2.108108335,-2.107219852,0.994096733,-0.995009141,-3.099888249,3.104434436
0.32605,2.057664164,-2.056856778,1.007020269,-1.007854895,-3.062374404,3.066910549
0.3261,1.965201371,-1.964505012,1.006125978,-1.006881443,-2.975644541,2.980170666
0.32615,1.846020713,-1.84547024,0.970778992,-0.971456956,-2.814538153,2.81905428
0.3262,1.717362339,-1.716947488,0.955416319,-0.956018446,-2.670619336,2.675125487
0.32625,1.588240972,-1.587952155,0.954022659,-0.954550372,-2.540134984,2.544631182
0.3263,1.472079443,-1.471907838,0.95023165,-0.95068624,-2.420209453,2.424695719
0.32635,1.376402634,-1.376340275,0.935505404,-0.935888138,-2.309830048,2.314306404
0.3264,1.298073919,-1.298113692,0.913870809,-0.914182934,-2.209887443,2.214353912
0.32645,1.228376731,-1.228512279,0.895299474,-0.895542112,-2.121636997,2.126093599
0.3265,1.161004575,-1.161230181,0.886507662,-0.886681693,-2.045488676,2.049935435
0.32655,1.095929826,-1.09624035,0.887060052,-0.887166058,-1.980979675,1.985416612
0.3266,1.037381354,-1.037772219,0.892065947,-0.892104213,-1.927448299,1.931875435
0.32665,0.989147197,-0.989614405,0.8974052,-0.897375746,-1.884562595,1.888979953
0.3267,0.951485166,-0.952025284,0.902829777,-0.902732356,-1.852332492,1.856740091
0.32675,0.921495506,-0.922105624,0.911288454,-0.911122522,-1.830807121,1.835204985
0.3268,0.895737525,-0.896415188,0.926083631,-0.92584829,-1.819848242,1.824236392
0.32685,0.872566577,-0.873309726,0.948565015,-0.948258971,-1.819160916,1.823539374
0.3269,0.852550571,-0.853357505,0.977882372,-0.977503914,-1.828462788,1.832831574
0.32695,0.837154391,-0.838023748,1.012396771,-1.011943772,-1.847579774,1.85193891
0.327,0.827092441,-0.828023175,1.051269913,-1.050739823,-1.876387922,1.88073743
0.32705,0.821639202,-0.822630553,1.095030769,-1.094420608,-1.914690616,1.919030516
0.3271,0.819173626,-0.820225083,1.144979012,-1.144285343,-1.962166375,1.966496689
0.32715,0.818265667,-0.819376914,1.202163473,-1.201382383,-2.018433844,2.022754593
0.3272,0.81837522,-0.819546101,1.266793341,-1.265920422,-2.08316194,2.087473145
0.32725,0.819729696,-0.820960183,1.338407923,-1.337438264,-2.156117192,2.160418874
0.3273,0.82265398,-0.823944149,1.416492063,-1.415420251,-2.237109131,2.241401312
0.32735,0.826980735,-0.828330739,1.500967711,-1.499787823,-2.325892154,2.330174854
0.3274,0.831978029,-0.833388068,1.592217755,-1.590923359,-2.422116986,2.426390226
0.32745,0.83674493,-0.838215217,1.690732214,-1.689316354,-2.525372457,2.529636258
0.3275,0.840669632,-0.84220036,1.796738308,-1.795193503,-2.63527371,2.639528093
0.32755,0.843571567,-0.845162881,1.910110599,-1.908428837,-2.751514449,2.755759434
0.3276,0.845472999,-0.847124975,2.030572354,-2.028745098,-2.873839909,2.878075517
0.32765,0.84625917,-0.84797179,2.15796159,-2.15597978,-3.001973039,3.006199291
0.3277,0.832117839,-0.833891222,2.239966976,-2.237858798,-3.076415234,3.08063215
0.32775,0.784691836,-0.786523319,2.28219044,-2.280001305,-3.064587989,3.06879559
0.3278,0.755419075,-0.757306104,2.311382339,-2.309111326,-3.064565957,3.068764263
0.32785,0.740703332,-0.742643627,2.335141187,-2.332787299,-3.073598783,3.077787815
0.3279,0.704447603,-0.706438573,2.304320577,-2.301883055,-2.999929309,3.004059095
0.32795,0.637214138,-0.639250899,2.192462324,-2.189944548,-2.827498214,2.831508163
0.328,0.56135177,-0.563428908,2.09816524,-2.095571311,-2.65731003,2.661206969
0.32805,0.486900141,-0.489012576,2.011458249,-2.008792023,-2.49618631,2.499976671
0.3281,0.425673503,-0.427816592,1.924463988,-1.921729121,-2.347996703,2.351686502
0.32815,0.379367431,-0.381537022,1.836284412,-1.833484387,-2.213539211,2.217134042
0.3282,0.340914086,-0.343106468,1.751650007,-1.748788114,-2.090476814,2.093981861
0.32825,0.302459283,-0.304671077,1.675484374,-1.672563681,-1.97587918,1.979299235
0.3283,0.261533741,-0.263761825,1.609089273,-1.606112602,-1.868578979,1.871918463
0.32835,0.221153088,-0.223394572,1.550375581,-1.547345511,-1.76950289,1.772765863
0.3284,0.185663047,-0.187915293,1.496605324,-1.493524195,-1.68025885,1.683449008
0.32845,0.156810733,-0.159071367,1.446738069,-1.443607997,-1.601553743,1.604674423
0.3285,0.132927989,-0.13519488,1.401758254,-1.398581121,-1.532704028,1.535758216
0.32855,0.110891386,-0.113162595,1.363398271,-1.360175718,-1.472318814,1.475309155
0.3286,0.088586729,-0.090860466,1.332710338,-1.329443756,-1.419336236,1.422265053
0.32865,0.065935044,-0.068209628,1.309569848,-1.306260372,-1.373552794,1.376422098
0.3287,0.04416095,-0.046434801,1.293169171,-1.289817682,-1.335385553,1.338197051
0.32875,0.024335418,-0.026607041,1.282838339,-1.279445466,-1.30523558,1.307990684
0.3288,0.006436145,-0.008704121,1.278511305,-1.275077427,-1.283014582,1.285714416
0.32885,-0.010554434,0.008318539,1.28062666,-1.277151902,-1.268128062,1.270773471
0.3289,-0.027870635,0.025641048,1.289665599,-1.286149833,-1.259856059,1.262447625
0.32895,-0.046242608,0.044020691,1.305849788,-1.302292626,-1.257670531,1.260208585
0.329,-0.065712686,0.063499834,1.32904591,-1.325446709,-1.261397734,1.263882365
0.32905,-0.085972399,0.083770059,1.35896641,-1.355324271,-1.271058578,1.273489644
0.3291,-0.1068544,0.10466408,1.395404149,-1.391717921,-1.286613224,1.288990365
0.32915,-0.128594581,0.126417872,1.438337523,-1.434605803,-1.307804115,1.310126758
0.3292,-0.151738234,0.149576829,1.487869291,-1.484090427,-1.33418864,1.336456014
0.32925,-0.176844491,0.174700203,1.544088851,-1.540260944,-1.365296977,1.367508123
0.3293,-0.204246547,0.202121331,1.606975764,-1.603096667,-1.400775383,1.402929169
0.32935,-0.234023969,0.231919938,1.676400945,-1.67246827,-1.44041509,1.442510218
0.3294,-0.26615644,0.264075876,1.752198078,-1.748209197,-1.484069971,1.486104988
0.32945,-0.300706047,0.298651419,1.834235592,-1.830187642,-1.531546228,1.533519541
0.3295,-0.337889306,0.335863277,1.922437695,-1.918327582,-1.582551407,1.584461287
0.32955,-0.378010884,0.376016329,2.01675302,-2.012577424,-1.636729316,1.638573915
0.3296,-0.421338576,0.419378591,2.117107898,-2.112863274,-1.693738324,1.695515681
0.32965,-0.468025815,0.466103734,2.22338307,-2.219065657,-1.753305562,1.755013615
0.3297,-0.518130242,0.516249645,2.335425472,-2.331031295,-1.815220141,1.816856739
0.32975,-0.571693804,0.569858522,2.453077435,-2.448602312,-1.879282254,1.880845166
0.3298,-0.628809212,0.627023339,2.576196736,-2.571636284,-1.945256773,1.946743696
0.32985,-0.68962301,0.687890911,2.704654565,-2.700004204,-2.012868139,2.014276709
0.3299,-0.754285632,0.752611947,2.838318961,-2.833573921,-2.081833751,2.083161553
0.32995,-0.82289988,0.821289533,2.977041073,-2.972196402,-2.151901743,2.153146319
0.33,-0.895511117,0.89396932,3.120655131,-3.115705697,-2.222860767,2.224019625
0.33005,-0.946590727,0.945122485,3.178867533,-3.173861191,-2.236578541,2.23764952
0.3301,-0.965555582,0.964162852,3.13312182,-3.128126537,-2.16526081,2.166245791
0.33015,-0.98098543,0.97966923,3.088747045,-3.083762796,-2.10553249,2.106434066
0.3302,-0.993244596,0.992005968,3.049719506,-3.044746267,-2.054252916,2.055073446
0.33025,-0.991763229,0.990603514,2.961327907,-2.956365653,-1.960757883,1.961467531
0.3303,-0.955998554,0.954916062,2.798287054,-2.793335762,-1.840139296,1.840703371
0.33035,-0.940207546,0.939200582,2.652511904,-2.647571549,-1.710123109,1.710551985
0.3304,-0.938228732,0.937295834,2.520202575,-2.515273132,-1.579823883,1.580127249
0.33045,-0.933631782,0.932771615,2.398425566,-2.393507011,-1.462671203,1.462857977
0.3305,-0.91796712,0.917178364,2.286157668,-2.281249978,-1.366091964,1.366170198
0.33055,-0.895398257,0.894679607,2.184322001,-2.179425152,-1.286846199,1.286823089
0.3306,-0.875945514,0.875295786,2.094211229,-2.089325196,-1.216206574,1.216088551
0.33065,-0.866257845,0.865676092,2.016250118,-2.011374877,-1.147949105,1.147741953
0.3307,-0.865799602,0.865285172,1.949967904,-1.945103432,-1.082138819,1.081847742
0.33075,-0.869641114,0.869193643,1.894687984,-1.889834257,-1.023028929,1.022658554
0.3308,-0.873705584,0.873324971,1.850071159,-1.845228153,-0.974357192,0.973911566
0.33085,-0.877818289,0.877504694,1.816132098,-1.811299789,-0.936313156,0.935795749
0.3309,-0.884967581,0.884721457,1.792932038,-1.788110403,-0.905969824,0.905383578
0.33095,-0.89844175,0.898263902,1.780344788,-1.775533804,-0.879912771,0.879260168
0.331,-0.919550947,0.919442572,1.778082137,-1.773281779,-0.856543641,0.855826757
0.33105,-0.947420591,0.947383298,1.785862063,-1.781072308,-0.836454968,0.835675515
0.3311,-0.98041989,0.980455704,1.803507264,-1.798728089,-0.821100206,0.820259552
0.33115,-1.017737954,1.017849318,1.830891589,-1.82612297,-0.81116405,0.810263237
0.3312,-1.059925995,1.060115782,1.867820431,-1.863062345,-0.80590061,0.804940389
0.33125,-1.108287857,1.108559393,1.913978269,-1.909230693,-0.803690422,0.80267129
0.3313,-1.16386409,1.164221176,1.968990375,-1.964253285,-0.803118072,0.802040322
0.33135,-1.226857106,1.227304038,2.032529373,-2.027802747,-0.803653607,0.802517369
0.3314,-1.296809134,1.297350708,2.104361567,-2.099645382,-0.80552092,0.804326187
0.33145,-1.373214829,1.373856346,2.184294486,-2.179588718,-0.809032685,0.807779343
0.3315,-1.456004821,1.456752087,2.272081973,-2.267386599,-0.814011906,0.812699758
0.33155,-1.545565106,1.546424439,2.367377022,-2.36269202,-0.81972535,0.818354146
0.3316,-1.642385533,1.643363775,2.469772022,-2.465097368,-0.825275305,0.823844777
0.33165,-1.746694832,1.74779935,2.578884219,-2.574219891,-0.830050016,0.828559911
0.3317,-1.858372571,1.859611264,2.694406718,-2.689752693,-0.833862734,0.832312843
0.33175,-1.977147816,1.97852911,2.816082783,-2.811439038,-0.836727357,0.835117537
0.3318,-2.102861642,2.104394487,2.943634382,-2.939000895,-0.838524476,0.836854672
0.33185,-2.183525309,2.185182308,3.017682131,-3.013058879,-0.825275412,0.823545433
0.3319,-2.224996933,2.226733803,3.005688062,-3.001075023,-0.778421607,0.776634066
0.33195,-2.253424204,2.255241839,3.005460104,-3.000857255,-0.749691266,0.747848673
0.332,-2.27634626,2.278245632,3.014292433,-3.009699751,-0.735592274,0.733696864
0.33205,-2.244688987,2.246670829,2.940320567,-2.935786973,-0.699897404,0.697951722
0.3321,-2.132098931,2.134159841,2.767386984,-2.762971686,-0.63297826,0.63098717
0.33215,-2.037072598,2.039208459,2.596780681,-2.592476843,-0.557503899,0.5554728
0.3322,-1.949723192,1.951930128,2.435235131,-2.43103631,-0.483342089,0.481276042
0.33225,-1.862160584,1.864434916,2.286572759,-2.282472928,-0.42227328,0.420176907
0.3323,-1.77337417,1.775712396,2.151639023,-2.147632579,-0.376153803,0.374031233
0.33235,-1.687995753,1.69039456,2.028183384,-2.024265137,-0.338101647,0.335956561
0.3324,-1.610962747,1.613419044,1.913309813,-1.909474964,-0.300283621,0.298119366
0.33245,-1.543686688,1.546197628,1.805802744,-1.802046868,-0.260072818,0.257892478
0.3325,-1.484180473,1.486743454,1.706510952,-1.702829985,-0.220305293,0.218111716
0.33255,-1.42971523,1.432327885,1.617010263,-1.613400506,-0.185285936,0.183081718
0.3326,-1.379172327,1.381832519,1.53804693,-1.534505044,-0.156879829,0.154667299
0.33265,-1.33344844,1.336154262,1.469007914,-1.465530913,-0.133577441,0.131358684
0.3327,-1.294251978,1.297001762,1.408541349,-1.40512659,-0.112318649,0.11009555
0.33275,-1.262684991,1.265477322,1.355564105,-1.352209268,-0.090918383,0.088692677
0.3328,-1.238696883,1.241530599,1.30981561,-1.306518688,-0.069166755,0.066940061
0.33285,-1.221518963,1.224393159,1.271670574,-1.268429865,-0.048207238,0.045981078
0.3329,-1.210463639,1.213377661,1.241534578,-1.238348678,-0.029133076,0.02690888
0.33295,-1.205415855,1.2083693,1.219361538,-1.216229332,-0.012013296,0.009792419
0.333,-1.206769508,1.209762226,1.204607599,-1.20152825,0.004097987,-0.006305221
0.33305,-1.215032542,1.21806464,1.196537177,-1.193510116,0.020424323,-0.022625676
0.3331,-1.230436337,1.233508177,1.194619103,-1.191644013,0.037743607,-0.039937789
0.33315,-1.25288408,1.255996282,1.198641031,-1.195717837,0.056167902,-0.058353592
0.3332,-1.282102514,1.285255955,1.208603118,-1.205731978,0.075423772,-0.077599601
0.33325,-1.317874325,1.321070136,1.224472967,-1.221654259,0.09532635,-0.097490884
0.3333,-1.360156781,1.363396344,1.246018797,-1.243253113,0.116064744,-0.118216471
0.33335,-1.409039344,1.412324292,1.272819548,-1.270107679,0.13814955,-0.140286858
0.3334,-1.464615147,1.46794736,1.304406327,-1.301749254,0.162142885,-0.164264041
0.33345,-1.526879251,1.530260858,1.340407163,-1.337806043,0.188411886,-0.190515016
0.3335,-1.595716894,1.599150266,1.38059178,-1.378047935,0.217072185,-0.21915526
0.33355,-1.67096537,1.67445312,1.424805494,-1.422320402,0.248115888,-0.250176706
0.3336,-1.752486324,1.756031301,1.472862929,-1.470438212,0.281590153,-0.283626331
0.33365,-1.840194749,1.843800033,1.524487252,-1.522124667,0.317686953,-0.319695909
0.3337,-1.934035752,1.937704652,1.5793309,-1.577032325,0.356699117,-0.358678061
0.33375,-2.033939869,2.037675919,1.637046989,-1.634814416,0.398904233,-0.400850149
0.3338,-2.139795377,2.143602327,1.697348557,-1.69518408,0.444477714,-0.446387353
0.33385,-2.251453898,2.255335717,1.760013272,-1.757919074,0.493493702,-0.495363567
0.3339,-2.368756855,2.372717716,1.824840349,-1.822818697,0.545994593,-0.547820933
0.33395,-2.491557719,2.495602002,1.891602288,-1.889655519,0.602061556,-0.603840358
0.334,-2.619724384,2.623856663,1.96003089,-1.958161405,0.661830887,-0.663557866
0.33405,-2.753125185,2.757350226,2.029843095,-2.028053346,0.725454187,-0.727124782
0.3341,-2.891614132,2.895936888,2.100778889,-2.09907137,0.793045698,-0.794655062
0.33415,-3.035027828,3.039453431,2.172617929,-2.170995171,0.864662581,-0.866205578
0.3342,-3.093205868,3.097687795,2.187125036,-2.185589239,0.914960118,-0.916431818
0.33425,-3.047661292,3.052133318,2.116394993,-2.114944306,0.933516751,-0.934915238
0.3343,-3.003488928,3.007951076,2.05723547,-2.05586733,0.948562144,-0.949886435
0.33435,-2.964649434,2.969101726,2.006580619,-2.005292695,0.960369955,-0.961619045
0.3344,-2.932200244,2.9366427,1.960328644,-1.959118813,0.974166906,-0.975339726
0.33445,-2.851302504,2.855735148,1.8699645,-1.868861297,0.977007664,-0.978102789
0.3345,-2.696158248,2.7005811,1.754384054,-1.753420586,0.944025053,-0.945044123
0.33455,-2.55752001,2.561933092,1.631596213,-1.630762645,0.92807467,-0.929019344
0.3346,-2.431991864,2.436395198,1.509646052,-1.508933231,0.924468027,-0.925339744
0.33465,-2.317191835,2.321585443,1.399928191,-1.399327723,0.919360654,-0.920160709
0.3347,-2.212264214,2.216648117,1.308953565,-1.308457884,0.905385622,-0.906115261
0.33475,-2.117914107,2.122288326,1.234174932,-1.233777294,0.885794895,-0.886455312
0.3348,-2.035152662,2.039517219,1.168128004,-1.167822403,0.869063613,-0.869655859
0.33485,-1.964305112,1.968660028,1.105192658,-1.104973718,0.861136941,-0.861661823
0.3349,-1.904979306,1.909324603,1.045040785,-1.044903703,0.8619507,-0.862408721
0.33495,-1.856612042,1.860947741,0.991114122,-0.991054643,0.867499827,-0.86789119
0.335,-1.818903009,1.823229131,0.946685829,-0.946700259,0.874210714,-0.874535337
0.33505,-1.791826954,1.79614352,0.912111796,-0.912196981,0.881702089,-0.881959608
0.3351,-1.77538577,1.779692802,0.884971432,-0.885124725,0.892396338,-0.892586076
0.33515,-1.769421947,1.773719465,0.862213807,-0.862432997,0.909186846,-0.909307763
0.3352,-1.773645644,1.777933669,0.84221243,-0.842495694,0.933410266,-0.933460923
0.33525,-1.78777914,1.792057695,0.82525737,-0.825603228,0.964498852,-0.964477385
0.3353,-1.811639738,1.815908841,0.812525289,-0.812932582,1.001093296,-1.000997413
0.33535,-1.84508962,1.849349294,0.804657164,-0.805125031,1.04241487,-1.042241849
0.3354,-1.887926653,1.892176918,0.801076254,-0.801604106,1.088838268,-1.088584944
0.33545,-1.939834335,1.944075212,0.800368224,-0.800955698,1.141461438,-1.141124186
0.3355,-2.000435939,2.004667448,0.801197121,-0.801844039,1.201243758,-1.200818468
0.33555,-2.06939373,2.073615892,0.802959488,-0.80366582,1.268451125,-1.267933188
0.3356,-2.146457356,2.150670192,0.805749164,-0.80651499,1.342739546,-1.342123848
0.33565,-2.231421074,2.235624604,0.809810051,-0.810635541,1.423659584,-1.422940501
0.3357,-2.324036197,2.328230443,0.815001561,-0.815886948,1.511103369,-1.510274763
0.33575,-2.423961724,2.428146705,0.820684822,-0.82163037,1.605369009,-1.604424228
0.3358,-2.53079512,2.534970857,0.826033201,-0.827039174,1.706880867,-1.705812735
0.33585,-2.644150169,2.648316682,0.830438678,-0.831505309,1.815861027,-1.814661838
0.3359,-2.763709059,2.767866368,0.833670662,-0.834798124,1.932222561,-1.930884079
0.33595,-2.889204838,2.893352964,0.835705407,-0.836893789,2.055722572,-2.054236035
0.336,-2.961534163,2.965673126,0.822661294,-0.82391083,2.134515231,-2.132907386
0.33605,-2.948279966,2.952409786,0.775848275,-0.777156361,2.174697156,-2.173011283
0.3361,-2.946763217,2.950883914,0.747201956,-0.748566093,2.201766224,-2.200001481
0.33615,-2.954324069,2.958435664,0.733306125,-0.734724094,2.223231447,-2.221386913
0.3362,-2.966568126,2.970670638,0.718247017,-0.719716761,2.250544604,-2.248619236
0.33625,-2.893200389,2.897245583,0.672254925,-0.673773915,2.2297628,-2.227755736
0.3363,-2.722045671,2.725975202,0.599002001,-0.600565417,2.125202236,-2.12311675
0.33635,-2.556036517,2.559857061,0.526690281,-0.528292844,2.031535285,-2.029375399
0.3364,-2.40103557,2.404753399,0.461535467,-0.463172315,1.941655837,-1.939425358
0.33645,-2.258473152,2.262094116,0.407741897,-0.40940862,1.852857105,-1.850559646
0.3365,-2.127690191,2.131219729,0.363089369,-0.364782002,1.766699783,-1.764338767
0.33655,-2.006832077,2.010275227,0.322360808,-0.324075764,1.686546047,-1.684124686
0.3366,-1.894491165,1.897852582,0.282082838,-0.283816835,1.6144614,-1.611982674
0.33665,-1.790558944,1.793842911,0.242462217,-0.244212241,1.550130372,-1.547597025
0.3367,-1.69582719,1.699037624,0.20590407,-0.207667365,1.491939421,-1.489353958
0.33675,-1.610987493,1.614127948,0.174304903,-0.176078973,1.438683435,-1.43604813
0.3368,-1.535960729,1.539034403,0.147532015,-0.149314611,1.390415806,-1.3877327
0.33685,-1.469975992,1.472985737,0.123855039,-0.125644126,1.348095834,-1.34536673
0.3369,-1.412141605,1.415089941,0.101423887,-0.103217608,1.312681798,-1.309908254
0.33695,-1.361957544,1.36484667,0.079409104,-0.081205739,1.284503024,-1.281686346
0.337,-1.319409107,1.322240911,0.058085685,-0.059883627,1.263269732,-1.260410973
0.33705,-1.284680938,1.287457005,0.038109222,-0.039906966,1.248510897,-1.245610857
0.3371,-1.257793762,1.260515385,0.019728734,-0.021524855,1.239998165,-1.237057392
0.33715,-1.238443285,1.241111471,0.002506889,-0.004300026,1.237864525,-1.234883315
0.3372,-1.226105927,1.228721412,-0.014416038,0.012594636,1.242429303,-1.239407695
0.33725,-1.220275304,1.222838563,-0.031756921,0.02994122,1.253937109,-1.250874889
0.3373,-1.220618415,1.223129675,-0.049906486,0.048097819,1.272427851,-1.269324544
0.33735,-1.226985229,1.229444478,-0.06887859,0.067078327,1.297765873,-1.294620751
0.3374,-1.239276994,1.241683991,-0.088602548,0.086812115,1.329781784,-1.326593864
0.33745,-1.257308208,1.259662497,-0.109176193,0.107397085,1.368387969,-1.365156014
0.3375,-1.280759755,1.283060673,-0.130931665,0.129165468,1.41359752,-1.410320042
0.33755,-1.309236184,1.311482872,-0.154315298,0.152563707,1.4654614,-1.462136661
0.3376,-1.342364379,1.344555795,-0.179710783,0.177975622,1.523990281,-1.520616297
0.33765,-1.379855109,1.38199004,-0.207342593,0.205625832,1.589119518,-1.585694057
0.3377,-1.421491681,1.42356875,-0.237308043,0.235611814,1.660729849,-1.657250439
0.33775,-1.467069238,1.469086922,-0.269684898,0.26801151,1.738694319,-1.735158249
0.3378,-1.516339051,1.518295683,-0.304620291,0.30297224,1.82291147,-1.819315795
0.33785,-1.568997853,1.570891638,-0.342341142,0.340721129,1.913305109,-1.909646653
0.3379,-1.624721657,1.626550683,-0.383095966,0.381506906,2.009799926,-2.006075286
0.33795,-1.683210632,1.684972878,-0.427085736,0.425530775,2.112297233,-2.108502787
0.338,-1.74420942,1.745902769,-0.474437475,0.472919996,2.220668876,-2.216800783
0.33805,-1.807492266,1.809114512,-0.525231329,0.523754964,2.334769431,-2.33082364
0.3381,-1.872831228,1.874380091,-0.579549285,0.578117925,2.454453138,-2.45042539
0.33815,-1.93997584,1.941448969,-0.637503389,0.63612119,2.579581776,-2.575467612
0.3382,-2.008658735,2.010053724,-0.699225479,0.69789687,2.71002002,-2.705814789
0.33825,-2.078618441,2.079932833,-0.764834402,0.763564093,2.845625455,-2.841324315
0.3383,-2.149617851,2.150849152,-0.834411898,0.833204886,2.986242929,-2.981840857
0.33835,-2.22144385,2.222589533,-0.908005548,0.90686712,3.131707128,-3.127198924
0.3384,-2.236113577,2.237171449,-0.959816333,0.958751567,3.191603358,-3.18703702
0.33845,-2.165941492,2.166913394,-0.979092828,0.978103717,3.147315503,-3.142759251
0.3385,-2.107219851,2.108108335,-0.995009141,0.994096733,3.104434436,-3.099888249
0.33855,-2.056856778,2.057664164,-1.007854895,1.007020269,3.066910549,-3.062374404
0.3386,-1.964505012,1.965201371,-1.006881443,1.006125977,2.980170665,-2.975644541
0.33865,-1.84547024,1.846020713,-0.971456956,0.970778991,2.819054279,-2.814538153
0.3387,-1.716947488,1.717362339,-0.956018446,0.955416319,2.675125487,-2.670619336
0.33875,-1.587952155,1.588240972,-0.954550372,0.954022658,2.544631181,-2.540134984
0.3388,-1.471907838,1.472079443,-0.95068624,0.95023165,2.424695718,-2.420209452
0.33885,-1.376340275,1.376402633,-0.935888138,0.935505404,2.314306403,-2.309830047
0.3389,-1.298113692,1.298073919,-0.914182934,0.913870809,2.214353911,-2.209887443
0.33895,-1.228512279,1.228376731,-0.895542112,0.895299474,2.126093599,-2.121636996
0.339,-1.161230181,1.161004575,-0.886681693,0.886507661,2.049935434,-2.045488676
0.33905,-1.09624035,1.095929826,-0.887166058,0.887060052,1.985416611,-1.980979675
0.3391,-1.037772219,1.037381354,-0.892104213,0.892065947,1.931875435,-1.927448299
0.33915,-0.989614405,0.989147197,-0.897375745,0.8974052,1.888979952,-1.884562595
0.3392,-0.952025284,0.951485165,-0.902732356,0.902829777,1.856740091,-1.852332491
0.33925,-0.922105624,0.921495506,-0.911122521,0.911288453,1.835204985,-1.83080712
0.3393,-0.896415188,0.895737525,-0.92584829,0.926083631,1.824236392,-1.819848242
0.33935,-0.873309726,0.872566577,-0.948258971,0.948565015,1.823539373,-1.819160916
0.3394,-0.853357505,0.852550571,-0.977503914,0.977882371,1.832831574,-1.828462787
0.33945,-0.838023748,0.837154391,-1.011943772,1.012396771,1.851938909,-1.847579773
0.3395,-0.828023174,0.827092441,-1.050739823,1.051269913,1.88073743,-1.876387922
0.33955,-0.822630553,0.821639201,-1.094420607,1.095030769,1.919030516,-1.914690615
0.3396,-0.820225083,0.819173626,-1.144285342,1.144979011,1.966496689,-1.962166374
0.33965,-0.819376914,0.818265667,-1.201382383,1.202163473,2.022754593,-2.018433844
0.3397,-0.819546101,0.81837522,-1.265920422,1.266793341,2.087473145,-2.08316194
0.33975,-0.820960183,0.819729696,-1.337438264,1.338407923,2.160418874,-2.156117192
0.3398,-0.823944149,0.82265398,-1.41542025,1.416492063,2.241401312,-2.237109131
0.33985,-0.828330739,0.826980735,-1.499787823,1.50096771,2.330174854,-2.325892154
0.3399,-0.833388068,0.831978029,-1.590923358,1.592217755,2.426390225,-2.422116986
0.33995,-0.838215217,0.83674493,-1.689316354,1.690732214,2.529636258,-2.525372457
0.34,-0.84220036,0.840669632,-1.795193503,1.796738308,2.639528092,-2.63527371
0.34005,-0.845162881,0.843571567,-1.908428836,1.910110599,2.755759434,-2.751514449
0.3401,-0.847124975,0.845472999,-2.028745098,2.030572354,2.878075517,-2.873839909
0.34015,-0.84797179,0.84625917,-2.15597978,2.15796159,3.006199291,-3.001973039
0.3402,-0.833891222,0.832117839,-2.237858797,2.239966976,3.080632149,-3.076415234
0.34025,-0.786523319,0.784691836,-2.280001305,2.28219044,3.068795589,-3.064587989
0.3403,-0.757306104,0.755419075,-2.309111325,2.311382339,3.068764262,-3.064565956
0.34035,-0.742643627,0.740703331,-2.332787299,2.335141187,3.077787815,-3.073598783
0.3404,-0.706438572,0.704447603,-2.301883054,2.304320577,3.004059095,-2.999929309
0.34045,-0.639250899,0.637214138,-2.189944548,2.192462323,2.831508163,-2.827498213
0.3405,-0.563428908,0.56135177,-2.095571311,2.09816524,2.661206969,-2.65731003
0.34055,-0.489012576,0.486900141,-2.008792022,2.011458249,2.499976671,-2.49618631
0.3406,-0.427816592,0.425673503,-1.921729121,1.924463988,2.351686502,-2.347996703
0.34065,-0.381537022,0.379367431,-1.833484387,1.836284412,2.217134042,-2.21353921
0.3407,-0.343106468,0.340914086,-1.748788114,1.751650007,2.093981861,-2.090476814
0.34075,-0.304671077,0.302459282,-1.672563681,1.675484374,1.979299235,-1.97587918
0.3408,-0.263761825,0.261533741,-1.606112602,1.609089273,1.871918463,-1.868578978
0.34085,-0.223394572,0.221153088,-1.54734551,1.550375581,1.772765862,-1.76950289
0.3409,-0.187915293,0.185663046,-1.493524195,1.496605323,1.683449008,-1.68025885
0.34095,-0.159071367,0.156810733,-1.443607997,1.446738069,1.604674423,-1.601553742
0.341,-0.13519488,0.132927989,-1.398581121,1.401758254,1.535758216,-1.532704028
0.34105,-0.113162595,0.110891386,-1.360175718,1.363398271,1.475309155,-1.472318814
0.3411,-0.090860466,0.088586729,-1.329443756,1.332710338,1.422265053,-1.419336236
0.34115,-0.068209628,0.065935044,-1.306260372,1.309569848,1.376422098,-1.373552794
0.3412,-0.046434801,0.04416095,-1.289817682,1.293169171,1.338197051,-1.335385553
0.34125,-0.026607041,0.024335418,-1.279445466,1.282838339,1.307990684,-1.30523558
0.3413,-0.008704121,0.006436145,-1.275077427,1.278511305,1.285714416,-1.283014582
0.34135,0.008318539,-0.010554434,-1.277151902,1.28062666,1.270773471,-1.268128062
0.3414,0.025641048,-0.027870635,-1.286149833,1.289665599,1.262447625,-1.259856059
0.34145,0.044020691,-0.046242608,-1.302292626,1.305849788,1.260208585,-1.257670531
0.3415,0.063499834,-0.065712686,-1.325446709,1.32904591,1.263882365,-1.261397734
0.34155,0.083770059,-0.085972399,-1.355324271,1.35896641,1.273489644,-1.271058578
0.3416,0.10466408,-0.1068544,-1.391717921,1.395404149,1.288990365,-1.286613224
0.34165,0.126417872,-0.128594581,-1.434605803,1.438337523,1.310126758,-1.307804115
0.3417,0.149576829,-0.151738234,-1.484090427,1.487869291,1.336456014,-1.33418864
0.34175,0.174700203,-0.176844491,-1.540260944,1.544088851,1.367508123,-1.365296977
0.3418,0.202121331,-0.204246547,-1.603096667,1.606975764,1.402929169,-1.400775383
0.34185,0.231919938,-0.234023969,-1.67246827,1.676400946,1.442510218,-1.440415091
0.3419,0.264075876,-0.26615644,-1.748209197,1.752198078,1.486104988,-1.484069971
0.34195,0.298651419,-0.300706047,-1.830187643,1.834235592,1.533519541,-1.531546228
0.342,0.335863277,-0.337889306,-1.918327582,1.922437695,1.584461287,-1.582551407
0.34205,0.376016329,-0.378010885,-2.012577424,2.01675302,1.638573915,-1.636729316
0.3421,0.419378591,-0.421338576,-2.112863275,2.117107898,1.695515681,-1.693738325
0.34215,0.466103735,-0.468025815,-2.219065657,2.22338307,1.755013615,-1.753305562
0.3422,0.516249645,-0.518130243,-2.331031296,2.335425472,1.816856739,-1.815220141
0.34225,0.569858523,-0.571693805,-2.448602313,2.453077435,1.880845166,-1.879282254
0.3423,0.627023339,-0.628809212,-2.571636284,2.576196736,1.946743696,-1.945256773
0.34235,0.687890911,-0.68962301,-2.700004204,2.704654565,2.014276709,-2.012868139
0.3424,0.752611947,-0.754285632,-2.833573922,2.838318961,2.083161553,-2.081833751
0.34245,0.821289533,-0.82289988,-2.972196402,2.977041073,2.153146319,-2.151901743
0.3425,0.89396932,-0.895511117,-3.115705697,3.120655132,2.224019625,-2.222860767
0.34255,0.945122486,-0.946590727,-3.173861192,3.178867534,2.23764952,-2.236578541
0.3426,0.964162852,-0.965555582,-3.128126537,3.133121821,2.166245791,-2.16526081
0.34265,0.97966923,-0.98098543,-3.083762796,3.088747045,2.106434067,-2.10553249
0.3427,0.992005968,-0.993244596,-3.044746267,3.049719506,2.055073446,-2.054252916
0.34275,0.990603514,-0.991763229,-2.956365653,2.961327907,1.961467531,-1.960757883
0.3428,0.954916062,-0.955998554,-2.793335762,2.798287054,1.840703371,-1.840139296
0.34285,0.939200582,-0.940207546,-2.647571549,2.652511905,1.710551985,-1.71012311
0.3429,0.937295834,-0.938228732,-2.515273132,2.520202575,1.58012725,-1.579823883
0.34295,0.932771615,-0.933631782,-2.393507012,2.398425566,1.462857977,-1.462671204
0.343,0.917178364,-0.91796712,-2.281249979,2.286157668,1.366170198,-1.366091964
0.34305,0.894679608,-0.895398257,-2.179425152,2.184322002,1.286823089,-1.2868462
0.3431,0.875295786,-0.875945514,-2.089325197,2.09421123,1.216088552,-1.216206575
0.34315,0.865676092,-0.866257845,-2.011374878,2.016250118,1.147741953,-1.147949105
0.3432,0.865285172,-0.865799602,-1.945103432,1.949967904,1.081847742,-1.082138819
0.34325,0.869193644,-0.869641114,-1.889834257,1.894687984,1.022658555,-1.023028929
0.3433,0.873324972,-0.873705584,-1.845228154,1.85007116,0.973911566,-0.974357192
0.34335,0.877504694,-0.877818289,-1.81129979,1.816132099,0.935795749,-0.936313156
0.3434,0.884721458,-0.884967581,-1.788110404,1.792932039,0.905383579,-0.905969824
0.34345,0.898263903,-0.898441751,-1.775533804,1.780344789,0.879260168,-0.879912772
0.3435,0.919442572,-0.919550947,-1.77328178,1.778082138,0.855826757,-0.856543641
0.34355,0.947383298,-0.947420591,-1.781072309,1.785862064,0.835675515,-0.836454968
0.3436,0.980455705,-0.98041989,-1.798728089,1.803507265,0.820259552,-0.821100207
0.34365,1.017849319,-1.017737954,-1.82612297,1.830891589,0.810263237,-0.81116405
0.3437,1.060115783,-1.059925995,-1.863062346,1.867820432,0.804940389,-0.805900611
0.34375,1.108559394,-1.108287858,-1.909230694,1.91397827,0.80267129,-0.803690422
0.3438,1.164221177,-1.16386409,-1.964253286,1.968990375,0.802040322,-0.803118072
0.34385,1.227304039,-1.226857106,-2.027802748,2.032529374,0.802517369,-0.803653607
0.3439,1.297350709,-1.296809134,-2.099645382,2.104361568,0.804326187,-0.80552092
0.34395,1.373856347,-1.37321483,-2.179588718,2.184294486,0.807779344,-0.809032685
0.344,1.456752087,-1.456004821,-2.2673866,2.272081974,0.812699758,-0.814011906
0.34405,1.54642444,-1.545565107,-2.36269202,2.367377023,0.818354146,-0.81972535
0.3441,1.643363775,-1.642385534,-2.465097369,2.469772023,0.823844777,-0.825275305
0.34415,1.747799351,-1.746694833,-2.574219891,2.578884219,0.828559911,-0.830050016
0.3442,1.859611264,-1.858372571,-2.689752694,2.694406719,0.832312843,-0.833862734
0.34425,1.978529111,-1.977147816,-2.811439039,2.816082783,0.835117538,-0.836727357
0.3443,2.104394488,-2.102861643,-2.939000896,2.943634383,0.836854672,-0.838524476
0.34435,2.185182308,-2.183525309,-3.01305888,3.017682132,0.823545433,-0.825275412
0.3444,2.226733803,-2.224996934,-3.001075024,3.005688063,0.776634066,-0.778421607
0.34445,2.25524184,-2.253424205,-3.000857256,3.005460105,0.747848673,-0.749691266
0.3445,2.278245632,-2.276346261,-3.009699752,3.014292434,0.733696864,-0.735592275
0.34455,2.24667083,-2.244688988,-2.935786973,2.940320567,0.697951722,-0.699897404
0.3446,2.134159842,-2.132098931,-2.762971687,2.767386984,0.63098717,-0.63297826
0.34465,2.039208459,-2.037072598,-2.592476844,2.596780682,0.5554728,-0.557503899
0.3447,1.951930128,-1.949723192,-2.431036311,2.435235132,0.481276042,-0.483342089
0.34475,1.864434917,-1.862160584,-2.282472929,2.286572759,0.420176907,-0.42227328
0.3448,1.775712396,-1.773374171,-2.14763258,2.151639023,0.374031233,-0.376153803
0.34485,1.69039456,-1.687995754,-2.024265138,2.028183384,0.335956561,-0.338101647
0.3449,1.613419044,-1.610962747,-1.909474965,1.913309813,0.298119366,-0.300283621
0.34495,1.546197629,-1.543686688,-1.802046868,1.805802745,0.257892478,-0.260072818
0.345,1.486743455,-1.484180474,-1.702829985,1.706510952,0.218111716,-0.220305293
0.34505,1.432327886,-1.42971523,-1.613400506,1.617010264,0.183081718,-0.185285936
0.3451,1.38183252,-1.379172328,-1.534505045,1.538046931,0.154667299,-0.156879829
0.34515,1.336154263,-1.333448441,-1.465530914,1.469007914,0.131358684,-0.133577441
0.3452,1.297001763,-1.294251978,-1.40512659,1.40854135,0.11009555,-0.112318649
0.34525,1.265477323,-1.262684992,-1.352209268,1.355564106,0.088692677,-0.090918383
0.3453,1.2415306,-1.238696883,-1.306518689,1.309815611,0.066940061,-0.069166755
0.34535,1.22439316,-1.221518963,-1.268429865,1.271670574,0.045981078,-0.048207238
0.3454,1.213377662,-1.210463639,-1.238348678,1.241534578,0.02690888,-0.029133076
0.34545,1.208369301,-1.205415856,-1.216229333,1.219361539,0.009792419,-0.012013296
0.3455,1.209762227,-1.206769508,-1.201528251,1.204607599,-0.006305221,0.004097987
0.34555,1.21806464,-1.215032543,-1.193510117,1.196537178,-0.022625676,0.020424323
0.3456,1.233508177,-1.230436338,-1.191644013,1.194619103,-0.039937789,0.037743607
0.34565,1.255996282,-1.25288408,-1.195717837,1.198641031,-0.058353592,0.056167902
0.3457,1.285255956,-1.282102515,-1.205731978,1.208603119,-0.077599601,0.075423773
0.34575,1.321070137,-1.317874326,-1.22165426,1.224472968,-0.097490884,0.09532635
0.3458,1.363396345,-1.360156782,-1.243253114,1.246018798,-0.118216471,0.116064744
0.34585,1.412324293,-1.409039345,-1.27010768,1.272819549,-0.140286858,0.138149551
0.3459,1.467947361,-1.464615148,-1.301749255,1.304406328,-0.164264041,0.162142886
0.34595,1.530260859,-1.526879252,-1.337806044,1.340407164,-0.190515016,0.188411886
0.346,1.599150267,-1.595716895,-1.378047936,1.380591781,-0.21915526,0.217072185
0.34605,1.674453121,-1.670965371,-1.422320402,1.424805494,-0.250176707,0.248115888
0.3461,1.756031301,-1.752486325,-1.470438212,1.472862929,-0.283626331,0.281590153
0.34615,1.843800033,-1.840194749,-1.522124667,1.524487253,-0.319695909,0.317686953
0.3462,1.937704653,-1.934035753,-1.577032326,1.579330901,-0.358678061,0.356699117
0.34625,2.037675919,-2.03393987,-1.634814417,1.63704699,-0.40085015,0.398904233
0.3463,2.143602328,-2.139795378,-1.695184081,1.697348558,-0.446387353,0.444477714
0.34635,2.255335718,-2.251453899,-1.757919075,1.760013272,-0.495363567,0.493493702
0.3464,2.372717717,-2.368756856,-1.822818698,1.82484035,-0.547820933,0.545994593
0.34645,2.495602002,-2.49155772,-1.88965552,1.891602288,-0.603840358,0.602061556
0.3465,2.623856664,-2.619724385,-1.958161405,1.96003089,-0.663557866,0.661830887
0.34655,2.757350227,-2.753125186,-2.028053346,2.029843096,-0.727124783,0.725454188
0.3466,2.895936889,-2.891614132,-2.099071371,2.100778889,-0.794655063,0.793045698
0.34665,3.039453431,-3.035027829,-2.170995171,2.172617929,-0.866205579,0.864662581
0.3467,3.097687796,-3.093205869,-2.18558924,2.187125037,-0.916431818,0.914960118
0.34675,3.052133319,-3.047661293,-2.114944307,2.116394993,-0.934915238,0.933516751
0.3468,3.007951077,-3.003488929,-2.055867331,2.057235471,-0.949886436,0.948562144
0.34685,2.969101726,-2.964649435,-2.005292695,2.006580619,-0.961619045,0.960369955
0.3469,2.936642701,-2.932200245,-1.959118813,1.960328645,-0.975339726,0.974166906
0.34695,2.855735148,-2.851302505,-1.868861297,1.8699645,-0.978102789,0.977007664
0.347,2.7005811,-2.696158249,-1.753420587,1.754384054,-0.945044123,0.944025053
0.34705,2.561933093,-2.557520011,-1.630762645,1.631596213,-0.929019344,0.92807467
0.3471,2.436395199,-2.431991865,-1.508933231,1.509646052,-0.925339744,0.924468027
0.34715,2.321585444,-2.317191836,-1.399327724,1.399928192,-0.920160709,0.919360654
0.3472,2.216648118,-2.212264215,-1.308457884,1.308953565,-0.906115261,0.905385622
0.34725,2.122288327,-2.117914107,-1.233777294,1.234174932,-0.886455312,0.885794895
0.3473,2.039517219,-2.035152662,-1.167822403,1.168128005,-0.86965586,0.869063614
0.34735,1.968660029,-1.964305113,-1.104973719,1.105192658,-0.861661823,0.861136942
0.3474,1.909324604,-1.904979307,-1.044903703,1.045040786,-0.862408721,0.8619507
0.34745,1.860947742,-1.856612043,-0.991054644,0.991114122,-0.86789119,0.867499828
0.3475,1.823229132,-1.81890301,-0.946700259,0.94668583,-0.874535338,0.874210715
0.34755,1.796143521,-1.791826955,-0.912196982,0.912111796,-0.881959609,0.881702089
0.3476,1.779692803,-1.775385771,-0.885124725,0.884971433,-0.892586077,0.892396339
0.34765,1.773719466,-1.769421948,-0.862432998,0.862213807,-0.909307764,0.909186846
0.3477,1.77793367,-1.773645644,-0.842495695,0.84221243,-0.933460923,0.933410267
0.34775,1.792057695,-1.787779141,-0.825603228,0.82525737,-0.964477385,0.964498853
0.3478,1.815908842,-1.811639739,-0.812932582,0.812525289,-1.000997413,1.001093296
0.34785,1.849349294,-1.845089621,-0.805125032,0.804657164,-1.042241849,1.04241487
0.3479,1.892176919,-1.887926654,-0.801604106,0.801076254,-1.088584944,1.088838268
0.34795,1.944075213,-1.939834336,-0.800955698,0.800368225,-1.141124186,1.141461439
0.348,2.004667449,-2.000435939,-0.80184404,0.801197121,-1.200818469,1.201243759
0.34805,2.073615893,-2.06939373,-0.80366582,0.802959489,-1.267933189,1.268451125
0.3481,2.150670193,-2.146457357,-0.80651499,0.805749164,-1.342123849,1.342739547
0.34815,2.235624605,-2.231421074,-0.810635542,0.809810051,-1.422940501,1.423659585
0.3482,2.328230444,-2.324036198,-0.815886948,0.815001561,-1.510274763,1.511103369
0.34825,2.428146706,-2.423961725,-0.82163037,0.820684823,-1.604424228,1.605369009
0.3483,2.534970858,-2.530795121,-0.827039174,0.826033201,-1.705812736,1.706880868
0.34835,2.648316683,-2.64415017,-0.831505309,0.830438678,-1.814661838,1.815861028
0.3484,2.767866369,-2.763709059,-0.834798124,0.833670663,-1.93088408,1.932222561
0.34845,2.893352965,-2.889204839,-0.836893789,0.835705407,-2.054236036,2.055722572
0.3485,2.965673127,-2.961534164,-0.82391083,0.822661294,-2.132907386,2.134515231
0.34855,2.952409787,-2.948279967,-0.777156361,0.775848275,-2.173011284,2.174697156
0.3486,2.950883915,-2.946763218,-0.748566093,0.747201956,-2.200001481,2.201766225
0.34865,2.958435665,-2.95432407,-0.734724095,0.733306125,-2.221386914,2.223231447
0.3487,2.970670639,-2.966568126,-0.719716761,0.718247017,-2.248619237,2.250544605
0.34875,2.897245584,-2.89320039,-0.673773915,0.672254925,-2.227755736,2.229762801
0.3488,2.725975203,-2.722045672,-0.600565417,0.599002001,-2.123116751,2.125202237
0.34885,2.559857062,-2.556036517,-0.528292844,0.526690281,-2.029375399,2.031535285
0.3489,2.404753399,-2.401035571,-0.463172315,0.461535467,-1.939425359,1.941655838
0.34895,2.262094117,-2.258473153,-0.409408621,0.407741897,-1.850559647,1.852857106
0.349,2.13121973,-2.127690192,-0.364782003,0.363089369,-1.764338767,1.766699783
0.34905,2.010275228,-2.006832078,-0.324075764,0.322360808,-1.684124686,1.686546048
0.3491,1.897852583,-1.894491165,-0.283816835,0.282082838,-1.611982674,1.6144614
0.34915,1.793842912,-1.790558945,-0.244212241,0.242462217,-1.547597025,1.550130373
0.3492,1.699037625,-1.695827191,-0.207667365,0.20590407,-1.489353959,1.491939422
0.34925,1.614127949,-1.610987494,-0.176078973,0.174304903,-1.436048131,1.438683436
0.3493,1.539034403,-1.53596073,-0.149314611,0.147532015,-1.387732701,1.390415806
0.34935,1.472985738,-1.469975992,-0.125644127,0.123855039,-1.345366731,1.348095834
0.3494,1.415089942,-1.412141605,-0.103217608,0.101423887,-1.309908255,1.312681798
0.34945,1.364846671,-1.361957544,-0.081205739,0.079409104,-1.281686347,1.284503025
0.3495,1.322240912,-1.319409108,-0.059883627,0.058085685,-1.260410974,1.263269733
0.34955,1.287457005,-1.284680938,-0.039906966,0.038109222,-1.245610857,1.248510897
0.3496,1.260515385,-1.257793763,-0.021524855,0.019728734,-1.237057393,1.239998166
0.34965,1.241111471,-1.238443285,-0.004300026,0.002506889,-1.234883316,1.237864526
0.3497,1.228721413,-1.226105928,0.012594636,-0.014416038,-1.239407696,1.242429303
0.34975,1.222838563,-1.220275304,0.02994122,-0.031756922,-1.250874889,1.25393711
0.3498,1.223129675,-1.220618416,0.048097819,-0.049906486,-1.269324545,1.272427851
0.34985,1.229444478,-1.22698523,0.067078327,-0.06887859,-1.294620752,1.297765873
0.3499,1.241683992,-1.239276994,0.086812115,-0.088602548,-1.326593865,1.329781785
0.34995,1.259662498,-1.257308208,0.107397085,-0.109176193,-1.365156014,1.368387969
0.35,1.283060673,-1.280759755,0.129165468,-0.130931665,-1.410320042,1.41359752
0.35005,1.311482872,-1.309236184,0.152563707,-0.154315298,-1.462136662,1.4654614
0.3501,1.344555796,-1.342364379,0.177975622,-0.179710783,-1.520616297,1.523990282
0.35015,1.38199004,-1.37985511,0.205625832,-0.207342593,-1.585694057,1.589119518
0.3502,1.423568751,-1.421491681,0.235611814,-0.237308043,-1.657250439,1.660729849
0.35025,1.469086922,-1.467069239,0.26801151,-0.269684899,-1.73515825,1.73869432
0.3503,1.518295683,-1.516339052,0.30297224,-0.304620291,-1.819315795,1.822911471
0.35035,1.570891638,-1.568997853,0.340721129,-0.342341142,-1.909646653,1.91330511
0.3504,1.626550683,-1.624721657,0.381506907,-0.383095966,-2.006075287,2.009799926
0.35045,1.684972878,-1.683210632,0.425530775,-0.427085736,-2.108502788,2.112297234
0.3505,1.745902769,-1.74420942,0.472919996,-0.474437476,-2.216800784,2.220668877
0.35055,1.809114513,-1.807492266,0.523754964,-0.525231329,-2.33082364,2.334769432
0.3506,1.874380091,-1.872831228,0.578117925,-0.579549285,-2.45042539,2.454453139
0.35065,1.94144897,-1.939975841,0.63612119,-0.637503389,-2.575467613,2.579581776
0.3507,2.010053724,-2.008658736,0.697896871,-0.699225479,-2.705814789,2.710020021
0.35075,2.079932834,-2.078618442,0.763564094,-0.764834402,-2.841324315,2.845625455
0.3508,2.150849152,-2.149617851,0.833204886,-0.834411898,-2.981840857,2.98624293
0.35085,2.222589534,-2.22144385,0.90686712,-0.908005549,-3.127198924,3.131707128
0.3509,2.23717145,-2.236113577,0.958751567,-0.959816333,-3.18703702,3.191603359
0.35095,2.166913394,-2.165941492,0.978103717,-0.979092828,-3.142759251,3.147315503
0.351,2.108108335,-2.107219852,0.994096733,-0.995009141,-3.099888249,3.104434436
0.35105,2.057664164,-2.056856778,1.007020269,-1.007854895,-3.062374404,3.066910549
0.3511,1.965201371,-1.964505012,1.006125978,-1.006881443,-2.975644541,2.980170666
0.35115,1.846020713,-1.84547024,0.970778992,-0.971456956,-2.814538153,2.81905428
0.3512,1.717362339,-1.716947488,0.955416319,-0.956018446,-2.670619336,2.675125487
0.35125,1.588240972,-1.587952155,0.954022659,-0.954550372,-2.540134984,2.544631182
0.3513,1.472079443,-1.471907838,0.95023165,-0.95068624,-2.420209453,2.424695719
0.35135,1.376402634,-1.376340275,0.935505404,-0.935888138,-2.309830048,2.314306404
0.3514,1.298073919,-1.298113692,0.913870809,-0.914182934,-2.209887443,2.214353912
0.35145,1.228376731,-1.228512279,0.895299474,-0.895542112,-2.121636997,2.126093599
0.3515,1.161004575,-1.161230181,0.886507662,-0.886681693,-2.045488676,2.049935435
0.35155,1.095929826,-1.09624035,0.887060052,-0.887166058,-1.980979675,1.985416612
0.3516,1.037381354,-1.037772219,0.892065947,-0.892104213,-1.927448299,1.931875435
0.35165,0.989147197,-0.989614405,0.8974052,-0.897375746,-1.884562595,1.888979953
0.3517,0.951485166,-0.952025284,0.902829777,-0.902732356,-1.852332492,1.856740091
0.35175,0.921495506,-0.922105624,0.911288454,-0.911122522,-1.830807121,1.835204985
0.3518,0.895737525,-0.896415188,0.926083631,-0.92584829,-1.819848242,1.824236392
0.35185,0.872566577,-0.873309726,0.948565015,-0.948258971,-1.819160916,1.823539374
0.3519,0.852550571,-0.853357505,0.977882372,-0.977503914,-1.828462788,1.832831574
0.35195,0.837154391,-0.838023748,1.012396771,-1.011943772,-1.847579774,1.85193891
0.352,0.827092441,-0.828023175,1.051269913,-1.050739823,-1.876387922,1.88073743
0.35205,0.821639202,-0.822630553,1.095030769,-1.094420608,-1.914690616,1.919030516
0.3521,0.819173626,-0.820225083,1.144979012,-1.144285343,-1.962166375,1.966496689
0.35215,0.818265667,-0.819376914,1.202163473,-1.201382383,-2.018433844,2.022754593
0.3522,0.81837522,-0.819546101,1.266793341,-1.265920422,-2.08316194,2.087473145
0.35225,0.819729696,-0.820960183,1.338407923,-1.337438264,-2.156117192,2.160418874
0.3523,0.82265398,-0.823944149,1.416492063,-1.415420251,-2.237109131,2.241401312
0.35235,0.826980735,-0.828330739,1.500967711,-1.499787823,-2.325892154,2.330174854
0.3524,0.831978029,-0.833388068,1.592217755,-1.590923359,-2.422116986,2.426390226
0.35245,0.83674493,-0.838215217,1.690732214,-1.689316354,-2.525372457,2.529636258
0.3525,0.840669632,-0.84220036,1.796738308,-1.795193503,-2.63527371,2.639528093
0.35255,0.843571567,-0.845162881,1.910110599,-1.908428837,-2.751514449,2.755759434
0.3526,0.845472999,-0.847124975,2.030572354,-2.028745098,-2.873839909,2.878075517
0.35265,0.84625917,-0.84797179,2.15796159,-2.15597978,-3.001973039,3.006199291
0.3527,0.832117839,-0.833891222,2.239966976,-2.237858798,-3.076415234,3.08063215
0.35275,0.784691836,-0.786523319,2.28219044,-2.280001305,-3.064587989,3.06879559
0.3528,0.755419075,-0.757306104,2.311382339,-2.309111326,-3.064565957,3.068764263
0.35285,0.740703332,-0.742643627,2.335141187,-2.332787299,-3.073598783,3.077787815
0.3529,0.704447603,-0.706438573,2.304320577,-2.301883055,-2.999929309,3.004059095
0.35295,0.637214138,-0.639250899,2.192462324,-2.189944548,-2.827498214,2.831508163
0.353,0.56135177,-0.563428908,2.09816524,-2.095571311,-2.65731003,2.661206969
0.35305,0.486900141,-0.489012576,2.011458249,-2.008792023,-2.49618631,2.499976671
0.3531,0.425673503,-0.427816592,1.924463988,-1.921729121,-2.347996703,2.351686502
0.35315,0.379367431,-0.381537022,1.836284412,-1.833484387,-2.213539211,2.217134042
0.3532,0.340914086,-0.343106468,1.751650007,-1.748788114,-2.090476814,2.093981861
0.35325,0.302459283,-0.304671077,1.675484374,-1.672563681,-1.97587918,1.979299235
0.3533,0.261533741,-0.263761825,1.609089273,-1.606112602,-1.868578979,1.871918463
0.35335,0.221153088,-0.223394572,1.550375581,-1.547345511,-1.76950289,1.772765863
0.3534,0.185663047,-0.187915293,1.496605324,-1.493524195,-1.68025885,1.683449008
0.35345,0.156810733,-0.159071367,1.446738069,-1.443607997,-1.601553743,1.604674423
0.3535,0.132927989,-0.13519488,1.401758254,-1.398581121,-1.532704028,1.535758216
0.35355,0.110891386,-0.113162595,1.363398271,-1.360175718,-1.472318814,1.475309155
0.3536,0.088586729,-0.090860466,1.332710338,-1.329443756,-1.419336236,1.422265053
0.35365,0.065935044,-0.068209628,1.309569848,-1.306260372,-1.373552794,1.376422098
0.3537,0.04416095,-0.046434801,1.293169171,-1.289817682,-1.335385553,1.338197051
0.35375,0.024335418,-0.026607041,1.282838339,-1.279445466,-1.30523558,1.307990684
0.3538,0.006436145,-0.008704121,1.278511305,-1.275077427,-1.283014582,1.285714416
0.35385,-0.010554434,0.008318539,1.28062666,-1.277151902,-1.268128062,1.270773471
0.3539,-0.027870635,0.025641048,1.289665599,-1.286149833,-1.259856059,1.262447625
0.35395,-0.046242608,0.044020691,1.305849788,-1.302292626,-1.257670531,1.260208585
0.354,-0.065712686,0.063499834,1.32904591,-1.325446709,-1.261397734,1.263882365
0.35405,-0.085972399,0.083770059,1.35896641,-1.355324271,-1.271058578,1.273489644
0.3541,-0.1068544,0.10466408,1.395404149,-1.391717921,-1.286613224,1.288990365
0.35415,-0.128594581,0.126417872,1.438337523,-1.434605803,-1.307804115,1.310126758
0.3542,-0.151738234,0.149576829,1.487869291,-1.484090427,-1.33418864,1.336456014
0.35425,-0.176844491,0.174700203,1.544088851,-1.540260944,-1.365296977,1.367508123
0.3543,-0.204246547,0.202121331,1.606975764,-1.603096667,-1.400775383,1.402929169
0.35435,-0.234023969,0.231919938,1.676400945,-1.67246827,-1.44041509,1.442510218
0.3544,-0.26615644,0.264075876,1.752198078,-1.748209197,-1.484069971,1.486104988
0.35445,-0.300706047,0.298651419,1.834235592,-1.830187642,-1.531546228,1.533519541
0.3545,-0.337889306,0.335863277,1.922437695,-1.918327582,-1.582551407,1.584461287
0.35455,-0.378010884,0.376016329,2.01675302,-2.012577424,-1.636729316,1.638573915
0.3546,-0.421338576,0.419378591,2.117107898,-2.112863274,-1.693738324,1.695515681
0.35465,-0.468025815,0.466103734,2.22338307,-2.219065657,-1.753305562,1.755013615
0.3547,-0.518130242,0.516249645,2.335425472,-2.331031295,-1.815220141,1.816856739
0.35475,-0.571693804,0.569858522,2.453077435,-2.448602312,-1.879282254,1.880845166
0.3548,-0.628809212,0.627023339,2.576196736,-2.571636284,-1.945256773,1.946743696
0.35485,-0.68962301,0.687890911,2.704654565,-2.700004204,-2.012868139,2.014276709
0.3549,-0.754285632,0.752611947,2.838318961,-2.833573921,-2.081833751,2.083161553
0.35495,-0.82289988,0.821289533,2.977041073,-2.972196402,-2.151901743,2.153146319
0.355,-0.895511117,0.89396932,3.120655131,-3.115705697,-2.222860767,2.224019625
0.35505,-0.946590727,0.945122485,3.178867533,-3.173861191,-2.236578541,2.23764952
0.3551,-0.965555582,0.964162852,3.13312182,-3.128126537,-2.16526081,2.166245791
0.35515,-0.98098543,0.97966923,3.088747045,-3.083762796,-2.10553249,2.106434066
0.3552,-0.993244596,0.992005968,3.049719506,-3.044746267,-2.054252916,2.055073446
0.35525,-0.991763229,0.990603514,2.961327907,-2.956365653,-1.960757883,1.961467531
0.3553,-0.955998554,0.954916062,2.798287054,-2.793335762,-1.840139296,1.840703371
0.35535,-0.940207546,0.939200582,2.652511904,-2.647571549,-1.710123109,1.710551985
0.3554,-0.938228732,0.937295834,2.520202575,-2.515273132,-1.579823883,1.580127249
0.35545,-0.933631782,0.932771615,2.398425566,-2.393507011,-1.462671203,1.462857977
0.3555,-0.91796712,0.917178364,2.286157668,-2.281249978,-1.366091964,1.366170198
0.35555,-0.895398257,0.894679607,2.184322001,-2.179425152,-1.286846199,1.286823089
0.3556,-0.875945514,0.875295786,2.094211229,-2.089325196,-1.216206574,1.216088551
0.35565,-0.866257845,0.865676092,2.016250118,-2.011374877,-1.147949105,1.147741953
0.3557,-0.865799602,0.865285172,1.949967904,-1.945103432,-1.082138819,1.081847742
0.35575,-0.869641114,0.869193643,1.894687984,-1.889834257,-1.023028929,1.022658554
0.3558,-0.873705584,0.873324971,1.850071159,-1.845228153,-0.974357192,0.973911566
0.35585,-0.877818289,0.877504694,1.816132098,-1.811299789,-0.936313156,0.935795749
0.3559,-0.884967581,0.884721457,1.792932038,-1.788110403,-0.905969824,0.905383578
0.35595,-0.89844175,0.898263902,1.780344788,-1.775533804,-0.879912771,0.879260168
0.356,-0.919550947,0.919442572,1.778082137,-1.773281779,-0.856543641,0.855826757
0.35605,-0.947420591,0.947383298,1.785862063,-1.781072308,-0.836454968,0.835675515
0.3561,-0.98041989,0.980455704,1.803507264,-1.798728089,-0.821100206,0.820259552
0.35615,-1.017737954,1.017849318,1.830891589,-1.82612297,-0.81116405,0.810263237
0.3562,-1.059925995,1.060115782,1.867820431,-1.863062345,-0.80590061,0.804940389
0.35625,-1.108287857,1.108559393,1.913978269,-1.909230693,-0.803690422,0.80267129
0.3563,-1.16386409,1.164221176,1.968990375,-1.964253285,-0.803118072,0.802040322
0.35635,-1.226857106,1.227304038,2.032529373,-2.027802747,-0.803653607,0.802517369
0.3564,-1.296809134,1.297350708,2.104361567,-2.099645382,-0.80552092,0.804326187
0.35645,-1.373214829,1.373856346,2.184294486,-2.179588718,-0.809032685,0.807779343
0.3565,-1.456004821,1.456752087,2.272081973,-2.267386599,-0.814011906,0.812699758
0.35655,-1.545565106,1.546424439,2.367377022,-2.36269202,-0.81972535,0.818354146
0.3566,-1.642385533,1.643363775,2.469772022,-2.465097368,-0.825275305,0.823844777
0.35665,-1.746694832,1.74779935,2.578884219,-2.574219891,-0.830050016,0.828559911
0.3567,-1.858372571,1.859611264,2.694406718,-2.689752693,-0.833862734,0.832312843
0.35675,-1.977147816,1.97852911,2.816082783,-2.811439038,-0.836727357,0.835117537
0.3568,-2.102861642,2.104394487,2.943634382,-2.939000895,-0.838524476,0.836854672
0.35685,-2.183525309,2.185182308,3.017682131,-3.013058879,-0.825275412,0.823545433
0.3569,-2.224996933,2.226733803,3.005688062,-3.001075023,-0.778421607,0.776634066
0.35695,-2.253424204,2.255241839,3.005460104,-3.000857255,-0.749691266,0.747848673
0.357,-2.27634626,2.278245632,3.014292433,-3.009699751,-0.735592274,0.733696864
0.35705,-2.244688987,2.246670829,2.940320567,-2.935786973,-0.699897404,0.697951722
0.3571,-2.132098931,2.134159841,2.767386984,-2.762971686,-0.63297826,0.63098717
0.35715,-2.037072598,2.039208459,2.596780681,-2.592476843,-0.557503899,0.5554728
0.3572,-1.949723192,1.951930128,2.435235131,-2.43103631,-0.483342089,0.481276042
0.35725,-1.862160584,1.864434916,2.286572759,-2.282472928,-0.42227328,0.420176907
0.3573,-1.77337417,1.775712396,2.151639023,-2.147632579,-0.376153803,0.374031233
0.35735,-1.687995753,1.69039456,2.028183384,-2.024265137,-0.338101647,0.335956561
0.3574,-1.610962747,1.613419044,1.913309813,-1.909474964,-0.300283621,0.298119366
0.35745,-1.543686688,1.546197628,1.805802744,-1.802046868,-0.260072818,0.257892478
0.3575,-1.484180473,1.486743454,1.706510952,-1.702829985,-0.220305293,0.218111716
0.35755,-1.42971523,1.432327885,1.617010263,-1.613400506,-0.185285936,0.183081718
0.3576,-1.379172327,1.381832519,1.53804693,-1.534505044,-0.156879829,0.154667299
0.35765,-1.33344844,1.336154262,1.469007914,-1.465530913,-0.133577441,0.131358684
0.3577,-1.294251978,1.297001762,1.408541349,-1.40512659,-0.112318649,0.11009555
0.35775,-1.262684991,1.265477322,1.355564105,-1.352209268,-0.090918383,0.088692677
0.3578,-1.238696883,1.241530599,1.30981561,-1.306518688,-0.069166755,0.066940061
0.35785,-1.221518963,1.224393159,1.271670574,-1.268429865,-0.048207238,0.045981078
0.3579,-1.210463639,1.213377661,1.241534578,-1.238348678,-0.029133076,0.02690888
0.35795,-1.205415855,1.2083693,1.219361538,-1.216229332,-0.012013296,0.009792419
0.358,-1.206769508,1.209762226,1.204607599,-1.20152825,0.004097987,-0.006305221
0.35805,-1.215032542,1.21806464,1.196537177,-1.193510116,0.020424323,-0.022625676
0.3581,-1.230436337,1.233508177,1.194619103,-1.191644013,0.037743607,-0.039937789
0.35815,-1.25288408,1.255996282,1.198641031,-1.195717837,0.056167902,-0.058353592
0.3582,-1.282102514,1.285255955,1.208603118,-1.205731978,0.075423772,-0.077599601
0.35825,-1.317874325,1.321070136,1.224472967,-1.221654259,0.09532635,-0.097490884
0.3583,-1.360156781,1.363396344,1.246018797,-1.243253113,0.116064744,-0.118216471
0.35835,-1.409039344,1.412324292,1.272819548,-1.270107679,0.13814955,-0.140286858
0.3584,-1.464615147,1.46794736,1.304406327,-1.301749254,0.162142885,-0.164264041
0.35845,-1.526879251,1.530260858,1.340407163,-1.337806043,0.188411886,-0.190515016
0.3585,-1.595716894,1.599150266,1.38059178,-1.378047935,0.217072185,-0.21915526
0.35855,-1.67096537,1.67445312,1.424805494,-1.422320402,0.248115888,-0.250176706
0.3586,-1.752486324,1.756031301,1.472862929,-1.470438212,0.281590153,-0.283626331
0.35865,-1.840194749,1.843800033,1.524487252,-1.522124667,0.317686953,-0.319695909
0.3587,-1.934035752,1.937704652,1.5793309,-1.577032325,0.356699117,-0.358678061
0.35875,-2.033939869,2.037675919,1.637046989,-1.634814416,0.398904233,-0.400850149
0.3588,-2.139795377,2.143602327,1.697348557,-1.69518408,0.444477714,-0.446387353
0.35885,-2.251453898,2.255335717,1.760013272,-1.757919074,0.493493702,-0.495363567
0.3589,-2.368756855,2.372717716,1.824840349,-1.822818697,0.545994593,-0.547820933
0.35895,-2.491557719,2.495602002,1.891602288,-1.889655519,0.602061556,-0.603840358
0.359,-2.619724384,2.623856663,1.96003089,-1.958161405,0.661830887,-0.663557866
0.35905,-2.753125185,2.757350226,2.029843095,-2.028053346,0.725454187,-0.727124782
0.3591,-2.891614132,2.895936888,2.100778889,-2.09907137,0.793045698,-0.794655062
0.35915,-3.035027828,3.039453431,2.172617929,-2.170995171,0.864662581,-0.866205578
0.3592,-3.093205868,3.097687795,2.187125036,-2.185589239,0.914960118,-0.916431818
0.35925,-3.047661292,3.052133318,2.116394993,-2.114944306,0.933516751,-0.934915238
0.3593,-3.003488928,3.007951076,2.05723547,-2.05586733,0.948562144,-0.949886435
0.35935,-2.964649434,2.969101726,2.006580619,-2.005292695,0.960369955,-0.961619045
0.3594,-2.932200244,2.9366427,1.960328644,-1.959118813,0.974166906,-0.975339726
0.35945,-2.851302504,2.855735148,1.8699645,-1.868861297,0.977007664,-0.978102789
0.3595,-2.696158248,2.7005811,1.754384054,-1.753420586,0.944025053,-0.945044123
0.35955,-2.55752001,2.561933092,1.631596213,-1.630762645,0.92807467,-0.929019344
0.3596,-2.431991864,2.436395198,1.509646052,-1.508933231,0.924468027,-0.925339744
0.35965,-2.317191835,2.321585443,1.399928191,-1.399327723,0.919360654,-0.920160709
0.3597,-2.212264214,2.216648117,1.308953565,-1.308457884,0.905385622,-0.906115261
0.35975,-2.117914107,2.122288326,1.234174932,-1.233777294,0.885794895,-0.886455312
0.3598,-2.035152662,2.039517219,1.168128004,-1.167822403,0.869063613,-0.869655859
0.35985,-1.964305112,1.968660028,1.105192658,-1.104973718,0.861136941,-0.861661823
0.3599,-1.904979306,1.909324603,1.045040785,-1.044903703,0.8619507,-0.862408721
0.35995,-1.856612042,1.860947741,0.991114122,-0.991054643,0.867499827,-0.86789119
0.36,-1.818903009,1.823229131,0.946685829,-0.946700259,0.874210714,-0.874535337
0.36005,-1.791826954,1.79614352,0.912111796,-0.912196981,0.881702089,-0.881959608
0.3601,-1.77538577,1.779692802,0.884971432,-0.885124725,0.892396338,-0.892586076
0.36015,-1.769421947,1.773719465,0.862213807,-0.862432997,0.909186846,-0.909307763
0.3602,-1.773645644,1.777933669,0.84221243,-0.842495694,0.933410266,-0.933460923
0.36025,-1.78777914,1.792057695,0.82525737,-0.825603228,0.964498852,-0.964477385
0.3603,-1.811639738,1.815908841,0.812525289,-0.812932582,1.001093296,-1.000997413
0.36035,-1.84508962,1.849349294,0.804657164,-0.805125031,1.04241487,-1.042241849
0.3604,-1.887926653,1.892176918,0.801076254,-0.801604106,1.088838268,-1.088584944
0.36045,-1.939834335,1.944075212,0.800368224,-0.800955698,1.141461438,-1.141124186
0.3605,-2.000435939,2.004667448,0.801197121,-0.801844039,1.201243758,-1.200818468
0.36055,-2.06939373,2.073615892,0.802959488,-0.80366582,1.268451125,-1.267933188
0.3606,-2.146457356,2.150670192,0.805749164,-0.80651499,1.342739546,-1.342123848
0.36065,-2.231421074,2.235624604,0.809810051,-0.810635541,1.423659584,-1.422940501
0.3607,-2.324036197,2.328230443,0.815001561,-0.815886948,1.511103369,-1.510274763
0.36075,-2.423961724,2.428146705,0.820684822,-0.82163037,1.605369009,-1.604424228
0.3608,-2.53079512,2.534970857,0.826033201,-0.827039174,1.706880867,-1.705812735
0.36085,-2.644150169,2.648316682,0.830438678,-0.831505309,1.815861027,-1.814661838
0.3609,-2.763709059,2.767866368,0.833670662,-0.834798124,1.932222561,-1.930884079
0.36095,-2.889204838,2.893352964,0.835705407,-0.836893789,2.055722572,-2.054236035
0.361,-2.961534163,2.965673126,0.822661294,-0.82391083,2.134515231,-2.132907386
0.36105,-2.948279966,2.952409786,0.775848275,-0.777156361,2.174697156,-2.173011283
0.3611,-2.946763217,2.950883914,0.747201956,-0.748566093,2.201766224,-2.200001481
0.36115,-2.954324069,2.958435664,0.733306125,-0.734724094,2.223231447,-2.221386913
0.3612,-2.966568126,2.970670638,0.718247017,-0.719716761,2.250544604,-2.248619236
0.36125,-2.893200389,2.897245583,0.672254925,-0.673773915,2.2297628,-2.227755736
0.3613,-2.722045671,2.725975202,0.599002001,-0.600565417,2.125202236,-2.12311675
0.36135,-2.556036517,2.559857061,0.526690281,-0.528292844,2.031535285,-2.029375399
0.3614,-2.40103557,2.404753399,0.461535467,-0.463172315,1.941655837,-1.939425358
0.36145,-2.258473152,2.262094116,0.407741897,-0.40940862,1.852857105,-1.850559646
0.3615,-2.127690191,2.131219729,0.363089369,-0.364782002,1.766699783,-1.764338767
0.36155,-2.006832077,2.010275227,0.322360808,-0.324075764,1.686546047,-1.684124686
0.3616,-1.894491165,1.897852582,0.282082838,-0.283816835,1.6144614,-1.611982674
0.36165,-1.790558944,1.793842911,0.242462217,-0.244212241,1.550130372,-1.547597025
0.3617,-1.69582719,1.699037624,0.20590407,-0.207667365,1.491939421,-1.489353958
0.36175,-1.610987493,1.614127948,0.174304903,-0.176078973,1.438683435,-1.43604813
0.3618,-1.535960729,1.539034403,0.147532015,-0.149314611,1.390415806,-1.3877327
0.36185,-1.469975992,1.472985737,0.123855039,-0.125644126,1.348095834,-1.34536673
0.3619,-1.412141605,1.415089941,0.101423887,-0.103217608,1.312681798,-1.309908254
0.36195,-1.361957544,1.36484667,0.079409104,-0.081205739,1.284503024,-1.281686346
0.362,-1.319409107,1.322240911,0.058085685,-0.059883627,1.263269732,-1.260410973
0.36205,-1.284680938,1.287457005,0.038109222,-0.039906966,1.248510897,-1.245610857
0.3621,-1.257793762,1.260515385,0.019728734,-0.021524855,1.239998165,-1.237057392
0.36215,-1.238443285,1.241111471,0.002506889,-0.004300026,1.237864525,-1.234883315
0.3622,-1.226105927,1.228721412,-0.014416038,0.012594636,1.242429303,-1.239407695
0.36225,-1.220275304,1.222838563,-0.031756921,0.02994122,1.253937109,-1.250874889
0.3623,-1.220618415,1.223129675,-0.049906486,0.048097819,1.272427851,-1.269324544
0.36235,-1.226985229,1.229444478,-0.06887859,0.067078327,1.297765873,-1.294620751
0.3624,-1.239276994,1.241683991,-0.088602548,0.086812115,1.329781784,-1.326593864
0.36245,-1.257308208,1.259662497,-0.109176193,0.107397085,1.368387969,-1.365156014
0.3625,-1.280759755,1.283060673,-0.130931665,0.129165468,1.41359752,-1.410320042
0.36255,-1.309236184,1.311482872,-0.154315298,0.152563707,1.4654614,-1.462136661
0.3626,-1.342364379,1.344555795,-0.179710783,0.177975622,1.523990281,-1.520616297
0.36265,-1.379855109,1.38199004,-0.207342593,0.205625832,1.589119518,-1.585694057
0.3627,-1.421491681,1.42356875,-0.237308043,0.235611814,1.660729849,-1.657250439
0.36275,-1.467069238,1.469086922,-0.269684898,0.26801151,1.738694319,-1.735158249
0.3628,-1.516339051,1.518295683,-0.304620291,0.30297224,1.82291147,-1.819315795
0.36285,-1.568997853,1.570891638,-0.342341142,0.340721129,1.913305109,-1.909646653
0.3629,-1.624721657,1.626550683,-0.383095966,0.381506906,2.009799926,-2.006075286
0.36295,-1.683210632,1.684972878,-0.427085736,0.425530775,2.112297233,-2.108502787
0.363,-1.74420942,1.745902769,-0.474437475,0.472919996,2.220668876,-2.216800783
0.36305,-1.807492266,1.809114512,-0.525231329,0.523754964,2.334769431,-2.33082364
0.3631,-1.872831228,1.874380091,-0.579549285,0.578117925,2.454453138,-2.45042539
0.36315,-1.93997584,1.941448969,-0.637503389,0.63612119,2.579581776,-2.575467612
0.3632,-2.008658735,2.010053724,-0.699225479,0.69789687,2.71002002,-2.705814789
0.36325,-2.078618441,2.079932833,-0.764834402,0.763564093,2.845625455,-2.841324315
0.3633,-2.149617851,2.150849152,-0.834411898,0.833204886,2.986242929,-2.981840857
0.36335,-2.22144385,2.222589533,-0.908005548,0.90686712,3.131707128,-3.127198924
0.3634,-2.236113577,2.237171449,-0.959816333,0.958751567,3.191603358,-3.18703702
0.36345,-2.165941492,2.166913394,-0.979092828,0.978103717,3.147315503,-3.142759251
0.3635,-2.107219851,2.108108335,-0.995009141,0.994096733,3.104434436,-3.099888249
0.36355,-2.056856778,2.057664164,-1.007854895,1.007020269,3.066910549,-3.062374404
0.3636,-1.964505012,1.965201371,-1.006881443,1.006125977,2.980170665,-2.975644541
0.36365,-1.84547024,1.846020713,-0.971456956,0.970778991,2.819054279,-2.814538153
0.3637,-1.716947488,1.717362339,-0.956018446,0.955416319,2.675125487,-2.670619336
0.36375,-1.587952155,1.588240972,-0.954550372,0.954022658,2.544631181,-2.540134984
0.3638,-1.471907838,1.472079443,-0.95068624,0.95023165,2.424695718,-2.420209452
0.36385,-1.376340275,1.376402633,-0.935888138,0.935505404,2.314306403,-2.309830047
0.3639,-1.298113692,1.298073919,-0.914182934,0.913870809,2.214353911,-2.209887443
0.36395,-1.228512279,1.228376731,-0.895542112,0.895299474,2.126093599,-2.121636996
0.364,-1.161230181,1.161004575,-0.886681693,0.886507661,2.049935434,-2.045488676
0.36405,-1.09624035,1.095929826,-0.887166058,0.887060052,1.985416611,-1.980979675
0.3641,-1.037772219,1.037381354,-0.892104213,0.892065947,1.931875435,-1.927448299
0.36415,-0.989614405,0.989147197,-0.897375745,0.8974052,1.888979952,-1.884562595
0.3642,-0.952025284,0.951485165,-0.902732356,0.902829777,1.856740091,-1.852332491
0.36425,-0.922105624,0.921495506,-0.911122521,0.911288453,1.835204985,-1.83080712
0.3643,-0.896415188,0.895737525,-0.92584829,0.926083631,1.824236392,-1.819848242
0.36435,-0.873309726,0.872566577,-0.948258971,0.948565015,1.823539373,-1.819160916
0.3644,-0.853357505,0.852550571,-0.977503914,0.977882371,1.832831574,-1.828462787
0.36445,-0.838023748,0.837154391,-1.011943772,1.012396771,1.851938909,-1.847579773
0.3645,-0.828023174,0.827092441,-1.050739823,1.051269913,1.88073743,-1.876387922
0.36455,-0.822630553,0.821639201,-1.094420607,1.095030769,1.919030516,-1.914690615
0.3646,-0.820225083,0.819173626,-1.144285342,1.144979011,1.966496689,-1.962166374
0.36465,-0.819376914,0.818265667,-1.201382383,1.202163473,2.022754593,-2.018433844
0.3647,-0.819546101,0.81837522,-1.265920422,1.266793341,2.087473145,-2.08316194
0.36475,-0.820960183,0.819729696,-1.337438264,1.338407923,2.160418874,-2.156117192
0.3648,-0.823944149,0.82265398,-1.41542025,1.416492063,2.241401312,-2.237109131
0.36485,-0.828330739,0.826980735,-1.499787823,1.50096771,2.330174854,-2.325892154
0.3649,-0.833388068,0.831978029,-1.590923358,1.592217755,2.426390225,-2.422116986
0.36495,-0.838215217,0.83674493,-1.689316354,1.690732214,2.529636258,-2.525372457
0.365,-0.84220036,0.840669632,-1.795193503,1.796738308,2.639528092,-2.63527371
0.36505,-0.845162881,0.843571567,-1.908428836,1.910110599,2.755759434,-2.751514449
0.3651,-0.847124975,0.845472999,-2.028745098,2.030572354,2.878075517,-2.873839909
0.36515,-0.84797179,0.84625917,-2.15597978,2.15796159,3.006199291,-3.001973039
0.3652,-0.833891222,0.832117839,-2.237858797,2.239966976,3.080632149,-3.076415234
0.36525,-0.786523319,0.784691836,-2.280001305,2.28219044,3.068795589,-3.064587989
0.3653,-0.757306104,0.755419075,-2.309111325,2.311382339,3.068764262,-3.064565956
0.36535,-0.742643627,0.740703331,-2.332787299,2.335141187,3.077787815,-3.073598783
0.3654,-0.706438572,0.704447603,-2.301883054,2.304320577,3.004059095,-2.999929309
0.36545,-0.639250899,0.637214138,-2.189944548,2.192462323,2.831508163,-2.827498213
0.3655,-0.563428908,0.56135177,-2.095571311,2.09816524,2.661206969,-2.65731003
0.36555,-0.489012576,0.486900141,-2.008792022,2.011458249,2.499976671,-2.49618631
0.3656,-0.427816592,0.425673503,-1.921729121,1.924463988,2.351686502,-2.347996703
0.36565,-0.381537022,0.379367431,-1.833484387,1.836284412,2.217134042,-2.21353921
0.3657,-0.343106468,0.340914086,-1.748788114,1.751650007,2.093981861,-2.090476814
0.36575,-0.304671077,0.302459282,-1.672563681,1.675484374,1.979299235,-1.97587918
0.3658,-0.263761825,0.261533741,-1.606112602,1.609089273,1.871918463,-1.868578978
0.36585,-0.223394572,0.221153088,-1.54734551,1.550375581,1.772765862,-1.76950289
0.3659,-0.187915293,0.185663046,-1.493524195,1.496605323,1.683449008,-1.68025885
0.36595,-0.159071367,0.156810733,-1.443607997,1.446738069,1.604674423,-1.601553742
0.366,-0.13519488,0.132927989,-1.398581121,1.401758254,1.535758216,-1.532704028
0.36605,-0.113162595,0.110891386,-1.360175718,1.363398271,1.475309155,-1.472318814
0.3661,-0.090860466,0.088586729,-1.329443756,1.332710338,1.422265053,-1.419336236
0.36615,-0.068209628,0.065935044,-1.306260372,1.309569848,1.376422098,-1.373552794
0.3662,-0.046434801,0.04416095,-1.289817682,1.293169171,1.338197051,-1.335385553
0.36625,-0.026607041,0.024335418,-1.279445466,1.282838339,1.307990684,-1.30523558
0.3663,-0.008704121,0.006436145,-1.275077427,1.278511305,1.285714416,-1.283014582
0.36635,0.008318539,-0.010554434,-1.277151902,1.28062666,1.270773471,-1.268128062
0.3664,0.025641048,-0.027870635,-1.286149833,1.289665599,1.262447625,-1.259856059
0.36645,0.044020691,-0.046242608,-1.302292626,1.305849788,1.260208585,-1.257670531
0.3665,0.063499834,-0.065712686,-1.325446709,1.32904591,1.263882365,-1.261397734
0.36655,0.083770059,-0.085972399,-1.355324271,1.35896641,1.273489644,-1.271058578
0.3666,0.10466408,-0.1068544,-1.391717921,1.395404149,1.288990365,-1.286613224
0.36665,0.126417872,-0.128594581,-1.434605803,1.438337523,1.310126758,-1.307804115
0.3667,0.149576829,-0.151738234,-1.484090427,1.487869291,1.336456014,-1.33418864
0.36675,0.174700203,-0.176844491,-1.540260944,1.544088851,1.367508123,-1.365296977
0.3668,0.202121331,-0.204246547,-1.603096667,1.606975764,1.402929169,-1.400775383
0.36685,0.231919938,-0.234023969,-1.67246827,1.676400946,1.442510218,-1.440415091
0.3669,0.264075876,-0.26615644,-1.748209197,1.752198078,1.486104988,-1.484069971
0.36695,0.298651419,-0.300706047,-1.830187643,1.834235592,1.533519541,-1.531546228
0.367,0.335863277,-0.337889306,-1.918327582,1.922437695,1.584461287,-1.582551407
0.36705,0.376016329,-0.378010885,-2.012577424,2.01675302,1.638573915,-1.636729316
0.3671,0.419378591,-0.421338576,-2.112863275,2.117107898,1.695515681,-1.693738325
0.36715,0.466103735,-0.468025815,-2.219065657,2.22338307,1.755013615,-1.753305562
0.3672,0.516249645,-0.518130243,-2.331031296,2.335425472,1.816856739,-1.815220141
0.36725,0.569858523,-0.571693805,-2.448602313,2.453077435,1.880845166,-1.879282254
0.3673,0.627023339,-0.628809212,-2.571636284,2.576196736,1.946743696,-1.945256773
0.36735,0.687890911,-0.68962301,-2.700004204,2.704654565,2.014276709,-2.012868139
0.3674,0.752611947,-0.754285632,-2.833573922,2.838318961,2.083161553,-2.081833751
0.36745,0.821289533,-0.82289988,-2.972196402,2.977041073,2.153146319,-2.151901743
0.3675,0.89396932,-0.895511117,-3.115705697,3.120655132,2.224019625,-2.222860767
0.36755,0.945122486,-0.946590727,-3.173861192,3.178867534,2.23764952,-2.236578541
0.3676,0.964162852,-0.965555582,-3.128126537,3.133121821,2.166245791,-2.16526081
0.36765,0.97966923,-0.98098543,-3.083762796,3.088747045,2.106434067,-2.10553249
0.3677,0.992005968,-0.993244596,-3.044746267,3.049719506,2.055073446,-2.054252916
0.36775,0.990603514,-0.991763229,-2.956365653,2.961327907,1.961467531,-1.960757883
0.3678,0.954916062,-0.955998554,-2.793335762,2.798287054,1.840703371,-1.840139296
0.36785,0.939200582,-0.940207546,-2.647571549,2.652511905,1.710551985,-1.71012311
0.3679,0.937295834,-0.938228732,-2.515273132,2.520202575,1.58012725,-1.579823883
0.36795,0.932771615,-0.933631782,-2.393507012,2.398425566,1.462857977,-1.462671204
0.368,0.917178364,-0.91796712,-2.281249979,2.286157668,1.366170198,-1.366091964
0.36805,0.894679608,-0.895398257,-2.179425152,2.184322002,1.286823089,-1.2868462
0.3681,0.875295786,-0.875945514,-2.089325197,2.09421123,1.216088552,-1.216206575
0.36815,0.865676092,-0.866257845,-2.011374878,2.016250118,1.147741953,-1.147949105
0.3682,0.865285172,-0.865799602,-1.945103432,1.949967904,1.081847742,-1.082138819
0.36825,0.869193644,-0.869641114,-1.889834257,1.894687984,1.022658555,-1.023028929
0.3683,0.873324972,-0.873705584,-1.845228154,1.85007116,0.973911566,-0.974357192
0.36835,0.877504694,-0.877818289,-1.81129979,1.816132099,0.935795749,-0.936313156
0.3684,0.884721458,-0.884967581,-1.788110404,1.792932039,0.905383579,-0.905969824
0.36845,0.898263903,-0.898441751,-1.775533804,1.780344789,0.879260168,-0.879912772
0.3685,0.919442572,-0.919550947,-1.77328178,1.778082138,0.855826757,-0.856543641
0.36855,0.947383298,-0.947420591,-1.781072309,1.785862064,0.835675515,-0.836454968
0.3686,0.980455705,-0.98041989,-1.798728089,1.803507265,0.820259552,-0.821100207
0.36865,1.017849319,-1.017737954,-1.82612297,1.830891589,0.810263237,-0.81116405
0.3687,1.060115783,-1.059925995,-1.863062346,1.867820432,0.804940389,-0.805900611
0.36875,1.108559394,-1.108287858,-1.909230694,1.91397827,0.80267129,-0.803690422
0.3688,1.164221177,-1.16386409,-1.964253286,1.968990375,0.802040322,-0.803118072
0.36885,1.227304039,-1.226857106,-2.027802748,2.032529374,0.802517369,-0.803653607
0.3689,1.297350709,-1.296809134,-2.099645382,2.104361568,0.804326187,-0.80552092
0.36895,1.373856347,-1.37321483,-2.179588718,2.184294486,0.807779344,-0.809032685
0.369,1.456752087,-1.456004821,-2.2673866,2.272081974,0.812699758,-0.814011906
0.36905,1.54642444,-1.545565107,-2.36269202,2.367377023,0.818354146,-0.81972535
0.3691,1.643363775,-1.642385534,-2.465097369,2.469772023,0.823844777,-0.825275305
0.36915,1.747799351,-1.746694833,-2.574219891,2.578884219,0.828559911,-0.830050016
0.3692,1.859611264,-1.858372571,-2.689752694,2.694406719,0.832312843,-0.833862734
0.36925,1.978529111,-1.977147816,-2.811439039,2.816082783,0.835117538,-0.836727357
0.3693,2.104394488,-2.102861643,-2.939000896,2.943634383,0.836854672,-0.838524476
0.36935,2.185182308,-2.183525309,-3.01305888,3.017682132,0.823545433,-0.825275412
0.3694,2.226733803,-2.224996934,-3.001075024,3.005688063,0.776634066,-0.778421607
0.36945,2.25524184,-2.253424205,-3.000857256,3.005460105,0.747848673,-0.749691266
0.3695,2.278245632,-2.276346261,-3.009699752,3.014292434,0.733696864,-0.735592275
0.36955,2.24667083,-2.244688988,-2.935786973,2.940320567,0.697951722,-0.699897404
0.3696,2.134159842,-2.132098931,-2.762971687,2.767386984,0.63098717,-0.63297826
0.36965,2.039208459,-2.037072598,-2.592476844,2.596780682,0.5554728,-0.557503899
0.3697,1.951930128,-1.949723192,-2.431036311,2.435235132,0.481276042,-0.483342089
0.36975,1.864434917,-1.862160584,-2.282472929,2.286572759,0.420176907,-0.42227328
0.3698,1.775712396,-1.773374171,-2.14763258,2.151639023,0.374031233,-0.376153803
0.36985,1.69039456,-1.687995754,-2.024265138,2.028183384,0.335956561,-0.338101647
0.3699,1.613419044,-1.610962747,-1.909474965,1.913309813,0.298119366,-0.300283621
0.36995,1.546197629,-1.543686688,-1.802046868,1.805802745,0.257892478,-0.260072818
0.37,1.486743455,-1.484180474,-1.702829985,1.706510952,0.218111716,-0.220305293
0.37005,1.432327886,-1.42971523,-1.613400506,1.617010264,0.183081718,-0.185285936
0.3701,1.38183252,-1.379172328,-1.534505045,1.538046931,0.154667299,-0.156879829
0.37015,1.336154263,-1.333448441,-1.465530914,1.469007914,0.131358684,-0.133577441
0.3702,1.297001763,-1.294251978,-1.40512659,1.40854135,0.11009555,-0.112318649
0.37025,1.265477323,-1.262684992,-1.352209268,1.355564106,0.088692677,-0.090918383
0.3703,1.2415306,-1.238696883,-1.306518689,1.309815611,0.066940061,-0.069166755
0.37035,1.22439316,-1.221518963,-1.268429865,1.271670574,0.045981078,-0.048207238
0.3704,1.213377662,-1.210463639,-1.238348678,1.241534578,0.02690888,-0.029133076
0.37045,1.208369301,-1.205415856,-1.216229333,1.219361539,0.009792419,-0.012013296
0.3705,1.209762227,-1.206769508,-1.201528251,1.204607599,-0.006305221,0.004097987
0.37055,1.21806464,-1.215032543,-1.193510117,1.196537178,-0.022625676,0.020424323
0.3706,1.233508177,-1.230436338,-1.191644013,1.194619103,-0.039937789,0.037743607
0.37065,1.255996282,-1.25288408,-1.195717837,1.198641031,-0.058353592,0.056167902
0.3707,1.285255956,-1.282102515,-1.205731978,1.208603119,-0.077599601,0.075423773
0.37075,1.321070137,-1.317874326,-1.22165426,1.224472968,-0.097490884,0.09532635
0.3708,1.363396345,-1.360156782,-1.243253114,1.246018798,-0.118216471,0.116064744
0.37085,1.412324293,-1.409039345,-1.27010768,1.272819549,-0.140286858,0.138149551
0.3709,1.467947361,-1.464615148,-1.301749255,1.304406328,-0.164264041,0.162142886
0.37095,1.530260859,-1.526879252,-1.337806044,1.340407164,-0.190515016,0.188411886
0.371,1.599150267,-1.595716895,-1.378047936,1.380591781,-0.21915526,0.217072185
0.37105,1.674453121,-1.670965371,-1.422320402,1.424805494,-0.250176707,0.248115888
0.3711,1.756031301,-1.752486325,-1.470438212,1.472862929,-0.283626331,0.281590153
0.37115,1.843800033,-1.840194749,-1.522124667,1.524487253,-0.319695909,0.317686953
0.3712,1.937704653,-1.934035753,-1.577032326,1.579330901,-0.358678061,0.356699117
0.37125,2.037675919,-2.03393987,-1.634814417,1.63704699,-0.40085015,0.398904233
0.3713,2.143602328,-2.139795378,-1.695184081,1.697348558,-0.446387353,0.444477714
0.37135,2.255335718,-2.251453899,-1.757919075,1.760013272,-0.495363567,0.493493702
0.3714,2.372717717,-2.368756856,-1.822818698,1.82484035,-0.547820933,0.545994593
0.37145,2.495602002,-2.49155772,-1.88965552,1.891602288,-0.603840358,0.602061556
0.3715,2.623856664,-2.619724385,-1.958161405,1.96003089,-0.663557866,0.661830887
0.37155,2.757350227,-2.753125186,-2.028053346,2.029843096,-0.727124783,0.725454188
0.3716,2.895936889,-2.891614132,-2.099071371,2.100778889,-0.794655063,0.793045698
0.37165,3.039453431,-3.035027829,-2.170995171,2.172617929,-0.866205579,0.864662581
0.3717,3.097687796,-3.093205869,-2.18558924,2.187125037,-0.916431818,0.914960118
0.37175,3.052133319,-3.047661293,-2.114944307,2.116394993,-0.934915238,0.933516751
0.3718,3.007951077,-3.003488929,-2.055867331,2.057235471,-0.949886436,0.948562144
0.37185,2.969101726,-2.964649435,-2.005292695,2.006580619,-0.961619045,0.960369955
0.3719,2.936642701,-2.932200245,-1.959118813,1.960328645,-0.975339726,0.974166906
0.37195,2.855735148,-2.851302505,-1.868861297,1.8699645,-0.978102789,0.977007664
0.372,2.7005811,-2.696158249,-1.753420587,1.754384054,-0.945044123,0.944025053
0.37205,2.561933093,-2.557520011,-1.630762645,1.631596213,-0.929019344,0.92807467
0.3721,2.436395199,-2.431991865,-1.508933231,1.509646052,-0.925339744,0.924468027
0.37215,2.321585444,-2.317191836,-1.399327724,1.399928192,-0.920160709,0.919360654
0.3722,2.216648118,-2.212264215,-1.308457884,1.308953565,-0.906115261,0.905385622
0.37225,2.122288327,-2.117914107,-1.233777294,1.234174932,-0.886455312,0.885794895
0.3723,2.039517219,-2.035152662,-1.167822403,1.168128005,-0.86965586,0.869063614
0.37235,1.968660029,-1.964305113,-1.104973719,1.105192658,-0.861661823,0.861136942
0.3724,1.909324604,-1.904979307,-1.044903703,1.045040786,-0.862408721,0.8619507
0.37245,1.860947742,-1.856612043,-0.991054644,0.991114122,-0.86789119,0.867499828
0.3725,1.823229132,-1.81890301,-0.946700259,0.94668583,-0.874535338,0.874210715
0.37255,1.796143521,-1.791826955,-0.912196982,0.912111796,-0.881959609,0.881702089
0.3726,1.779692803,-1.775385771,-0.885124725,0.884971433,-0.892586077,0.892396339
0.37265,1.773719466,-1.769421948,-0.862432998,0.862213807,-0.909307764,0.909186846
0.3727,1.77793367,-1.773645644,-0.842495695,0.84221243,-0.933460923,0.933410267
0.37275,1.792057695,-1.787779141,-0.825603228,0.82525737,-0.964477385,0.964498853
0.3728,1.815908842,-1.811639739,-0.812932582,0.812525289,-1.000997413,1.001093296
0.37285,1.849349294,-1.845089621,-0.805125032,0.804657164,-1.042241849,1.04241487
0.3729,1.892176919,-1.887926654,-0.801604106,0.801076254,-1.088584944,1.088838268
0.37295,1.944075213,-1.939834336,-0.800955698,0.800368225,-1.141124186,1.141461439
0.373,2.004667449,-2.000435939,-0.80184404,0.801197121,-1.200818469,1.201243759
0.37305,2.073615893,-2.06939373,-0.80366582,0.802959489,-1.267933189,1.268451125
0.3731,2.150670193,-2.146457357,-0.80651499,0.805749164,-1.342123849,1.342739547
0.37315,2.235624605,-2.231421074,-0.810635542,0.809810051,-1.422940501,1.423659585
0.3732,2.328230444,-2.324036198,-0.815886948,0.815001561,-1.510274763,1.511103369
0.37325,2.428146706,-2.423961725,-0.82163037,0.820684823,-1.604424228,1.605369009
0.3733,2.534970858,-2.530795121,-0.827039174,0.826033201,-1.705812736,1.706880868
0.37335,2.648316683,-2.64415017,-0.831505309,0.830438678,-1.814661838,1.815861028
0.3734,2.767866369,-2.763709059,-0.834798124,0.833670663,-1.93088408,1.932222561
0.37345,2.893352965,-2.889204839,-0.836893789,0.835705407,-2.054236036,2.055722572
0.3735,2.965673127,-2.961534164,-0.82391083,0.822661294,-2.132907386,2.134515231
0.37355,2.952409787,-2.948279967,-0.777156361,0.775848275,-2.173011284,2.174697156
0.3736,2.950883915,-2.946763218,-0.748566093,0.747201956,-2.200001481,2.201766225
0.37365,2.958435665,-2.95432407,-0.734724095,0.733306125,-2.221386914,2.223231447
0.3737,2.970670639,-2.966568126,-0.719716761,0.718247017,-2.248619237,2.250544605
0.37375,2.897245584,-2.89320039,-0.673773915,0.672254925,-2.227755736,2.229762801
0.3738,2.725975203,-2.722045672,-0.600565417,0.599002001,-2.123116751,2.125202237
0.37385,2.559857062,-2.556036517,-0.528292844,0.526690281,-2.029375399,2.031535285
0.3739,2.404753399,-2.401035571,-0.463172315,0.461535467,-1.939425359,1.941655838
0.37395,2.262094117,-2.258473153,-0.409408621,0.407741897,-1.850559647,1.852857106
0.374,2.13121973,-2.127690192,-0.364782003,0.363089369,-1.764338767,1.766699783
0.37405,2.010275228,-2.006832078,-0.324075764,0.322360808,-1.684124686,1.686546048
0.3741,1.897852583,-1.894491165,-0.283816835,0.282082838,-1.611982674,1.6144614
0.37415,1.793842912,-1.790558945,-0.244212241,0.242462217,-1.547597025,1.550130373
0.3742,1.699037625,-1.695827191,-0.207667365,0.20590407,-1.489353959,1.491939422
0.37425,1.614127949,-1.610987494,-0.176078973,0.174304903,-1.436048131,1.438683436
0.3743,1.539034403,-1.53596073,-0.149314611,0.147532015,-1.387732701,1.390415806
0.37435,1.472985738,-1.469975992,-0.125644127,0.123855039,-1.345366731,1.348095834
0.3744,1.415089942,-1.412141605,-0.103217608,0.101423887,-1.309908255,1.312681798
0.37445,1.364846671,-1.361957544,-0.081205739,0.079409104,-1.281686347,1.284503025
0.3745,1.322240912,-1.319409108,-0.059883627,0.058085685,-1.260410974,1.263269733
0.37455,1.287457005,-1.284680938,-0.039906966,0.038109222,-1.245610857,1.248510897
0.3746,1.260515385,-1.257793763,-0.021524855,0.019728734,-1.237057393,1.239998166
0.37465,1.241111471,-1.238443285,-0.004300026,0.002506889,-1.234883316,1.237864526
0.3747,1.228721413,-1.226105928,0.012594636,-0.014416038,-1.239407696,1.242429303
0.37475,1.222838563,-1.220275304,0.02994122,-0.031756922,-1.250874889,1.25393711
0.3748,1.223129675,-1.220618416,0.048097819,-0.049906486,-1.269324545,1.272427851
0.37485,1.229444478,-1.22698523,0.067078327,-0.06887859,-1.294620752,1.297765873
0.3749,1.241683992,-1.239276994,0.086812115,-0.088602548,-1.326593865,1.329781785
0.37495,1.259662498,-1.257308208,0.107397085,-0.109176193,-1.365156014,1.368387969
0.375,1.283060673,-1.280759755,0.129165468,-0.130931665,-1.410320042,1.41359752
0.37505,1.311482872,-1.309236184,0.152563707,-0.154315298,-1.462136662,1.4654614
0.3751,1.344555796,-1.342364379,0.177975622,-0.179710783,-1.520616297,1.523990282
0.37515,1.38199004,-1.37985511,0.205625832,-0.207342593,-1.585694057,1.589119518
0.3752,1.423568751,-1.421491681,0.235611814,-0.237308043,-1.657250439,1.660729849
0.37525,1.469086922,-1.467069239,0.26801151,-0.269684899,-1.73515825,1.73869432
0.3753,1.518295683,-1.516339052,0.30297224,-0.304620291,-1.819315795,1.822911471
0.37535,1.570891638,-1.568997853,0.340721129,-0.342341142,-1.909646653,1.91330511
0.3754,1.626550683,-1.624721657,0.381506907,-0.383095966,-2.006075287,2.009799926
0.37545,1.684972878,-1.683210632,0.425530775,-0.427085736,-2.108502788,2.112297234
0.3755,1.745902769,-1.74420942,0.472919996,-0.474437476,-2.216800784,2.220668877
0.37555,1.809114513,-1.807492266,0.523754964,-0.525231329,-2.33082364,2.334769432
0.3756,1.874380091,-1.872831228,0.578117925,-0.579549285,-2.45042539,2.454453139
0.37565,1.94144897,-1.939975841,0.63612119,-0.637503389,-2.575467613,2.579581776
0.3757,2.010053724,-2.008658736,0.697896871,-0.699225479,-2.705814789,2.710020021
0.37575,2.079932834,-2.078618442,0.763564094,-0.764834402,-2.841324315,2.845625455
0.3758,2.150849152,-2.149617851,0.833204886,-0.834411898,-2.981840857,2.98624293
0.37585,2.222589534,-2.22144385,0.90686712,-0.908005549,-3.127198924,3.131707128
0.3759,2.23717145,-2.236113577,0.958751567,-0.959816333,-3.18703702,3.191603359
0.37595,2.166913394,-2.165941492,0.978103717,-0.979092828,-3.142759251,3.147315503
0.376,2.108108335,-2.107219852,0.994096733,-0.995009141,-3.099888249,3.104434436
0.37605,2.057664164,-2.056856778,1.007020269,-1.007854895,-3.062374404,3.066910549
0.3761,1.965201371,-1.964505012,1.006125978,-1.006881443,-2.975644541,2.980170666
0.37615,1.846020713,-1.84547024,0.970778992,-0.971456956,-2.814538153,2.81905428
0.3762,1.717362339,-1.716947488,0.955416319,-0.956018446,-2.670619336,2.675125487
0.37625,1.588240972,-1.587952155,0.954022659,-0.954550372,-2.540134984,2.544631182
0.3763,1.472079443,-1.471907838,0.95023165,-0.95068624,-2.420209453,2.424695719
0.37635,1.376402634,-1.376340275,0.935505404,-0.935888138,-2.309830048,2.314306404
0.3764,1.298073919,-1.298113692,0.913870809,-0.914182934,-2.209887443,2.214353912
0.37645,1.228376731,-1.228512279,0.895299474,-0.895542112,-2.121636997,2.126093599
0.3765,1.161004575,-1.161230181,0.886507662,-0.886681693,-2.045488676,2.049935435
0.37655,1.095929826,-1.09624035,0.887060052,-0.887166058,-1.980979675,1.985416612
0.3766,1.037381354,-1.037772219,0.892065947,-0.892104213,-1.927448299,1.931875435
0.37665,0.989147197,-0.989614405,0.8974052,-0.897375746,-1.884562595,1.888979953
0.3767,0.951485166,-0.952025284,0.902829777,-0.902732356,-1.852332492,1.856740091
0.37675,0.921495506,-0.922105624,0.911288454,-0.911122522,-1.830807121,1.835204985
0.3768,0.895737525,-0.896415188,0.926083631,-0.92584829,-1.819848242,1.824236392
0.37685,0.872566577,-0.873309726,0.948565015,-0.948258971,-1.819160916,1.823539374
0.3769,0.852550571,-0.853357505,0.977882372,-0.977503914,-1.828462788,1.832831574
0.37695,0.837154391,-0.838023748,1.012396771,-1.011943772,-1.847579774,1.85193891
0.377,0.827092441,-0.828023175,1.051269913,-1.050739823,-1.876387922,1.88073743
0.37705,0.821639202,-0.822630553,1.095030769,-1.094420608,-1.914690616,1.919030516
0.3771,0.819173626,-0.820225083,1.144979012,-1.144285343,-1.962166375,1.966496689
0.37715,0.818265667,-0.819376914,1.202163473,-1.201382383,-2.018433844,2.022754593
0.3772,0.81837522,-0.819546101,1.266793341,-1.265920422,-2.08316194,2.087473145
0.37725,0.819729696,-0.820960183,1.338407923,-1.337438264,-2.156117192,2.160418874
0.3773,0.82265398,-0.823944149,1.416492063,-1.415420251,-2.237109131,2.241401312
0.37735,0.826980735,-0.828330739,1.500967711,-1.499787823,-2.325892154,2.330174854
0.3774,0.831978029,-0.833388068,1.592217755,-1.590923359,-2.422116986,2.426390226
0.37745,0.83674493,-0.838215217,1.690732214,-1.689316354,-2.525372457,2.529636258
0.3775,0.840669632,-0.84220036,1.796738308,-1.795193503,-2.63527371,2.639528093
0.37755,0.843571567,-0.845162881,1.910110599,-1.908428837,-2.751514449,2.755759434
0.3776,0.845472999,-0.847124975,2.030572354,-2.028745098,-2.873839909,2.878075517
0.37765,0.84625917,-0.84797179,2.15796159,-2.15597978,-3.001973039,3.006199291
0.3777,0.832117839,-0.833891222,2.239966976,-2.237858798,-3.076415234,3.08063215
0.37775,0.784691836,-0.786523319,2.28219044,-2.280001305,-3.064587989,3.06879559
0.3778,0.755419075,-0.757306104,2.311382339,-2.309111326,-3.064565957,3.068764263
0.37785,0.740703332,-0.742643627,2.335141187,-2.332787299,-3.073598783,3.077787815
0.3779,0.704447603,-0.706438573,2.304320577,-2.301883055,-2.999929309,3.004059095
0.37795,0.637214138,-0.639250899,2.192462324,-2.189944548,-2.827498214,2.831508163
0.378,0.56135177,-0.563428908,2.09816524,-2.095571311,-2.65731003,2.661206969
0.37805,0.486900141,-0.489012576,2.011458249,-2.008792023,-2.49618631,2.499976671
0.3781,0.425673503,-0.427816592,1.924463988,-1.921729121,-2.347996703,2.351686502
0.37815,0.379367431,-0.381537022,1.836284412,-1.833484387,-2.213539211,2.217134042
0.3782,0.340914086,-0.343106468,1.751650007,-1.748788114,-2.090476814,2.093981861
0.37825,0.302459283,-0.304671077,1.675484374,-1.672563681,-1.97587918,1.979299235
0.3783,0.261533741,-0.263761825,1.609089273,-1.606112602,-1.868578979,1.871918463
0.37835,0.221153088,-0.223394572,1.550375581,-1.547345511,-1.76950289,1.772765863
0.3784,0.185663047,-0.187915293,1.496605324,-1.493524195,-1.68025885,1.683449008
0.37845,0.156810733,-0.159071367,1.446738069,-1.443607997,-1.601553743,1.604674423
0.3785,0.132927989,-0.13519488,1.401758254,-1.398581121,-1.532704028,1.535758216
0.37855,0.110891386,-0.113162595,1.363398271,-1.360175718,-1.472318814,1.475309155
0.3786,0.088586729,-0.090860466,1.332710338,-1.329443756,-1.419336236,1.422265053
0.37865,0.065935044,-0.068209628,1.309569848,-1.306260372,-1.373552794,1.376422098
0.3787,0.04416095,-0.046434801,1.293169171,-1.289817682,-1.335385553,1.338197051
0.37875,0.024335418,-0.026607041,1.282838339,-1.279445466,-1.30523558,1.307990684
0.3788,0.006436145,-0.008704121,1.278511305,-1.275077427,-1.283014582,1.285714416
0.37885,-0.010554434,0.008318539,1.28062666,-1.277151902,-1.268128062,1.270773471
0.3789,-0.027870635,0.025641048,1.289665599,-1.286149833,-1.259856059,1.262447625
0.37895,-0.046242608,0.044020691,1.305849788,-1.302292626,-1.257670531,1.260208585
0.379,-0.065712686,0.063499834,1.32904591,-1.325446709,-1.261397734,1.263882365
0.37905,-0.085972399,0.083770059,1.35896641,-1.355324271,-1.271058578,1.273489644
0.3791,-0.1068544,0.10466408,1.395404149,-1.391717921,-1.286613224,1.288990365
0.37915,-0.128594581,0.126417872,1.438337523,-1.434605803,-1.307804115,1.310126758
0.3792,-0.151738234,0.149576829,1.487869291,-1.484090427,-1.33418864,1.336456014
0.37925,-0.176844491,0.174700203,1.544088851,-1.540260944,-1.365296977,1.367508123
0.3793,-0.204246547,0.202121331,1.606975764,-1.603096667,-1.400775383,1.402929169
0.37935,-0.234023969,0.231919938,1.676400945,-1.67246827,-1.44041509,1.442510218
0.3794,-0.26615644,0.264075876,1.752198078,-1.748209197,-1.484069971,1.486104988
0.37945,-0.300706047,0.298651419,1.834235592,-1.830187642,-1.531546228,1.533519541
0.3795,-0.337889306,0.335863277,1.922437695,-1.918327582,-1.582551407,1.584461287
0.37955,-0.378010884,0.376016329,2.01675302,-2.012577424,-1.636729316,1.638573915
0.3796,-0.421338576,0.419378591,2.117107898,-2.112863274,-1.693738324,1.695515681
0.37965,-0.468025815,0.466103734,2.22338307,-2.219065657,-1.753305562,1.755013615
0.3797,-0.518130242,0.516249645,2.335425472,-2.331031295,-1.815220141,1.816856739
0.37975,-0.571693804,0.569858522,2.453077435,-2.448602312,-1.879282254,1.880845166
0.3798,-0.628809212,0.627023339,2.576196736,-2.571636284,-1.945256773,1.946743696
0.37985,-0.68962301,0.687890911,2.704654565,-2.700004204,-2.012868139,2.014276709
0.3799,-0.754285632,0.752611947,2.838318961,-2.833573921,-2.081833751,2.083161553
0.37995,-0.82289988,0.821289533,2.977041073,-2.972196402,-2.151901743,2.153146319
0.38,-0.895511117,0.89396932,3.120655131,-3.115705697,-2.222860767,2.224019625
0.38005,-0.946590727,0.945122485,3.178867533,-3.173861191,-2.236578541,2.23764952
0.3801,-0.965555582,0.964162852,3.13312182,-3.128126537,-2.16526081,2.166245791
0.38015,-0.98098543,0.97966923,3.088747045,-3.083762796,-2.10553249,2.106434066
0.3802,-0.993244596,0.992005968,3.049719506,-3.044746267,-2.054252916,2.055073446
0.38025,-0.991763229,0.990603514,2.961327907,-2.956365653,-1.960757883,1.961467531
0.3803,-0.955998554,0.954916062,2.798287054,-2.793335762,-1.840139296,1.840703371
0.38035,-0.940207546,0.939200582,2.652511904,-2.647571549,-1.710123109,1.710551985
0.3804,-0.938228732,0.937295834,2.520202575,-2.515273132,-1.579823883,1.580127249
0.38045,-0.933631782,0.932771615,2.398425566,-2.393507011,-1.462671203,1.462857977
0.3805,-0.91796712,0.917178364,2.286157668,-2.281249978,-1.366091964,1.366170198
0.38055,-0.895398257,0.894679607,2.184322001,-2.179425152,-1.286846199,1.286823089
0.3806,-0.875945514,0.875295786,2.094211229,-2.089325196,-1.216206574,1.216088551
0.38065,-0.866257845,0.865676092,2.016250118,-2.011374877,-1.147949105,1.147741953
0.3807,-0.865799602,0.865285172,1.949967904,-1.945103432,-1.082138819,1.081847742
0.38075,-0.869641114,0.869193643,1.894687984,-1.889834257,-1.023028929,1.022658554
0.3808,-0.873705584,0.873324971,1.850071159,-1.845228153,-0.974357192,0.973911566
0.38085,-0.877818289,0.877504694,1.816132098,-1.811299789,-0.936313156,0.935795749
0.3809,-0.884967581,0.884721457,1.792932038,-1.788110403,-0.905969824,0.905383578
0.38095,-0.89844175,0.898263902,1.780344788,-1.775533804,-0.879912771,0.879260168
0.381,-0.919550947,0.919442572,1.778082137,-1.773281779,-0.856543641,0.855826757
0.38105,-0.947420591,0.947383298,1.785862063,-1.781072308,-0.836454968,0.835675515
0.3811,-0.98041989,0.980455704,1.803507264,-1.798728089,-0.821100206,0.820259552
0.38115,-1.017737954,1.017849318,1.830891589,-1.82612297,-0.81116405,0.810263237
0.3812,-1.059925995,1.060115782,1.867820431,-1.863062345,-0.80590061,0.804940389
0.38125,-1.108287857,1.108559393,1.913978269,-1.909230693,-0.803690422,0.80267129
0.3813,-1.16386409,1.164221176,1.968990375,-1.964253285,-0.803118072,0.802040322
0.38135,-1.226857106,1.227304038,2.032529373,-2.027802747,-0.803653607,0.802517369
0.3814,-1.296809134,1.297350708,2.104361567,-2.099645382,-0.80552092,0.804326187
0.38145,-1.373214829,1.373856346,2.184294486,-2.179588718,-0.809032685,0.807779343
0.3815,-1.456004821,1.456752087,2.272081973,-2.267386599,-0.814011906,0.812699758
0.38155,-1.545565106,1.546424439,2.367377022,-2.36269202,-0.81972535,0.818354146
0.3816,-1.642385533,1.643363775,2.469772022,-2.465097368,-0.825275305,0.823844777
0.38165,-1.746694832,1.74779935,2.578884219,-2.574219891,-0.830050016,0.828559911
0.3817,-1.858372571,1.859611264,2.694406718,-2.689752693,-0.833862734,0.832312843
0.38175,-1.977147816,1.97852911,2.816082783,-2.811439038,-0.836727357,0.835117537
0.3818,-2.102861642,2.104394487,2.943634382,-2.939000895,-0.838524476,0.836854672
0.38185,-2.183525309,2.185182308,3.017682131,-3.013058879,-0.825275412,0.823545433
0.3819,-2.224996933,2.226733803,3.005688062,-3.001075023,-0.778421607,0.776634066
0.38195,-2.253424204,2.255241839,3.005460104,-3.000857255,-0.749691266,0.747848673
0.382,-2.27634626,2.278245632,3.014292433,-3.009699751,-0.735592274,0.733696864
0.38205,-2.244688987,2.246670829,2.940320567,-2.935786973,-0.699897404,0.697951722
0.3821,-2.132098931,2.134159841,2.767386984,-2.762971686,-0.63297826,0.63098717
0.38215,-2.037072598,2.039208459,2.596780681,-2.592476843,-0.557503899,0.5554728
0.3822,-1.949723192,1.951930128,2.435235131,-2.43103631,-0.483342089,0.481276042
0.38225,-1.862160584,1.864434916,2.286572759,-2.282472928,-0.42227328,0.420176907
0.3823,-1.77337417,1.775712396,2.151639023,-2.147632579,-0.376153803,0.374031233
0.38235,-1.687995753,1.69039456,2.028183384,-2.024265137,-0.338101647,0.335956561
0.3824,-1.610962747,1.613419044,1.913309813,-1.909474964,-0.300283621,0.298119366
0.38245,-1.543686688,1.546197628,1.805802744,-1.802046868,-0.260072818,0.257892478
0.3825,-1.484180473,1.486743454,1.706510952,-1.702829985,-0.220305293,0.218111716
0.38255,-1.42971523,1.432327885,1.617010263,-1.613400506,-0.185285936,0.183081718
0.3826,-1.379172327,1.381832519,1.53804693,-1.534505044,-0.156879829,0.154667299
0.38265,-1.33344844,1.336154262,1.469007914,-1.465530913,-0.133577441,0.131358684
0.3827,-1.294251978,1.297001762,1.408541349,-1.40512659,-0.112318649,0.11009555
0.38275,-1.262684991,1.265477322,1.355564105,-1.352209268,-0.090918383,0.088692677
0.3828,-1.238696883,1.241530599,1.30981561,-1.306518688,-0.069166755,0.066940061
0.38285,-1.221518963,1.224393159,1.271670574,-1.268429865,-0.048207238,0.045981078
0.3829,-1.210463639,1.213377661,1.241534578,-1.238348678,-0.029133076,0.02690888
0.38295,-1.205415855,1.2083693,1.219361538,-1.216229332,-0.012013296,0.009792419
0.383,-1.206769508,1.209762226,1.204607599,-1.20152825,0.004097987,-0.006305221
0.38305,-1.215032542,1.21806464,1.196537177,-1.193510116,0.020424323,-0.022625676
0.3831,-1.230436337,1.233508177,1.194619103,-1.191644013,0.037743607,-0.039937789
0.38315,-1.25288408,1.255996282,1.198641031,-1.195717837,0.056167902,-0.058353592
0.3832,-1.282102514,1.285255955,1.208603118,-1.205731978,0.075423772,-0.077599601
0.38325,-1.317874325,1.321070136,1.224472967,-1.221654259,0.09532635,-0.097490884
0.3833,-1.360156781,1.363396344,1.246018797,-1.243253113,0.116064744,-0.118216471
0.38335,-1.409039344,1.412324292,1.272819548,-1.270107679,0.13814955,-0.140286858
0.3834,-1.464615147,1.46794736,1.304406327,-1.301749254,0.162142885,-0.164264041
0.38345,-1.526879251,1.530260858,1.340407163,-1.337806043,0.188411886,-0.190515016
0.3835,-1.595716894,1.599150266,1.38059178,-1.378047935,0.217072185,-0.21915526
0.38355,-1.67096537,1.67445312,1.424805494,-1.422320402,0.248115888,-0.250176706
0.3836,-1.752486324,1.756031301,1.472862929,-1.470438212,0.281590153,-0.283626331
0.38365,-1.840194749,1.843800033,1.524487252,-1.522124667,0.317686953,-0.319695909
0.3837,-1.934035752,1.937704652,1.5793309,-1.577032325,0.356699117,-0.358678061
0.38375,-2.033939869,2.037675919,1.637046989,-1.634814416,0.398904233,-0.400850149
0.3838,-2.139795377,2.143602327,1.697348557,-1.69518408,0.444477714,-0.446387353
0.38385,-2.251453898,2.255335717,1.760013272,-1.757919074,0.493493702,-0.495363567
0.3839,-2.368756855,2.372717716,1.824840349,-1.822818697,0.545994593,-0.547820933
0.38395,-2.491557719,2.495602002,1.891602288,-1.889655519,0.602061556,-0.603840358
0.384,-2.619724384,2.623856663,1.96003089,-1.958161405,0.661830887,-0.663557866
0.38405,-2.753125185,2.757350226,2.029843095,-2.028053346,0.725454187,-0.727124782
0.3841,-2.891614132,2.895936888,2.100778889,-2.09907137,0.793045698,-0.794655062
0.38415,-3.035027828,3.039453431,2.172617929,-2.170995171,0.864662581,-0.866205578
0.3842,-3.093205868,3.097687795,2.187125036,-2.185589239,0.914960118,-0.916431818
0.38425,-3.047661292,3.052133318,2.116394993,-2.114944306,0.933516751,-0.934915238
0.3843,-3.003488928,3.007951076,2.05723547,-2.05586733,0.948562144,-0.949886435
0.38435,-2.964649434,2.969101726,2.006580619,-2.005292695,0.960369955,-0.961619045
0.3844,-2.932200244,2.9366427,1.960328644,-1.959118813,0.974166906,-0.975339726
0.38445,-2.851302504,2.855735148,1.8699645,-1.868861297,0.977007664,-0.978102789
0.3845,-2.696158248,2.7005811,1.754384054,-1.753420586,0.944025053,-0.945044123
0.38455,-2.55752001,2.561933092,1.631596213,-1.630762645,0.92807467,-0.929019344
0.3846,-2.431991864,2.436395198,1.509646052,-1.508933231,0.924468027,-0.925339744
0.38465,-2.317191835,2.321585443,1.399928191,-1.399327723,0.919360654,-0.920160709
0.3847,-2.212264214,2.216648117,1.308953565,-1.308457884,0.905385622,-0.906115261
0.38475,-2.117914107,2.122288326,1.234174932,-1.233777294,0.885794895,-0.886455312
0.3848,-2.035152662,2.039517219,1.168128004,-1.167822403,0.869063613,-0.869655859
0.38485,-1.964305112,1.968660028,1.105192658,-1.104973718,0.861136941,-0.861661823
0.3849,-1.904979306,1.909324603,1.045040785,-1.044903703,0.8619507,-0.862408721
0.38495,-1.856612042,1.860947741,0.991114122,-0.991054643,0.867499827,-0.86789119
0.385,-1.818903009,1.823229131,0.946685829,-0.946700259,0.874210714,-0.874535337
0.38505,-1.791826954,1.79614352,0.912111796,-0.912196981,0.881702089,-0.881959608
0.3851,-1.77538577,1.779692802,0.884971432,-0.885124725,0.892396338,-0.892586076
0.38515,-1.769421947,1.773719465,0.862213807,-0.862432997,0.909186846,-0.909307763
0.3852,-1.773645644,1.777933669,0.84221243,-0.842495694,0.933410266,-0.933460923
0.38525,-1.78777914,1.792057695,0.82525737,-0.825603228,0.964498852,-0.964477385
0.3853,-1.811639738,1.815908841,0.812525289,-0.812932582,1.001093296,-1.000997413
0.38535,-1.84508962,1.849349294,0.804657164,-0.805125031,1.04241487,-1.042241849
0.3854,-1.887926653,1.892176918,0.801076254,-0.801604106,1.088838268,-1.088584944
0.38545,-1.939834335,1.944075212,0.800368224,-0.800955698,1.141461438,-1.141124186
0.3855,-2.000435939,2.004667448,0.801197121,-0.801844039,1.201243758,-1.200818468
0.38555,-2.06939373,2.073615892,0.802959488,-0.80366582,1.268451125,-1.267933188
0.3856,-2.146457356,2.150670192,0.805749164,-0.80651499,1.342739546,-1.342123848
0.38565,-2.231421074,2.235624604,0.809810051,-0.810635541,1.423659584,-1.422940501
0.3857,-2.324036197,2.328230443,0.815001561,-0.815886948,1.511103369,-1.510274763
0.38575,-2.423961724,2.428146705,0.820684822,-0.82163037,1.605369009,-1.604424228
0.3858,-2.53079512,2.534970857,0.826033201,-0.827039174,1.706880867,-1.705812735
0.38585,-2.644150169,2.648316682,0.830438678,-0.831505309,1.815861027,-1.814661838
0.3859,-2.763709059,2.767866368,0.833670662,-0.834798124,1.932222561,-1.930884079
0.38595,-2.889204838,2.893352964,0.835705407,-0.836893789,2.055722572,-2.054236035
0.386,-2.961534163,2.965673126,0.822661294,-0.82391083,2.134515231,-2.132907386
0.38605,-2.948279966,2.952409786,0.775848275,-0.777156361,2.174697156,-2.173011283
0.3861,-2.946763217,2.950883914,0.747201956,-0.748566093,2.201766224,-2.200001481
0.38615,-2.954324069,2.958435664,0.733306125,-0.734724094,2.223231447,-2.221386913
0.3862,-2.966568126,2.970670638,0.718247017,-0.719716761,2.250544604,-2.248619236
0.38625,-2.893200389,2.897245583,0.672254925,-0.673773915,2.2297628,-2.227755736
0.3863,-2.722045671,2.725975202,0.599002001,-0.600565417,2.125202236,-2.12311675
0.38635,-2.556036517,2.559857061,0.526690281,-0.528292844,2.031535285,-2.029375399
0.3864,-2.40103557,2.404753399,0.461535467,-0.463172315,1.941655837,-1.939425358
0.38645,-2.258473152,2.262094116,0.407741897,-0.40940862,1.852857105,-1.850559646
0.3865,-2.127690191,2.131219729,0.363089369,-0.364782002,1.766699783,-1.764338767
0.38655,-2.006832077,2.010275227,0.322360808,-0.324075764,1.686546047,-1.684124686
0.3866,-1.894491165,1.897852582,0.282082838,-0.283816835,1.6144614,-1.611982674
0.38665,-1.790558944,1.793842911,0.242462217,-0.244212241,1.550130372,-1.547597025
0.3867,-1.69582719,1.699037624,0.20590407,-0.207667365,1.491939421,-1.489353958
0.38675,-1.610987493,1.614127948,0.174304903,-0.176078973,1.438683435,-1.43604813
0.3868,-1.535960729,1.539034403,0.147532015,-0.149314611,1.390415806,-1.3877327
0.38685,-1.469975992,1.472985737,0.123855039,-0.125644126,1.348095834,-1.34536673
0.3869,-1.412141605,1.415089941,0.101423887,-0.103217608,1.312681798,-1.309908254
0.38695,-1.361957544,1.36484667,0.079409104,-0.081205739,1.284503024,-1.281686346
0.387,-1.319409107,1.322240911,0.058085685,-0.059883627,1.263269732,-1.260410973
0.38705,-1.284680938,1.287457005,0.038109222,-0.039906966,1.248510897,-1.245610857
0.3871,-1.257793762,1.260515385,0.019728734,-0.021524855,1.239998165,-1.237057392
0.38715,-1.238443285,1.241111471,0.002506889,-0.004300026,1.237864525,-1.234883315
0.3872,-1.226105927,1.228721412,-0.014416038,0.012594636,1.242429303,-1.239407695
0.38725,-1.220275304,1.222838563,-0.031756921,0.02994122,1.253937109,-1.250874889
0.3873,-1.220618415,1.223129675,-0.049906486,0.048097819,1.272427851,-1.269324544
0.38735,-1.226985229,1.229444478,-0.06887859,0.067078327,1.297765873,-1.294620751
0.3874,-1.239276994,1.241683991,-0.088602548,0.086812115,1.329781784,-1.326593864
0.38745,-1.257308208,1.259662497,-0.109176193,0.107397085,1.368387969,-1.365156014
0.3875,-1.280759755,1.283060673,-0.130931665,0.129165468,1.41359752,-1.410320042
0.38755,-1.309236184,1.311482872,-0.154315298,0.152563707,1.4654614,-1.462136661
0.3876,-1.342364379,1.344555795,-0.179710783,0.177975622,1.523990281,-1.520616297
0.38765,-1.379855109,1.38199004,-0.207342593,0.205625832,1.589119518,-1.585694057
0.3877,-1.421491681,1.42356875,-0.237308043,0.235611814,1.660729849,-1.657250439
0.38775,-1.467069238,1.469086922,-0.269684898,0.26801151,1.738694319,-1.735158249
0.3878,-1.516339051,1.518295683,-0.304620291,0.30297224,1.82291147,-1.819315795
0.38785,-1.568997853,1.570891638,-0.342341142,0.340721129,1.913305109,-1.909646653
0.3879,-1.624721657,1.626550683,-0.383095966,0.381506906,2.009799926,-2.006075286
0.38795,-1.683210632,1.684972878,-0.427085736,0.425530775,2.112297233,-2.108502787
0.388,-1.74420942,1.745902769,-0.474437475,0.472919996,2.220668876,-2.216800783
0.38805,-1.807492266,1.809114512,-0.525231329,0.523754964,2.334769431,-2.33082364
0.3881,-1.872831228,1.874380091,-0.579549285,0.578117925,2.454453138,-2.45042539
0.38815,-1.93997584,1.941448969,-0.637503389,0.63612119,2.579581776,-2.575467612
0.3882,-2.008658735,2.010053724,-0.699225479,0.69789687,2.71002002,-2.705814789
0.38825,-2.078618441,2.079932833,-0.764834402,0.763564093,2.845625455,-2.841324315
0.3883,-2.149617851,2.150849152,-0.834411898,0.833204886,2.986242929,-2.981840857
0.38835,-2.22144385,2.222589533,-0.908005548,0.90686712,3.131707128,-3.127198924
0.3884,-2.236113577,2.237171449,-0.959816333,0.958751567,3.191603358,-3.18703702
0.38845,-2.165941492,2.166913394,-0.979092828,0.978103717,3.147315503,-3.142759251
0.3885,-2.107219851,2.108108335,-0.995009141,0.994096733,3.104434436,-3.099888249
0.38855,-2.056856778,2.057664164,-1.007854895,1.007020269,3.066910549,-3.062374404
0.3886,-1.964505012,1.965201371,-1.006881443,1.006125977,2.980170665,-2.975644541
0.38865,-1.84547024,1.846020713,-0.971456956,0.970778991,2.819054279,-2.814538153
0.3887,-1.716947488,1.717362339,-0.956018446,0.955416319,2.675125487,-2.670619336
0.38875,-1.587952155,1.588240972,-0.954550372,0.954022658,2.544631181,-2.540134984
0.3888,-1.471907838,1.472079443,-0.95068624,0.95023165,2.424695718,-2.420209452
0.38885,-1.376340275,1.376402633,-0.935888138,0.935505404,2.314306403,-2.309830047
0.3889,-1.298113692,1.298073919,-0.914182934,0.913870809,2.214353911,-2.209887443
0.38895,-1.228512279,1.228376731,-0.895542112,0.895299474,2.126093599,-2.121636996
0.389,-1.161230181,1.161004575,-0.886681693,0.886507661,2.049935434,-2.045488676
0.38905,-1.09624035,1.095929826,-0.887166058,0.887060052,1.985416611,-1.980979675
0.3891,-1.037772219,1.037381354,-0.892104213,0.892065947,1.931875435,-1.927448299
0.38915,-0.989614405,0.989147197,-0.897375745,0.8974052,1.888979952,-1.884562595
0.3892,-0.952025284,0.951485165,-0.902732356,0.902829777,1.856740091,-1.852332491
0.38925,-0.922105624,0.921495506,-0.911122521,0.911288453,1.835204985,-1.83080712
0.3893,-0.896415188,0.895737525,-0.92584829,0.926083631,1.824236392,-1.819848242
0.38935,-0.873309726,0.872566577,-0.948258971,0.948565015,1.823539373,-1.819160916
0.3894,-0.853357505,0.852550571,-0.977503914,0.977882371,1.832831574,-1.828462787
0.38945,-0.838023748,0.837154391,-1.011943772,1.012396771,1.851938909,-1.847579773
0.3895,-0.828023174,0.827092441,-1.050739823,1.051269913,1.88073743,-1.876387922
0.38955,-0.822630553,0.821639201,-1.094420607,1.095030769,1.919030516,-1.914690615
0.3896,-0.820225083,0.819173626,-1.144285342,1.144979011,1.966496689,-1.962166374
0.38965,-0.819376914,0.818265667,-1.201382383,1.202163473,2.022754593,-2.018433844
0.3897,-0.819546101,0.81837522,-1.265920422,1.266793341,2.087473145,-2.08316194
0.38975,-0.820960183,0.819729696,-1.337438264,1.338407923,2.160418874,-2.156117192
0.3898,-0.823944149,0.82265398,-1.41542025,1.416492063,2.241401312,-2.237109131
0.38985,-0.828330739,0.826980735,-1.499787823,1.50096771,2.330174854,-2.325892154
0.3899,-0.833388068,0.831978029,-1.590923358,1.592217755,2.426390225,-2.422116986
0.38995,-0.838215217,0.83674493,-1.689316354,1.690732214,2.529636258,-2.525372457
0.39,-0.84220036,0.840669632,-1.795193503,1.796738308,2.639528092,-2.63527371
0.39005,-0.845162881,0.843571567,-1.908428836,1.910110599,2.755759434,-2.751514449
0.3901,-0.847124975,0.845472999,-2.028745098,2.030572354,2.878075517,-2.873839909
0.39015,-0.84797179,0.84625917,-2.15597978,2.15796159,3.006199291,-3.001973039
0.3902,-0.833891222,0.832117839,-2.237858797,2.239966976,3.080632149,-3.076415234
0.39025,-0.786523319,0.784691836,-2.280001305,2.28219044,3.068795589,-3.064587989
0.3903,-0.757306104,0.755419075,-2.309111325,2.311382339,3.068764262,-3.064565956
0.39035,-0.742643627,0.740703331,-2.332787299,2.335141187,3.077787815,-3.073598783
0.3904,-0.706438572,0.704447603,-2.301883054,2.304320577,3.004059095,-2.999929309
0.39045,-0.639250899,0.637214138,-2.189944548,2.192462323,2.831508163,-2.827498213
0.3905,-0.563428908,0.56135177,-2.095571311,2.09816524,2.661206969,-2.65731003
0.39055,-0.489012576,0.486900141,-2.008792022,2.011458249,2.499976671,-2.49618631
0.3906,-0.427816592,0.425673503,-1.921729121,1.924463988,2.351686502,-2.347996703
0.39065,-0.381537022,0.379367431,-1.833484387,1.836284412,2.217134042,-2.21353921
0.3907,-0.343106468,0.340914086,-1.748788114,1.751650007,2.093981861,-2.090476814
0.39075,-0.304671077,0.302459282,-1.672563681,1.675484374,1.979299235,-1.97587918
0.3908,-0.263761825,0.261533741,-1.606112602,1.609089273,1.871918463,-1.868578978
0.39085,-0.223394572,0.221153088,-1.54734551,1.550375581,1.772765862,-1.76950289
0.3909,-0.187915293,0.185663046,-1.493524195,1.496605323,1.683449008,-1.68025885
0.39095,-0.159071367,0.156810733,-1.443607997,1.446738069,1.604674423,-1.601553742
0.391,-0.13519488,0.132927989,-1.398581121,1.401758254,1.535758216,-1.532704028
0.39105,-0.113162595,0.110891386,-1.360175718,1.363398271,1.475309155,-1.472318814
0.3911,-0.090860466,0.088586729,-1.329443756,1.332710338,1.422265053,-1.419336236
0.39115,-0.068209628,0.065935044,-1.306260372,1.309569848,1.376422098,-1.373552794
0.3912,-0.046434801,0.04416095,-1.289817682,1.293169171,1.338197051,-1.335385553
0.39125,-0.026607041,0.024335418,-1.279445466,1.282838339,1.307990684,-1.30523558
0.3913,-0.008704121,0.006436145,-1.275077427,1.278511305,1.285714416,-1.283014582
0.39135,0.008318539,-0.010554434,-1.277151902,1.28062666,1.270773471,-1.268128062
0.3914,0.025641048,-0.027870635,-1.286149833,1.289665599,1.262447625,-1.259856059
0.39145,0.044020691,-0.046242608,-1.302292626,1.305849788,1.260208585,-1.257670531
0.3915,0.063499834,-0.065712686,-1.325446709,1.32904591,1.263882365,-1.261397734
0.39155,0.083770059,-0.085972399,-1.355324271,1.35896641,1.273489644,-1.271058578
0.3916,0.10466408,-0.1068544,-1.391717921,1.395404149,1.288990365,-1.286613224
0.39165,0.126417872,-0.128594581,-1.434605803,1.438337523,1.310126758,-1.307804115
0.3917,0.149576829,-0.151738234,-1.484090427,1.487869291,1.336456014,-1.33418864
0.39175,0.174700203,-0.176844491,-1.540260944,1.544088851,1.367508123,-1.365296977
0.3918,0.202121331,-0.204246547,-1.603096667,1.606975764,1.402929169,-1.400775383
0.39185,0.231919938,-0.234023969,-1.67246827,1.676400946,1.442510218,-1.440415091
0.3919,0.264075876,-0.26615644,-1.748209197,1.752198078,1.486104988,-1.484069971
0.39195,0.298651419,-0.300706047,-1.830187643,1.834235592,1.533519541,-1.531546228
0.392,0.335863277,-0.337889306,-1.918327582,1.922437695,1.584461287,-1.582551407
0.39205,0.376016329,-0.378010885,-2.012577424,2.01675302,1.638573915,-1.636729316
0.3921,0.419378591,-0.421338576,-2.112863275,2.117107898,1.695515681,-1.693738325
0.39215,0.466103735,-0.468025815,-2.219065657,2.22338307,1.755013615,-1.753305562
0.3922,0.516249645,-0.518130243,-2.331031296,2.335425472,1.816856739,-1.815220141
0.39225,0.569858523,-0.571693805,-2.448602313,2.453077435,1.880845166,-1.879282254
0.3923,0.627023339,-0.628809212,-2.571636284,2.576196736,1.946743696,-1.945256773
0.39235,0.687890911,-0.68962301,-2.700004204,2.704654565,2.014276709,-2.012868139
0.3924,0.752611947,-0.754285632,-2.833573922,2.838318961,2.083161553,-2.081833751
0.39245,0.821289533,-0.82289988,-2.972196402,2.977041073,2.153146319,-2.151901743
0.3925,0.89396932,-0.895511117,-3.115705697,3.120655132,2.224019625,-2.222860767
0.39255,0.945122486,-0.946590727,-3.173861192,3.178867534,2.23764952,-2.236578541
0.3926,0.964162852,-0.965555582,-3.128126537,3.133121821,2.166245791,-2.16526081
0.39265,0.97966923,-0.98098543,-3.083762796,3.088747045,2.106434067,-2.10553249
0.3927,0.992005968,-0.993244596,-3.044746267,3.049719506,2.055073446,-2.054252916
0.39275,0.990603514,-0.991763229,-2.956365653,2.961327907,1.961467531,-1.960757883
0.3928,0.954916062,-0.955998554,-2.793335762,2.798287054,1.840703371,-1.840139296
0.39285,0.939200582,-0.940207546,-2.647571549,2.652511905,1.710551985,-1.71012311
0.3929,0.937295834,-0.938228732,-2.515273132,2.520202575,1.58012725,-1.579823883
0.39295,0.932771615,-0.933631782,-2.393507012,2.398425566,1.462857977,-1.462671204
0.393,0.917178364,-0.91796712,-2.281249979,2.286157668,1.366170198,-1.366091964
0.39305,0.894679608,-0.895398257,-2.179425152,2.184322002,1.286823089,-1.2868462
0.3931,0.875295786,-0.875945514,-2.089325197,2.09421123,1.216088552,-1.216206575
0.39315,0.865676092,-0.866257845,-2.011374878,2.016250118,1.147741953,-1.147949105
0.3932,0.865285172,-0.865799602,-1.945103432,1.949967904,1.081847742,-1.082138819
0.39325,0.869193644,-0.869641114,-1.889834257,1.894687984,1.022658555,-1.023028929
0.3933,0.873324972,-0.873705584,-1.845228154,1.85007116,0.973911566,-0.974357192
0.39335,0.877504694,-0.877818289,-1.81129979,1.816132099,0.935795749,-0.936313156
0.3934,0.884721458,-0.884967581,-1.788110404,1.792932039,0.905383579,-0.905969824
0.39345,0.898263903,-0.898441751,-1.775533804,1.780344789,0.879260168,-0.879912772
0.3935,0.919442572,-0.919550947,-1.77328178,1.778082138,0.855826757,-0.856543641
0.39355,0.947383298,-0.947420591,-1.781072309,1.785862064,0.835675515,-0.836454968
0.3936,0.980455705,-0.98041989,-1.798728089,1.803507265,0.820259552,-0.821100207
0.39365,1.017849319,-1.017737954,-1.82612297,1.830891589,0.810263237,-0.81116405
0.3937,1.060115783,-1.059925995,-1.863062346,1.867820432,0.804940389,-0.805900611
0.39375,1.108559394,-1.108287858,-1.909230694,1.91397827,0.80267129,-0.803690422
0.3938,1.164221177,-1.16386409,-1.964253286,1.968990375,0.802040322,-0.803118072
0.39385,1.227304039,-1.226857106,-2.027802748,2.032529374,0.802517369,-0.803653607
0.3939,1.297350709,-1.296809134,-2.099645382,2.104361568,0.804326187,-0.80552092
0.39395,1.373856347,-1.37321483,-2.179588718,2.184294486,0.807779344,-0.809032685
0.394,1.456752087,-1.456004821,-2.2673866,2.272081974,0.812699758,-0.814011906
0.39405,1.54642444,-1.545565107,-2.36269202,2.367377023,0.818354146,-0.81972535
0.3941,1.643363775,-1.642385534,-2.465097369,2.469772023,0.823844777,-0.825275305
0.39415,1.747799351,-1.746694833,-2.574219891,2.578884219,0.828559911,-0.830050016
0.3942,1.859611264,-1.858372571,-2.689752694,2.694406719,0.832312843,-0.833862734
0.39425,1.978529111,-1.977147816,-2.811439039,2.816082783,0.835117538,-0.836727357
0.3943,2.104394488,-2.102861643,-2.939000896,2.943634383,0.836854672,-0.838524476
0.39435,2.185182308,-2.183525309,-3.01305888,3.017682132,0.823545433,-0.825275412
0.3944,2.226733803,-2.224996934,-3.001075024,3.005688063,0.776634066,-0.778421607
0.39445,2.25524184,-2.253424205,-3.000857256,3.005460105,0.747848673,-0.749691266
0.3945,2.278245632,-2.276346261,-3.009699752,3.014292434,0.733696864,-0.735592275
0.39455,2.24667083,-2.244688988,-2.935786973,2.940320567,0.697951722,-0.699897404
0.3946,2.134159842,-2.132098931,-2.762971687,2.767386984,0.63098717,-0.63297826
0.39465,2.039208459,-2.037072598,-2.592476844,2.596780682,0.5554728,-0.557503899
0.3947,1.951930128,-1.949723192,-2.431036311,2.435235132,0.481276042,-0.483342089
0.39475,1.864434917,-1.862160584,-2.282472929,2.286572759,0.420176907,-0.42227328
0.3948,1.775712396,-1.773374171,-2.14763258,2.151639023,0.374031233,-0.376153803
0.39485,1.69039456,-1.687995754,-2.024265138,2.028183384,0.335956561,-0.338101647
0.3949,1.613419044,-1.610962747,-1.909474965,1.913309813,0.298119366,-0.300283621
0.39495,1.546197629,-1.543686688,-1.802046868,1.805802745,0.257892478,-0.260072818
0.395,1.486743455,-1.484180474,-1.702829985,1.706510952,0.218111716,-0.220305293
0.39505,1.432327886,-1.42971523,-1.613400506,1.617010264,0.183081718,-0.185285936
0.3951,1.38183252,-1.379172328,-1.534505045,1.538046931,0.154667299,-0.156879829
0.39515,1.336154263,-1.333448441,-1.465530914,1.469007914,0.131358684,-0.133577441
0.3952,1.297001763,-1.294251978,-1.40512659,1.40854135,0.11009555,-0.112318649
0.39525,1.265477323,-1.262684992,-1.352209268,1.355564106,0.088692677,-0.090918383
0.3953,1.2415306,-1.238696883,-1.306518689,1.309815611,0.066940061,-0.069166755
0.39535,1.22439316,-1.221518963,-1.268429865,1.271670574,0.045981078,-0.048207238
0.3954,1.213377662,-1.210463639,-1.238348678,1.241534578,0.02690888,-0.029133076
0.39545,1.208369301,-1.205415856,-1.216229333,1.219361539,0.009792419,-0.012013296
0.3955,1.209762227,-1.206769508,-1.201528251,1.204607599,-0.006305221,0.004097987
0.39555,1.21806464,-1.215032543,-1.193510117,1.196537178,-0.022625676,0.020424323
0.3956,1.233508177,-1.230436338,-1.191644013,1.194619103,-0.039937789,0.037743607
0.39565,1.255996282,-1.25288408,-1.195717837,1.198641031,-0.058353592,0.056167902
0.3957,1.285255956,-1.282102515,-1.205731978,1.208603119,-0.077599601,0.075423773
0.39575,1.321070137,-1.317874326,-1.22165426,1.224472968,-0.097490884,0.09532635
0.3958,1.363396345,-1.360156782,-1.243253114,1.246018798,-0.118216471,0.116064744
0.39585,1.412324293,-1.409039345,-1.27010768,1.272819549,-0.140286858,0.138149551
0.3959,1.467947361,-1.464615148,-1.301749255,1.304406328,-0.164264041,0.162142886
0.39595,1.530260859,-1.526879252,-1.337806044,1.340407164,-0.190515016,0.188411886
0.396,1.599150267,-1.595716895,-1.378047936,1.380591781,-0.21915526,0.217072185
0.39605,1.674453121,-1.670965371,-1.422320402,1.424805494,-0.250176707,0.248115888
0.3961,1.756031301,-1.752486325,-1.470438212,1.472862929,-0.283626331,0.281590153
0.39615,1.843800033,-1.840194749,-1.522124667,1.524487253,-0.319695909,0.317686953
0.3962,1.937704653,-1.934035753,-1.577032326,1.579330901,-0.358678061,0.356699117
0.39625,2.037675919,-2.03393987,-1.634814417,1.63704699,-0.40085015,0.398904233
0.3963,2.143602328,-2.139795378,-1.695184081,1.697348558,-0.446387353,0.444477714
0.39635,2.255335718,-2.251453899,-1.757919075,1.760013272,-0.495363567,0.493493702
0.3964,2.372717717,-2.368756856,-1.822818698,1.82484035,-0.547820933,0.545994593
0.39645,2.495602002,-2.49155772,-1.88965552,1.891602288,-0.603840358,0.602061556
0.3965,2.623856664,-2.619724385,-1.958161405,1.96003089,-0.663557866,0.661830887
0.39655,2.757350227,-2.753125186,-2.028053346,2.029843096,-0.727124783,0.725454188
0.3966,2.895936889,-2.891614132,-2.099071371,2.100778889,-0.794655063,0.793045698
0.39665,3.039453431,-3.035027829,-2.170995171,2.172617929,-0.866205579,0.864662581
0.3967,3.097687796,-3.093205869,-2.18558924,2.187125037,-0.916431818,0.914960118
0.39675,3.052133319,-3.047661293,-2.114944307,2.116394993,-0.934915238,0.933516751
0.3968,3.007951077,-3.003488929,-2.055867331,2.057235471,-0.949886436,0.948562144
0.39685,2.969101726,-2.964649435,-2.005292695,2.006580619,-0.961619045,0.960369955
0.3969,2.936642701,-2.932200245,-1.959118813,1.960328645,-0.975339726,0.974166906
0.39695,2.855735148,-2.851302505,-1.868861297,1.8699645,-0.978102789,0.977007664
0.397,2.7005811,-2.696158249,-1.753420587,1.754384054,-0.945044123,0.944025053
0.39705,2.561933093,-2.557520011,-1.630762645,1.631596213,-0.929019344,0.92807467
0.3971,2.436395199,-2.431991865,-1.508933231,1.509646052,-0.925339744,0.924468027
0.39715,2.321585444,-2.317191836,-1.399327724,1.399928192,-0.920160709,0.919360654
0.3972,2.216648118,-2.212264215,-1.308457884,1.308953565,-0.906115261,0.905385622
0.39725,2.122288327,-2.117914107,-1.233777294,1.234174932,-0.886455312,0.885794895
0.3973,2.039517219,-2.035152662,-1.167822403,1.168128005,-0.86965586,0.869063614
0.39735,1.968660029,-1.964305113,-1.104973719,1.105192658,-0.861661823,0.861136942
0.3974,1.909324604,-1.904979307,-1.044903703,1.045040786,-0.862408721,0.8619507
0.39745,1.860947742,-1.856612043,-0.991054644,0.991114122,-0.86789119,0.867499828
0.3975,1.823229132,-1.81890301,-0.946700259,0.94668583,-0.874535338,0.874210715
0.39755,1.796143521,-1.791826955,-0.912196982,0.912111796,-0.881959609,0.881702089
0.3976,1.779692803,-1.775385771,-0.885124725,0.884971433,-0.892586077,0.892396339
0.39765,1.773719466,-1.769421948,-0.862432998,0.862213807,-0.909307764,0.909186846
0.3977,1.77793367,-1.773645644,-0.842495695,0.84221243,-0.933460923,0.933410267
0.39775,1.792057695,-1.787779141,-0.825603228,0.82525737,-0.964477385,0.964498853
0.3978,1.815908842,-1.811639739,-0.812932582,0.812525289,-1.000997413,1.001093296
0.39785,1.849349294,-1.845089621,-0.805125032,0.804657164,-1.042241849,1.04241487
0.3979,1.892176919,-1.887926654,-0.801604106,0.801076254,-1.088584944,1.088838268
0.39795,1.944075213,-1.939834336,-0.800955698,0.800368225,-1.141124186,1.141461439
0.398,2.004667449,-2.000435939,-0.80184404,0.801197121,-1.200818469,1.201243759
0.39805,2.073615893,-2.06939373,-0.80366582,0.802959489,-1.267933189,1.268451125
0.3981,2.150670193,-2.146457357,-0.80651499,0.805749164,-1.342123849,1.342739547
0.39815,2.235624605,-2.231421074,-0.810635542,0.809810051,-1.422940501,1.423659585
0.3982,2.328230444,-2.324036198,-0.815886948,0.815001561,-1.510274763,1.511103369
0.39825,2.428146706,-2.423961725,-0.82163037,0.820684823,-1.604424228,1.605369009
0.3983,2.534970858,-2.530795121,-0.827039174,0.826033201,-1.705812736,1.706880868
0.39835,2.648316683,-2.64415017,-0.831505309,0.830438678,-1.814661838,1.815861028
0.3984,2.767866369,-2.763709059,-0.834798124,0.833670663,-1.93088408,1.932222561
0.39845,2.893352965,-2.889204839,-0.836893789,0.835705407,-2.054236036,2.055722572
0.3985,2.965673127,-2.961534164,-0.82391083,0.822661294,-2.132907386,2.134515231
0.39855,2.952409787,-2.948279967,-0.777156361,0.775848275,-2.173011284,2.174697156
0.3986,2.950883915,-2.946763218,-0.748566093,0.747201956,-2.200001481,2.201766225
0.39865,2.958435665,-2.95432407,-0.734724095,0.733306125,-2.221386914,2.223231447
0.3987,2.970670639,-2.966568126,-0.719716761,0.718247017,-2.248619237,2.250544605
0.39875,2.897245584,-2.89320039,-0.673773915,0.672254925,-2.227755736,2.229762801
0.3988,2.725975203,-2.722045672,-0.600565417,0.599002001,-2.123116751,2.125202237
0.39885,2.559857062,-2.556036517,-0.528292844,0.526690281,-2.029375399,2.031535285
0.3989,2.404753399,-2.401035571,-0.463172315,0.461535467,-1.939425359,1.941655838
0.39895,2.262094117,-2.258473153,-0.409408621,0.407741897,-1.850559647,1.852857106
0.399,2.13121973,-2.127690192,-0.364782003,0.363089369,-1.764338767,1.766699783
0.39905,2.010275228,-2.006832078,-0.324075764,0.322360808,-1.684124686,1.686546048
0.3991,1.897852583,-1.894491165,-0.283816835,0.282082838,-1.611982674,1.6144614
0.39915,1.793842912,-1.790558945,-0.244212241,0.242462217,-1.547597025,1.550130373
0.3992,1.699037625,-1.695827191,-0.207667365,0.20590407,-1.489353959,1.491939422
0.39925,1.614127949,-1.610987494,-0.176078973,0.174304903,-1.436048131,1.438683436
0.3993,1.539034403,-1.53596073,-0.149314611,0.147532015,-1.387732701,1.390415806
0.39935,1.472985738,-1.469975992,-0.125644127,0.123855039,-1.345366731,1.348095834
0.3994,1.415089942,-1.412141605,-0.103217608,0.101423887,-1.309908255,1.312681798
0.39945,1.364846671,-1.361957544,-0.081205739,0.079409104,-1.281686347,1.284503025
0.3995,1.322240912,-1.319409108,-0.059883627,0.058085685,-1.260410974,1.263269733
0.39955,1.287457005,-1.284680938,-0.039906966,0.038109222,-1.245610857,1.248510897
0.3996,1.260515385,-1.257793763,-0.021524855,0.019728734,-1.237057393,1.239998166
0.39965,1.241111471,-1.238443285,-0.004300026,0.002506889,-1.234883316,1.237864526
0.3997,1.228721413,-1.226105928,0.012594636,-0.014416038,-1.239407696,1.242429303
0.39975,1.222838563,-1.220275304,0.02994122,-0.031756922,-1.250874889,1.25393711
0.3998,1.223129675,-1.220618416,0.048097819,-0.049906486,-1.269324545,1.272427851
0.39985,1.229444478,-1.22698523,0.067078327,-0.06887859,-1.294620752,1.297765873
0.3999,1.241683992,-1.239276994,0.086812115,-0.088602548,-1.326593865,1.329781785
0.39995,1.259662498,-1.257308208,0.107397085,-0.109176193,-1.365156014,1.368387969
0.4,1.283060673,-1.280759755,0.129165468,-0.130931665,-1.410320042,1.41359752
0.40005,1.311482872,-1.309236184,0.152563707,-0.154315298,-1.462136662,1.4654614
0.4001,1.344555796,-1.342364379,0.177975622,-0.179710783,-1.520616297,1.523990282
0.40015,1.38199004,-1.37985511,0.205625832,-0.207342593,-1.585694057,1.589119518
0.4002,1.423568751,-1.421491681,0.235611814,-0.237308043,-1.657250439,1.660729849
0.40025,1.469086922,-1.467069239,0.26801151,-0.269684899,-1.73515825,1.73869432
0.4003,1.518295683,-1.516339052,0.30297224,-0.304620291,-1.819315795,1.822911471
0.40035,1.570891638,-1.568997853,0.340721129,-0.342341142,-1.909646653,1.91330511
0.4004,1.626550683,-1.624721657,0.381506907,-0.383095966,-2.006075287,2.009799926
0.40045,1.684972878,-1.683210632,0.425530775,-0.427085736,-2.108502788,2.112297234
0.4005,1.745902769,-1.74420942,0.472919996,-0.474437476,-2.216800784,2.220668877
0.40055,1.809114513,-1.807492266,0.523754964,-0.525231329,-2.33082364,2.334769432
0.4006,1.874380091,-1.872831228,0.578117925,-0.579549285,-2.45042539,2.454453139
0.40065,1.94144897,-1.939975841,0.63612119,-0.637503389,-2.575467613,2.579581776
0.4007,2.010053724,-2.008658736,0.697896871,-0.699225479,-2.705814789,2.710020021
0.40075,2.079932834,-2.078618442,0.763564094,-0.764834402,-2.841324315,2.845625455
0.4008,2.150849152,-2.149617851,0.833204886,-0.834411898,-2.981840857,2.98624293
0.40085,2.222589534,-2.22144385,0.90686712,-0.908005549,-3.127198924,3.131707128
0.4009,2.23717145,-2.236113577,0.958751567,-0.959816333,-3.18703702,3.191603359
0.40095,2.166913394,-2.165941492,0.978103717,-0.979092828,-3.142759251,3.147315503
0.401,2.108108335,-2.107219852,0.994096733,-0.995009141,-3.099888249,3.104434436
0.40105,2.057664164,-2.056856778,1.007020269,-1.007854895,-3.062374404,3.066910549
0.4011,1.965201371,-1.964505012,1.006125978,-1.006881443,-2.975644541,2.980170666
0.40115,1.846020713,-1.84547024,0.970778992,-0.971456956,-2.814538153,2.81905428
0.4012,1.717362339,-1.716947488,0.955416319,-0.956018446,-2.670619336,2.675125487
0.40125,1.588240972,-1.587952155,0.954022659,-0.954550372,-2.540134984,2.544631182
0.4013,1.472079443,-1.471907838,0.95023165,-0.95068624,-2.420209453,2.424695719
0.40135,1.376402634,-1.376340275,0.935505404,-0.935888138,-2.309830048,2.314306404
0.4014,1.298073919,-1.298113692,0.913870809,-0.914182934,-2.209887443,2.214353912
0.40145,1.228376731,-1.228512279,0.895299474,-0.895542112,-2.121636997,2.126093599
0.4015,1.161004575,-1.161230181,0.886507662,-0.886681693,-2.045488676,2.049935435
0.40155,1.095929826,-1.09624035,0.887060052,-0.887166058,-1.980979675,1.985416612
0.4016,1.037381354,-1.037772219,0.892065947,-0.892104213,-1.927448299,1.931875435
0.40165,0.989147197,-0.989614405,0.8974052,-0.897375746,-1.884562595,1.888979953
0.4017,0.951485166,-0.952025284,0.902829777,-0.902732356,-1.852332492,1.856740091
0.40175,0.921495506,-0.922105624,0.911288454,-0.911122522,-1.830807121,1.835204985
0.4018,0.895737525,-0.896415188,0.926083631,-0.92584829,-1.819848242,1.824236392
0.40185,0.872566577,-0.873309726,0.948565015,-0.948258971,-1.819160916,1.823539374
0.4019,0.852550571,-0.853357505,0.977882372,-0.977503914,-1.828462788,1.832831574
0.40195,0.837154391,-0.838023748,1.012396771,-1.011943772,-1.847579774,1.85193891
0.402,0.827092441,-0.828023175,1.051269913,-1.050739823,-1.876387922,1.88073743
0.40205,0.821639202,-0.822630553,1.095030769,-1.094420608,-1.914690616,1.919030516
0.4021,0.819173626,-0.820225083,1.144979012,-1.144285343,-1.962166375,1.966496689
0.40215,0.818265667,-0.819376914,1.202163473,-1.201382383,-2.018433844,2.022754593
0.4022,0.81837522,-0.819546101,1.266793341,-1.265920422,-2.08316194,2.087473145
0.40225,0.819729696,-0.820960183,1.338407923,-1.337438264,-2.156117192,2.160418874
0.4023,0.82265398,-0.823944149,1.416492063,-1.415420251,-2.237109131,2.241401312
0.40235,0.826980735,-0.828330739,1.500967711,-1.499787823,-2.325892154,2.330174854
0.4024,0.831978029,-0.833388068,1.592217755,-1.590923359,-2.422116986,2.426390226
0.40245,0.83674493,-0.838215217,1.690732214,-1.689316354,-2.525372457,2.529636258
0.4025,0.840669632,-0.84220036,1.796738308,-1.795193503,-2.63527371,2.639528093
0.40255,0.843571567,-0.845162881,1.910110599,-1.908428837,-2.751514449,2.755759434
0.4026,0.845472999,-0.847124975,2.030572354,-2.028745098,-2.873839909,2.878075517
0.40265,0.84625917,-0.84797179,2.15796159,-2.15597978,-3.001973039,3.006199291
0.4027,0.832117839,-0.833891222,2.239966976,-2.237858798,-3.076415234,3.08063215
0.40275,0.784691836,-0.786523319,2.28219044,-2.280001305,-3.064587989,3.06879559
0.4028,0.755419075,-0.757306104,2.311382339,-2.309111326,-3.064565957,3.068764263
0.40285,0.740703332,-0.742643627,2.335141187,-2.332787299,-3.073598783,3.077787815
0.4029,0.704447603,-0.706438573,2.304320577,-2.301883055,-2.999929309,3.004059095
0.40295,0.637214138,-0.639250899,2.192462324,-2.189944548,-2.827498214,2.831508163
0.403,0.56135177,-0.563428908,2.09816524,-2.095571311,-2.65731003,2.661206969
0.40305,0.486900141,-0.489012576,2.011458249,-2.008792023,-2.49618631,2.499976671
0.4031,0.425673503,-0.427816592,1.924463988,-1.921729121,-2.347996703,2.351686502
0.40315,0.379367431,-0.381537022,1.836284412,-1.833484387,-2.213539211,2.217134042
0.4032,0.340914086,-0.343106468,1.751650007,-1.748788114,-2.090476814,2.093981861
0.40325,0.302459283,-0.304671077,1.675484374,-1.672563681,-1.97587918,1.979299235
0.4033,0.261533741,-0.263761825,1.609089273,-1.606112602,-1.868578979,1.871918463
0.40335,0.221153088,-0.223394572,1.550375581,-1.547345511,-1.76950289,1.772765863
0.4034,0.185663047,-0.187915293,1.496605324,-1.493524195,-1.68025885,1.683449008
0.40345,0.156810733,-0.159071367,1.446738069,-1.443607997,-1.601553743,1.604674423
0.4035,0.132927989,-0.13519488,1.401758254,-1.398581121,-1.532704028,1.535758216
0.40355,0.110891386,-0.113162595,1.363398271,-1.360175718,-1.472318814,1.475309155
0.4036,0.088586729,-0.090860466,1.332710338,-1.329443756,-1.419336236,1.422265053
0.40365,0.065935044,-0.068209628,1.309569848,-1.306260372,-1.373552794,1.376422098
0.4037,0.04416095,-0.046434801,1.293169171,-1.289817682,-1.335385553,1.338197051
0.40375,0.024335418,-0.026607041,1.282838339,-1.279445466,-1.30523558,1.307990684
0.4038,0.006436145,-0.008704121,1.278511305,-1.275077427,-1.283014582,1.285714416
0.40385,-0.010554434,0.008318539,1.28062666,-1.277151902,-1.268128062,1.270773471
0.4039,-0.027870635,0.025641048,1.289665599,-1.286149833,-1.259856059,1.262447625
0.40395,-0.046242608,0.044020691,1.305849788,-1.302292626,-1.257670531,1.260208585
0.404,-0.065712686,0.063499834,1.32904591,-1.325446709,-1.261397734,1.263882365
0.40405,-0.085972399,0.083770059,1.35896641,-1.355324271,-1.271058578,1.273489644
0.4041,-0.1068544,0.10466408,1.395404149,-1.391717921,-1.286613224,1.288990365
0.40415,-0.128594581,0.126417872,1.438337523,-1.434605803,-1.307804115,1.310126758
0.4042,-0.151738234,0.149576829,1.487869291,-1.484090427,-1.33418864,1.336456014
0.40425,-0.176844491,0.174700203,1.544088851,-1.540260944,-1.365296977,1.367508123
0.4043,-0.204246547,0.202121331,1.606975764,-1.603096667,-1.400775383,1.402929169
0.40435,-0.234023969,0.231919938,1.676400945,-1.67246827,-1.44041509,1.442510218
0.4044,-0.26615644,0.264075876,1.752198078,-1.748209197,-1.484069971,1.486104988
0.40445,-0.300706047,0.298651419,1.834235592,-1.830187642,-1.531546228,1.533519541
0.4045,-0.337889306,0.335863277,1.922437695,-1.918327582,-1.582551407,1.584461287
0.40455,-0.378010884,0.376016329,2.01675302,-2.012577424,-1.636729316,1.638573915
0.4046,-0.421338576,0.419378591,2.117107898,-2.112863274,-1.693738324,1.695515681
0.40465,-0.468025815,0.466103734,2.22338307,-2.219065657,-1.753305562,1.755013615
0.4047,-0.518130242,0.516249645,2.335425472,-2.331031295,-1.815220141,1.816856739
0.40475,-0.571693804,0.569858522,2.453077435,-2.448602312,-1.879282254,1.880845166
0.4048,-0.628809212,0.627023339,2.576196736,-2.571636284,-1.945256773,1.946743696
0.40485,-0.68962301,0.687890911,2.704654565,-2.700004204,-2.012868139,2.014276709
0.4049,-0.754285632,0.752611947,2.838318961,-2.833573921,-2.081833751,2.083161553
0.40495,-0.82289988,0.821289533,2.977041073,-2.972196402,-2.151901743,2.153146319
0.405,-0.895511117,0.89396932,3.120655131,-3.115705697,-2.222860767,2.224019625
0.40505,-0.946590727,0.945122485,3.178867533,-3.173861191,-2.236578541,2.23764952
0.4051,-0.965555582,0.964162852,3.13312182,-3.128126537,-2.16526081,2.166245791
0.40515,-0.98098543,0.97966923,3.088747045,-3.083762796,-2.10553249,2.106434066
0.4052,-0.993244596,0.992005968,3.049719506,-3.044746267,-2.054252916,2.055073446
0.40525,-0.991763229,0.990603514,2.961327907,-2.956365653,-1.960757883,1.961467531
0.4053,-0.955998554,0.954916062,2.798287054,-2.793335762,-1.840139296,1.840703371
0.40535,-0.940207546,0.939200582,2.652511904,-2.647571549,-1.710123109,1.710551985
0.4054,-0.938228732,0.937295834,2.520202575,-2.515273132,-1.579823883,1.580127249
0.40545,-0.933631782,0.932771615,2.398425566,-2.393507011,-1.462671203,1.462857977
0.4055,-0.91796712,0.917178364,2.286157668,-2.281249978,-1.366091964,1.366170198
0.40555,-0.895398257,0.894679607,2.184322001,-2.179425152,-1.286846199,1.286823089
0.4056,-0.875945514,0.875295786,2.094211229,-2.089325196,-1.216206574,1.216088551
0.40565,-0.866257845,0.865676092,2.016250118,-2.011374877,-1.147949105,1.147741953
0.4057,-0.865799602,0.865285172,1.949967904,-1.945103432,-1.082138819,1.081847742
0.40575,-0.869641114,0.869193643,1.894687984,-1.889834257,-1.023028929,1.022658554
0.4058,-0.873705584,0.873324971,1.850071159,-1.845228153,-0.974357192,0.973911566
0.40585,-0.877818289,0.877504694,1.816132098,-1.811299789,-0.936313156,0.935795749
0.4059,-0.884967581,0.884721457,1.792932038,-1.788110403,-0.905969824,0.905383578
0.40595,-0.89844175,0.898263902,1.780344788,-1.775533804,-0.879912771,0.879260168
0.406,-0.919550947,0.919442572,1.778082137,-1.773281779,-0.856543641,0.855826757
0.40605,-0.947420591,0.947383298,1.785862063,-1.781072308,-0.836454968,0.835675515
0.4061,-0.98041989,0.980455704,1.803507264,-1.798728089,-0.821100206,0.820259552
0.40615,-1.017737954,1.017849318,1.830891589,-1.82612297,-0.81116405,0.810263237
0.4062,-1.059925995,1.060115782,1.867820431,-1.863062345,-0.80590061,0.804940389
0.40625,-1.108287857,1.108559393,1.913978269,-1.909230693,-0.803690422,0.80267129
0.4063,-1.16386409,1.164221176,1.968990375,-1.964253285,-0.803118072,0.802040322
0.40635,-1.226857106,1.227304038,2.032529373,-2.027802747,-0.803653607,0.802517369
0.4064,-1.296809134,1.297350708,2.104361567,-2.099645382,-0.80552092,0.804326187
0.40645,-1.373214829,1.373856346,2.184294486,-2.179588718,-0.809032685,0.807779343
0.4065,-1.456004821,1.456752087,2.272081973,-2.267386599,-0.814011906,0.812699758
0.40655,-1.545565106,1.546424439,2.367377022,-2.36269202,-0.81972535,0.818354146
0.4066,-1.642385533,1.643363775,2.469772022,-2.465097368,-0.825275305,0.823844777
0.40665,-1.746694832,1.74779935,2.578884219,-2.574219891,-0.830050016,0.828559911
0.4067,-1.858372571,1.859611264,2.694406718,-2.689752693,-0.833862734,0.832312843
0.40675,-1.977147816,1.97852911,2.816082783,-2.811439038,-0.836727357,0.835117537
0.4068,-2.102861642,2.104394487,2.943634382,-2.939000895,-0.838524476,0.836854672
0.40685,-2.183525309,2.185182308,3.017682131,-3.013058879,-0.825275412,0.823545433
0.4069,-2.224996933,2.226733803,3.005688062,-3.001075023,-0.778421607,0.776634066
0.40695,-2.253424204,2.255241839,3.005460104,-3.000857255,-0.749691266,0.747848673
0.407,-2.27634626,2.278245632,3.014292433,-3.009699751,-0.735592274,0.733696864
0.40705,-2.244688987,2.246670829,2.940320567,-2.935786973,-0.699897404,0.697951722
0.4071,-2.132098931,2.134159841,2.767386984,-2.762971686,-0.63297826,0.63098717
0.40715,-2.037072598,2.039208459,2.596780681,-2.592476843,-0.557503899,0.5554728
0.4072,-1.949723192,1.951930128,2.435235131,-2.43103631,-0.483342089,0.481276042
0.40725,-1.862160584,1.864434916,2.286572759,-2.282472928,-0.42227328,0.420176907
0.4073,-1.77337417,1.775712396,2.151639023,-2.147632579,-0.376153803,0.374031233
0.40735,-1.687995753,1.69039456,2.028183384,-2.024265137,-0.338101647,0.335956561
0.4074,-1.610962747,1.613419044,1.913309813,-1.909474964,-0.300283621,0.298119366
0.40745,-1.543686688,1.546197628,1.805802744,-1.802046868,-0.260072818,0.257892478
0.4075,-1.484180473,1.486743454,1.706510952,-1.702829985,-0.220305293,0.218111716
0.40755,-1.42971523,1.432327885,1.617010263,-1.613400506,-0.185285936,0.183081718
0.4076,-1.379172327,1.381832519,1.53804693,-1.534505044,-0.156879829,0.154667299
0.40765,-1.33344844,1.336154262,1.469007914,-1.465530913,-0.133577441,0.131358684
0.4077,-1.294251978,1.297001762,1.408541349,-1.40512659,-0.112318649,0.11009555
0.40775,-1.262684991,1.265477322,1.355564105,-1.352209268,-0.090918383,0.088692677
0.4078,-1.238696883,1.241530599,1.30981561,-1.306518688,-0.069166755,0.066940061
0.40785,-1.221518963,1.224393159,1.271670574,-1.268429865,-0.048207238,0.045981078
0.4079,-1.210463639,1.213377661,1.241534578,-1.238348678,-0.029133076,0.02690888
0.40795,-1.205415855,1.2083693,1.219361538,-1.216229332,-0.012013296,0.009792419
0.408,-1.206769508,1.209762226,1.204607599,-1.20152825,0.004097987,-0.006305221
0.40805,-1.215032542,1.21806464,1.196537177,-1.193510116,0.020424323,-0.022625676
0.4081,-1.230436337,1.233508177,1.194619103,-1.191644013,0.037743607,-0.039937789
0.40815,-1.25288408,1.255996282,1.198641031,-1.195717837,0.056167902,-0.058353592
0.4082,-1.282102514,1.285255955,1.208603118,-1.205731978,0.075423772,-0.077599601
0.40825,-1.317874325,1.321070136,1.224472967,-1.221654259,0.09532635,-0.097490884
0.4083,-1.360156781,1.363396344,1.246018797,-1.243253113,0.116064744,-0.118216471
0.40835,-1.409039344,1.412324292,1.272819548,-1.270107679,0.13814955,-0.140286858
0.4084,-1.464615147,1.46794736,1.304406327,-1.301749254,0.162142885,-0.164264041
0.40845,-1.526879251,1.530260858,1.340407163,-1.337806043,0.188411886,-0.190515016
0.4085,-1.595716894,1.599150266,1.38059178,-1.378047935,0.217072185,-0.21915526
0.40855,-1.67096537,1.67445312,1.424805494,-1.422320402,0.248115888,-0.250176706
0.4086,-1.752486324,1.756031301,1.472862929,-1.470438212,0.281590153,-0.283626331
0.40865,-1.840194749,1.843800033,1.524487252,-1.522124667,0.317686953,-0.319695909
0.4087,-1.934035752,1.937704652,1.5793309,-1.577032325,0.356699117,-0.358678061
0.40875,-2.033939869,2.037675919,1.637046989,-1.634814416,0.398904233,-0.400850149
0.4088,-2.139795377,2.143602327,1.697348557,-1.69518408,0.444477714,-0.446387353
0.40885,-2.251453898,2.255335717,1.760013272,-1.757919074,0.493493702,-0.495363567
0.4089,-2.368756855,2.372717716,1.824840349,-1.822818697,0.545994593,-0.547820933
0.40895,-2.491557719,2.495602002,1.891602288,-1.889655519,0.602061556,-0.603840358
0.409,-2.619724384,2.623856663,1.96003089,-1.958161405,0.661830887,-0.663557866
0.40905,-2.753125185,2.757350226,2.029843095,-2.028053346,0.725454187,-0.727124782
0.4091,-2.891614132,2.895936888,2.100778889,-2.09907137,0.793045698,-0.794655062
0.40915,-3.035027828,3.039453431,2.172617929,-2.170995171,0.864662581,-0.866205578
0.4092,-3.093205868,3.097687795,2.187125036,-2.185589239,0.914960118,-0.916431818
0.40925,-3.047661292,3.052133318,2.116394993,-2.114944306,0.933516751,-0.934915238
0.4093,-3.003488928,3.007951076,2.05723547,-2.05586733,0.948562144,-0.949886435
0.40935,-2.964649434,2.969101726,2.006580619,-2.005292695,0.960369955,-0.961619045
0.4094,-2.932200244,2.9366427,1.960328644,-1.959118813,0.974166906,-0.975339726
0.40945,-2.851302504,2.855735148,1.8699645,-1.868861297,0.977007664,-0.978102789
0.4095,-2.696158248,2.7005811,1.754384054,-1.753420586,0.944025053,-0.945044123
0.40955,-2.55752001,2.561933092,1.631596213,-1.630762645,0.92807467,-0.929019344
0.4096,-2.431991864,2.436395198,1.509646052,-1.508933231,0.924468027,-0.925339744
0.40965,-2.317191835,2.321585443,1.399928191,-1.399327723,0.919360654,-0.920160709
0.4097,-2.212264214,2.216648117,1.308953565,-1.308457884,0.905385622,-0.906115261
0.40975,-2.117914107,2.122288326,1.234174932,-1.233777294,0.885794895,-0.886455312
0.4098,-2.035152662,2.039517219,1.168128004,-1.167822403,0.869063613,-0.869655859
0.40985,-1.964305112,1.968660028,1.105192658,-1.104973718,0.861136941,-0.861661823
0.4099,-1.904979306,1.909324603,1.045040785,-1.044903703,0.8619507,-0.862408721
0.40995,-1.856612042,1.860947741,0.991114122,-0.991054643,0.867499827,-0.86789119
0.41,-1.818903009,1.823229131,0.946685829,-0.946700259,0.874210714,-0.874535337
0.41005,-1.791826954,1.79614352,0.912111796,-0.912196981,0.881702089,-0.881959608
0.4101,-1.77538577,1.779692802,0.884971432,-0.885124725,0.892396338,-0.892586076
0.41015,-1.769421947,1.773719465,0.862213807,-0.862432997,0.909186846,-0.909307763
0.4102,-1.773645644,1.777933669,0.84221243,-0.842495694,0.933410266,-0.933460923
0.41025,-1.78777914,1.792057695,0.82525737,-0.825603228,0.964498852,-0.964477385
0.4103,-1.811639738,1.815908841,0.812525289,-0.812932582,1.001093296,-1.000997413
0.41035,-1.84508962,1.849349294,0.804657164,-0.805125031,1.04241487,-1.042241849
0.4104,-1.887926653,1.892176918,0.801076254,-0.801604106,1.088838268,-1.088584944
0.41045,-1.939834335,1.944075212,0.800368224,-0.800955698,1.141461438,-1.141124186
0.4105,-2.000435939,2.004667448,0.801197121,-0.801844039,1.201243758,-1.200818468
0.41055,-2.06939373,2.073615892,0.802959488,-0.80366582,1.268451125,-1.267933188
0.4106,-2.146457356,2.150670192,0.805749164,-0.80651499,1.342739546,-1.342123848
0.41065,-2.231421074,2.235624604,0.809810051,-0.810635541,1.423659584,-1.422940501
0.4107,-2.324036197,2.328230443,0.815001561,-0.815886948,1.511103369,-1.510274763
0.41075,-2.423961724,2.428146705,0.820684822,-0.82163037,1.605369009,-1.604424228
0.4108,-2.53079512,2.534970857,0.826033201,-0.827039174,1.706880867,-1.705812735
0.41085,-2.644150169,2.648316682,0.830438678,-0.831505309,1.815861027,-1.814661838
0.4109,-2.763709059,2.767866368,0.833670662,-0.834798124,1.932222561,-1.930884079
0.41095,-2.889204838,2.893352964,0.835705407,-0.836893789,2.055722572,-2.054236035
0.411,-2.961534163,2.965673126,0.822661294,-0.82391083,2.134515231,-2.132907386
0.41105,-2.948279966,2.952409786,0.775848275,-0.777156361,2.174697156,-2.173011283
0.4111,-2.946763217,2.950883914,0.747201956,-0.748566093,2.201766224,-2.200001481
0.41115,-2.954324069,2.958435664,0.733306125,-0.734724094,2.223231447,-2.221386913
0.4112,-2.966568126,2.970670638,0.718247017,-0.719716761,2.250544604,-2.248619236
0.41125,-2.893200389,2.897245583,0.672254925,-0.673773915,2.2297628,-2.227755736
0.4113,-2.722045671,2.725975202,0.599002001,-0.600565417,2.125202236,-2.12311675
0.41135,-2.556036517,2.559857061,0.526690281,-0.528292844,2.031535285,-2.029375399
0.4114,-2.40103557,2.404753399,0.461535467,-0.463172315,1.941655837,-1.939425358
0.41145,-2.258473152,2.262094116,0.407741897,-0.40940862,1.852857105,-1.850559646
0.4115,-2.127690191,2.131219729,0.363089369,-0.364782002,1.766699783,-1.764338767
0.41155,-2.006832077,2.010275227,0.322360808,-0.324075764,1.686546047,-1.684124686
0.4116,-1.894491165,1.897852582,0.282082838,-0.283816835,1.6144614,-1.611982674
0.41165,-1.790558944,1.793842911,0.242462217,-0.244212241,1.550130372,-1.547597025
0.4117,-1.69582719,1.699037624,0.20590407,-0.207667365,1.491939421,-1.489353958
0.41175,-1.610987493,1.614127948,0.174304903,-0.176078973,1.438683435,-1.43604813
0.4118,-1.535960729,1.539034403,0.147532015,-0.149314611,1.390415806,-1.3877327
0.41185,-1.469975992,1.472985737,0.123855039,-0.125644126,1.348095834,-1.34536673
0.4119,-1.412141605,1.415089941,0.101423887,-0.103217608,1.312681798,-1.309908254
0.41195,-1.361957544,1.36484667,0.079409104,-0.081205739,1.284503024,-1.281686346
0.412,-1.319409107,1.322240911,0.058085685,-0.059883627,1.263269732,-1.260410973
0.41205,-1.284680938,1.287457005,0.038109222,-0.039906966,1.248510897,-1.245610857
0.4121,-1.257793762,1.260515385,0.019728734,-0.021524855,1.239998165,-1.237057392
0.41215,-1.238443285,1.241111471,0.002506889,-0.004300026,1.237864525,-1.234883315
0.4122,-1.226105927,1.228721412,-0.014416038,0.012594636,1.242429303,-1.239407695
0.41225,-1.220275304,1.222838563,-0.031756921,0.02994122,1.253937109,-1.250874889
0.4123,-1.220618415,1.223129675,-0.049906486,0.048097819,1.272427851,-1.269324544
0.41235,-1.226985229,1.229444478,-0.06887859,0.067078327,1.297765873,-1.294620751
0.4124,-1.239276994,1.241683991,-0.088602548,0.086812115,1.329781784,-1.326593864
0.41245,-1.257308208,1.259662497,-0.109176193,0.107397085,1.368387969,-1.365156014
0.4125,-1.280759755,1.283060673,-0.130931665,0.129165468,1.41359752,-1.410320042
0.41255,-1.309236184,1.311482872,-0.154315298,0.152563707,1.4654614,-1.462136661
0.4126,-1.342364379,1.344555795,-0.179710783,0.177975622,1.523990281,-1.520616297
0.41265,-1.379855109,1.38199004,-0.207342593,0.205625832,1.589119518,-1.585694057
0.4127,-1.421491681,1.42356875,-0.237308043,0.235611814,1.660729849,-1.657250439
0.41275,-1.467069238,1.469086922,-0.269684898,0.26801151,1.738694319,-1.735158249
0.4128,-1.516339051,1.518295683,-0.304620291,0.30297224,1.82291147,-1.819315795
0.41285,-1.568997853,1.570891638,-0.342341142,0.340721129,1.913305109,-1.909646653
0.4129,-1.624721657,1.626550683,-0.383095966,0.381506906,2.009799926,-2.006075286
0.41295,-1.683210632,1.684972878,-0.427085736,0.425530775,2.112297233,-2.108502787
0.413,-1.74420942,1.745902769,-0.474437475,0.472919996,2.220668876,-2.216800783
0.41305,-1.807492266,1.809114512,-0.525231329,0.523754964,2.334769431,-2.33082364
0.4131,-1.872831228,1.874380091,-0.579549285,0.578117925,2.454453138,-2.45042539
0.41315,-1.93997584,1.941448969,-0.637503389,0.63612119,2.579581776,-2.575467612
0.4132,-2.008658735,2.010053724,-0.699225479,0.69789687,2.71002002,-2.705814789
0.41325,-2.078618441,2.079932833,-0.764834402,0.763564093,2.845625455,-2.841324315
0.4133,-2.149617851,2.150849152,-0.834411898,0.833204886,2.986242929,-2.981840857
0.41335,-2.22144385,2.222589533,-0.908005548,0.90686712,3.131707128,-3.127198924
0.4134,-2.236113577,2.237171449,-0.959816333,0.958751567,3.191603358,-3.18703702
0.41345,-2.165941492,2.166913394,-0.979092828,0.978103717,3.147315503,-3.142759251
0.4135,-2.107219851,2.108108335,-0.995009141,0.994096733,3.104434436,-3.099888249
0.41355,-2.056856778,2.057664164,-1.007854895,1.007020269,3.066910549,-3.062374404
0.4136,-1.964505012,1.965201371,-1.006881443,1.006125977,2.980170665,-2.975644541
0.41365,-1.84547024,1.846020713,-0.971456956,0.970778991,2.819054279,-2.814538153
0.4137,-1.716947488,1.717362339,-0.956018446,0.955416319,2.675125487,-2.670619336
0.41375,-1.587952155,1.588240972,-0.954550372,0.954022658,2.544631181,-2.540134984
0.4138,-1.471907838,1.472079443,-0.95068624,0.95023165,2.424695718,-2.420209452
0.41385,-1.376340275,1.376402633,-0.935888138,0.935505404,2.314306403,-2.309830047
0.4139,-1.298113692,1.298073919,-0.914182934,0.913870809,2.214353911,-2.209887443
0.41395,-1.228512279,1.228376731,-0.895542112,0.895299474,2.126093599,-2.121636996
0.414,-1.161230181,1.161004575,-0.886681693,0.886507661,2.049935434,-2.045488676
0.41405,-1.09624035,1.095929826,-0.887166058,0.887060052,1.985416611,-1.980979675
0.4141,-1.037772219,1.037381354,-0.892104213,0.892065947,1.931875435,-1.927448299
0.41415,-0.989614405,0.989147197,-0.897375745,0.8974052,1.888979952,-1.884562595
0.4142,-0.952025284,0.951485165,-0.902732356,0.902829777,1.856740091,-1.852332491
0.41425,-0.922105624,0.921495506,-0.911122521,0.911288453,1.835204985,-1.83080712
0.4143,-0.896415188,0.895737525,-0.92584829,0.926083631,1.824236392,-1.819848242
0.41435,-0.873309726,0.872566577,-0.948258971,0.948565015,1.823539373,-1.819160916
0.4144,-0.853357505,0.852550571,-0.977503914,0.977882371,1.832831574,-1.828462787
0.41445,-0.838023748,0.837154391,-1.011943772,1.012396771,1.851938909,-1.847579773
0.4145,-0.828023174,0.827092441,-1.050739823,1.051269913,1.88073743,-1.876387922
0.41455,-0.822630553,0.821639201,-1.094420607,1.095030769,1.919030516,-1.914690615
0.4146,-0.820225083,0.819173626,-1.144285342,1.144979011,1.966496689,-1.962166374
0.41465,-0.819376914,0.818265667,-1.201382383,1.202163473,2.022754593,-2.018433844
0.4147,-0.819546101,0.81837522,-1.265920422,1.266793341,2.087473145,-2.08316194
0.41475,-0.820960183,0.819729696,-1.337438264,1.338407923,2.160418874,-2.156117192
0.4148,-0.823944149,0.82265398,-1.41542025,1.416492063,2.241401312,-2.237109131
0.41485,-0.828330739,0.826980735,-1.499787823,1.50096771,2.330174854,-2.325892154
0.4149,-0.833388068,0.831978029,-1.590923358,1.592217755,2.426390225,-2.422116986
0.41495,-0.838215217,0.83674493,-1.689316354,1.690732214,2.529636258,-2.525372457
0.415,-0.84220036,0.840669632,-1.795193503,1.796738308,2.639528092,-2.63527371
0.41505,-0.845162881,0.843571567,-1.908428836,1.910110599,2.755759434,-2.751514449
0.4151,-0.847124975,0.845472999,-2.028745098,2.030572354,2.878075517,-2.873839909
0.41515,-0.84797179,0.84625917,-2.15597978,2.15796159,3.006199291,-3.001973039
0.4152,-0.833891222,0.832117839,-2.237858797,2.239966976,3.080632149,-3.076415234
0.41525,-0.786523319,0.784691836,-2.280001305,2.28219044,3.068795589,-3.064587989
0.4153,-0.757306104,0.755419075,-2.309111325,2.311382339,3.068764262,-3.064565956
0.41535,-0.742643627,0.740703331,-2.332787299,2.335141187,3.077787815,-3.073598783
0.4154,-0.706438572,0.704447603,-2.301883054,2.304320577,3.004059095,-2.999929309
0.41545,-0.639250899,0.637214138,-2.189944548,2.192462323,2.831508163,-2.827498213
0.4155,-0.563428908,0.56135177,-2.095571311,2.09816524,2.661206969,-2.65731003
0.41555,-0.489012576,0.486900141,-2.008792022,2.011458249,2.499976671,-2.49618631
0.4156,-0.427816592,0.425673503,-1.921729121,1.924463988,2.351686502,-2.347996703
0.41565,-0.381537022,0.379367431,-1.833484387,1.836284412,2.217134042,-2.21353921
0.4157,-0.343106468,0.340914086,-1.748788114,1.751650007,2.093981861,-2.090476814
0.41575,-0.304671077,0.302459282,-1.672563681,1.675484374,1.979299235,-1.97587918
0.4158,-0.263761825,0.261533741,-1.606112602,1.609089273,1.871918463,-1.868578978
0.41585,-0.223394572,0.221153088,-1.54734551,1.550375581,1.772765862,-1.76950289
0.4159,-0.187915293,0.185663046,-1.493524195,1.496605323,1.683449008,-1.68025885
0.41595,-0.159071367,0.156810733,-1.443607997,1.446738069,1.604674423,-1.601553742
0.416,-0.13519488,0.132927989,-1.398581121,1.401758254,1.535758216,-1.532704028
0.41605,-0.113162595,0.110891386,-1.360175718,1.363398271,1.475309155,-1.472318814
0.4161,-0.090860466,0.088586729,-1.329443756,1.332710338,1.422265053,-1.419336236
0.41615,-0.068209628,0.065935044,-1.306260372,1.309569848,1.376422098,-1.373552794
0.4162,-0.046434801,0.04416095,-1.289817682,1.293169171,1.338197051,-1.335385553
0.41625,-0.026607041,0.024335418,-1.279445466,1.282838339,1.307990684,-1.30523558
0.4163,-0.008704121,0.006436145,-1.275077427,1.278511305,1.285714416,-1.283014582
0.41635,0.008318539,-0.010554434,-1.277151902,1.28062666,1.270773471,-1.268128062
0.4164,0.025641048,-0.027870635,-1.286149833,1.289665599,1.262447625,-1.259856059
0.41645,0.044020691,-0.046242608,-1.302292626,1.305849788,1.260208585,-1.257670531
0.4165,0.063499834,-0.065712686,-1.325446709,1.32904591,1.263882365,-1.261397734
0.41655,0.083770059,-0.085972399,-1.355324271,1.35896641,1.273489644,-1.271058578
0.4166,0.10466408,-0.1068544,-1.391717921,1.395404149,1.288990365,-1.286613224
0.41665,0.126417872,-0.128594581,-1.434605803,1.438337523,1.310126758,-1.307804115
0.4167,0.149576829,-0.151738234,-1.484090427,1.487869291,1.336456014,-1.33418864
0.41675,0.174700203,-0.176844491,-1.540260944,1.544088851,1.367508123,-1.365296977
0.4168,0.202121331,-0.204246547,-1.603096667,1.606975764,1.402929169,-1.400775383
0.41685,0.231919938,-0.234023969,-1.67246827,1.676400946,1.442510218,-1.440415091
0.4169,0.264075876,-0.26615644,-1.748209197,1.752198078,1.486104988,-1.484069971
0.41695,0.298651419,-0.300706047,-1.830187643,1.834235592,1.533519541,-1.531546228
0.417,0.335863277,-0.337889306,-1.918327582,1.922437695,1.584461287,-1.582551407
0.41705,0.376016329,-0.378010885,-2.012577424,2.01675302,1.638573915,-1.636729316
0.4171,0.419378591,-0.421338576,-2.112863275,2.117107898,1.695515681,-1.693738325
0.41715,0.466103735,-0.468025815,-2.219065657,2.22338307,1.755013615,-1.753305562
0.4172,0.516249645,-0.518130243,-2.331031296,2.335425472,1.816856739,-1.815220141
0.41725,0.569858523,-0.571693805,-2.448602313,2.453077435,1.880845166,-1.879282254
0.4173,0.627023339,-0.628809212,-2.571636284,2.576196736,1.946743696,-1.945256773
0.41735,0.687890911,-0.68962301,-2.700004204,2.704654565,2.014276709,-2.012868139
0.4174,0.752611947,-0.754285632,-2.833573922,2.838318961,2.083161553,-2.081833751
0.41745,0.821289533,-0.82289988,-2.972196402,2.977041073,2.153146319,-2.151901743
0.4175,0.89396932,-0.895511117,-3.115705697,3.120655132,2.224019625,-2.222860767
0.41755,0.945122486,-0.946590727,-3.173861192,3.178867534,2.23764952,-2.236578541
0.4176,0.964162852,-0.965555582,-3.128126537,3.133121821,2.166245791,-2.16526081
0.41765,0.97966923,-0.98098543,-3.083762796,3.088747045,2.106434067,-2.10553249
0.4177,0.992005968,-0.993244596,-3.044746267,3.049719506,2.055073446,-2.054252916
0.41775,0.990603514,-0.991763229,-2.956365653,2.961327907,1.961467531,-1.960757883
0.4178,0.954916062,-0.955998554,-2.793335762,2.798287054,1.840703371,-1.840139296
0.41785,0.939200582,-0.940207546,-2.647571549,2.652511905,1.710551985,-1.71012311
0.4179,0.937295834,-0.938228732,-2.515273132,2.520202575,1.58012725,-1.579823883
0.41795,0.932771615,-0.933631782,-2.393507012,2.398425566,1.462857977,-1.462671204
0.418,0.917178364,-0.91796712,-2.281249979,2.286157668,1.366170198,-1.366091964
0.41805,0.894679608,-0.895398257,-2.179425152,2.184322002,1.286823089,-1.2868462
0.4181,0.875295786,-0.875945514,-2.089325197,2.09421123,1.216088552,-1.216206575
0.41815,0.865676092,-0.866257845,-2.011374878,2.016250118,1.147741953,-1.147949105
0.4182,0.865285172,-0.865799602,-1.945103432,1.949967904,1.081847742,-1.082138819
0.41825,0.869193644,-0.869641114,-1.889834257,1.894687984,1.022658555,-1.023028929
0.4183,0.873324972,-0.873705584,-1.845228154,1.85007116,0.973911566,-0.974357192
0.41835,0.877504694,-0.877818289,-1.81129979,1.816132099,0.935795749,-0.936313156
0.4184,0.884721458,-0.884967581,-1.788110404,1.792932039,0.905383579,-0.905969824
0.41845,0.898263903,-0.898441751,-1.775533804,1.780344789,0.879260168,-0.879912772
0.4185,0.919442572,-0.919550947,-1.77328178,1.778082138,0.855826757,-0.856543641
0.41855,0.947383298,-0.947420591,-1.781072309,1.785862064,0.835675515,-0.836454968
0.4186,0.980455705,-0.98041989,-1.798728089,1.803507265,0.820259552,-0.821100207
0.41865,1.017849319,-1.017737954,-1.82612297,1.830891589,0.810263237,-0.81116405
0.4187,1.060115783,-1.059925995,-1.863062346,1.867820432,0.804940389,-0.805900611
0.41875,1.108559394,-1.108287858,-1.909230694,1.91397827,0.80267129,-0.803690422
0.4188,1.164221177,-1.16386409,-1.964253286,1.968990375,0.802040322,-0.803118072
0.41885,1.227304039,-1.226857106,-2.027802748,2.032529374,0.802517369,-0.803653607
0.4189,1.297350709,-1.296809134,-2.099645382,2.104361568,0.804326187,-0.80552092
0.41895,1.373856347,-1.37321483,-2.179588718,2.184294486,0.807779344,-0.809032685
0.419,1.456752087,-1.456004821,-2.2673866,2.272081974,0.812699758,-0.814011906
0.41905,1.54642444,-1.545565107,-2.36269202,2.367377023,0.818354146,-0.81972535
0.4191,1.643363775,-1.642385534,-2.465097369,2.469772023,0.823844777,-0.825275305
0.41915,1.747799351,-1.746694833,-2.574219891,2.578884219,0.828559911,-0.830050016
0.4192,1.859611264,-1.858372571,-2.689752694,2.694406719,0.832312843,-0.833862734
0.41925,1.978529111,-1.977147816,-2.811439039,2.816082783,0.835117538,-0.836727357
0.4193,2.104394488,-2.102861643,-2.939000896,2.943634383,0.836854672,-0.838524476
0.41935,2.185182308,-2.183525309,-3.01305888,3.017682132,0.823545433,-0.825275412
0.4194,2.226733803,-2.224996934,-3.001075024,3.005688063,0.776634066,-0.778421607
0.41945,2.25524184,-2.253424205,-3.000857256,3.005460105,0.747848673,-0.749691266
0.4195,2.278245632,-2.276346261,-3.009699752,3.014292434,0.733696864,-0.735592275
0.41955,2.24667083,-2.244688988,-2.935786973,2.940320567,0.697951722,-0.699897404
0.4196,2.134159842,-2.132098931,-2.762971687,2.767386984,0.63098717,-0.63297826
0.41965,2.039208459,-2.037072598,-2.592476844,2.596780682,0.5554728,-0.557503899
0.4197,1.951930128,-1.949723192,-2.431036311,2.435235132,0.481276042,-0.483342089
0.41975,1.864434917,-1.862160584,-2.282472929,2.286572759,0.420176907,-0.42227328
0.4198,1.775712396,-1.773374171,-2.14763258,2.151639023,0.374031233,-0.376153803
0.41985,1.69039456,-1.687995754,-2.024265138,2.028183384,0.335956561,-0.338101647
0.4199,1.613419044,-1.610962747,-1.909474965,1.913309813,0.298119366,-0.300283621
0.41995,1.546197629,-1.543686688,-1.802046868,1.805802745,0.257892478,-0.260072818
0.42,1.486743455,-1.484180474,-1.702829985,1.706510952,0.218111716,-0.220305293
0.42005,1.432327886,-1.42971523,-1.613400506,1.617010264,0.183081718,-0.185285936
0.4201,1.38183252,-1.379172328,-1.534505045,1.538046931,0.154667299,-0.156879829
0.42015,1.336154263,-1.333448441,-1.465530914,1.469007914,0.131358684,-0.133577441
0.4202,1.297001763,-1.294251978,-1.40512659,1.40854135,0.11009555,-0.112318649
0.42025,1.265477323,-1.262684992,-1.352209268,1.355564106,0.088692677,-0.090918383
0.4203,1.2415306,-1.238696883,-1.306518689,1.309815611,0.066940061,-0.069166755
0.42035,1.22439316,-1.221518963,-1.268429865,1.271670574,0.045981078,-0.048207238
0.4204,1.213377662,-1.210463639,-1.238348678,1.241534578,0.02690888,-0.029133076
0.42045,1.208369301,-1.205415856,-1.216229333,1.219361539,0.009792419,-0.012013296
0.4205,1.209762227,-1.206769508,-1.201528251,1.204607599,-0.006305221,0.004097987
0.42055,1.21806464,-1.215032543,-1.193510117,1.196537178,-0.022625676,0.020424323
0.4206,1.233508177,-1.230436338,-1.191644013,1.194619103,-0.039937789,0.037743607
0.42065,1.255996282,-1.25288408,-1.195717837,1.198641031,-0.058353592,0.056167902
0.4207,1.285255956,-1.282102515,-1.205731978,1.208603119,-0.077599601,0.075423773
0.42075,1.321070137,-1.317874326,-1.22165426,1.224472968,-0.097490884,0.09532635
0.4208,1.363396345,-1.360156782,-1.243253114,1.246018798,-0.118216471,0.116064744
0.42085,1.412324293,-1.409039345,-1.27010768,1.272819549,-0.140286858,0.138149551
0.4209,1.467947361,-1.464615148,-1.301749255,1.304406328,-0.164264041,0.162142886
0.42095,1.530260859,-1.526879252,-1.337806044,1.340407164,-0.190515016,0.188411886
0.421,1.599150267,-1.595716895,-1.378047936,1.380591781,-0.21915526,0.217072185
0.42105,1.674453121,-1.670965371,-1.422320402,1.424805494,-0.250176707,0.248115888
0.4211,1.756031301,-1.752486325,-1.470438212,1.472862929,-0.283626331,0.281590153
0.42115,1.843800033,-1.840194749,-1.522124667,1.524487253,-0.319695909,0.317686953
0.4212,1.937704653,-1.934035753,-1.577032326,1.579330901,-0.358678061,0.356699117
0.42125,2.037675919,-2.03393987,-1.634814417,1.63704699,-0.40085015,0.398904233
0.4213,2.143602328,-2.139795378,-1.695184081,1.697348558,-0.446387353,0.444477714
0.42135,2.255335718,-2.251453899,-1.757919075,1.760013272,-0.495363567,0.493493702
0.4214,2.372717717,-2.368756856,-1.822818698,1.82484035,-0.547820933,0.545994593
0.42145,2.495602002,-2.49155772,-1.88965552,1.891602288,-0.603840358,0.602061556
0.4215,2.623856664,-2.619724385,-1.958161405,1.96003089,-0.663557866,0.661830887
0.42155,2.757350227,-2.753125186,-2.028053346,2.029843096,-0.727124783,0.725454188
0.4216,2.895936889,-2.891614132,-2.099071371,2.100778889,-0.794655063,0.793045698
0.42165,3.039453431,-3.035027829,-2.170995171,2.172617929,-0.866205579,0.864662581
0.4217,3.097687796,-3.093205869,-2.18558924,2.187125037,-0.916431818,0.914960118
0.42175,3.052133319,-3.047661293,-2.114944307,2.116394993,-0.934915238,0.933516751
0.4218,3.007951077,-3.003488929,-2.055867331,2.057235471,-0.949886436,0.948562144
0.42185,2.969101726,-2.964649435,-2.005292695,2.006580619,-0.961619045,0.960369955
0.4219,2.936642701,-2.932200245,-1.959118813,1.960328645,-0.975339726,0.974166906
0.42195,2.855735148,-2.851302505,-1.868861297,1.8699645,-0.978102789,0.977007664
0.422,2.7005811,-2.696158249,-1.753420587,1.754384054,-0.945044123,0.944025053
0.42205,2.561933093,-2.557520011,-1.630762645,1.631596213,-0.929019344,0.92807467
0.4221,2.436395199,-2.431991865,-1.508933231,1.509646052,-0.925339744,0.924468027
0.42215,2.321585444,-2.317191836,-1.399327724,1.399928192,-0.920160709,0.919360654
0.4222,2.216648118,-2.212264215,-1.308457884,1.308953565,-0.906115261,0.905385622
0.42225,2.122288327,-2.117914107,-1.233777294,1.234174932,-0.886455312,0.885794895
0.4223,2.039517219,-2.035152662,-1.167822403,1.168128005,-0.86965586,0.869063614
0.42235,1.968660029,-1.964305113,-1.104973719,1.105192658,-0.861661823,0.861136942
0.4224,1.909324604,-1.904979307,-1.044903703,1.045040786,-0.862408721,0.8619507
0.42245,1.860947742,-1.856612043,-0.991054644,0.991114122,-0.86789119,0.867499828
0.4225,1.823229132,-1.81890301,-0.946700259,0.94668583,-0.874535338,0.874210715
0.42255,1.796143521,-1.791826955,-0.912196982,0.912111796,-0.881959609,0.881702089
0.4226,1.779692803,-1.775385771,-0.885124725,0.884971433,-0.892586077,0.892396339
0.42265,1.773719466,-1.769421948,-0.862432998,0.862213807,-0.909307764,0.909186846
0.4227,1.77793367,-1.773645644,-0.842495695,0.84221243,-0.933460923,0.933410267
0.42275,1.792057695,-1.787779141,-0.825603228,0.82525737,-0.964477385,0.964498853
0.4228,1.815908842,-1.811639739,-0.812932582,0.812525289,-1.000997413,1.001093296
0.42285,1.849349294,-1.845089621,-0.805125032,0.804657164,-1.042241849,1.04241487
0.4229,1.892176919,-1.887926654,-0.801604106,0.801076254,-1.088584944,1.088838268
0.42295,1.944075213,-1.939834336,-0.800955698,0.800368225,-1.141124186,1.141461439
0.423,2.004667449,-2.000435939,-0.80184404,0.801197121,-1.200818469,1.201243759
0.42305,2.073615893,-2.06939373,-0.80366582,0.802959489,-1.267933189,1.268451125
0.4231,2.150670193,-2.146457357,-0.80651499,0.805749164,-1.342123849,1.342739547
0.42315,2.235624605,-2.231421074,-0.810635542,0.809810051,-1.422940501,1.423659585
0.4232,2.328230444,-2.324036198,-0.815886948,0.815001561,-1.510274763,1.511103369
0.42325,2.428146706,-2.423961725,-0.82163037,0.820684823,-1.604424228,1.605369009
0.4233,2.534970858,-2.530795121,-0.827039174,0.826033201,-1.705812736,1.706880868
0.42335,2.648316683,-2.64415017,-0.831505309,0.830438678,-1.814661838,1.815861028
0.4234,2.767866369,-2.763709059,-0.834798124,0.833670663,-1.93088408,1.932222561
0.42345,2.893352965,-2.889204839,-0.836893789,0.835705407,-2.054236036,2.055722572
0.4235,2.965673127,-2.961534164,-0.82391083,0.822661294,-2.132907386,2.134515231
0.42355,2.952409787,-2.948279967,-0.777156361,0.775848275,-2.173011284,2.174697156
0.4236,2.950883915,-2.946763218,-0.748566093,0.747201956,-2.200001481,2.201766225
0.42365,2.958435665,-2.95432407,-0.734724095,0.733306125,-2.221386914,2.223231447
0.4237,2.970670639,-2.966568126,-0.719716761,0.718247017,-2.248619237,2.250544605
0.42375,2.897245584,-2.89320039,-0.673773915,0.672254925,-2.227755736,2.229762801
0.4238,2.725975203,-2.722045672,-0.600565417,0.599002001,-2.123116751,2.125202237
0.42385,2.559857062,-2.556036517,-0.528292844,0.526690281,-2.029375399,2.031535285
0.4239,2.404753399,-2.401035571,-0.463172315,0.461535467,-1.939425359,1.941655838
0.42395,2.262094117,-2.258473153,-0.409408621,0.407741897,-1.850559647,1.852857106
0.424,2.13121973,-2.127690192,-0.364782003,0.363089369,-1.764338767,1.766699783
0.42405,2.010275228,-2.006832078,-0.324075764,0.322360808,-1.684124686,1.686546048
0.4241,1.897852583,-1.894491165,-0.283816835,0.282082838,-1.611982674,1.6144614
0.42415,1.793842912,-1.790558945,-0.244212241,0.242462217,-1.547597025,1.550130373
0.4242,1.699037625,-1.695827191,-0.207667365,0.20590407,-1.489353959,1.491939422
0.42425,1.614127949,-1.610987494,-0.176078973,0.174304903,-1.436048131,1.438683436
0.4243,1.539034403,-1.53596073,-0.149314611,0.147532015,-1.387732701,1.390415806
0.42435,1.472985738,-1.469975992,-0.125644127,0.123855039,-1.345366731,1.348095834
0.4244,1.415089942,-1.412141605,-0.103217608,0.101423887,-1.309908255,1.312681798
0.42445,1.364846671,-1.361957544,-0.081205739,0.079409104,-1.281686347,1.284503025
0.4245,1.322240912,-1.319409108,-0.059883627,0.058085685,-1.260410974,1.263269733
0.42455,1.287457005,-1.284680938,-0.039906966,0.038109222,-1.245610857,1.248510897
0.4246,1.260515385,-1.257793763,-0.021524855,0.019728734,-1.237057393,1.239998166
0.42465,1.241111471,-1.238443285,-0.004300026,0.002506889,-1.234883316,1.237864526
0.4247,1.228721413,-1.226105928,0.012594636,-0.014416038,-1.239407696,1.242429303
0.42475,1.222838563,-1.220275304,0.02994122,-0.031756922,-1.250874889,1.25393711
0.4248,1.223129675,-1.220618416,0.048097819,-0.049906486,-1.269324545,1.272427851
0.42485,1.229444478,-1.22698523,0.067078327,-0.06887859,-1.294620752,1.297765873
0.4249,1.241683992,-1.239276994,0.086812115,-0.088602548,-1.326593865,1.329781785
0.42495,1.259662498,-1.257308208,0.107397085,-0.109176193,-1.365156014,1.368387969
0.425,1.283060673,-1.280759755,0.129165468,-0.130931665,-1.410320042,1.41359752
0.42505,1.311482872,-1.309236184,0.152563707,-0.154315298,-1.462136662,1.4654614
0.4251,1.344555796,-1.342364379,0.177975622,-0.179710783,-1.520616297,1.523990282
0.42515,1.38199004,-1.37985511,0.205625832,-0.207342593,-1.585694057,1.589119518
0.4252,1.423568751,-1.421491681,0.235611814,-0.237308043,-1.657250439,1.660729849
0.42525,1.469086922,-1.467069239,0.26801151,-0.269684899,-1.73515825,1.73869432
0.4253,1.518295683,-1.516339052,0.30297224,-0.304620291,-1.819315795,1.822911471
0.42535,1.570891638,-1.568997853,0.340721129,-0.342341142,-1.909646653,1.91330511
0.4254,1.626550683,-1.624721657,0.381506907,-0.383095966,-2.006075287,2.009799926
0.42545,1.684972878,-1.683210632,0.425530775,-0.427085736,-2.108502788,2.112297234
0.4255,1.745902769,-1.74420942,0.472919996,-0.474437476,-2.216800784,2.220668877
0.42555,1.809114513,-1.807492266,0.523754964,-0.525231329,-2.33082364,2.334769432
0.4256,1.874380091,-1.872831228,0.578117925,-0.579549285,-2.45042539,2.454453139
0.42565,1.94144897,-1.939975841,0.63612119,-0.637503389,-2.575467613,2.579581776
0.4257,2.010053724,-2.008658736,0.697896871,-0.699225479,-2.705814789,2.710020021
0.42575,2.079932834,-2.078618442,0.763564094,-0.764834402,-2.841324315,2.845625455
0.4258,2.150849152,-2.149617851,0.833204886,-0.834411898,-2.981840857,2.98624293
0.42585,2.222589534,-2.22144385,0.90686712,-0.908005549,-3.127198924,3.131707128
0.4259,2.23717145,-2.236113577,0.958751567,-0.959816333,-3.18703702,3.191603359
0.42595,2.166913394,-2.165941492,0.978103717,-0.979092828,-3.142759251,3.147315503
0.426,2.108108335,-2.107219852,0.994096733,-0.995009141,-3.099888249,3.104434436
0.42605,2.057664164,-2.056856778,1.007020269,-1.007854895,-3.062374404,3.066910549
0.4261,1.965201371,-1.964505012,1.006125978,-1.006881443,-2.975644541,2.980170666
0.42615,1.846020713,-1.84547024,0.970778992,-0.971456956,-2.814538153,2.81905428
0.4262,1.717362339,-1.716947488,0.955416319,-0.956018446,-2.670619336,2.675125487
0.42625,1.588240972,-1.587952155,0.954022659,-0.954550372,-2.540134984,2.544631182
0.4263,1.472079443,-1.471907838,0.95023165,-0.95068624,-2.420209453,2.424695719
0.42635,1.376402634,-1.376340275,0.935505404,-0.935888138,-2.309830048,2.314306404
0.4264,1.298073919,-1.298113692,0.913870809,-0.914182934,-2.209887443,2.214353912
0.42645,1.228376731,-1.228512279,0.895299474,-0.895542112,-2.121636997,2.126093599
0.4265,1.161004575,-1.161230181,0.886507662,-0.886681693,-2.045488676,2.049935435
0.42655,1.095929826,-1.09624035,0.887060052,-0.887166058,-1.980979675,1.985416612
0.4266,1.037381354,-1.037772219,0.892065947,-0.892104213,-1.927448299,1.931875435
0.42665,0.989147197,-0.989614405,0.8974052,-0.897375746,-1.884562595,1.888979953
0.4267,0.951485166,-0.952025284,0.902829777,-0.902732356,-1.852332492,1.856740091
0.42675,0.921495506,-0.922105624,0.911288454,-0.911122522,-1.830807121,1.835204985
0.4268,0.895737525,-0.896415188,0.926083631,-0.92584829,-1.819848242,1.824236392
0.42685,0.872566577,-0.873309726,0.948565015,-0.948258971,-1.819160916,1.823539374
0.4269,0.852550571,-0.853357505,0.977882372,-0.977503914,-1.828462788,1.832831574
0.42695,0.837154391,-0.838023748,1.012396771,-1.011943772,-1.847579774,1.85193891
0.427,0.827092441,-0.828023175,1.051269913,-1.050739823,-1.876387922,1.88073743
0.42705,0.821639202,-0.822630553,1.095030769,-1.094420608,-1.914690616,1.919030516
0.4271,0.819173626,-0.820225083,1.144979012,-1.144285343,-1.962166375,1.966496689
0.42715,0.818265667,-0.819376914,1.202163473,-1.201382383,-2.018433844,2.022754593
0.4272,0.81837522,-0.819546101,1.266793341,-1.265920422,-2.08316194,2.087473145
0.42725,0.819729696,-0.820960183,1.338407923,-1.337438264,-2.156117192,2.160418874
0.4273,0.82265398,-0.823944149,1.416492063,-1.415420251,-2.237109131,2.241401312
0.42735,0.826980735,-0.828330739,1.500967711,-1.499787823,-2.325892154,2.330174854
0.4274,0.831978029,-0.833388068,1.592217755,-1.590923359,-2.422116986,2.426390226
0.42745,0.83674493,-0.838215217,1.690732214,-1.689316354,-2.525372457,2.529636258
0.4275,0.840669632,-0.84220036,1.796738308,-1.795193503,-2.63527371,2.639528093
0.42755,0.843571567,-0.845162881,1.910110599,-1.908428837,-2.751514449,2.755759434
0.4276,0.845472999,-0.847124975,2.030572354,-2.028745098,-2.873839909,2.878075517
0.42765,0.84625917,-0.84797179,2.15796159,-2.15597978,-3.001973039,3.006199291
0.4277,0.832117839,-0.833891222,2.239966976,-2.237858798,-3.076415234,3.08063215
0.42775,0.784691836,-0.786523319,2.28219044,-2.280001305,-3.064587989,3.06879559
0.4278,0.755419075,-0.757306104,2.311382339,-2.309111326,-3.064565957,3.068764263
0.42785,0.740703332,-0.742643627,2.335141187,-2.332787299,-3.073598783,3.077787815
0.4279,0.704447603,-0.706438573,2.304320577,-2.301883055,-2.999929309,3.004059095
0.42795,0.637214138,-0.639250899,2.192462324,-2.189944548,-2.827498214,2.831508163
0.428,0.56135177,-0.563428908,2.09816524,-2.095571311,-2.65731003,2.661206969
0.42805,0.486900141,-0.489012576,2.011458249,-2.008792023,-2.49618631,2.499976671
0.4281,0.425673503,-0.427816592,1.924463988,-1.921729121,-2.347996703,2.351686502
0.42815,0.379367431,-0.381537022,1.836284412,-1.833484387,-2.213539211,2.217134042
0.4282,0.340914086,-0.343106468,1.751650007,-1.748788114,-2.090476814,2.093981861
0.42825,0.302459283,-0.304671077,1.675484374,-1.672563681,-1.97587918,1.979299235
0.4283,0.261533741,-0.263761825,1.609089273,-1.606112602,-1.868578979,1.871918463
0.42835,0.221153088,-0.223394572,1.550375581,-1.547345511,-1.76950289,1.772765863
0.4284,0.185663047,-0.187915293,1.496605324,-1.493524195,-1.68025885,1.683449008
0.42845,0.156810733,-0.159071367,1.446738069,-1.443607997,-1.601553743,1.604674423
0.4285,0.132927989,-0.13519488,1.401758254,-1.398581121,-1.532704028,1.535758216
0.42855,0.110891386,-0.113162595,1.363398271,-1.360175718,-1.472318814,1.475309155
0.4286,0.088586729,-0.090860466,1.332710338,-1.329443756,-1.419336236,1.422265053
0.42865,0.065935044,-0.068209628,1.309569848,-1.306260372,-1.373552794,1.376422098
0.4287,0.04416095,-0.046434801,1.293169171,-1.289817682,-1.335385553,1.338197051
0.42875,0.024335418,-0.026607041,1.282838339,-1.279445466,-1.30523558,1.307990684
0.4288,0.006436145,-0.008704121,1.278511305,-1.275077427,-1.283014582,1.285714416
0.42885,-0.010554434,0.008318539,1.28062666,-1.277151902,-1.268128062,1.270773471
0.4289,-0.027870635,0.025641048,1.289665599,-1.286149833,-1.259856059,1.262447625
0.42895,-0.046242608,0.044020691,1.305849788,-1.302292626,-1.257670531,1.260208585
0.429,-0.065712686,0.063499834,1.32904591,-1.325446709,-1.261397734,1.263882365
0.42905,-0.085972399,0.083770059,1.35896641,-1.355324271,-1.271058578,1.273489644
0.4291,-0.1068544,0.10466408,1.395404149,-1.391717921,-1.286613224,1.288990365
0.42915,-0.128594581,0.126417872,1.438337523,-1.434605803,-1.307804115,1.310126758
0.4292,-0.151738234,0.149576829,1.487869291,-1.484090427,-1.33418864,1.336456014
0.42925,-0.176844491,0.174700203,1.544088851,-1.540260944,-1.365296977,1.367508123
0.4293,-0.204246547,0.202121331,1.606975764,-1.603096667,-1.400775383,1.402929169
0.42935,-0.234023969,0.231919938,1.676400945,-1.67246827,-1.44041509,1.442510218
0.4294,-0.26615644,0.264075876,1.752198078,-1.748209197,-1.484069971,1.486104988
0.42945,-0.300706047,0.298651419,1.834235592,-1.830187642,-1.531546228,1.533519541
0.4295,-0.337889306,0.335863277,1.922437695,-1.918327582,-1.582551407,1.584461287
0.42955,-0.378010884,0.376016329,2.01675302,-2.012577424,-1.636729316,1.638573915
0.4296,-0.421338576,0.419378591,2.117107898,-2.112863274,-1.693738324,1.695515681
0.42965,-0.468025815,0.466103734,2.22338307,-2.219065657,-1.753305562,1.755013615
0.4297,-0.518130242,0.516249645,2.335425472,-2.331031295,-1.815220141,1.816856739
0.42975,-0.571693804,0.569858522,2.453077435,-2.448602312,-1.879282254,1.880845166
0.4298,-0.628809212,0.627023339,2.576196736,-2.571636284,-1.945256773,1.946743696
0.42985,-0.68962301,0.687890911,2.704654565,-2.700004204,-2.012868139,2.014276709
0.4299,-0.754285632,0.752611947,2.838318961,-2.833573921,-2.081833751,2.083161553
0.42995,-0.82289988,0.821289533,2.977041073,-2.972196402,-2.151901743,2.153146319
0.43,-0.895511117,0.89396932,3.120655131,-3.115705697,-2.222860767,2.224019625
0.43005,-0.946590727,0.945122485,3.178867533,-3.173861191,-2.236578541,2.23764952
0.4301,-0.965555582,0.964162852,3.13312182,-3.128126537,-2.16526081,2.166245791
0.43015,-0.98098543,0.97966923,3.088747045,-3.083762796,-2.10553249,2.106434066
0.4302,-0.993244596,0.992005968,3.049719506,-3.044746267,-2.054252916,2.055073446
0.43025,-0.991763229,0.990603514,2.961327907,-2.956365653,-1.960757883,1.961467531
0.4303,-0.955998554,0.954916062,2.798287054,-2.793335762,-1.840139296,1.840703371
0.43035,-0.940207546,0.939200582,2.652511904,-2.647571549,-1.710123109,1.710551985
0.4304,-0.938228732,0.937295834,2.520202575,-2.515273132,-1.579823883,1.580127249
0.43045,-0.933631782,0.932771615,2.398425566,-2.393507011,-1.462671203,1.462857977
0.4305,-0.91796712,0.917178364,2.286157668,-2.281249978,-1.366091964,1.366170198
0.43055,-0.895398257,0.894679607,2.184322001,-2.179425152,-1.286846199,1.286823089
0.4306,-0.875945514,0.875295786,2.094211229,-2.089325196,-1.216206574,1.216088551
0.43065,-0.866257845,0.865676092,2.016250118,-2.011374877,-1.147949105,1.147741953
0.4307,-0.865799602,0.865285172,1.949967904,-1.945103432,-1.082138819,1.081847742
0.43075,-0.869641114,0.869193643,1.894687984,-1.889834257,-1.023028929,1.022658554
0.4308,-0.873705584,0.873324971,1.850071159,-1.845228153,-0.974357192,0.973911566
0.43085,-0.877818289,0.877504694,1.816132098,-1.811299789,-0.936313156,0.935795749
0.4309,-0.884967581,0.884721457,1.792932038,-1.788110403,-0.905969824,0.905383578
0.43095,-0.89844175,0.898263902,1.780344788,-1.775533804,-0.879912771,0.879260168
0.431,-0.919550947,0.919442572,1.778082137,-1.773281779,-0.856543641,0.855826757
0.43105,-0.947420591,0.947383298,1.785862063,-1.781072308,-0.836454968,0.835675515
0.4311,-0.98041989,0.980455704,1.803507264,-1.798728089,-0.821100206,0.820259552
0.43115,-1.017737954,1.017849318,1.830891589,-1.82612297,-0.81116405,0.810263237
0.4312,-1.059925995,1.060115782,1.867820431,-1.863062345,-0.80590061,0.804940389
0.43125,-1.108287857,1.108559393,1.913978269,-1.909230693,-0.803690422,0.80267129
0.4313,-1.16386409,1.164221176,1.968990375,-1.964253285,-0.803118072,0.802040322
0.43135,-1.226857106,1.227304038,2.032529373,-2.027802747,-0.803653607,0.802517369
0.4314,-1.296809134,1.297350708,2.104361567,-2.099645382,-0.80552092,0.804326187
0.43145,-1.373214829,1.373856346,2.184294486,-2.179588718,-0.809032685,0.807779343
0.4315,-1.456004821,1.456752087,2.272081973,-2.267386599,-0.814011906,0.812699758
0.43155,-1.545565106,1.546424439,2.367377022,-2.36269202,-0.81972535,0.818354146
0.4316,-1.642385533,1.643363775,2.469772022,-2.465097368,-0.825275305,0.823844777
0.43165,-1.746694832,1.74779935,2.578884219,-2.574219891,-0.830050016,0.828559911
0.4317,-1.858372571,1.859611264,2.694406718,-2.689752693,-0.833862734,0.832312843
0.43175,-1.977147816,1.97852911,2.816082783,-2.811439038,-0.836727357,0.835117537
0.4318,-2.102861642,2.104394487,2.943634382,-2.939000895,-0.838524476,0.836854672
0.43185,-2.183525309,2.185182308,3.017682131,-3.013058879,-0.825275412,0.823545433
0.4319,-2.224996933,2.226733803,3.005688062,-3.001075023,-0.778421607,0.776634066
0.43195,-2.253424204,2.255241839,3.005460104,-3.000857255,-0.749691266,0.747848673
0.432,-2.27634626,2.278245632,3.014292433,-3.009699751,-0.735592274,0.733696864
0.43205,-2.244688987,2.246670829,2.940320567,-2.935786973,-0.699897404,0.697951722
0.4321,-2.132098931,2.134159841,2.767386984,-2.762971686,-0.63297826,0.63098717
0.43215,-2.037072598,2.039208459,2.596780681,-2.592476843,-0.557503899,0.5554728
0.4322,-1.949723192,1.951930128,2.435235131,-2.43103631,-0.483342089,0.481276042
0.43225,-1.862160584,1.864434916,2.286572759,-2.282472928,-0.42227328,0.420176907
0.4323,-1.77337417,1.775712396,2.151639023,-2.147632579,-0.376153803,0.374031233
0.43235,-1.687995753,1.69039456,2.028183384,-2.024265137,-0.338101647,0.335956561
0.4324,-1.610962747,1.613419044,1.913309813,-1.909474964,-0.300283621,0.298119366
0.43245,-1.543686688,1.546197628,1.805802744,-1.802046868,-0.260072818,0.257892478
0.4325,-1.484180473,1.486743454,1.706510952,-1.702829985,-0.220305293,0.218111716
0.43255,-1.42971523,1.432327885,1.617010263,-1.613400506,-0.185285936,0.183081718
0.4326,-1.379172327,1.381832519,1.53804693,-1.534505044,-0.156879829,0.154667299
0.43265,-1.33344844,1.336154262,1.469007914,-1.465530913,-0.133577441,0.131358684
0.4327,-1.294251978,1.297001762,1.408541349,-1.40512659,-0.112318649,0.11009555
0.43275,-1.262684991,1.265477322,1.355564105,-1.352209268,-0.090918383,0.088692677
0.4328,-1.238696883,1.241530599,1.30981561,-1.306518688,-0.069166755,0.066940061
0.43285,-1.221518963,1.224393159,1.271670574,-1.268429865,-0.048207238,0.045981078
0.4329,-1.210463639,1.213377661,1.241534578,-1.238348678,-0.029133076,0.02690888
0.43295,-1.205415855,1.2083693,1.219361538,-1.216229332,-0.012013296,0.009792419
0.433,-1.206769508,1.209762226,1.204607599,-1.20152825,0.004097987,-0.006305221
0.43305,-1.215032542,1.21806464,1.196537177,-1.193510116,0.020424323,-0.022625676
0.4331,-1.230436337,1.233508177,1.194619103,-1.191644013,0.037743607,-0.039937789
0.43315,-1.25288408,1.255996282,1.198641031,-1.195717837,0.056167902,-0.058353592
0.4332,-1.282102514,1.285255955,1.208603118,-1.205731978,0.075423772,-0.077599601
0.43325,-1.317874325,1.321070136,1.224472967,-1.221654259,0.09532635,-0.097490884
0.4333,-1.360156781,1.363396344,1.246018797,-1.243253113,0.116064744,-0.118216471
0.43335,-1.409039344,1.412324292,1.272819548,-1.270107679,0.13814955,-0.140286858
0.4334,-1.464615147,1.46794736,1.304406327,-1.301749254,0.162142885,-0.164264041
0.43345,-1.526879251,1.530260858,1.340407163,-1.337806043,0.188411886,-0.190515016
0.4335,-1.595716894,1.599150266,1.38059178,-1.378047935,0.217072185,-0.21915526
0.43355,-1.67096537,1.67445312,1.424805494,-1.422320402,0.248115888,-0.250176706
0.4336,-1.752486324,1.756031301,1.472862929,-1.470438212,0.281590153,-0.283626331
0.43365,-1.840194749,1.843800033,1.524487252,-1.522124667,0.317686953,-0.319695909
0.4337,-1.934035752,1.937704652,1.5793309,-1.577032325,0.356699117,-0.358678061
0.43375,-2.033939869,2.037675919,1.637046989,-1.634814416,0.398904233,-0.400850149
0.4338,-2.139795377,2.143602327,1.697348557,-1.69518408,0.444477714,-0.446387353
0.43385,-2.251453898,2.255335717,1.760013272,-1.757919074,0.493493702,-0.495363567
0.4339,-2.368756855,2.372717716,1.824840349,-1.822818697,0.545994593,-0.547820933
0.43395,-2.491557719,2.495602002,1.891602288,-1.889655519,0.602061556,-0.603840358
0.434,-2.619724384,2.623856663,1.96003089,-1.958161405,0.661830887,-0.663557866
0.43405,-2.753125185,2.757350226,2.029843095,-2.028053346,0.725454187,-0.727124782
0.4341,-2.891614132,2.895936888,2.100778889,-2.09907137,0.793045698,-0.794655062
0.43415,-3.035027828,3.039453431,2.172617929,-2.170995171,0.864662581,-0.866205578
0.4342,-3.093205868,3.097687795,2.187125036,-2.185589239,0.914960118,-0.916431818
0.43425,-3.047661292,3.052133318,2.116394993,-2.114944306,0.933516751,-0.934915238
0.4343,-3.003488928,3.007951076,2.05723547,-2.05586733,0.948562144,-0.949886435
0.43435,-2.964649434,2.969101726,2.006580619,-2.005292695,0.960369955,-0.961619045
0.4344,-2.932200244,2.9366427,1.960328644,-1.959118813,0.974166906,-0.975339726
0.43445,-2.851302504,2.855735148,1.8699645,-1.868861297,0.977007664,-0.978102789
0.4345,-2.696158248,2.7005811,1.754384054,-1.753420586,0.944025053,-0.945044123
0.43455,-2.55752001,2.561933092,1.631596213,-1.630762645,0.92807467,-0.929019344
0.4346,-2.431991864,2.436395198,1.509646052,-1.508933231,0.924468027,-0.925339744
0.43465,-2.317191835,2.321585443,1.399928191,-1.399327723,0.919360654,-0.920160709
0.4347,-2.212264214,2.216648117,1.308953565,-1.308457884,0.905385622,-0.906115261
0.43475,-2.117914107,2.122288326,1.234174932,-1.233777294,0.885794895,-0.886455312
0.4348,-2.035152662,2.039517219,1.168128004,-1.167822403,0.869063613,-0.869655859
0.43485,-1.964305112,1.968660028,1.105192658,-1.104973718,0.861136941,-0.861661823
0.4349,-1.904979306,1.909324603,1.045040785,-1.044903703,0.8619507,-0.862408721
0.43495,-1.856612042,1.860947741,0.991114122,-0.991054643,0.867499827,-0.86789119
0.435,-1.818903009,1.823229131,0.946685829,-0.946700259,0.874210714,-0.874535337
0.43505,-1.791826954,1.79614352,0.912111796,-0.912196981,0.881702089,-0.881959608
0.4351,-1.77538577,1.779692802,0.884971432,-0.885124725,0.892396338,-0.892586076
0.43515,-1.769421947,1.773719465,0.862213807,-0.862432997,0.909186846,-0.909307763
0.4352,-1.773645644,1.777933669,0.84221243,-0.842495694,0.933410266,-0.933460923
0.43525,-1.78777914,1.792057695,0.82525737,-0.825603228,0.964498852,-0.964477385
0.4353,-1.811639738,1.815908841,0.812525289,-0.812932582,1.001093296,-1.000997413
0.43535,-1.84508962,1.849349294,0.804657164,-0.805125031,1.04241487,-1.042241849
0.4354,-1.887926653,1.892176918,0.801076254,-0.801604106,1.088838268,-1.088584944
0.43545,-1.939834335,1.944075212,0.800368224,-0.800955698,1.141461438,-1.141124186
0.4355,-2.000435939,2.004667448,0.801197121,-0.801844039,1.201243758,-1.200818468
0.43555,-2.06939373,2.073615892,0.802959488,-0.80366582,1.268451125,-1.267933188
0.4356,-2.146457356,2.150670192,0.805749164,-0.80651499,1.342739546,-1.342123848
0.43565,-2.231421074,2.235624604,0.809810051,-0.810635541,1.423659584,-1.422940501
0.4357,-2.324036197,2.328230443,0.815001561,-0.815886948,1.511103369,-1.510274763
0.43575,-2.423961724,2.428146705,0.820684822,-0.82163037,1.605369009,-1.604424228
0.4358,-2.53079512,2.534970857,0.826033201,-0.827039174,1.706880867,-1.705812735
0.43585,-2.644150169,2.648316682,0.830438678,-0.831505309,1.815861027,-1.814661838
0.4359,-2.763709059,2.767866368,0.833670662,-0.834798124,1.932222561,-1.930884079
0.43595,-2.889204838,2.893352964,0.835705407,-0.836893789,2.055722572,-2.054236035
0.436,-2.961534163,2.965673126,0.822661294,-0.82391083,2.134515231,-2.132907386
0.43605,-2.948279966,2.952409786,0.775848275,-0.777156361,2.174697156,-2.173011283
0.4361,-2.946763217,2.950883914,0.747201956,-0.748566093,2.201766224,-2.200001481
0.43615,-2.954324069,2.958435664,0.733306125,-0.734724094,2.223231447,-2.221386913
0.4362,-2.966568126,2.970670638,0.718247017,-0.719716761,2.250544604,-2.248619236
0.43625,-2.893200389,2.897245583,0.672254925,-0.673773915,2.2297628,-2.227755736
0.4363,-2.722045671,2.725975202,0.599002001,-0.600565417,2.125202236,-2.12311675
0.43635,-2.556036517,2.559857061,0.526690281,-0.528292844,2.031535285,-2.029375399
0.4364,-2.40103557,2.404753399,0.461535467,-0.463172315,1.941655837,-1.939425358
0.43645,-2.258473152,2.262094116,0.407741897,-0.40940862,1.852857105,-1.850559646
0.4365,-2.127690191,2.131219729,0.363089369,-0.364782002,1.766699783,-1.764338767
0.43655,-2.006832077,2.010275227,0.322360808,-0.324075764,1.686546047,-1.684124686
0.4366,-1.894491165,1.897852582,0.282082838,-0.283816835,1.6144614,-1.611982674
0.43665,-1.790558944,1.793842911,0.242462217,-0.244212241,1.550130372,-1.547597025
0.4367,-1.69582719,1.699037624,0.20590407,-0.207667365,1.491939421,-1.489353958
0.43675,-1.610987493,1.614127948,0.174304903,-0.176078973,1.438683435,-1.43604813
0.4368,-1.535960729,1.539034403,0.147532015,-0.149314611,1.390415806,-1.3877327
0.43685,-1.469975992,1.472985737,0.123855039,-0.125644126,1.348095834,-1.34536673
0.4369,-1.412141605,1.415089941,0.101423887,-0.103217608,1.312681798,-1.309908254
0.43695,-1.361957544,1.36484667,0.079409104,-0.081205739,1.284503024,-1.281686346
0.437,-1.319409107,1.322240911,0.058085685,-0.059883627,1.263269732,-1.260410973
0.43705,-1.284680938,1.287457005,0.038109222,-0.039906966,1.248510897,-1.245610857
0.4371,-1.257793762,1.260515385,0.019728734,-0.021524855,1.239998165,-1.237057392
0.43715,-1.238443285,1.241111471,0.002506889,-0.004300026,1.237864525,-1.234883315
0.4372,-1.226105927,1.228721412,-0.014416038,0.012594636,1.242429303,-1.239407695
0.43725,-1.220275304,1.222838563,-0.031756921,0.02994122,1.253937109,-1.250874889
0.4373,-1.220618415,1.223129675,-0.049906486,0.048097819,1.272427851,-1.269324544
0.43735,-1.226985229,1.229444478,-0.06887859,0.067078327,1.297765873,-1.294620751
0.4374,-1.239276994,1.241683991,-0.088602548,0.086812115,1.329781784,-1.326593864
0.43745,-1.257308208,1.259662497,-0.109176193,0.107397085,1.368387969,-1.365156014
0.4375,-1.280759755,1.283060673,-0.130931665,0.129165468,1.41359752,-1.410320042
0.43755,-1.309236184,1.311482872,-0.154315298,0.152563707,1.4654614,-1.462136661
0.4376,-1.342364379,1.344555795,-0.179710783,0.177975622,1.523990281,-1.520616297
0.43765,-1.379855109,1.38199004,-0.207342593,0.205625832,1.589119518,-1.585694057
0.4377,-1.421491681,1.42356875,-0.237308043,0.235611814,1.660729849,-1.657250439
0.43775,-1.467069238,1.469086922,-0.269684898,0.26801151,1.738694319,-1.735158249
0.4378,-1.516339051,1.518295683,-0.304620291,0.30297224,1.82291147,-1.819315795
0.43785,-1.568997853,1.570891638,-0.342341142,0.340721129,1.913305109,-1.909646653
0.4379,-1.624721657,1.626550683,-0.383095966,0.381506906,2.009799926,-2.006075286
0.43795,-1.683210632,1.684972878,-0.427085736,0.425530775,2.112297233,-2.108502787
0.438,-1.74420942,1.745902769,-0.474437475,0.472919996,2.220668876,-2.216800783
0.43805,-1.807492266,1.809114512,-0.525231329,0.523754964,2.334769431,-2.33082364
0.4381,-1.872831228,1.874380091,-0.579549285,0.578117925,2.454453138,-2.45042539
0.43815,-1.93997584,1.941448969,-0.637503389,0.63612119,2.579581776,-2.575467612
0.4382,-2.008658735,2.010053724,-0.699225479,0.69789687,2.71002002,-2.705814789
0.43825,-2.078618441,2.079932833,-0.764834402,0.763564093,2.845625455,-2.841324315
0.4383,-2.149617851,2.150849152,-0.834411898,0.833204886,2.986242929,-2.981840857
0.43835,-2.22144385,2.222589533,-0.908005548,0.90686712,3.131707128,-3.127198924
0.4384,-2.236113577,2.237171449,-0.959816333,0.958751567,3.191603358,-3.18703702
0.43845,-2.165941492,2.166913394,-0.979092828,0.978103717,3.147315503,-3.142759251
0.4385,-2.107219851,2.108108335,-0.995009141,0.994096733,3.104434436,-3.099888249
0.43855,-2.056856778,2.057664164,-1.007854895,1.007020269,3.066910549,-3.062374404
0.4386,-1.964505012,1.965201371,-1.006881443,1.006125977,2.980170665,-2.975644541
0.43865,-1.84547024,1.846020713,-0.971456956,0.970778991,2.819054279,-2.814538153
0.4387,-1.716947488,1.717362339,-0.956018446,0.955416319,2.675125487,-2.670619336
0.43875,-1.587952155,1.588240972,-0.954550372,0.954022658,2.544631181,-2.540134984
0.4388,-1.471907838,1.472079443,-0.95068624,0.95023165,2.424695718,-2.420209452
0.43885,-1.376340275,1.376402633,-0.935888138,0.935505404,2.314306403,-2.309830047
0.4389,-1.298113692,1.298073919,-0.914182934,0.913870809,2.214353911,-2.209887443
0.43895,-1.228512279,1.228376731,-0.895542112,0.895299474,2.126093599,-2.121636996
0.439,-1.161230181,1.161004575,-0.886681693,0.886507661,2.049935434,-2.045488676
0.43905,-1.09624035,1.095929826,-0.887166058,0.887060052,1.985416611,-1.980979675
0.4391,-1.037772219,1.037381354,-0.892104213,0.892065947,1.931875435,-1.927448299
0.43915,-0.989614405,0.989147197,-0.897375745,0.8974052,1.888979952,-1.884562595
0.4392,-0.952025284,0.951485165,-0.902732356,0.902829777,1.856740091,-1.852332491
0.43925,-0.922105624,0.921495506,-0.911122521,0.911288453,1.835204985,-1.83080712
0.4393,-0.896415188,0.895737525,-0.92584829,0.926083631,1.824236392,-1.819848242
0.43935,-0.873309726,0.872566577,-0.948258971,0.948565015,1.823539373,-1.819160916
0.4394,-0.853357505,0.852550571,-0.977503914,0.977882371,1.832831574,-1.828462787
0.43945,-0.838023748,0.837154391,-1.011943772,1.012396771,1.851938909,-1.847579773
0.4395,-0.828023174,0.827092441,-1.050739823,1.051269913,1.88073743,-1.876387922
0.43955,-0.822630553,0.821639201,-1.094420607,1.095030769,1.919030516,-1.914690615
0.4396,-0.820225083,0.819173626,-1.144285342,1.144979011,1.966496689,-1.962166374
0.43965,-0.819376914,0.818265667,-1.201382383,1.202163473,2.022754593,-2.018433844
0.4397,-0.819546101,0.81837522,-1.265920422,1.266793341,2.087473145,-2.08316194
0.43975,-0.820960183,0.819729696,-1.337438264,1.338407923,2.160418874,-2.156117192
0.4398,-0.823944149,0.82265398,-1.41542025,1.416492063,2.241401312,-2.237109131
0.43985,-0.828330739,0.826980735,-1.499787823,1.50096771,2.330174854,-2.325892154
0.4399,-0.833388068,0.831978029,-1.590923358,1.592217755,2.426390225,-2.422116986
0.43995,-0.838215217,0.83674493,-1.689316354,1.690732214,2.529636258,-2.525372457
0.44,-0.84220036,0.840669632,-1.795193503,1.796738308,2.639528092,-2.63527371
0.44005,-0.845162881,0.843571567,-1.908428836,1.910110599,2.755759434,-2.751514449
0.4401,-0.847124975,0.845472999,-2.028745098,2.030572354,2.878075517,-2.873839909
0.44015,-0.84797179,0.84625917,-2.15597978,2.15796159,3.006199291,-3.001973039
0.4402,-0.833891222,0.832117839,-2.237858797,2.239966976,3.080632149,-3.076415234
0.44025,-0.786523319,0.784691836,-2.280001305,2.28219044,3.068795589,-3.064587989
0.4403,-0.757306104,0.755419075,-2.309111325,2.311382339,3.068764262,-3.064565956
0.44035,-0.742643627,0.740703331,-2.332787299,2.335141187,3.077787815,-3.073598783
0.4404,-0.706438572,0.704447603,-2.301883054,2.304320577,3.004059095,-2.999929309
0.44045,-0.639250899,0.637214138,-2.189944548,2.192462323,2.831508163,-2.827498213
0.4405,-0.563428908,0.56135177,-2.095571311,2.09816524,2.661206969,-2.65731003
0.44055,-0.489012576,0.486900141,-2.008792022,2.011458249,2.499976671,-2.49618631
0.4406,-0.427816592,0.425673503,-1.921729121,1.924463988,2.351686502,-2.347996703
0.44065,-0.381537022,0.379367431,-1.833484387,1.836284412,2.217134042,-2.21353921
0.4407,-0.343106468,0.340914086,-1.748788114,1.751650007,2.093981861,-2.090476814
0.44075,-0.304671077,0.302459282,-1.672563681,1.675484374,1.979299235,-1.97587918
0.4408,-0.263761825,0.261533741,-1.606112602,1.609089273,1.871918463,-1.868578978
0.44085,-0.223394572,0.221153088,-1.54734551,1.550375581,1.772765862,-1.76950289
0.4409,-0.187915293,0.185663046,-1.493524195,1.496605323,1.683449008,-1.68025885
0.44095,-0.159071367,0.156810733,-1.443607997,1.446738069,1.604674423,-1.601553742
0.441,-0.13519488,0.132927989,-1.398581121,1.401758254,1.535758216,-1.532704028
0.44105,-0.113162595,0.110891386,-1.360175718,1.363398271,1.475309155,-1.472318814
0.4411,-0.090860466,0.088586729,-1.329443756,1.332710338,1.422265053,-1.419336236
0.44115,-0.068209628,0.065935044,-1.306260372,1.309569848,1.376422098,-1.373552794
0.4412,-0.046434801,0.04416095,-1.289817682,1.293169171,1.338197051,-1.335385553
0.44125,-0.026607041,0.024335418,-1.279445466,1.282838339,1.307990684,-1.30523558
0.4413,-0.008704121,0.006436145,-1.275077427,1.278511305,1.285714416,-1.283014582
0.44135,0.008318539,-0.010554434,-1.277151902,1.28062666,1.270773471,-1.268128062
0.4414,0.025641048,-0.027870635,-1.286149833,1.289665599,1.262447625,-1.259856059
0.44145,0.044020691,-0.046242608,-1.302292626,1.305849788,1.260208585,-1.257670531
0.4415,0.063499834,-0.065712686,-1.325446709,1.32904591,1.263882365,-1.261397734
0.44155,0.083770059,-0.085972399,-1.355324271,1.35896641,1.273489644,-1.271058578
0.4416,0.10466408,-0.1068544,-1.391717921,1.395404149,1.288990365,-1.286613224
0.44165,0.126417872,-0.128594581,-1.434605803,1.438337523,1.310126758,-1.307804115
0.4417,0.149576829,-0.151738234,-1.484090427,1.487869291,1.336456014,-1.33418864
0.44175,0.174700203,-0.176844491,-1.540260944,1.544088851,1.367508123,-1.365296977
0.4418,0.202121331,-0.204246547,-1.603096667,1.606975764,1.402929169,-1.400775383
0.44185,0.231919938,-0.234023969,-1.67246827,1.676400946,1.442510218,-1.440415091
0.4419,0.264075876,-0.26615644,-1.748209197,1.752198078,1.486104988,-1.484069971
0.44195,0.298651419,-0.300706047,-1.830187643,1.834235592,1.533519541,-1.531546228
0.442,0.335863277,-0.337889306,-1.918327582,1.922437695,1.584461287,-1.582551407
0.44205,0.376016329,-0.378010885,-2.012577424,2.01675302,1.638573915,-1.636729316
0.4421,0.419378591,-0.421338576,-2.112863275,2.117107898,1.695515681,-1.693738325
0.44215,0.466103735,-0.468025815,-2.219065657,2.22338307,1.755013615,-1.753305562
0.4422,0.516249645,-0.518130243,-2.331031296,2.335425472,1.816856739,-1.815220141
0.44225,0.569858523,-0.571693805,-2.448602313,2.453077435,1.880845166,-1.879282254
0.4423,0.627023339,-0.628809212,-2.571636284,2.576196736,1.946743696,-1.945256773
0.44235,0.687890911,-0.68962301,-2.700004204,2.704654565,2.014276709,-2.012868139
0.4424,0.752611947,-0.754285632,-2.833573922,2.838318961,2.083161553,-2.081833751
0.44245,0.821289533,-0.82289988,-2.972196402,2.977041073,2.153146319,-2.151901743
0.4425,0.89396932,-0.895511117,-3.115705697,3.120655132,2.224019625,-2.222860767
0.44255,0.945122486,-0.946590727,-3.173861192,3.178867534,2.23764952,-2.236578541
0.4426,0.964162852,-0.965555582,-3.128126537,3.133121821,2.166245791,-2.16526081
0.44265,0.97966923,-0.98098543,-3.083762796,3.088747045,2.106434067,-2.10553249
0.4427,0.992005968,-0.993244596,-3.044746267,3.049719506,2.055073446,-2.054252916
0.44275,0.990603514,-0.991763229,-2.956365653,2.961327907,1.961467531,-1.960757883
0.4428,0.954916062,-0.955998554,-2.793335762,2.798287054,1.840703371,-1.840139296
0.44285,0.939200582,-0.940207546,-2.647571549,2.652511905,1.710551985,-1.71012311
0.4429,0.937295834,-0.938228732,-2.515273132,2.520202575,1.58012725,-1.579823883
0.44295,0.932771615,-0.933631782,-2.393507012,2.398425566,1.462857977,-1.462671204
0.443,0.917178364,-0.91796712,-2.281249979,2.286157668,1.366170198,-1.366091964
0.44305,0.894679608,-0.895398257,-2.179425152,2.184322002,1.286823089,-1.2868462
0.4431,0.875295786,-0.875945514,-2.089325197,2.09421123,1.216088552,-1.216206575
0.44315,0.865676092,-0.866257845,-2.011374878,2.016250118,1.147741953,-1.147949105
0.4432,0.865285172,-0.865799602,-1.945103432,1.949967904,1.081847742,-1.082138819
0.44325,0.869193644,-0.869641114,-1.889834257,1.894687984,1.022658555,-1.023028929
0.4433,0.873324972,-0.873705584,-1.845228154,1.85007116,0.973911566,-0.974357192
0.44335,0.877504694,-0.877818289,-1.81129979,1.816132099,0.935795749,-0.936313156
0.4434,0.884721458,-0.884967581,-1.788110404,1.792932039,0.905383579,-0.905969824
0.44345,0.898263903,-0.898441751,-1.775533804,1.780344789,0.879260168,-0.879912772
0.4435,0.919442572,-0.919550947,-1.77328178,1.778082138,0.855826757,-0.856543641
0.44355,0.947383298,-0.947420591,-1.781072309,1.785862064,0.835675515,-0.836454968
0.4436,0.980455705,-0.98041989,-1.798728089,1.803507265,0.820259552,-0.821100207
0.44365,1.017849319,-1.017737954,-1.82612297,1.830891589,0.810263237,-0.81116405
0.4437,1.060115783,-1.059925995,-1.863062346,1.867820432,0.804940389,-0.805900611
0.44375,1.108559394,-1.108287858,-1.909230694,1.91397827,0.80267129,-0.803690422
0.4438,1.164221177,-1.16386409,-1.964253286,1.968990375,0.802040322,-0.803118072
0.44385,1.227304039,-1.226857106,-2.027802748,2.032529374,0.802517369,-0.803653607
0.4439,1.297350709,-1.296809134,-2.099645382,2.104361568,0.804326187,-0.80552092
0.44395,1.373856347,-1.37321483,-2.179588718,2.184294486,0.807779344,-0.809032685
0.444,1.456752087,-1.456004821,-2.2673866,2.272081974,0.812699758,-0.814011906
0.44405,1.54642444,-1.545565107,-2.36269202,2.367377023,0.818354146,-0.81972535
0.4441,1.643363775,-1.642385534,-2.465097369,2.469772023,0.823844777,-0.825275305
0.44415,1.747799351,-1.746694833,-2.574219891,2.578884219,0.828559911,-0.830050016
0.4442,1.859611264,-1.858372571,-2.689752694,2.694406719,0.832312843,-0.833862734
0.44425,1.978529111,-1.977147816,-2.811439039,2.816082783,0.835117538,-0.836727357
0.4443,2.104394488,-2.102861643,-2.939000896,2.943634383,0.836854672,-0.838524476
0.44435,2.185182308,-2.183525309,-3.01305888,3.017682132,0.823545433,-0.825275412
0.4444,2.226733803,-2.224996934,-3.001075024,3.005688063,0.776634066,-0.778421607
0.44445,2.25524184,-2.253424205,-3.000857256,3.005460105,0.747848673,-0.749691266
0.4445,2.278245632,-2.276346261,-3.009699752,3.014292434,0.733696864,-0.735592275
0.44455,2.24667083,-2.244688988,-2.935786973,2.940320567,0.697951722,-0.699897404
0.4446,2.134159842,-2.132098931,-2.762971687,2.767386984,0.63098717,-0.63297826
0.44465,2.039208459,-2.037072598,-2.592476844,2.596780682,0.5554728,-0.557503899
0.4447,1.951930128,-1.949723192,-2.431036311,2.435235132,0.481276042,-0.483342089
0.44475,1.864434917,-1.862160584,-2.282472929,2.286572759,0.420176907,-0.42227328
0.4448,1.775712396,-1.773374171,-2.14763258,2.151639023,0.374031233,-0.376153803
0.44485,1.69039456,-1.687995754,-2.024265138,2.028183384,0.335956561,-0.338101647
0.4449,1.613419044,-1.610962747,-1.909474965,1.913309813,0.298119366,-0.300283621
0.44495,1.546197629,-1.543686688,-1.802046868,1.805802745,0.257892478,-0.260072818
0.445,1.486743455,-1.484180474,-1.702829985,1.706510952,0.218111716,-0.220305293
0.44505,1.432327886,-1.42971523,-1.613400506,1.617010264,0.183081718,-0.185285936
0.4451,1.38183252,-1.379172328,-1.534505045,1.538046931,0.154667299,-0.156879829
0.44515,1.336154263,-1.333448441,-1.465530914,1.469007914,0.131358684,-0.133577441
0.4452,1.297001763,-1.294251978,-1.40512659,1.40854135,0.11009555,-0.112318649
0.44525,1.265477323,-1.262684992,-1.352209268,1.355564106,0.088692677,-0.090918383
0.4453,1.2415306,-1.238696883,-1.306518689,1.309815611,0.066940061,-0.069166755
0.44535,1.22439316,-1.221518963,-1.268429865,1.271670574,0.045981078,-0.048207238
0.4454,1.213377662,-1.210463639,-1.238348678,1.241534578,0.02690888,-0.029133076
0.44545,1.208369301,-1.205415856,-1.216229333,1.219361539,0.009792419,-0.012013296
0.4455,1.209762227,-1.206769508,-1.201528251,1.204607599,-0.006305221,0.004097987
0.44555,1.21806464,-1.215032543,-1.193510117,1.196537178,-0.022625676,0.020424323
0.4456,1.233508177,-1.230436338,-1.191644013,1.194619103,-0.039937789,0.037743607
0.44565,1.255996282,-1.25288408,-1.195717837,1.198641031,-0.058353592,0.056167902
0.4457,1.285255956,-1.282102515,-1.205731978,1.208603119,-0.077599601,0.075423773
0.44575,1.321070137,-1.317874326,-1.22165426,1.224472968,-0.097490884,0.09532635
0.4458,1.363396345,-1.360156782,-1.243253114,1.246018798,-0.118216471,0.116064744
0.44585,1.412324293,-1.409039345,-1.27010768,1.272819549,-0.140286858,0.138149551
0.4459,1.467947361,-1.464615148,-1.301749255,1.304406328,-0.164264041,0.162142886
0.44595,1.530260859,-1.526879252,-1.337806044,1.340407164,-0.190515016,0.188411886
0.446,1.599150267,-1.595716895,-1.378047936,1.380591781,-0.21915526,0.217072185
0.44605,1.674453121,-1.670965371,-1.422320402,1.424805494,-0.250176707,0.248115888
0.4461,1.756031301,-1.752486325,-1.470438212,1.472862929,-0.283626331,0.281590153
0.44615,1.843800033,-1.840194749,-1.522124667,1.524487253,-0.319695909,0.317686953
0.4462,1.937704653,-1.934035753,-1.577032326,1.579330901,-0.358678061,0.356699117
0.44625,2.037675919,-2.03393987,-1.634814417,1.63704699,-0.40085015,0.398904233
0.4463,2.143602328,-2.139795378,-1.695184081,1.697348558,-0.446387353,0.444477714
0.44635,2.255335718,-2.251453899,-1.757919075,1.760013272,-0.495363567,0.493493702
0.4464,2.372717717,-2.368756856,-1.822818698,1.82484035,-0.547820933,0.545994593
0.44645,2.495602002,-2.49155772,-1.88965552,1.891602288,-0.603840358,0.602061556
0.4465,2.623856664,-2.619724385,-1.958161405,1.96003089,-0.663557866,0.661830887
0.44655,2.757350227,-2.753125186,-2.028053346,2.029843096,-0.727124783,0.725454188
0.4466,2.895936889,-2.891614132,-2.099071371,2.100778889,-0.794655063,0.793045698
0.44665,3.039453431,-3.035027829,-2.170995171,2.172617929,-0.866205579,0.864662581
0.4467,3.097687796,-3.093205869,-2.18558924,2.187125037,-0.916431818,0.914960118
0.44675,3.052133319,-3.047661293,-2.114944307,2.116394993,-0.934915238,0.933516751
0.4468,3.007951077,-3.003488929,-2.055867331,2.057235471,-0.949886436,0.948562144
0.44685,2.969101726,-2.964649435,-2.005292695,2.006580619,-0.961619045,0.960369955
0.4469,2.936642701,-2.932200245,-1.959118813,1.960328645,-0.975339726,0.974166906
0.44695,2.855735148,-2.851302505,-1.868861297,1.8699645,-0.978102789,0.977007664
0.447,2.7005811,-2.696158249,-1.753420587,1.754384054,-0.945044123,0.944025053
0.44705,2.561933093,-2.557520011,-1.630762645,1.631596213,-0.929019344,0.92807467
0.4471,2.436395199,-2.431991865,-1.508933231,1.509646052,-0.925339744,0.924468027
0.44715,2.321585444,-2.317191836,-1.399327724,1.399928192,-0.920160709,0.919360654
0.4472,2.216648118,-2.212264215,-1.308457884,1.308953565,-0.906115261,0.905385622
0.44725,2.122288327,-2.117914107,-1.233777294,1.234174932,-0.886455312,0.885794895
0.4473,2.039517219,-2.035152662,-1.167822403,1.168128005,-0.86965586,0.869063614
0.44735,1.968660029,-1.964305113,-1.104973719,1.105192658,-0.861661823,0.861136942
0.4474,1.909324604,-1.904979307,-1.044903703,1.045040786,-0.862408721,0.8619507
0.44745,1.860947742,-1.856612043,-0.991054644,0.991114122,-0.86789119,0.867499828
0.4475,1.823229132,-1.81890301,-0.946700259,0.94668583,-0.874535338,0.874210715
0.44755,1.796143521,-1.791826955,-0.912196982,0.912111796,-0.881959609,0.881702089
0.4476,1.779692803,-1.775385771,-0.885124725,0.884971433,-0.892586077,0.892396339
0.44765,1.773719466,-1.769421948,-0.862432998,0.862213807,-0.909307764,0.909186846
0.4477,1.77793367,-1.773645644,-0.842495695,0.84221243,-0.933460923,0.933410267
0.44775,1.792057695,-1.787779141,-0.825603228,0.82525737,-0.964477385,0.964498853
0.4478,1.815908842,-1.811639739,-0.812932582,0.812525289,-1.000997413,1.001093296
0.44785,1.849349294,-1.845089621,-0.805125032,0.804657164,-1.042241849,1.04241487
0.4479,1.892176919,-1.887926654,-0.801604106,0.801076254,-1.088584944,1.088838268
0.44795,1.944075213,-1.939834336,-0.800955698,0.800368225,-1.141124186,1.141461439
0.448,2.004667449,-2.000435939,-0.80184404,0.801197121,-1.200818469,1.201243759
0.44805,2.073615893,-2.06939373,-0.80366582,0.802959489,-1.267933189,1.268451125
0.4481,2.150670193,-2.146457357,-0.80651499,0.805749164,-1.342123849,1.342739547
0.44815,2.235624605,-2.231421074,-0.810635542,0.809810051,-1.422940501,1.423659585
0.4482,2.328230444,-2.324036198,-0.815886948,0.815001561,-1.510274763,1.511103369
0.44825,2.428146706,-2.423961725,-0.82163037,0.820684823,-1.604424228,1.605369009
0.4483,2.534970858,-2.530795121,-0.827039174,0.826033201,-1.705812736,1.706880868
0.44835,2.648316683,-2.64415017,-0.831505309,0.830438678,-1.814661838,1.815861028
0.4484,2.767866369,-2.763709059,-0.834798124,0.833670663,-1.93088408,1.932222561
0.44845,2.893352965,-2.889204839,-0.836893789,0.835705407,-2.054236036,2.055722572
0.4485,2.965673127,-2.961534164,-0.82391083,0.822661294,-2.132907386,2.134515231
0.44855,2.952409787,-2.948279967,-0.777156361,0.775848275,-2.173011284,2.174697156
0.4486,2.950883915,-2.946763218,-0.748566093,0.747201956,-2.200001481,2.201766225
0.44865,2.958435665,-2.95432407,-0.734724095,0.733306125,-2.221386914,2.223231447
0.4487,2.970670639,-2.966568126,-0.719716761,0.718247017,-2.248619237,2.250544605
0.44875,2.897245584,-2.89320039,-0.673773915,0.672254925,-2.227755736,2.229762801
0.4488,2.725975203,-2.722045672,-0.600565417,0.599002001,-2.123116751,2.125202237
0.44885,2.559857062,-2.556036517,-0.528292844,0.526690281,-2.029375399,2.031535285
0.4489,2.404753399,-2.401035571,-0.463172315,0.461535467,-1.939425359,1.941655838
0.44895,2.262094117,-2.258473153,-0.409408621,0.407741897,-1.850559647,1.852857106
0.449,2.13121973,-2.127690192,-0.364782003,0.363089369,-1.764338767,1.766699783
0.44905,2.010275228,-2.006832078,-0.324075764,0.322360808,-1.684124686,1.686546048
0.4491,1.897852583,-1.894491165,-0.283816835,0.282082838,-1.611982674,1.6144614
0.44915,1.793842912,-1.790558945,-0.244212241,0.242462217,-1.547597025,1.550130373
0.4492,1.699037625,-1.695827191,-0.207667365,0.20590407,-1.489353959,1.491939422
0.44925,1.614127949,-1.610987494,-0.176078973,0.174304903,-1.436048131,1.438683436
0.4493,1.539034403,-1.53596073,-0.149314611,0.147532015,-1.387732701,1.390415806
0.44935,1.472985738,-1.469975992,-0.125644127,0.123855039,-1.345366731,1.348095834
0.4494,1.415089942,-1.412141605,-0.103217608,0.101423887,-1.309908255,1.312681798
0.44945,1.364846671,-1.361957544,-0.081205739,0.079409104,-1.281686347,1.284503025
0.4495,1.322240912,-1.319409108,-0.059883627,0.058085685,-1.260410974,1.263269733
0.44955,1.287457005,-1.284680938,-0.039906966,0.038109222,-1.245610857,1.248510897
0.4496,1.260515385,-1.257793763,-0.021524855,0.019728734,-1.237057393,1.239998166
0.44965,1.241111471,-1.238443285,-0.004300026,0.002506889,-1.234883316,1.237864526
0.4497,1.228721413,-1.226105928,0.012594636,-0.014416038,-1.239407696,1.242429303
0.44975,1.222838563,-1.220275304,0.02994122,-0.031756922,-1.250874889,1.25393711
0.4498,1.223129675,-1.220618416,0.048097819,-0.049906486,-1.269324545,1.272427851
0.44985,1.229444478,-1.22698523,0.067078327,-0.06887859,-1.294620752,1.297765873
0.4499,1.241683992,-1.239276994,0.086812115,-0.088602548,-1.326593865,1.329781785
0.44995,1.259662498,-1.257308208,0.107397085,-0.109176193,-1.365156014,1.368387969
0.45,1.283060673,-1.280759755,0.129165468,-0.130931665,-1.410320042,1.41359752
0.45005,1.311482872,-1.309236184,0.152563707,-0.154315298,-1.462136662,1.4654614
0.4501,1.344555796,-1.342364379,0.177975622,-0.179710783,-1.520616297,1.523990282
0.45015,1.38199004,-1.37985511,0.205625832,-0.207342593,-1.585694057,1.589119518
0.4502,1.423568751,-1.421491681,0.235611814,-0.237308043,-1.657250439,1.660729849
0.45025,1.469086922,-1.467069239,0.26801151,-0.269684899,-1.73515825,1.73869432
0.4503,1.518295683,-1.516339052,0.30297224,-0.304620291,-1.819315795,1.822911471
0.45035,1.570891638,-1.568997853,0.340721129,-0.342341142,-1.909646653,1.91330511
0.4504,1.626550683,-1.624721657,0.381506907,-0.383095966,-2.006075287,2.009799926
0.45045,1.684972878,-1.683210632,0.425530775,-0.427085736,-2.108502788,2.112297234
0.4505,1.745902769,-1.74420942,0.472919996,-0.474437476,-2.216800784,2.220668877
0.45055,1.809114513,-1.807492266,0.523754964,-0.525231329,-2.33082364,2.334769432
0.4506,1.874380091,-1.872831228,0.578117925,-0.579549285,-2.45042539,2.454453139
0.45065,1.94144897,-1.939975841,0.63612119,-0.637503389,-2.575467613,2.579581776
0.4507,2.010053724,-2.008658736,0.697896871,-0.699225479,-2.705814789,2.710020021
0.45075,2.079932834,-2.078618442,0.763564094,-0.764834402,-2.841324315,2.845625455
0.4508,2.150849152,-2.149617851,0.833204886,-0.834411898,-2.981840857,2.98624293
0.45085,2.222589534,-2.22144385,0.90686712,-0.908005549,-3.127198924,3.131707128
0.4509,2.23717145,-2.236113577,0.958751567,-0.959816333,-3.18703702,3.191603359
0.45095,2.166913394,-2.165941492,0.978103717,-0.979092828,-3.142759251,3.147315503
0.451,2.108108335,-2.107219852,0.994096733,-0.995009141,-3.099888249,3.104434436
0.45105,2.057664164,-2.056856778,1.007020269,-1.007854895,-3.062374404,3.066910549
0.4511,1.965201371,-1.964505012,1.006125978,-1.006881443,-2.975644541,2.980170666
0.45115,1.846020713,-1.84547024,0.970778992,-0.971456956,-2.814538153,2.81905428
0.4512,1.717362339,-1.716947488,0.955416319,-0.956018446,-2.670619336,2.675125487
0.45125,1.588240972,-1.587952155,0.954022659,-0.954550372,-2.540134984,2.544631182
0.4513,1.472079443,-1.471907838,0.95023165,-0.95068624,-2.420209453,2.424695719
0.45135,1.376402634,-1.376340275,0.935505404,-0.935888138,-2.309830048,2.314306404
0.4514,1.298073919,-1.298113692,0.913870809,-0.914182934,-2.209887443,2.214353912
0.45145,1.228376731,-1.228512279,0.895299474,-0.895542112,-2.121636997,2.126093599
0.4515,1.161004575,-1.161230181,0.886507662,-0.886681693,-2.045488676,2.049935435
0.45155,1.095929826,-1.09624035,0.887060052,-0.887166058,-1.980979675,1.985416612
0.4516,1.037381354,-1.037772219,0.892065947,-0.892104213,-1.927448299,1.931875435
0.45165,0.989147197,-0.989614405,0.8974052,-0.897375746,-1.884562595,1.888979953
0.4517,0.951485166,-0.952025284,0.902829777,-0.902732356,-1.852332492,1.856740091
0.45175,0.921495506,-0.922105624,0.911288454,-0.911122522,-1.830807121,1.835204985
0.4518,0.895737525,-0.896415188,0.926083631,-0.92584829,-1.819848242,1.824236392
0.45185,0.872566577,-0.873309726,0.948565015,-0.948258971,-1.819160916,1.823539374
0.4519,0.852550571,-0.853357505,0.977882372,-0.977503914,-1.828462788,1.832831574
0.45195,0.837154391,-0.838023748,1.012396771,-1.011943772,-1.847579774,1.85193891
0.452,0.827092441,-0.828023175,1.051269913,-1.050739823,-1.876387922,1.88073743
0.45205,0.821639202,-0.822630553,1.095030769,-1.094420608,-1.914690616,1.919030516
0.4521,0.819173626,-0.820225083,1.144979012,-1.144285343,-1.962166375,1.966496689
0.45215,0.818265667,-0.819376914,1.202163473,-1.201382383,-2.018433844,2.022754593
0.4522,0.81837522,-0.819546101,1.266793341,-1.265920422,-2.08316194,2.087473145
0.45225,0.819729696,-0.820960183,1.338407923,-1.337438264,-2.156117192,2.160418874
0.4523,0.82265398,-0.823944149,1.416492063,-1.415420251,-2.237109131,2.241401312
0.45235,0.826980735,-0.828330739,1.500967711,-1.499787823,-2.325892154,2.330174854
0.4524,0.831978029,-0.833388068,1.592217755,-1.590923359,-2.422116986,2.426390226
0.45245,0.83674493,-0.838215217,1.690732214,-1.689316354,-2.525372457,2.529636258
0.4525,0.840669632,-0.84220036,1.796738308,-1.795193503,-2.63527371,2.639528093
0.45255,0.843571567,-0.845162881,1.910110599,-1.908428837,-2.751514449,2.755759434
0.4526,0.845472999,-0.847124975,2.030572354,-2.028745098,-2.873839909,2.878075517
0.45265,0.84625917,-0.84797179,2.15796159,-2.15597978,-3.001973039,3.006199291
0.4527,0.832117839,-0.833891222,2.239966976,-2.237858798,-3.076415234,3.08063215
0.45275,0.784691836,-0.786523319,2.28219044,-2.280001305,-3.064587989,3.06879559
0.4528,0.755419075,-0.757306104,2.311382339,-2.309111326,-3.064565957,3.068764263
0.45285,0.740703332,-0.742643627,2.335141187,-2.332787299,-3.073598783,3.077787815
0.4529,0.704447603,-0.706438573,2.304320577,-2.301883055,-2.999929309,3.004059095
0.45295,0.637214138,-0.639250899,2.192462324,-2.189944548,-2.827498214,2.831508163
0.453,0.56135177,-0.563428908,2.09816524,-2.095571311,-2.65731003,2.661206969
0.45305,0.486900141,-0.489012576,2.011458249,-2.008792023,-2.49618631,2.499976671
0.4531,0.425673503,-0.427816592,1.924463988,-1.921729121,-2.347996703,2.351686502
0.45315,0.379367431,-0.381537022,1.836284412,-1.833484387,-2.213539211,2.217134042
0.4532,0.340914086,-0.343106468,1.751650007,-1.748788114,-2.090476814,2.093981861
0.45325,0.302459283,-0.304671077,1.675484374,-1.672563681,-1.97587918,1.979299235
0.4533,0.261533741,-0.263761825,1.609089273,-1.606112602,-1.868578979,1.871918463
0.45335,0.221153088,-0.223394572,1.550375581,-1.547345511,-1.76950289,1.772765863
0.4534,0.185663047,-0.187915293,1.496605324,-1.493524195,-1.68025885,1.683449008
0.45345,0.156810733,-0.159071367,1.446738069,-1.443607997,-1.601553743,1.604674423
0.4535,0.132927989,-0.13519488,1.401758254,-1.398581121,-1.532704028,1.535758216
0.45355,0.110891386,-0.113162595,1.363398271,-1.360175718,-1.472318814,1.475309155
0.4536,0.088586729,-0.090860466,1.332710338,-1.329443756,-1.419336236,1.422265053
0.45365,0.065935044,-0.068209628,1.309569848,-1.306260372,-1.373552794,1.376422098
0.4537,0.04416095,-0.046434801,1.293169171,-1.289817682,-1.335385553,1.338197051
0.45375,0.024335418,-0.026607041,1.282838339,-1.279445466,-1.30523558,1.307990684
0.4538,0.006436145,-0.008704121,1.278511305,-1.275077427,-1.283014582,1.285714416
0.45385,-0.010554434,0.008318539,1.28062666,-1.277151902,-1.268128062,1.270773471
0.4539,-0.027870635,0.025641048,1.289665599,-1.286149833,-1.259856059,1.262447625
0.45395,-0.046242608,0.044020691,1.305849788,-1.302292626,-1.257670531,1.260208585
0.454,-0.065712686,0.063499834,1.32904591,-1.325446709,-1.261397734,1.263882365
0.45405,-0.085972399,0.083770059,1.35896641,-1.355324271,-1.271058578,1.273489644
0.4541,-0.1068544,0.10466408,1.395404149,-1.391717921,-1.286613224,1.288990365
0.45415,-0.128594581,0.126417872,1.438337523,-1.434605803,-1.307804115,1.310126758
0.4542,-0.151738234,0.149576829,1.487869291,-1.484090427,-1.33418864,1.336456014
0.45425,-0.176844491,0.174700203,1.544088851,-1.540260944,-1.365296977,1.367508123
0.4543,-0.204246547,0.202121331,1.606975764,-1.603096667,-1.400775383,1.402929169
0.45435,-0.234023969,0.231919938,1.676400945,-1.67246827,-1.44041509,1.442510218
0.4544,-0.26615644,0.264075876,1.752198078,-1.748209197,-1.484069971,1.486104988
0.45445,-0.300706047,0.298651419,1.834235592,-1.830187642,-1.531546228,1.533519541
0.4545,-0.337889306,0.335863277,1.922437695,-1.918327582,-1.582551407,1.584461287
0.45455,-0.378010884,0.376016329,2.01675302,-2.012577424,-1.636729316,1.638573915
0.4546,-0.421338576,0.419378591,2.117107898,-2.112863274,-1.693738324,1.695515681
0.45465,-0.468025815,0.466103734,2.22338307,-2.219065657,-1.753305562,1.755013615
0.4547,-0.518130242,0.516249645,2.335425472,-2.331031295,-1.815220141,1.816856739
0.45475,-0.571693804,0.569858522,2.453077435,-2.448602312,-1.879282254,1.880845166
0.4548,-0.628809212,0.627023339,2.576196736,-2.571636284,-1.945256773,1.946743696
0.45485,-0.68962301,0.687890911,2.704654565,-2.700004204,-2.012868139,2.014276709
0.4549,-0.754285632,0.752611947,2.838318961,-2.833573921,-2.081833751,2.083161553
0.45495,-0.82289988,0.821289533,2.977041073,-2.972196402,-2.151901743,2.153146319
0.455,-0.895511117,0.89396932,3.120655131,-3.115705697,-2.222860767,2.224019625
0.45505,-0.946590727,0.945122485,3.178867533,-3.173861191,-2.236578541,2.23764952
0.4551,-0.965555582,0.964162852,3.13312182,-3.128126537,-2.16526081,2.166245791
0.45515,-0.98098543,0.97966923,3.088747045,-3.083762796,-2.10553249,2.106434066
0.4552,-0.993244596,0.992005968,3.049719506,-3.044746267,-2.054252916,2.055073446
0.45525,-0.991763229,0.990603514,2.961327907,-2.956365653,-1.960757883,1.961467531
0.4553,-0.955998554,0.954916062,2.798287054,-2.793335762,-1.840139296,1.840703371
0.45535,-0.940207546,0.939200582,2.652511904,-2.647571549,-1.710123109,1.710551985
0.4554,-0.938228732,0.937295834,2.520202575,-2.515273132,-1.579823883,1.580127249
0.45545,-0.933631782,0.932771615,2.398425566,-2.393507011,-1.462671203,1.462857977
0.4555,-0.91796712,0.917178364,2.286157668,-2.281249978,-1.366091964,1.366170198
0.45555,-0.895398257,0.894679607,2.184322001,-2.179425152,-1.286846199,1.286823089
0.4556,-0.875945514,0.875295786,2.094211229,-2.089325196,-1.216206574,1.216088551
0.45565,-0.866257845,0.865676092,2.016250118,-2.011374877,-1.147949105,1.147741953
0.4557,-0.865799602,0.865285172,1.949967904,-1.945103432,-1.082138819,1.081847742
0.45575,-0.869641114,0.869193643,1.894687984,-1.889834257,-1.023028929,1.022658554
0.4558,-0.873705584,0.873324971,1.850071159,-1.845228153,-0.974357192,0.973911566
0.45585,-0.877818289,0.877504694,1.816132098,-1.811299789,-0.936313156,0.935795749
0.4559,-0.884967581,0.884721457,1.792932038,-1.788110403,-0.905969824,0.905383578
0.45595,-0.89844175,0.898263902,1.780344788,-1.775533804,-0.879912771,0.879260168
0.456,-0.919550947,0.919442572,1.778082137,-1.773281779,-0.856543641,0.855826757
0.45605,-0.947420591,0.947383298,1.785862063,-1.781072308,-0.836454968,0.835675515
0.4561,-0.98041989,0.980455704,1.803507264,-1.798728089,-0.821100206,0.820259552
0.45615,-1.017737954,1.017849318,1.830891589,-1.82612297,-0.81116405,0.810263237
0.4562,-1.059925995,1.060115782,1.867820431,-1.863062345,-0.80590061,0.804940389
0.45625,-1.108287857,1.108559393,1.913978269,-1.909230693,-0.803690422,0.80267129
0.4563,-1.16386409,1.164221176,1.968990375,-1.964253285,-0.803118072,0.802040322
0.45635,-1.226857106,1.227304038,2.032529373,-2.027802747,-0.803653607,0.802517369
0.4564,-1.296809134,1.297350708,2.104361567,-2.099645382,-0.80552092,0.804326187
0.45645,-1.373214829,1.373856346,2.184294486,-2.179588718,-0.809032685,0.807779343
0.4565,-1.456004821,1.456752087,2.272081973,-2.267386599,-0.814011906,0.812699758
0.45655,-1.545565106,1.546424439,2.367377022,-2.36269202,-0.81972535,0.818354146
0.4566,-1.642385533,1.643363775,2.469772022,-2.465097368,-0.825275305,0.823844777
0.45665,-1.746694832,1.74779935,2.578884219,-2.574219891,-0.830050016,0.828559911
0.4567,-1.858372571,1.859611264,2.694406718,-2.689752693,-0.833862734,0.832312843
0.45675,-1.977147816,1.97852911,2.816082783,-2.811439038,-0.836727357,0.835117537
0.4568,-2.102861642,2.104394487,2.943634382,-2.939000895,-0.838524476,0.836854672
0.45685,-2.183525309,2.185182308,3.017682131,-3.013058879,-0.825275412,0.823545433
0.4569,-2.224996933,2.226733803,3.005688062,-3.001075023,-0.778421607,0.776634066
0.45695,-2.253424204,2.255241839,3.005460104,-3.000857255,-0.749691266,0.747848673
0.457,-2.27634626,2.278245632,3.014292433,-3.009699751,-0.735592274,0.733696864
0.45705,-2.244688987,2.246670829,2.940320567,-2.935786973,-0.699897404,0.697951722
0.4571,-2.132098931,2.134159841,2.767386984,-2.762971686,-0.63297826,0.63098717
0.45715,-2.037072598,2.039208459,2.596780681,-2.592476843,-0.557503899,0.5554728
0.4572,-1.949723192,1.951930128,2.435235131,-2.43103631,-0.483342089,0.481276042
0.45725,-1.862160584,1.864434916,2.286572759,-2.282472928,-0.42227328,0.420176907
0.4573,-1.77337417,1.775712396,2.151639023,-2.147632579,-0.376153803,0.374031233
0.45735,-1.687995753,1.69039456,2.028183384,-2.024265137,-0.338101647,0.335956561
0.4574,-1.610962747,1.613419044,1.913309813,-1.909474964,-0.300283621,0.298119366
0.45745,-1.543686688,1.546197628,1.805802744,-1.802046868,-0.260072818,0.257892478
0.4575,-1.484180473,1.486743454,1.706510952,-1.702829985,-0.220305293,0.218111716
0.45755,-1.42971523,1.432327885,1.617010263,-1.613400506,-0.185285936,0.183081718
0.4576,-1.379172327,1.381832519,1.53804693,-1.534505044,-0.156879829,0.154667299
0.45765,-1.33344844,1.336154262,1.469007914,-1.465530913,-0.133577441,0.131358684
0.4577,-1.294251978,1.297001762,1.408541349,-1.40512659,-0.112318649,0.11009555
0.45775,-1.262684991,1.265477322,1.355564105,-1.352209268,-0.090918383,0.088692677
0.4578,-1.238696883,1.241530599,1.30981561,-1.306518688,-0.069166755,0.066940061
0.45785,-1.221518963,1.224393159,1.271670574,-1.268429865,-0.048207238,0.045981078
0.4579,-1.210463639,1.213377661,1.241534578,-1.238348678,-0.029133076,0.02690888
0.45795,-1.205415855,1.2083693,1.219361538,-1.216229332,-0.012013296,0.009792419
0.458,-1.206769508,1.209762226,1.204607599,-1.20152825,0.004097987,-0.006305221
0.45805,-1.215032542,1.21806464,1.196537177,-1.193510116,0.020424323,-0.022625676
0.4581,-1.230436337,1.233508177,1.194619103,-1.191644013,0.037743607,-0.039937789
0.45815,-1.25288408,1.255996282,1.198641031,-1.195717837,0.056167902,-0.058353592
0.4582,-1.282102514,1.285255955,1.208603118,-1.205731978,0.075423772,-0.077599601
0.45825,-1.317874325,1.321070136,1.224472967,-1.221654259,0.09532635,-0.097490884
0.4583,-1.360156781,1.363396344,1.246018797,-1.243253113,0.116064744,-0.118216471
0.45835,-1.409039344,1.412324292,1.272819548,-1.270107679,0.13814955,-0.140286858
0.4584,-1.464615147,1.46794736,1.304406327,-1.301749254,0.162142885,-0.164264041
0.45845,-1.526879251,1.530260858,1.340407163,-1.337806043,0.188411886,-0.190515016
0.4585,-1.595716894,1.599150266,1.38059178,-1.378047935,0.217072185,-0.21915526
0.45855,-1.67096537,1.67445312,1.424805494,-1.422320402,0.248115888,-0.250176706
0.4586,-1.752486324,1.756031301,1.472862929,-1.470438212,0.281590153,-0.283626331
0.45865,-1.840194749,1.843800033,1.524487252,-1.522124667,0.317686953,-0.319695909
0.4587,-1.934035752,1.937704652,1.5793309,-1.577032325,0.356699117,-0.358678061
0.45875,-2.033939869,2.037675919,1.637046989,-1.634814416,0.398904233,-0.400850149
0.4588,-2.139795377,2.143602327,1.697348557,-1.69518408,0.444477714,-0.446387353
0.45885,-2.251453898,2.255335717,1.760013272,-1.757919074,0.493493702,-0.495363567
0.4589,-2.368756855,2.372717716,1.824840349,-1.822818697,0.545994593,-0.547820933
0.45895,-2.491557719,2.495602002,1.891602288,-1.889655519,0.602061556,-0.603840358
0.459,-2.619724384,2.623856663,1.96003089,-1.958161405,0.661830887,-0.663557866
0.45905,-2.753125185,2.757350226,2.029843095,-2.028053346,0.725454187,-0.727124782
0.4591,-2.891614132,2.895936888,2.100778889,-2.09907137,0.793045698,-0.794655062
0.45915,-3.035027828,3.039453431,2.172617929,-2.170995171,0.864662581,-0.866205578
0.4592,-3.093205868,3.097687795,2.187125036,-2.185589239,0.914960118,-0.916431818
0.45925,-3.047661292,3.052133318,2.116394993,-2.114944306,0.933516751,-0.934915238
0.4593,-3.003488928,3.007951076,2.05723547,-2.05586733,0.948562144,-0.949886435
0.45935,-2.964649434,2.969101726,2.006580619,-2.005292695,0.960369955,-0.961619045
0.4594,-2.932200244,2.9366427,1.960328644,-1.959118813,0.974166906,-0.975339726
0.45945,-2.851302504,2.855735148,1.8699645,-1.868861297,0.977007664,-0.978102789
0.4595,-2.696158248,2.7005811,1.754384054,-1.753420586,0.944025053,-0.945044123
0.45955,-2.55752001,2.561933092,1.631596213,-1.630762645,0.92807467,-0.929019344
0.4596,-2.431991864,2.436395198,1.509646052,-1.508933231,0.924468027,-0.925339744
0.45965,-2.317191835,2.321585443,1.399928191,-1.399327723,0.919360654,-0.920160709
0.4597,-2.212264214,2.216648117,1.308953565,-1.308457884,0.905385622,-0.906115261
0.45975,-2.117914107,2.122288326,1.234174932,-1.233777294,0.885794895,-0.886455312
0.4598,-2.035152662,2.039517219,1.168128004,-1.167822403,0.869063613,-0.869655859
0.45985,-1.964305112,1.968660028,1.105192658,-1.104973718,0.861136941,-0.861661823
0.4599,-1.904979306,1.909324603,1.045040785,-1.044903703,0.8619507,-0.862408721
0.45995,-1.856612042,1.860947741,0.991114122,-0.991054643,0.867499827,-0.86789119
0.46,-1.818903009,1.823229131,0.946685829,-0.946700259,0.874210714,-0.874535337
0.46005,-1.791826954,1.79614352,0.912111796,-0.912196981,0.881702089,-0.881959608
0.4601,-1.77538577,1.779692802,0.884971432,-0.885124725,0.892396338,-0.892586076
0.46015,-1.769421947,1.773719465,0.862213807,-0.862432997,0.909186846,-0.909307763
0.4602,-1.773645644,1.777933669,0.84221243,-0.842495694,0.933410266,-0.933460923
0.46025,-1.78777914,1.792057695,0.82525737,-0.825603228,0.964498852,-0.964477385
0.4603,-1.811639738,1.815908841,0.812525289,-0.812932582,1.001093296,-1.000997413
0.46035,-1.84508962,1.849349294,0.804657164,-0.805125031,1.04241487,-1.042241849
0.4604,-1.887926653,1.892176918,0.801076254,-0.801604106,1.088838268,-1.088584944
0.46045,-1.939834335,1.944075212,0.800368224,-0.800955698,1.141461438,-1.141124186
0.4605,-2.000435939,2.004667448,0.801197121,-0.801844039,1.201243758,-1.200818468
0.46055,-2.06939373,2.073615892,0.802959488,-0.80366582,1.268451125,-1.267933188
0.4606,-2.146457356,2.150670192,0.805749164,-0.80651499,1.342739546,-1.342123848
0.46065,-2.231421074,2.235624604,0.809810051,-0.810635541,1.423659584,-1.422940501
0.4607,-2.324036197,2.328230443,0.815001561,-0.815886948,1.511103369,-1.510274763
0.46075,-2.423961724,2.428146705,0.820684822,-0.82163037,1.605369009,-1.604424228
0.4608,-2.53079512,2.534970857,0.826033201,-0.827039174,1.706880867,-1.705812735
0.46085,-2.644150169,2.648316682,0.830438678,-0.831505309,1.815861027,-1.814661838
0.4609,-2.763709059,2.767866368,0.833670662,-0.834798124,1.932222561,-1.930884079
0.46095,-2.889204838,2.893352964,0.835705407,-0.836893789,2.055722572,-2.054236035
0.461,-2.961534163,2.965673126,0.822661294,-0.82391083,2.134515231,-2.132907386
0.46105,-2.948279966,2.952409786,0.775848275,-0.777156361,2.174697156,-2.173011283
0.4611,-2.946763217,2.950883914,0.747201956,-0.748566093,2.201766224,-2.200001481
0.46115,-2.954324069,2.958435664,0.733306125,-0.734724094,2.223231447,-2.221386913
0.4612,-2.966568126,2.970670638,0.718247017,-0.719716761,2.250544604,-2.248619236
0.46125,-2.893200389,2.897245583,0.672254925,-0.673773915,2.2297628,-2.227755736
0.4613,-2.722045671,2.725975202,0.599002001,-0.600565417,2.125202236,-2.12311675
0.46135,-2.556036517,2.559857061,0.526690281,-0.528292844,2.031535285,-2.029375399
0.4614,-2.40103557,2.404753399,0.461535467,-0.463172315,1.941655837,-1.939425358
0.46145,-2.258473152,2.262094116,0.407741897,-0.40940862,1.852857105,-1.850559646
0.4615,-2.127690191,2.131219729,0.363089369,-0.364782002,1.766699783,-1.764338767
0.46155,-2.006832077,2.010275227,0.322360808,-0.324075764,1.686546047,-1.684124686
0.4616,-1.894491165,1.897852582,0.282082838,-0.283816835,1.6144614,-1.611982674
0.46165,-1.790558944,1.793842911,0.242462217,-0.244212241,1.550130372,-1.547597025
0.4617,-1.69582719,1.699037624,0.20590407,-0.207667365,1.491939421,-1.489353958
0.46175,-1.610987493,1.614127948,0.174304903,-0.176078973,1.438683435,-1.43604813
0.4618,-1.535960729,1.539034403,0.147532015,-0.149314611,1.390415806,-1.3877327
0.46185,-1.469975992,1.472985737,0.123855039,-0.125644126,1.348095834,-1.34536673
0.4619,-1.412141605,1.415089941,0.101423887,-0.103217608,1.312681798,-1.309908254
0.46195,-1.361957544,1.36484667,0.079409104,-0.081205739,1.284503024,-1.281686346
0.462,-1.319409107,1.322240911,0.058085685,-0.059883627,1.263269732,-1.260410973
0.46205,-1.284680938,1.287457005,0.038109222,-0.039906966,1.248510897,-1.245610857
0.4621,-1.257793762,1.260515385,0.019728734,-0.021524855,1.239998165,-1.237057392
0.46215,-1.238443285,1.241111471,0.002506889,-0.004300026,1.237864525,-1.234883315
0.4622,-1.226105927,1.228721412,-0.014416038,0.012594636,1.242429303,-1.239407695
0.46225,-1.220275304,1.222838563,-0.031756921,0.02994122,1.253937109,-1.250874889
0.4623,-1.220618415,1.223129675,-0.049906486,0.048097819,1.272427851,-1.269324544
0.46235,-1.226985229,1.229444478,-0.06887859,0.067078327,1.297765873,-1.294620751
0.4624,-1.239276994,1.241683991,-0.088602548,0.086812115,1.329781784,-1.326593864
0.46245,-1.257308208,1.259662497,-0.109176193,0.107397085,1.368387969,-1.365156014
0.4625,-1.280759755,1.283060673,-0.130931665,0.129165468,1.41359752,-1.410320042
0.46255,-1.309236184,1.311482872,-0.154315298,0.152563707,1.4654614,-1.462136661
0.4626,-1.342364379,1.344555795,-0.179710783,0.177975622,1.523990281,-1.520616297
0.46265,-1.379855109,1.38199004,-0.207342593,0.205625832,1.589119518,-1.585694057
0.4627,-1.421491681,1.42356875,-0.237308043,0.235611814,1.660729849,-1.657250439
0.46275,-1.467069238,1.469086922,-0.269684898,0.26801151,1.738694319,-1.735158249
0.4628,-1.516339051,1.518295683,-0.304620291,0.30297224,1.82291147,-1.819315795
0.46285,-1.568997853,1.570891638,-0.342341142,0.340721129,1.913305109,-1.909646653
0.4629,-1.624721657,1.626550683,-0.383095966,0.381506906,2.009799926,-2.006075286
0.46295,-1.683210632,1.684972878,-0.427085736,0.425530775,2.112297233,-2.108502787
0.463,-1.74420942,1.745902769,-0.474437475,0.472919996,2.220668876,-2.216800783
0.46305,-1.807492266,1.809114512,-0.525231329,0.523754964,2.334769431,-2.33082364
0.4631,-1.872831228,1.874380091,-0.579549285,0.578117925,2.454453138,-2.45042539
0.46315,-1.93997584,1.941448969,-0.637503389,0.63612119,2.579581776,-2.575467612
0.4632,-2.008658735,2.010053724,-0.699225479,0.69789687,2.71002002,-2.705814789
0.46325,-2.078618441,2.079932833,-0.764834402,0.763564093,2.845625455,-2.841324315
0.4633,-2.149617851,2.150849152,-0.834411898,0.833204886,2.986242929,-2.981840857
0.46335,-2.22144385,2.222589533,-0.908005548,0.90686712,3.131707128,-3.127198924
0.4634,-2.236113577,2.237171449,-0.959816333,0.958751567,3.191603358,-3.18703702
0.46345,-2.165941492,2.166913394,-0.979092828,0.978103717,3.147315503,-3.142759251
0.4635,-2.107219851,2.108108335,-0.995009141,0.994096733,3.104434436,-3.099888249
0.46355,-2.056856778,2.057664164,-1.007854895,1.007020269,3.066910549,-3.062374404
0.4636,-1.964505012,1.965201371,-1.006881443,1.006125977,2.980170665,-2.975644541
0.46365,-1.84547024,1.846020713,-0.971456956,0.970778991,2.819054279,-2.814538153
0.4637,-1.716947488,1.717362339,-0.956018446,0.955416319,2.675125487,-2.670619336
0.46375,-1.587952155,1.588240972,-0.954550372,0.954022658,2.544631181,-2.540134984
0.4638,-1.471907838,1.472079443,-0.95068624,0.95023165,2.424695718,-2.420209452
0.46385,-1.376340275,1.376402633,-0.935888138,0.935505404,2.314306403,-2.309830047
0.4639,-1.298113692,1.298073919,-0.914182934,0.913870809,2.214353911,-2.209887443
0.46395,-1.228512279,1.228376731,-0.895542112,0.895299474,2.126093599,-2.121636996
0.464,-1.161230181,1.161004575,-0.886681693,0.886507661,2.049935434,-2.045488676
0.46405,-1.09624035,1.095929826,-0.887166058,0.887060052,1.985416611,-1.980979675
0.4641,-1.037772219,1.037381354,-0.892104213,0.892065947,1.931875435,-1.927448299
0.46415,-0.989614405,0.989147197,-0.897375745,0.8974052,1.888979952,-1.884562595
0.4642,-0.952025284,0.951485165,-0.902732356,0.902829777,1.856740091,-1.852332491
0.46425,-0.922105624,0.921495506,-0.911122521,0.911288453,1.835204985,-1.83080712
0.4643,-0.896415188,0.895737525,-0.92584829,0.926083631,1.824236392,-1.819848242
0.46435,-0.873309726,0.872566577,-0.948258971,0.948565015,1.823539373,-1.819160916
0.4644,-0.853357505,0.852550571,-0.977503914,0.977882371,1.832831574,-1.828462787
0.46445,-0.838023748,0.837154391,-1.011943772,1.012396771,1.851938909,-1.847579773
0.4645,-0.828023174,0.827092441,-1.050739823,1.051269913,1.88073743,-1.876387922
0.46455,-0.822630553,0.821639201,-1.094420607,1.095030769,1.919030516,-1.914690615
0.4646,-0.820225083,0.819173626,-1.144285342,1.144979011,1.966496689,-1.962166374
0.46465,-0.819376914,0.818265667,-1.201382383,1.202163473,2.022754593,-2.018433844
0.4647,-0.819546101,0.81837522,-1.265920422,1.266793341,2.087473145,-2.08316194
0.46475,-0.820960183,0.819729696,-1.337438264,1.338407923,2.160418874,-2.156117192
0.4648,-0.823944149,0.82265398,-1.41542025,1.416492063,2.241401312,-2.237109131
0.46485,-0.828330739,0.826980735,-1.499787823,1.50096771,2.330174854,-2.325892154
0.4649,-0.833388068,0.831978029,-1.590923358,1.592217755,2.426390225,-2.422116986
0.46495,-0.838215217,0.83674493,-1.689316354,1.690732214,2.529636258,-2.525372457
0.465,-0.84220036,0.840669632,-1.795193503,1.796738308,2.639528092,-2.63527371
0.46505,-0.845162881,0.843571567,-1.908428836,1.910110599,2.755759434,-2.751514449
0.4651,-0.847124975,0.845472999,-2.028745098,2.030572354,2.878075517,-2.873839909
0.46515,-0.84797179,0.84625917,-2.15597978,2.15796159,3.006199291,-3.001973039
0.4652,-0.833891222,0.832117839,-2.237858797,2.239966976,3.080632149,-3.076415234
0.46525,-0.786523319,0.784691836,-2.280001305,2.28219044,3.068795589,-3.064587989
0.4653,-0.757306104,0.755419075,-2.309111325,2.311382339,3.068764262,-3.064565956
0.46535,-0.742643627,0.740703331,-2.332787299,2.335141187,3.077787815,-3.073598783
0.4654,-0.706438572,0.704447603,-2.301883054,2.304320577,3.004059095,-2.999929309
0.46545,-0.639250899,0.637214138,-2.189944548,2.192462323,2.831508163,-2.827498213
0.4655,-0.563428908,0.56135177,-2.095571311,2.09816524,2.661206969,-2.65731003
0.46555,-0.489012576,0.486900141,-2.008792022,2.011458249,2.499976671,-2.49618631
0.4656,-0.427816592,0.425673503,-1.921729121,1.924463988,2.351686502,-2.347996703
0.46565,-0.381537022,0.379367431,-1.833484387,1.836284412,2.217134042,-2.21353921
0.4657,-0.343106468,0.340914086,-1.748788114,1.751650007,2.093981861,-2.090476814
0.46575,-0.304671077,0.302459282,-1.672563681,1.675484374,1.979299235,-1.97587918
0.4658,-0.263761825,0.261533741,-1.606112602,1.609089273,1.871918463,-1.868578978
0.46585,-0.223394572,0.221153088,-1.54734551,1.550375581,1.772765862,-1.76950289
0.4659,-0.187915293,0.185663046,-1.493524195,1.496605323,1.683449008,-1.68025885
0.46595,-0.159071367,0.156810733,-1.443607997,1.446738069,1.604674423,-1.601553742
0.466,-0.13519488,0.132927989,-1.398581121,1.401758254,1.535758216,-1.532704028
0.46605,-0.113162595,0.110891386,-1.360175718,1.363398271,1.475309155,-1.472318814
0.4661,-0.090860466,0.088586729,-1.329443756,1.332710338,1.422265053,-1.419336236
0.46615,-0.068209628,0.065935044,-1.306260372,1.309569848,1.376422098,-1.373552794
0.4662,-0.046434801,0.04416095,-1.289817682,1.293169171,1.338197051,-1.335385553
0.46625,-0.026607041,0.024335418,-1.279445466,1.282838339,1.307990684,-1.30523558
0.4663,-0.008704121,0.006436145,-1.275077427,1.278511305,1.285714416,-1.283014582
0.46635,0.008318539,-0.010554434,-1.277151902,1.28062666,1.270773471,-1.268128062
0.4664,0.025641048,-0.027870635,-1.286149833,1.289665599,1.262447625,-1.259856059
0.46645,0.044020691,-0.046242608,-1.302292626,1.305849788,1.260208585,-1.257670531
0.4665,0.063499834,-0.065712686,-1.325446709,1.32904591,1.263882365,-1.261397734
0.46655,0.083770059,-0.085972399,-1.355324271,1.35896641,1.273489644,-1.271058578
0.4666,0.10466408,-0.1068544,-1.391717921,1.395404149,1.288990365,-1.286613224
0.46665,0.126417872,-0.128594581,-1.434605803,1.438337523,1.310126758,-1.307804115
0.4667,0.149576829,-0.151738234,-1.484090427,1.487869291,1.336456014,-1.33418864
0.46675,0.174700203,-0.176844491,-1.540260944,1.544088851,1.367508123,-1.365296977
0.4668,0.202121331,-0.204246547,-1.603096667,1.606975764,1.402929169,-1.400775383
0.46685,0.231919938,-0.234023969,-1.67246827,1.676400946,1.442510218,-1.440415091
0.4669,0.264075876,-0.26615644,-1.748209197,1.752198078,1.486104988,-1.484069971
0.46695,0.298651419,-0.300706047,-1.830187643,1.834235592,1.533519541,-1.531546228
0.467,0.335863277,-0.337889306,-1.918327582,1.922437695,1.584461287,-1.582551407
0.46705,0.376016329,-0.378010885,-2.012577424,2.01675302,1.638573915,-1.636729316
0.4671,0.419378591,-0.421338576,-2.112863275,2.117107898,1.695515681,-1.693738325
0.46715,0.466103735,-0.468025815,-2.219065657,2.22338307,1.755013615,-1.753305562
0.4672,0.516249645,-0.518130243,-2.331031296,2.335425472,1.816856739,-1.815220141
0.46725,0.569858523,-0.571693805,-2.448602313,2.453077435,1.880845166,-1.879282254
0.4673,0.627023339,-0.628809212,-2.571636284,2.576196736,1.946743696,-1.945256773
0.46735,0.687890911,-0.68962301,-2.700004204,2.704654565,2.014276709,-2.012868139
0.4674,0.752611947,-0.754285632,-2.833573922,2.838318961,2.083161553,-2.081833751
0.46745,0.821289533,-0.82289988,-2.972196402,2.977041073,2.153146319,-2.151901743
0.4675,0.89396932,-0.895511117,-3.115705697,3.120655132,2.224019625,-2.222860767
0.46755,0.945122486,-0.946590727,-3.173861192,3.178867534,2.23764952,-2.236578541
0.4676,0.964162852,-0.965555582,-3.128126537,3.133121821,2.166245791,-2.16526081
0.46765,0.97966923,-0.98098543,-3.083762796,3.088747045,2.106434067,-2.10553249
0.4677,0.992005968,-0.993244596,-3.044746267,3.049719506,2.055073446,-2.054252916
0.46775,0.990603514,-0.991763229,-2.956365653,2.961327907,1.961467531,-1.960757883
0.4678,0.954916062,-0.955998554,-2.793335762,2.798287054,1.840703371,-1.840139296
0.46785,0.939200582,-0.940207546,-2.647571549,2.652511905,1.710551985,-1.71012311
0.4679,0.937295834,-0.938228732,-2.515273132,2.520202575,1.58012725,-1.579823883
0.46795,0.932771615,-0.933631782,-2.393507012,2.398425566,1.462857977,-1.462671204
0.468,0.917178364,-0.91796712,-2.281249979,2.286157668,1.366170198,-1.366091964
0.46805,0.894679608,-0.895398257,-2.179425152,2.184322002,1.286823089,-1.2868462
0.4681,0.875295786,-0.875945514,-2.089325197,2.09421123,1.216088552,-1.216206575
0.46815,0.865676092,-0.866257845,-2.011374878,2.016250118,1.147741953,-1.147949105
0.4682,0.865285172,-0.865799602,-1.945103432,1.949967904,1.081847742,-1.082138819
0.46825,0.869193644,-0.869641114,-1.889834257,1.894687984,1.022658555,-1.023028929
0.4683,0.873324972,-0.873705584,-1.845228154,1.85007116,0.973911566,-0.974357192
0.46835,0.877504694,-0.877818289,-1.81129979,1.816132099,0.935795749,-0.936313156
0.4684,0.884721458,-0.884967581,-1.788110404,1.792932039,0.905383579,-0.905969824
0.46845,0.898263903,-0.898441751,-1.775533804,1.780344789,0.879260168,-0.879912772
0.4685,0.919442572,-0.919550947,-1.77328178,1.778082138,0.855826757,-0.856543641
0.46855,0.947383298,-0.947420591,-1.781072309,1.785862064,0.835675515,-0.836454968
0.4686,0.980455705,-0.98041989,-1.798728089,1.803507265,0.820259552,-0.821100207
0.46865,1.017849319,-1.017737954,-1.82612297,1.830891589,0.810263237,-0.81116405
0.4687,1.060115783,-1.059925995,-1.863062346,1.867820432,0.804940389,-0.805900611
0.46875,1.108559394,-1.108287858,-1.909230694,1.91397827,0.80267129,-0.803690422
0.4688,1.164221177,-1.16386409,-1.964253286,1.968990375,0.802040322,-0.803118072
0.46885,1.227304039,-1.226857106,-2.027802748,2.032529374,0.802517369,-0.803653607
0.4689,1.297350709,-1.296809134,-2.099645382,2.104361568,0.804326187,-0.80552092
0.46895,1.373856347,-1.37321483,-2.179588718,2.184294486,0.807779344,-0.809032685
0.469,1.456752087,-1.456004821,-2.2673866,2.272081974,0.812699758,-0.814011906
0.46905,1.54642444,-1.545565107,-2.36269202,2.367377023,0.818354146,-0.81972535
0.4691,1.643363775,-1.642385534,-2.465097369,2.469772023,0.823844777,-0.825275305
0.46915,1.747799351,-1.746694833,-2.574219891,2.578884219,0.828559911,-0.830050016
0.4692,1.859611264,-1.858372571,-2.689752694,2.694406719,0.832312843,-0.833862734
0.46925,1.978529111,-1.977147816,-2.811439039,2.816082783,0.835117538,-0.836727357
0.4693,2.104394488,-2.102861643,-2.939000896,2.943634383,0.836854672,-0.838524476
0.46935,2.185182308,-2.183525309,-3.01305888,3.017682132,0.823545433,-0.825275412
0.4694,2.226733803,-2.224996934,-3.001075024,3.005688063,0.776634066,-0.778421607
0.46945,2.25524184,-2.253424205,-3.000857256,3.005460105,0.747848673,-0.749691266
0.4695,2.278245632,-2.276346261,-3.009699752,3.014292434,0.733696864,-0.735592275
0.46955,2.24667083,-2.244688988,-2.935786973,2.940320567,0.697951722,-0.699897404
0.4696,2.134159842,-2.132098931,-2.762971687,2.767386984,0.63098717,-0.63297826
0.46965,2.039208459,-2.037072598,-2.592476844,2.596780682,0.5554728,-0.557503899
0.4697,1.951930128,-1.949723192,-2.431036311,2.435235132,0.481276042,-0.483342089
0.46975,1.864434917,-1.862160584,-2.282472929,2.286572759,0.420176907,-0.42227328
0.4698,1.775712396,-1.773374171,-2.14763258,2.151639023,0.374031233,-0.376153803
0.46985,1.69039456,-1.687995754,-2.024265138,2.028183384,0.335956561,-0.338101647
0.4699,1.613419044,-1.610962747,-1.909474965,1.913309813,0.298119366,-0.300283621
0.46995,1.546197629,-1.543686688,-1.802046868,1.805802745,0.257892478,-0.260072818
0.47,1.486743455,-1.484180474,-1.702829985,1.706510952,0.218111716,-0.220305293
0.47005,1.432327886,-1.42971523,-1.613400506,1.617010264,0.183081718,-0.185285936
0.4701,1.38183252,-1.379172328,-1.534505045,1.538046931,0.154667299,-0.156879829
0.47015,1.336154263,-1.333448441,-1.465530914,1.469007914,0.131358684,-0.133577441
0.4702,1.297001763,-1.294251978,-1.40512659,1.40854135,0.11009555,-0.112318649
0.47025,1.265477323,-1.262684992,-1.352209268,1.355564106,0.088692677,-0.090918383
0.4703,1.2415306,-1.238696883,-1.306518689,1.309815611,0.066940061,-0.069166755
0.47035,1.22439316,-1.221518963,-1.268429865,1.271670574,0.045981078,-0.048207238
0.4704,1.213377662,-1.210463639,-1.238348678,1.241534578,0.02690888,-0.029133076
0.47045,1.208369301,-1.205415856,-1.216229333,1.219361539,0.009792419,-0.012013296
0.4705,1.209762227,-1.206769508,-1.201528251,1.204607599,-0.006305221,0.004097987
0.47055,1.21806464,-1.215032543,-1.193510117,1.196537178,-0.022625676,0.020424323
0.4706,1.233508177,-1.230436338,-1.191644013,1.194619103,-0.039937789,0.037743607
0.47065,1.255996282,-1.25288408,-1.195717837,1.198641031,-0.058353592,0.056167902
0.4707,1.285255956,-1.282102515,-1.205731978,1.208603119,-0.077599601,0.075423773
0.47075,1.321070137,-1.317874326,-1.22165426,1.224472968,-0.097490884,0.09532635
0.4708,1.363396345,-1.360156782,-1.243253114,1.246018798,-0.118216471,0.116064744
0.47085,1.412324293,-1.409039345,-1.27010768,1.272819549,-0.140286858,0.138149551
0.4709,1.467947361,-1.464615148,-1.301749255,1.304406328,-0.164264041,0.162142886
0.47095,1.530260859,-1.526879252,-1.337806044,1.340407164,-0.190515016,0.188411886
0.471,1.599150267,-1.595716895,-1.378047936,1.380591781,-0.21915526,0.217072185
0.47105,1.674453121,-1.670965371,-1.422320402,1.424805494,-0.250176707,0.248115888
0.4711,1.756031301,-1.752486325,-1.470438212,1.472862929,-0.283626331,0.281590153
0.47115,1.843800033,-1.840194749,-1.522124667,1.524487253,-0.319695909,0.317686953
0.4712,1.937704653,-1.934035753,-1.577032326,1.579330901,-0.358678061,0.356699117
0.47125,2.037675919,-2.03393987,-1.634814417,1.63704699,-0.40085015,0.398904233
0.4713,2.143602328,-2.139795378,-1.695184081,1.697348558,-0.446387353,0.444477714
0.47135,2.255335718,-2.251453899,-1.757919075,1.760013272,-0.495363567,0.493493702
0.4714,2.372717717,-2.368756856,-1.822818698,1.82484035,-0.547820933,0.545994593
0.47145,2.495602002,-2.49155772,-1.88965552,1.891602288,-0.603840358,0.602061556
0.4715,2.623856664,-2.619724385,-1.958161405,1.96003089,-0.663557866,0.661830887
0.47155,2.757350227,-2.753125186,-2.028053346,2.029843096,-0.727124783,0.725454188
0.4716,2.895936889,-2.891614132,-2.099071371,2.100778889,-0.794655063,0.793045698
0.47165,3.039453431,-3.035027829,-2.170995171,2.172617929,-0.866205579,0.864662581
0.4717,3.097687796,-3.093205869,-2.18558924,2.187125037,-0.916431818,0.914960118
0.47175,3.052133319,-3.047661293,-2.114944307,2.116394993,-0.934915238,0.933516751
0.4718,3.007951077,-3.003488929,-2.055867331,2.057235471,-0.949886436,0.948562144
0.47185,2.969101726,-2.964649435,-2.005292695,2.006580619,-0.961619045,0.960369955
0.4719,2.936642701,-2.932200245,-1.959118813,1.960328645,-0.975339726,0.974166906
0.47195,2.855735148,-2.851302505,-1.868861297,1.8699645,-0.978102789,0.977007664
0.472,2.7005811,-2.696158249,-1.753420587,1.754384054,-0.945044123,0.944025053
0.47205,2.561933093,-2.557520011,-1.630762645,1.631596213,-0.929019344,0.92807467
0.4721,2.436395199,-2.431991865,-1.508933231,1.509646052,-0.925339744,0.924468027
0.47215,2.321585444,-2.317191836,-1.399327724,1.399928192,-0.920160709,0.919360654
0.4722,2.216648118,-2.212264215,-1.308457884,1.308953565,-0.906115261,0.905385622
0.47225,2.122288327,-2.117914107,-1.233777294,1.234174932,-0.886455312,0.885794895
0.4723,2.039517219,-2.035152662,-1.167822403,1.168128005,-0.86965586,0.869063614
0.47235,1.968660029,-1.964305113,-1.104973719,1.105192658,-0.861661823,0.861136942
0.4724,1.909324604,-1.904979307,-1.044903703,1.045040786,-0.862408721,0.8619507
0.47245,1.860947742,-1.856612043,-0.991054644,0.991114122,-0.86789119,0.867499828
0.4725,1.823229132,-1.81890301,-0.946700259,0.94668583,-0.874535338,0.874210715
0.47255,1.796143521,-1.791826955,-0.912196982,0.912111796,-0.881959609,0.881702089
0.4726,1.779692803,-1.775385771,-0.885124725,0.884971433,-0.892586077,0.892396339
0.47265,1.773719466,-1.769421948,-0.862432998,0.862213807,-0.909307764,0.909186846
0.4727,1.77793367,-1.773645644,-0.842495695,0.84221243,-0.933460923,0.933410267
0.47275,1.792057695,-1.787779141,-0.825603228,0.82525737,-0.964477385,0.964498853
0.4728,1.815908842,-1.811639739,-0.812932582,0.812525289,-1.000997413,1.001093296
0.47285,1.849349294,-1.845089621,-0.805125032,0.804657164,-1.042241849,1.04241487
0.4729,1.892176919,-1.887926654,-0.801604106,0.801076254,-1.088584944,1.088838268
0.47295,1.944075213,-1.939834336,-0.800955698,0.800368225,-1.141124186,1.141461439
0.473,2.004667449,-2.000435939,-0.80184404,0.801197121,-1.200818469,1.201243759
0.47305,2.073615893,-2.06939373,-0.80366582,0.802959489,-1.267933189,1.268451125
0.4731,2.150670193,-2.146457357,-0.80651499,0.805749164,-1.342123849,1.342739547
0.47315,2.235624605,-2.231421074,-0.810635542,0.809810051,-1.422940501,1.423659585
0.4732,2.328230444,-2.324036198,-0.815886948,0.815001561,-1.510274763,1.511103369
0.47325,2.428146706,-2.423961725,-0.82163037,0.820684823,-1.604424228,1.605369009
0.4733,2.534970858,-2.530795121,-0.827039174,0.826033201,-1.705812736,1.706880868
0.47335,2.648316683,-2.64415017,-0.831505309,0.830438678,-1.814661838,1.815861028
0.4734,2.767866369,-2.763709059,-0.834798124,0.833670663,-1.93088408,1.932222561
0.47345,2.893352965,-2.889204839,-0.836893789,0.835705407,-2.054236036,2.055722572
0.4735,2.965673127,-2.961534164,-0.82391083,0.822661294,-2.132907386,2.134515231
0.47355,2.952409787,-2.948279967,-0.777156361,0.775848275,-2.173011284,2.174697156
0.4736,2.950883915,-2.946763218,-0.748566093,0.747201956,-2.200001481,2.201766225
0.47365,2.958435665,-2.95432407,-0.734724095,0.733306125,-2.221386914,2.223231447
0.4737,2.970670639,-2.966568126,-0.719716761,0.718247017,-2.248619237,2.250544605
0.47375,2.897245584,-2.89320039,-0.673773915,0.672254925,-2.227755736,2.229762801
0.4738,2.725975203,-2.722045672,-0.600565417,0.599002001,-2.123116751,2.125202237
0.47385,2.559857062,-2.556036517,-0.528292844,0.526690281,-2.029375399,2.031535285
0.4739,2.404753399,-2.401035571,-0.463172315,0.461535467,-1.939425359,1.941655838
0.47395,2.262094117,-2.258473153,-0.409408621,0.407741897,-1.850559647,1.852857106
0.474,2.13121973,-2.127690192,-0.364782003,0.363089369,-1.764338767,1.766699783
0.47405,2.010275228,-2.006832078,-0.324075764,0.322360808,-1.684124686,1.686546048
0.4741,1.897852583,-1.894491165,-0.283816835,0.282082838,-1.611982674,1.6144614
0.47415,1.793842912,-1.790558945,-0.244212241,0.242462217,-1.547597025,1.550130373
0.4742,1.699037625,-1.695827191,-0.207667365,0.20590407,-1.489353959,1.491939422
0.47425,1.614127949,-1.610987494,-0.176078973,0.174304903,-1.436048131,1.438683436
0.4743,1.539034403,-1.53596073,-0.149314611,0.147532015,-1.387732701,1.390415806
0.47435,1.472985738,-1.469975992,-0.125644127,0.123855039,-1.345366731,1.348095834
0.4744,1.415089942,-1.412141605,-0.103217608,0.101423887,-1.309908255,1.312681798
0.47445,1.364846671,-1.361957544,-0.081205739,0.079409104,-1.281686347,1.284503025
0.4745,1.322240912,-1.319409108,-0.059883627,0.058085685,-1.260410974,1.263269733
0.47455,1.287457005,-1.284680938,-0.039906966,0.038109222,-1.245610857,1.248510897
0.4746,1.260515385,-1.257793763,-0.021524855,0.019728734,-1.237057393,1.239998166
0.47465,1.241111471,-1.238443285,-0.004300026,0.002506889,-1.234883316,1.237864526
0.4747,1.228721413,-1.226105928,0.012594636,-0.014416038,-1.239407696,1.242429303
0.47475,1.222838563,-1.220275304,0.02994122,-0.031756922,-1.250874889,1.25393711
0.4748,1.223129675,-1.220618416,0.048097819,-0.049906486,-1.269324545,1.272427851
0.47485,1.229444478,-1.22698523,0.067078327,-0.06887859,-1.294620752,1.297765873
0.4749,1.241683992,-1.239276994,0.086812115,-0.088602548,-1.326593865,1.329781785
0.47495,1.259662498,-1.257308208,0.107397085,-0.109176193,-1.365156014,1.368387969
0.475,1.283060673,-1.280759755,0.129165468,-0.130931665,-1.410320042,1.41359752
0.47505,1.311482872,-1.309236184,0.152563707,-0.154315298,-1.462136662,1.4654614
0.4751,1.344555796,-1.342364379,0.177975622,-0.179710783,-1.520616297,1.523990282
0.47515,1.38199004,-1.37985511,0.205625832,-0.207342593,-1.585694057,1.589119518
0.4752,1.423568751,-1.421491681,0.235611814,-0.237308043,-1.657250439,1.660729849
0.47525,1.469086922,-1.467069239,0.26801151,-0.269684899,-1.73515825,1.73869432
0.4753,1.518295683,-1.516339052,0.30297224,-0.304620291,-1.819315795,1.822911471
0.47535,1.570891638,-1.568997853,0.340721129,-0.342341142,-1.909646653,1.91330511
0.4754,1.626550683,-1.624721657,0.381506907,-0.383095966,-2.006075287,2.009799926
0.47545,1.684972878,-1.683210632,0.425530775,-0.427085736,-2.108502788,2.112297234
0.4755,1.745902769,-1.74420942,0.472919996,-0.474437476,-2.216800784,2.220668877
0.47555,1.809114513,-1.807492266,0.523754964,-0.525231329,-2.33082364,2.334769432
0.4756,1.874380091,-1.872831228,0.578117925,-0.579549285,-2.45042539,2.454453139
0.47565,1.94144897,-1.939975841,0.63612119,-0.637503389,-2.575467613,2.579581776
0.4757,2.010053724,-2.008658736,0.697896871,-0.699225479,-2.705814789,2.710020021
0.47575,2.079932834,-2.078618442,0.763564094,-0.764834402,-2.841324315,2.845625455
0.4758,2.150849152,-2.149617851,0.833204886,-0.834411898,-2.981840857,2.98624293
0.47585,2.222589534,-2.22144385,0.90686712,-0.908005549,-3.127198924,3.131707128
0.4759,2.23717145,-2.236113577,0.958751567,-0.959816333,-3.18703702,3.191603359
0.47595,2.166913394,-2.165941492,0.978103717,-0.979092828,-3.142759251,3.147315503
0.476,2.108108335,-2.107219852,0.994096733,-0.995009141,-3.099888249,3.104434436
0.47605,2.057664164,-2.056856778,1.007020269,-1.007854895,-3.062374404,3.066910549
0.4761,1.965201371,-1.964505012,1.006125978,-1.006881443,-2.975644541,2.980170666
0.47615,1.846020713,-1.84547024,0.970778992,-0.971456956,-2.814538153,2.81905428
0.4762,1.717362339,-1.716947488,0.955416319,-0.956018446,-2.670619336,2.675125487
0.47625,1.588240972,-1.587952155,0.954022659,-0.954550372,-2.540134984,2.544631182
0.4763,1.472079443,-1.471907838,0.95023165,-0.95068624,-2.420209453,2.424695719
0.47635,1.376402634,-1.376340275,0.935505404,-0.935888138,-2.309830048,2.314306404
0.4764,1.298073919,-1.298113692,0.913870809,-0.914182934,-2.209887443,2.214353912
0.47645,1.228376731,-1.228512279,0.895299474,-0.895542112,-2.121636997,2.126093599
0.4765,1.161004575,-1.161230181,0.886507662,-0.886681693,-2.045488676,2.049935435
0.47655,1.095929826,-1.09624035,0.887060052,-0.887166058,-1.980979675,1.985416612
0.4766,1.037381354,-1.037772219,0.892065947,-0.892104213,-1.927448299,1.931875435
0.47665,0.989147197,-0.989614405,0.8974052,-0.897375746,-1.884562595,1.888979953
0.4767,0.951485166,-0.952025284,0.902829777,-0.902732356,-1.852332492,1.856740091
0.47675,0.921495506,-0.922105624,0.911288454,-0.911122522,-1.830807121,1.835204985
0.4768,0.895737525,-0.896415188,0.926083631,-0.92584829,-1.819848242,1.824236392
0.47685,0.872566577,-0.873309726,0.948565015,-0.948258971,-1.819160916,1.823539374
0.4769,0.852550571,-0.853357505,0.977882372,-0.977503914,-1.828462788,1.832831574
0.47695,0.837154391,-0.838023748,1.012396771,-1.011943772,-1.847579774,1.85193891
0.477,0.827092441,-0.828023175,1.051269913,-1.050739823,-1.876387922,1.88073743
0.47705,0.821639202,-0.822630553,1.095030769,-1.094420608,-1.914690616,1.919030516
0.4771,0.819173626,-0.820225083,1.144979012,-1.144285343,-1.962166375,1.966496689
0.47715,0.818265667,-0.819376914,1.202163473,-1.201382383,-2.018433844,2.022754593
0.4772,0.81837522,-0.819546101,1.266793341,-1.265920422,-2.08316194,2.087473145
0.47725,0.819729696,-0.820960183,1.338407923,-1.337438264,-2.156117192,2.160418874
0.4773,0.82265398,-0.823944149,1.416492063,-1.415420251,-2.237109131,2.241401312
0.47735,0.826980735,-0.828330739,1.500967711,-1.499787823,-2.325892154,2.330174854
0.4774,0.831978029,-0.833388068,1.592217755,-1.590923359,-2.422116986,2.426390226
0.47745,0.83674493,-0.838215217,1.690732214,-1.689316354,-2.525372457,2.529636258
0.4775,0.840669632,-0.84220036,1.796738308,-1.795193503,-2.63527371,2.639528093
0.47755,0.843571567,-0.845162881,1.910110599,-1.908428837,-2.751514449,2.755759434
0.4776,0.845472999,-0.847124975,2.030572354,-2.028745098,-2.873839909,2.878075517
0.47765,0.84625917,-0.84797179,2.15796159,-2.15597978,-3.001973039,3.006199291
0.4777,0.832117839,-0.833891222,2.239966976,-2.237858798,-3.076415234,3.08063215
0.47775,0.784691836,-0.786523319,2.28219044,-2.280001305,-3.064587989,3.06879559
0.4778,0.755419075,-0.757306104,2.311382339,-2.309111326,-3.064565957,3.068764263
0.47785,0.740703332,-0.742643627,2.335141187,-2.332787299,-3.073598783,3.077787815
0.4779,0.704447603,-0.706438573,2.304320577,-2.301883055,-2.999929309,3.004059095
0.47795,0.637214138,-0.639250899,2.192462324,-2.189944548,-2.827498214,2.831508163
0.478,0.56135177,-0.563428908,2.09816524,-2.095571311,-2.65731003,2.661206969
0.47805,0.486900141,-0.489012576,2.011458249,-2.008792023,-2.49618631,2.499976671
0.4781,0.425673503,-0.427816592,1.924463988,-1.921729121,-2.347996703,2.351686502
0.47815,0.379367431,-0.381537022,1.836284412,-1.833484387,-2.213539211,2.217134042
0.4782,0.340914086,-0.343106468,1.751650007,-1.748788114,-2.090476814,2.093981861
0.47825,0.302459283,-0.304671077,1.675484374,-1.672563681,-1.97587918,1.979299235
0.4783,0.261533741,-0.263761825,1.609089273,-1.606112602,-1.868578979,1.871918463
0.47835,0.221153088,-0.223394572,1.550375581,-1.547345511,-1.76950289,1.772765863
0.4784,0.185663047,-0.187915293,1.496605324,-1.493524195,-1.68025885,1.683449008
0.47845,0.156810733,-0.159071367,1.446738069,-1.443607997,-1.601553743,1.604674423
0.4785,0.132927989,-0.13519488,1.401758254,-1.398581121,-1.532704028,1.535758216
0.47855,0.110891386,-0.113162595,1.363398271,-1.360175718,-1.472318814,1.475309155
0.4786,0.088586729,-0.090860466,1.332710338,-1.329443756,-1.419336236,1.422265053
0.47865,0.065935044,-0.068209628,1.309569848,-1.306260372,-1.373552794,1.376422098
0.4787,0.04416095,-0.046434801,1.293169171,-1.289817682,-1.335385553,1.338197051
0.47875,0.024335418,-0.026607041,1.282838339,-1.279445466,-1.30523558,1.307990684
0.4788,0.006436145,-0.008704121,1.278511305,-1.275077427,-1.283014582,1.285714416
0.47885,-0.010554434,0.008318539,1.28062666,-1.277151902,-1.268128062,1.270773471
0.4789,-0.027870635,0.025641048,1.289665599,-1.286149833,-1.259856059,1.262447625
0.47895,-0.046242608,0.044020691,1.305849788,-1.302292626,-1.257670531,1.260208585
0.479,-0.065712686,0.063499834,1.32904591,-1.325446709,-1.261397734,1.263882365
0.47905,-0.085972399,0.083770059,1.35896641,-1.355324271,-1.271058578,1.273489644
0.4791,-0.1068544,0.10466408,1.395404149,-1.391717921,-1.286613224,1.288990365
0.47915,-0.128594581,0.126417872,1.438337523,-1.434605803,-1.307804115,1.310126758
0.4792,-0.151738234,0.149576829,1.487869291,-1.484090427,-1.33418864,1.336456014
0.47925,-0.176844491,0.174700203,1.544088851,-1.540260944,-1.365296977,1.367508123
0.4793,-0.204246547,0.202121331,1.606975764,-1.603096667,-1.400775383,1.402929169
0.47935,-0.234023969,0.231919938,1.676400945,-1.67246827,-1.44041509,1.442510218
0.4794,-0.26615644,0.264075876,1.752198078,-1.748209197,-1.484069971,1.486104988
0.47945,-0.300706047,0.298651419,1.834235592,-1.830187642,-1.531546228,1.533519541
0.4795,-0.337889306,0.335863277,1.922437695,-1.918327582,-1.582551407,1.584461287
0.47955,-0.378010884,0.376016329,2.01675302,-2.012577424,-1.636729316,1.638573915
0.4796,-0.421338576,0.419378591,2.117107898,-2.112863274,-1.693738324,1.695515681
0.47965,-0.468025815,0.466103734,2.22338307,-2.219065657,-1.753305562,1.755013615
0.4797,-0.518130242,0.516249645,2.335425472,-2.331031295,-1.815220141,1.816856739
0.47975,-0.571693804,0.569858522,2.453077435,-2.448602312,-1.879282254,1.880845166
0.4798,-0.628809212,0.627023339,2.576196736,-2.571636284,-1.945256773,1.946743696
0.47985,-0.68962301,0.687890911,2.704654565,-2.700004204,-2.012868139,2.014276709
0.4799,-0.754285632,0.752611947,2.838318961,-2.833573921,-2.081833751,2.083161553
0.47995,-0.82289988,0.821289533,2.977041073,-2.972196402,-2.151901743,2.153146319
0.48,-0.895511117,0.89396932,3.120655131,-3.115705697,-2.222860767,2.224019625
0.48005,-0.946590727,0.945122485,3.178867533,-3.173861191,-2.236578541,2.23764952
0.4801,-0.965555582,0.964162852,3.13312182,-3.128126537,-2.16526081,2.166245791
0.48015,-0.98098543,0.97966923,3.088747045,-3.083762796,-2.10553249,2.106434066
0.4802,-0.993244596,0.992005968,3.049719506,-3.044746267,-2.054252916,2.055073446
0.48025,-0.991763229,0.990603514,2.961327907,-2.956365653,-1.960757883,1.961467531
0.4803,-0.955998554,0.954916062,2.798287054,-2.793335762,-1.840139296,1.840703371
0.48035,-0.940207546,0.939200582,2.652511904,-2.647571549,-1.710123109,1.710551985
0.4804,-0.938228732,0.937295834,2.520202575,-2.515273132,-1.579823883,1.580127249
0.48045,-0.933631782,0.932771615,2.398425566,-2.393507011,-1.462671203,1.462857977
0.4805,-0.91796712,0.917178364,2.286157668,-2.281249978,-1.366091964,1.366170198
0.48055,-0.895398257,0.894679607,2.184322001,-2.179425152,-1.286846199,1.286823089
0.4806,-0.875945514,0.875295786,2.094211229,-2.089325196,-1.216206574,1.216088551
0.48065,-0.866257845,0.865676092,2.016250118,-2.011374877,-1.147949105,1.147741953
0.4807,-0.865799602,0.865285172,1.949967904,-1.945103432,-1.082138819,1.081847742
0.48075,-0.869641114,0.869193643,1.894687984,-1.889834257,-1.023028929,1.022658554
0.4808,-0.873705584,0.873324971,1.850071159,-1.845228153,-0.974357192,0.973911566
0.48085,-0.877818289,0.877504694,1.816132098,-1.811299789,-0.936313156,0.935795749
0.4809,-0.884967581,0.884721457,1.792932038,-1.788110403,-0.905969824,0.905383578
0.48095,-0.89844175,0.898263902,1.780344788,-1.775533804,-0.879912771,0.879260168
0.481,-0.919550947,0.919442572,1.778082137,-1.773281779,-0.856543641,0.855826757
0.48105,-0.947420591,0.947383298,1.785862063,-1.781072308,-0.836454968,0.835675515
0.4811,-0.98041989,0.980455704,1.803507264,-1.798728089,-0.821100206,0.820259552
0.48115,-1.017737954,1.017849318,1.830891589,-1.82612297,-0.81116405,0.810263237
0.4812,-1.059925995,1.060115782,1.867820431,-1.863062345,-0.80590061,0.804940389
0.48125,-1.108287857,1.108559393,1.913978269,-1.909230693,-0.803690422,0.80267129
0.4813,-1.16386409,1.164221176,1.968990375,-1.964253285,-0.803118072,0.802040322
0.48135,-1.226857106,1.227304038,2.032529373,-2.027802747,-0.803653607,0.802517369
0.4814,-1.296809134,1.297350708,2.104361567,-2.099645382,-0.80552092,0.804326187
0.48145,-1.373214829,1.373856346,2.184294486,-2.179588718,-0.809032685,0.807779343
0.4815,-1.456004821,1.456752087,2.272081973,-2.267386599,-0.814011906,0.812699758
0.48155,-1.545565106,1.546424439,2.367377022,-2.36269202,-0.81972535,0.818354146
0.4816,-1.642385533,1.643363775,2.469772022,-2.465097368,-0.825275305,0.823844777
0.48165,-1.746694832,1.74779935,2.578884219,-2.574219891,-0.830050016,0.828559911
0.4817,-1.858372571,1.859611264,2.694406718,-2.689752693,-0.833862734,0.832312843
0.48175,-1.977147816,1.97852911,2.816082783,-2.811439038,-0.836727357,0.835117537
0.4818,-2.102861642,2.104394487,2.943634382,-2.939000895,-0.838524476,0.836854672
0.48185,-2.183525309,2.185182308,3.017682131,-3.013058879,-0.825275412,0.823545433
0.4819,-2.224996933,2.226733803,3.005688062,-3.001075023,-0.778421607,0.776634066
0.48195,-2.253424204,2.255241839,3.005460104,-3.000857255,-0.749691266,0.747848673
0.482,-2.27634626,2.278245632,3.014292433,-3.009699751,-0.735592274,0.733696864
0.48205,-2.244688987,2.246670829,2.940320567,-2.935786973,-0.699897404,0.697951722
0.4821,-2.132098931,2.134159841,2.767386984,-2.762971686,-0.63297826,0.63098717
0.48215,-2.037072598,2.039208459,2.596780681,-2.592476843,-0.557503899,0.5554728
0.4822,-1.949723192,1.951930128,2.435235131,-2.43103631,-0.483342089,0.481276042
0.48225,-1.862160584,1.864434916,2.286572759,-2.282472928,-0.42227328,0.420176907
0.4823,-1.77337417,1.775712396,2.151639023,-2.147632579,-0.376153803,0.374031233
0.48235,-1.687995753,1.69039456,2.028183384,-2.024265137,-0.338101647,0.335956561
0.4824,-1.610962747,1.613419044,1.913309813,-1.909474964,-0.300283621,0.298119366
0.48245,-1.543686688,1.546197628,1.805802744,-1.802046868,-0.260072818,0.257892478
0.4825,-1.484180473,1.486743454,1.706510952,-1.702829985,-0.220305293,0.218111716
0.48255,-1.42971523,1.432327885,1.617010263,-1.613400506,-0.185285936,0.183081718
0.4826,-1.379172327,1.381832519,1.53804693,-1.534505044,-0.156879829,0.154667299
0.48265,-1.33344844,1.336154262,1.469007914,-1.465530913,-0.133577441,0.131358684
0.4827,-1.294251978,1.297001762,1.408541349,-1.40512659,-0.112318649,0.11009555
0.48275,-1.262684991,1.265477322,1.355564105,-1.352209268,-0.090918383,0.088692677
0.4828,-1.238696883,1.241530599,1.30981561,-1.306518688,-0.069166755,0.066940061
0.48285,-1.221518963,1.224393159,1.271670574,-1.268429865,-0.048207238,0.045981078
0.4829,-1.210463639,1.213377661,1.241534578,-1.238348678,-0.029133076,0.02690888
0.48295,-1.205415855,1.2083693,1.219361538,-1.216229332,-0.012013296,0.009792419
0.483,-1.206769508,1.209762226,1.204607599,-1.20152825,0.004097987,-0.006305221
0.48305,-1.215032542,1.21806464,1.196537177,-1.193510116,0.020424323,-0.022625676
0.4831,-1.230436337,1.233508177,1.194619103,-1.191644013,0.037743607,-0.039937789
0.48315,-1.25288408,1.255996282,1.198641031,-1.195717837,0.056167902,-0.058353592
0.4832,-1.282102514,1.285255955,1.208603118,-1.205731978,0.075423772,-0.077599601
0.48325,-1.317874325,1.321070136,1.224472967,-1.221654259,0.09532635,-0.097490884
0.4833,-1.360156781,1.363396344,1.246018797,-1.243253113,0.116064744,-0.118216471
0.48335,-1.409039344,1.412324292,1.272819548,-1.270107679,0.13814955,-0.140286858
0.4834,-1.464615147,1.46794736,1.304406327,-1.301749254,0.162142885,-0.164264041
0.48345,-1.526879251,1.530260858,1.340407163,-1.337806043,0.188411886,-0.190515016
0.4835,-1.595716894,1.599150266,1.38059178,-1.378047935,0.217072185,-0.21915526
0.48355,-1.67096537,1.67445312,1.424805494,-1.422320402,0.248115888,-0.250176706
0.4836,-1.752486324,1.756031301,1.472862929,-1.470438212,0.281590153,-0.283626331
0.48365,-1.840194749,1.843800033,1.524487252,-1.522124667,0.317686953,-0.319695909
0.4837,-1.934035752,1.937704652,1.5793309,-1.577032325,0.356699117,-0.358678061
0.48375,-2.033939869,2.037675919,1.637046989,-1.634814416,0.398904233,-0.400850149
0.4838,-2.139795377,2.143602327,1.697348557,-1.69518408,0.444477714,-0.446387353
0.48385,-2.251453898,2.255335717,1.760013272,-1.757919074,0.493493702,-0.495363567
0.4839,-2.368756855,2.372717716,1.824840349,-1.822818697,0.545994593,-0.547820933
0.48395,-2.491557719,2.495602002,1.891602288,-1.889655519,0.602061556,-0.603840358
0.484,-2.619724384,2.623856663,1.96003089,-1.958161405,0.661830887,-0.663557866
0.48405,-2.753125185,2.757350226,2.029843095,-2.028053346,0.725454187,-0.727124782
0.4841,-2.891614132,2.895936888,2.100778889,-2.09907137,0.793045698,-0.794655062
0.48415,-3.035027828,3.039453431,2.172617929,-2.170995171,0.864662581,-0.866205578
0.4842,-3.093205868,3.097687795,2.187125036,-2.185589239,0.914960118,-0.916431818
0.48425,-3.047661292,3.052133318,2.116394993,-2.114944306,0.933516751,-0.934915238
0.4843,-3.003488928,3.007951076,2.05723547,-2.05586733,0.948562144,-0.949886435
0.48435,-2.964649434,2.969101726,2.006580619,-2.005292695,0.960369955,-0.961619045
0.4844,-2.932200244,2.9366427,1.960328644,-1.959118813,0.974166906,-0.975339726
0.48445,-2.851302504,2.855735148,1.8699645,-1.868861297,0.977007664,-0.978102789
0.4845,-2.696158248,2.7005811,1.754384054,-1.753420586,0.944025053,-0.945044123
0.48455,-2.55752001,2.561933092,1.631596213,-1.630762645,0.92807467,-0.929019344
0.4846,-2.431991864,2.436395198,1.509646052,-1.508933231,0.924468027,-0.925339744
0.48465,-2.317191835,2.321585443,1.399928191,-1.399327723,0.919360654,-0.920160709
0.4847,-2.212264214,2.216648117,1.308953565,-1.308457884,0.905385622,-0.906115261
0.48475,-2.117914107,2.122288326,1.234174932,-1.233777294,0.885794895,-0.886455312
0.4848,-2.035152662,2.039517219,1.168128004,-1.167822403,0.869063613,-0.869655859
0.48485,-1.964305112,1.968660028,1.105192658,-1.104973718,0.861136941,-0.861661823
0.4849,-1.904979306,1.909324603,1.045040785,-1.044903703,0.8619507,-0.862408721
0.48495,-1.856612042,1.860947741,0.991114122,-0.991054643,0.867499827,-0.86789119
0.485,-1.818903009,1.823229131,0.946685829,-0.946700259,0.874210714,-0.874535337
0.48505,-1.791826954,1.79614352,0.912111796,-0.912196981,0.881702089,-0.881959608
0.4851,-1.77538577,1.779692802,0.884971432,-0.885124725,0.892396338,-0.892586076
0.48515,-1.769421947,1.773719465,0.862213807,-0.862432997,0.909186846,-0.909307763
0.4852,-1.773645644,1.777933669,0.84221243,-0.842495694,0.933410266,-0.933460923
0.48525,-1.78777914,1.792057695,0.82525737,-0.825603228,0.964498852,-0.964477385
0.4853,-1.811639738,1.815908841,0.812525289,-0.812932582,1.001093296,-1.000997413
0.48535,-1.84508962,1.849349294,0.804657164,-0.805125031,1.04241487,-1.042241849
0.4854,-1.887926653,1.892176918,0.801076254,-0.801604106,1.088838268,-1.088584944
0.48545,-1.939834335,1.944075212,0.800368224,-0.800955698,1.141461438,-1.141124186
0.4855,-2.000435939,2.004667448,0.801197121,-0.801844039,1.201243758,-1.200818468
0.48555,-2.06939373,2.073615892,0.802959488,-0.80366582,1.268451125,-1.267933188
0.4856,-2.146457356,2.150670192,0.805749164,-0.80651499,1.342739546,-1.342123848
0.48565,-2.231421074,2.235624604,0.809810051,-0.810635541,1.423659584,-1.422940501
0.4857,-2.324036197,2.328230443,0.815001561,-0.815886948,1.511103369,-1.510274763
0.48575,-2.423961724,2.428146705,0.820684822,-0.82163037,1.605369009,-1.604424228
0.4858,-2.53079512,2.534970857,0.826033201,-0.827039174,1.706880867,-1.705812735
0.48585,-2.644150169,2.648316682,0.830438678,-0.831505309,1.815861027,-1.814661838
0.4859,-2.763709059,2.767866368,0.833670662,-0.834798124,1.932222561,-1.930884079
0.48595,-2.889204838,2.893352964,0.835705407,-0.836893789,2.055722572,-2.054236035
0.486,-2.961534163,2.965673126,0.822661294,-0.82391083,2.134515231,-2.132907386
0.48605,-2.948279966,2.952409786,0.775848275,-0.777156361,2.174697156,-2.173011283
0.4861,-2.946763217,2.950883914,0.747201956,-0.748566093,2.201766224,-2.200001481
0.48615,-2.954324069,2.958435664,0.733306125,-0.734724094,2.223231447,-2.221386913
0.4862,-2.966568126,2.970670638,0.718247017,-0.719716761,2.250544604,-2.248619236
0.48625,-2.893200389,2.897245583,0.672254925,-0.673773915,2.2297628,-2.227755736
0.4863,-2.722045671,2.725975202,0.599002001,-0.600565417,2.125202236,-2.12311675
0.48635,-2.556036517,2.559857061,0.526690281,-0.528292844,2.031535285,-2.029375399
0.4864,-2.40103557,2.404753399,0.461535467,-0.463172315,1.941655837,-1.939425358
0.48645,-2.258473152,2.262094116,0.407741897,-0.40940862,1.852857105,-1.850559646
0.4865,-2.127690191,2.131219729,0.363089369,-0.364782002,1.766699783,-1.764338767
0.48655,-2.006832077,2.010275227,0.322360808,-0.324075764,1.686546047,-1.684124686
0.4866,-1.894491165,1.897852582,0.282082838,-0.283816835,1.6144614,-1.611982674
0.48665,-1.790558944,1.793842911,0.242462217,-0.244212241,1.550130372,-1.547597025
0.4867,-1.69582719,1.699037624,0.20590407,-0.207667365,1.491939421,-1.489353958
0.48675,-1.610987493,1.614127948,0.174304903,-0.176078973,1.438683435,-1.43604813
0.4868,-1.535960729,1.539034403,0.147532015,-0.149314611,1.390415806,-1.3877327
0.48685,-1.469975992,1.472985737,0.123855039,-0.125644126,1.348095834,-1.34536673
0.4869,-1.412141605,1.415089941,0.101423887,-0.103217608,1.312681798,-1.309908254
0.48695,-1.361957544,1.36484667,0.079409104,-0.081205739,1.284503024,-1.281686346
0.487,-1.319409107,1.322240911,0.058085685,-0.059883627,1.263269732,-1.260410973
0.48705,-1.284680938,1.287457005,0.038109222,-0.039906966,1.248510897,-1.245610857
0.4871,-1.257793762,1.260515385,0.019728734,-0.021524855,1.239998165,-1.237057392
0.48715,-1.238443285,1.241111471,0.002506889,-0.004300026,1.237864525,-1.234883315
0.4872,-1.226105927,1.228721412,-0.014416038,0.012594636,1.242429303,-1.239407695
0.48725,-1.220275304,1.222838563,-0.031756921,0.02994122,1.253937109,-1.250874889
0.4873,-1.220618415,1.223129675,-0.049906486,0.048097819,1.272427851,-1.269324544
0.48735,-1.226985229,1.229444478,-0.06887859,0.067078327,1.297765873,-1.294620751
0.4874,-1.239276994,1.241683991,-0.088602548,0.086812115,1.329781784,-1.326593864
0.48745,-1.257308208,1.259662497,-0.109176193,0.107397085,1.368387969,-1.365156014
0.4875,-1.280759755,1.283060673,-0.130931665,0.129165468,1.41359752,-1.410320042
0.48755,-1.309236184,1.311482872,-0.154315298,0.152563707,1.4654614,-1.462136661
0.4876,-1.342364379,1.344555795,-0.179710783,0.177975622,1.523990281,-1.520616297
0.48765,-1.379855109,1.38199004,-0.207342593,0.205625832,1.589119518,-1.585694057
0.4877,-1.421491681,1.42356875,-0.237308043,0.235611814,1.660729849,-1.657250439
0.48775,-1.467069238,1.469086922,-0.269684898,0.26801151,1.738694319,-1.735158249
0.4878,-1.516339051,1.518295683,-0.304620291,0.30297224,1.82291147,-1.819315795
0.48785,-1.568997853,1.570891638,-0.342341142,0.340721129,1.913305109,-1.909646653
0.4879,-1.624721657,1.626550683,-0.383095966,0.381506906,2.009799926,-2.006075286
0.48795,-1.683210632,1.684972878,-0.427085736,0.425530775,2.112297233,-2.108502787
0.488,-1.74420942,1.745902769,-0.474437475,0.472919996,2.220668876,-2.216800783
0.48805,-1.807492266,1.809114512,-0.525231329,0.523754964,2.334769431,-2.33082364
0.4881,-1.872831228,1.874380091,-0.579549285,0.578117925,2.454453138,-2.45042539
0.48815,-1.93997584,1.941448969,-0.637503389,0.63612119,2.579581776,-2.575467612
0.4882,-2.008658735,2.010053724,-0.699225479,0.69789687,2.71002002,-2.705814789
0.48825,-2.078618441,2.079932833,-0.764834402,0.763564093,2.845625455,-2.841324315
0.4883,-2.149617851,2.150849152,-0.834411898,0.833204886,2.986242929,-2.981840857
0.48835,-2.22144385,2.222589533,-0.908005548,0.90686712,3.131707128,-3.127198924
0.4884,-2.236113577,2.237171449,-0.959816333,0.958751567,3.191603358,-3.18703702
0.48845,-2.165941492,2.166913394,-0.979092828,0.978103717,3.147315503,-3.142759251
0.4885,-2.107219851,2.108108335,-0.995009141,0.994096733,3.104434436,-3.099888249
0.48855,-2.056856778,2.057664164,-1.007854895,1.007020269,3.066910549,-3.062374404
0.4886,-1.964505012,1.965201371,-1.006881443,1.006125977,2.980170665,-2.975644541
0.48865,-1.84547024,1.846020713,-0.971456956,0.970778991,2.819054279,-2.814538153
0.4887,-1.716947488,1.717362339,-0.956018446,0.955416319,2.675125487,-2.670619336
0.48875,-1.587952155,1.588240972,-0.954550372,0.954022658,2.544631181,-2.540134984
0.4888,-1.471907838,1.472079443,-0.95068624,0.95023165,2.424695718,-2.420209452
0.48885,-1.376340275,1.376402633,-0.935888138,0.935505404,2.314306403,-2.309830047
0.4889,-1.298113692,1.298073919,-0.914182934,0.913870809,2.214353911,-2.209887443
0.48895,-1.228512279,1.228376731,-0.895542112,0.895299474,2.126093599,-2.121636996
0.489,-1.161230181,1.161004575,-0.886681693,0.886507661,2.049935434,-2.045488676
0.48905,-1.09624035,1.095929826,-0.887166058,0.887060052,1.985416611,-1.980979675
0.4891,-1.037772219,1.037381354,-0.892104213,0.892065947,1.931875435,-1.927448299
0.48915,-0.989614405,0.989147197,-0.897375745,0.8974052,1.888979952,-1.884562595
0.4892,-0.952025284,0.951485165,-0.902732356,0.902829777,1.856740091,-1.852332491
0.48925,-0.922105624,0.921495506,-0.911122521,0.911288453,1.835204985,-1.83080712
0.4893,-0.896415188,0.895737525,-0.92584829,0.926083631,1.824236392,-1.819848242
0.48935,-0.873309726,0.872566577,-0.948258971,0.948565015,1.823539373,-1.819160916
0.4894,-0.853357505,0.852550571,-0.977503914,0.977882371,1.832831574,-1.828462787
0.48945,-0.838023748,0.837154391,-1.011943772,1.012396771,1.851938909,-1.847579773
0.4895,-0.828023174,0.827092441,-1.050739823,1.051269913,1.88073743,-1.876387922
0.48955,-0.822630553,0.821639201,-1.094420607,1.095030769,1.919030516,-1.914690615
0.4896,-0.820225083,0.819173626,-1.144285342,1.144979011,1.966496689,-1.962166374
0.48965,-0.819376914,0.818265667,-1.201382383,1.202163473,2.022754593,-2.018433844
0.4897,-0.819546101,0.81837522,-1.265920422,1.266793341,2.087473145,-2.08316194
0.48975,-0.820960183,0.819729696,-1.337438264,1.338407923,2.160418874,-2.156117192
0.4898,-0.823944149,0.82265398,-1.41542025,1.416492063,2.241401312,-2.237109131
0.48985,-0.828330739,0.826980735,-1.499787823,1.50096771,2.330174854,-2.325892154
0.4899,-0.833388068,0.831978029,-1.590923358,1.592217755,2.426390225,-2.422116986
0.48995,-0.838215217,0.83674493,-1.689316354,1.690732214,2.529636258,-2.525372457
0.49,-0.84220036,0.840669632,-1.795193503,1.796738308,2.639528092,-2.63527371
0.49005,-0.845162881,0.843571567,-1.908428836,1.910110599,2.755759434,-2.751514449
0.4901,-0.847124975,0.845472999,-2.028745098,2.030572354,2.878075517,-2.873839909
0.49015,-0.84797179,0.84625917,-2.15597978,2.15796159,3.006199291,-3.001973039
0.4902,-0.833891222,0.832117839,-2.237858797,2.239966976,3.080632149,-3.076415234
0.49025,-0.786523319,0.784691836,-2.280001305,2.28219044,3.068795589,-3.064587989
0.4903,-0.757306104,0.755419075,-2.309111325,2.311382339,3.068764262,-3.064565956
0.49035,-0.742643627,0.740703331,-2.332787299,2.335141187,3.077787815,-3.073598783
0.4904,-0.706438572,0.704447603,-2.301883054,2.304320577,3.004059095,-2.999929309
0.49045,-0.639250899,0.637214138,-2.189944548,2.192462323,2.831508163,-2.827498213
0.4905,-0.563428908,0.56135177,-2.095571311,2.09816524,2.661206969,-2.65731003
0.49055,-0.489012576,0.486900141,-2.008792022,2.011458249,2.499976671,-2.49618631
0.4906,-0.427816592,0.425673503,-1.921729121,1.924463988,2.351686502,-2.347996703
0.49065,-0.381537022,0.379367431,-1.833484387,1.836284412,2.217134042,-2.21353921
0.4907,-0.343106468,0.340914086,-1.748788114,1.751650007,2.093981861,-2.090476814
0.49075,-0.304671077,0.302459282,-1.672563681,1.675484374,1.979299235,-1.97587918
0.4908,-0.263761825,0.261533741,-1.606112602,1.609089273,1.871918463,-1.868578978
0.49085,-0.223394572,0.221153088,-1.54734551,1.550375581,1.772765862,-1.76950289
0.4909,-0.187915293,0.185663046,-1.493524195,1.496605323,1.683449008,-1.68025885
0.49095,-0.159071367,0.156810733,-1.443607997,1.446738069,1.604674423,-1.601553742
0.491,-0.13519488,0.132927989,-1.398581121,1.401758254,1.535758216,-1.532704028
0.49105,-0.113162595,0.110891386,-1.360175718,1.363398271,1.475309155,-1.472318814
0.4911,-0.090860466,0.088586729,-1.329443756,1.332710338,1.422265053,-1.419336236
0.49115,-0.068209628,0.065935044,-1.306260372,1.309569848,1.376422098,-1.373552794
0.4912,-0.046434801,0.04416095,-1.289817682,1.293169171,1.338197051,-1.335385553
0.49125,-0.026607041,0.024335418,-1.279445466,1.282838339,1.307990684,-1.30523558
0.4913,-0.008704121,0.006436145,-1.275077427,1.278511305,1.285714416,-1.283014582
0.49135,0.008318539,-0.010554434,-1.277151902,1.28062666,1.270773471,-1.268128062
0.4914,0.025641048,-0.027870635,-1.286149833,1.289665599,1.262447625,-1.259856059
0.49145,0.044020691,-0.046242608,-1.302292626,1.305849788,1.260208585,-1.257670531
0.4915,0.063499834,-0.065712686,-1.325446709,1.32904591,1.263882365,-1.261397734
0.49155,0.083770059,-0.085972399,-1.355324271,1.35896641,1.273489644,-1.271058578
0.4916,0.10466408,-0.1068544,-1.391717921,1.395404149,1.288990365,-1.286613224
0.49165,0.126417872,-0.128594581,-1.434605803,1.438337523,1.310126758,-1.307804115
0.4917,0.149576829,-0.151738234,-1.484090427,1.487869291,1.336456014,-1.33418864
0.49175,0.174700203,-0.176844491,-1.540260944,1.544088851,1.367508123,-1.365296977
0.4918,0.202121331,-0.204246547,-1.603096667,1.606975764,1.402929169,-1.400775383
0.49185,0.231919938,-0.234023969,-1.67246827,1.676400946,1.442510218,-1.440415091
0.4919,0.264075876,-0.26615644,-1.748209197,1.752198078,1.486104988,-1.484069971
0.49195,0.298651419,-0.300706047,-1.830187643,1.834235592,1.533519541,-1.531546228
0.492,0.335863277,-0.337889306,-1.918327582,1.922437695,1.584461287,-1.582551407
0.49205,0.376016329,-0.378010885,-2.012577424,2.01675302,1.638573915,-1.636729316
0.4921,0.419378591,-0.421338576,-2.112863275,2.117107898,1.695515681,-1.693738325
0.49215,0.466103735,-0.468025815,-2.219065657,2.22338307,1.755013615,-1.753305562
0.4922,0.516249645,-0.518130243,-2.331031296,2.335425472,1.816856739,-1.815220141
0.49225,0.569858523,-0.571693805,-2.448602313,2.453077435,1.880845166,-1.879282254
0.4923,0.627023339,-0.628809212,-2.571636284,2.576196736,1.946743696,-1.945256773
0.49235,0.687890911,-0.68962301,-2.700004204,2.704654565,2.014276709,-2.012868139
0.4924,0.752611947,-0.754285632,-2.833573922,2.838318961,2.083161553,-2.081833751
0.49245,0.821289533,-0.82289988,-2.972196402,2.977041073,2.153146319,-2.151901743
0.4925,0.89396932,-0.895511117,-3.115705697,3.120655132,2.224019625,-2.222860767
0.49255,0.945122486,-0.946590727,-3.173861192,3.178867534,2.23764952,-2.236578541
0.4926,0.964162852,-0.965555582,-3.128126537,3.133121821,2.166245791,-2.16526081
0.49265,0.97966923,-0.98098543,-3.083762796,3.088747045,2.106434067,-2.10553249
0.4927,0.992005968,-0.993244596,-3.044746267,3.049719506,2.055073446,-2.054252916
0.49275,0.990603514,-0.991763229,-2.956365653,2.961327907,1.961467531,-1.960757883
0.4928,0.954916062,-0.955998554,-2.793335762,2.798287054,1.840703371,-1.840139296
0.49285,0.939200582,-0.940207546,-2.647571549,2.652511905,1.710551985,-1.71012311
0.4929,0.937295834,-0.938228732,-2.515273132,2.520202575,1.58012725,-1.579823883
0.49295,0.932771615,-0.933631782,-2.393507012,2.398425566,1.462857977,-1.462671204
0.493,0.917178364,-0.91796712,-2.281249979,2.286157668,1.366170198,-1.366091964
0.49305,0.894679608,-0.895398257,-2.179425152,2.184322002,1.286823089,-1.2868462
0.4931,0.875295786,-0.875945514,-2.089325197,2.09421123,1.216088552,-1.216206575
0.49315,0.865676092,-0.866257845,-2.011374878,2.016250118,1.147741953,-1.147949105
0.4932,0.865285172,-0.865799602,-1.945103432,1.949967904,1.081847742,-1.082138819
0.49325,0.869193644,-0.869641114,-1.889834257,1.894687984,1.022658555,-1.023028929
0.4933,0.873324972,-0.873705584,-1.845228154,1.85007116,0.973911566,-0.974357192
0.49335,0.877504694,-0.877818289,-1.81129979,1.816132099,0.935795749,-0.936313156
0.4934,0.884721458,-0.884967581,-1.788110404,1.792932039,0.905383579,-0.905969824
0.49345,0.898263903,-0.898441751,-1.775533804,1.780344789,0.879260168,-0.879912772
0.4935,0.919442572,-0.919550947,-1.77328178,1.778082138,0.855826757,-0.856543641
0.49355,0.947383298,-0.947420591,-1.781072309,1.785862064,0.835675515,-0.836454968
0.4936,0.980455705,-0.98041989,-1.798728089,1.803507265,0.820259552,-0.821100207
0.49365,1.017849319,-1.017737954,-1.82612297,1.830891589,0.810263237,-0.81116405
0.4937,1.060115783,-1.059925995,-1.863062346,1.867820432,0.804940389,-0.805900611
0.49375,1.108559394,-1.108287858,-1.909230694,1.91397827,0.80267129,-0.803690422
0.4938,1.164221177,-1.16386409,-1.964253286,1.968990375,0.802040322,-0.803118072
0.49385,1.227304039,-1.226857106,-2.027802748,2.032529374,0.802517369,-0.803653607
0.4939,1.297350709,-1.296809134,-2.099645382,2.104361568,0.804326187,-0.80552092
0.49395,1.373856347,-1.37321483,-2.179588718,2.184294486,0.807779344,-0.809032685
0.494,1.456752087,-1.456004821,-2.2673866,2.272081974,0.812699758,-0.814011906
0.49405,1.54642444,-1.545565107,-2.36269202,2.367377023,0.818354146,-0.81972535
0.4941,1.643363775,-1.642385534,-2.465097369,2.469772023,0.823844777,-0.825275305
0.49415,1.747799351,-1.746694833,-2.574219891,2.578884219,0.828559911,-0.830050016
0.4942,1.859611264,-1.858372571,-2.689752694,2.694406719,0.832312843,-0.833862734
0.49425,1.978529111,-1.977147816,-2.811439039,2.816082783,0.835117538,-0.836727357
0.4943,2.104394488,-2.102861643,-2.939000896,2.943634383,0.836854672,-0.838524476
0.49435,2.185182308,-2.183525309,-3.01305888,3.017682132,0.823545433,-0.825275412
0.4944,2.226733803,-2.224996934,-3.001075024,3.005688063,0.776634066,-0.778421607
0.49445,2.25524184,-2.253424205,-3.000857256,3.005460105,0.747848673,-0.749691266
0.4945,2.278245632,-2.276346261,-3.009699752,3.014292434,0.733696864,-0.735592275
0.49455,2.24667083,-2.244688988,-2.935786973,2.940320567,0.697951722,-0.699897404
0.4946,2.134159842,-2.132098931,-2.762971687,2.767386984,0.63098717,-0.63297826
0.49465,2.039208459,-2.037072598,-2.592476844,2.596780682,0.5554728,-0.557503899
0.4947,1.951930128,-1.949723192,-2.431036311,2.435235132,0.481276042,-0.483342089
0.49475,1.864434917,-1.862160584,-2.282472929,2.286572759,0.420176907,-0.42227328
0.4948,1.775712396,-1.773374171,-2.14763258,2.151639023,0.374031233,-0.376153803
0.49485,1.69039456,-1.687995754,-2.024265138,2.028183384,0.335956561,-0.338101647
0.4949,1.613419044,-1.610962747,-1.909474965,1.913309813,0.298119366,-0.300283621
0.49495,1.546197629,-1.543686688,-1.802046868,1.805802745,0.257892478,-0.260072818
0.495,1.486743455,-1.484180474,-1.702829985,1.706510952,0.218111716,-0.220305293
0.49505,1.432327886,-1.42971523,-1.613400506,1.617010264,0.183081718,-0.185285936
0.4951,1.38183252,-1.379172328,-1.534505045,1.538046931,0.154667299,-0.156879829
0.49515,1.336154263,-1.333448441,-1.465530914,1.469007914,0.131358684,-0.133577441
0.4952,1.297001763,-1.294251978,-1.40512659,1.40854135,0.11009555,-0.112318649
0.49525,1.265477323,-1.262684992,-1.352209268,1.355564106,0.088692677,-0.090918383
0.4953,1.2415306,-1.238696883,-1.306518689,1.309815611,0.066940061,-0.069166755
0.49535,1.22439316,-1.221518963,-1.268429865,1.271670574,0.045981078,-0.048207238
0.4954,1.213377662,-1.210463639,-1.238348678,1.241534578,0.02690888,-0.029133076
0.49545,1.208369301,-1.205415856,-1.216229333,1.219361539,0.009792419,-0.012013296
0.4955,1.209762227,-1.206769508,-1.201528251,1.204607599,-0.006305221,0.004097987
0.49555,1.21806464,-1.215032543,-1.193510117,1.196537178,-0.022625676,0.020424323
0.4956,1.233508177,-1.230436338,-1.191644013,1.194619103,-0.039937789,0.037743607
0.49565,1.255996282,-1.25288408,-1.195717837,1.198641031,-0.058353592,0.056167902
0.4957,1.285255956,-1.282102515,-1.205731978,1.208603119,-0.077599601,0.075423773
0.49575,1.321070137,-1.317874326,-1.22165426,1.224472968,-0.097490884,0.09532635
0.4958,1.363396345,-1.360156782,-1.243253114,1.246018798,-0.118216471,0.116064744
0.49585,1.412324293,-1.409039345,-1.27010768,1.272819549,-0.140286858,0.138149551
0.4959,1.467947361,-1.464615148,-1.301749255,1.304406328,-0.164264041,0.162142886
0.49595,1.530260859,-1.526879252,-1.337806044,1.340407164,-0.190515016,0.188411886
0.496,1.599150267,-1.595716895,-1.378047936,1.380591781,-0.21915526,0.217072185
0.49605,1.674453121,-1.670965371,-1.422320402,1.424805494,-0.250176707,0.248115888
0.4961,1.756031301,-1.752486325,-1.470438212,1.472862929,-0.283626331,0.281590153
0.49615,1.843800033,-1.840194749,-1.522124667,1.524487253,-0.319695909,0.317686953
0.4962,1.937704653,-1.934035753,-1.577032326,1.579330901,-0.358678061,0.356699117
0.49625,2.037675919,-2.03393987,-1.634814417,1.63704699,-0.40085015,0.398904233
0.4963,2.143602328,-2.139795378,-1.695184081,1.697348558,-0.446387353,0.444477714
0.49635,2.255335718,-2.251453899,-1.757919075,1.760013272,-0.495363567,0.493493702
0.4964,2.372717717,-2.368756856,-1.822818698,1.82484035,-0.547820933,0.545994593
0.49645,2.495602002,-2.49155772,-1.88965552,1.891602288,-0.603840358,0.602061556
0.4965,2.623856664,-2.619724385,-1.958161405,1.96003089,-0.663557866,0.661830887
0.49655,2.757350227,-2.753125186,-2.028053346,2.029843096,-0.727124783,0.725454188
0.4966,2.895936889,-2.891614132,-2.099071371,2.100778889,-0.794655063,0.793045698
0.49665,3.039453431,-3.035027829,-2.170995171,2.172617929,-0.866205579,0.864662581
0.4967,3.097687796,-3.093205869,-2.18558924,2.187125037,-0.916431818,0.914960118
0.49675,3.052133319,-3.047661293,-2.114944307,2.116394993,-0.934915238,0.933516751
0.4968,3.007951077,-3.003488929,-2.055867331,2.057235471,-0.949886436,0.948562144
0.49685,2.969101726,-2.964649435,-2.005292695,2.006580619,-0.961619045,0.960369955
0.4969,2.936642701,-2.932200245,-1.959118813,1.960328645,-0.975339726,0.974166906
0.49695,2.855735148,-2.851302505,-1.868861297,1.8699645,-0.978102789,0.977007664
0.497,2.7005811,-2.696158249,-1.753420587,1.754384054,-0.945044123,0.944025053
0.49705,2.561933093,-2.557520011,-1.630762645,1.631596213,-0.929019344,0.92807467
0.4971,2.436395199,-2.431991865,-1.508933231,1.509646052,-0.925339744,0.924468027
0.49715,2.321585444,-2.317191836,-1.399327724,1.399928192,-0.920160709,0.919360654
0.4972,2.216648118,-2.212264215,-1.308457884,1.308953565,-0.906115261,0.905385622
0.49725,2.122288327,-2.117914107,-1.233777294,1.234174932,-0.886455312,0.885794895
0.4973,2.039517219,-2.035152662,-1.167822403,1.168128005,-0.86965586,0.869063614
0.49735,1.968660029,-1.964305113,-1.104973719,1.105192658,-0.861661823,0.861136942
0.4974,1.909324604,-1.904979307,-1.044903703,1.045040786,-0.862408721,0.8619507
0.49745,1.860947742,-1.856612043,-0.991054644,0.991114122,-0.86789119,0.867499828
0.4975,1.823229132,-1.81890301,-0.946700259,0.94668583,-0.874535338,0.874210715
0.49755,1.796143521,-1.791826955,-0.912196982,0.912111796,-0.881959609,0.881702089
0.4976,1.779692803,-1.775385771,-0.885124725,0.884971433,-0.892586077,0.892396339
0.49765,1.773719466,-1.769421948,-0.862432998,0.862213807,-0.909307764,0.909186846
0.4977,1.77793367,-1.773645644,-0.842495695,0.84221243,-0.933460923,0.933410267
0.49775,1.792057695,-1.787779141,-0.825603228,0.82525737,-0.964477385,0.964498853
0.4978,1.815908842,-1.811639739,-0.812932582,0.812525289,-1.000997413,1.001093296
0.49785,1.849349294,-1.845089621,-0.805125032,0.804657164,-1.042241849,1.04241487
0.4979,1.892176919,-1.887926654,-0.801604106,0.801076254,-1.088584944,1.088838268
0.49795,1.944075213,-1.939834336,-0.800955698,0.800368225,-1.141124186,1.141461439
0.498,2.004667449,-2.000435939,-0.80184404,0.801197121,-1.200818469,1.201243759
0.49805,2.073615893,-2.06939373,-0.80366582,0.802959489,-1.267933189,1.268451125
0.4981,2.150670193,-2.146457357,-0.80651499,0.805749164,-1.342123849,1.342739547
0.49815,2.235624605,-2.231421074,-0.810635542,0.809810051,-1.422940501,1.423659585
0.4982,2.328230444,-2.324036198,-0.815886948,0.815001561,-1.510274763,1.511103369
0.49825,2.428146706,-2.423961725,-0.82163037,0.820684823,-1.604424228,1.605369009
0.4983,2.534970858,-2.530795121,-0.827039174,0.826033201,-1.705812736,1.706880868
0.49835,2.648316683,-2.64415017,-0.831505309,0.830438678,-1.814661838,1.815861028
0.4984,2.767866369,-2.763709059,-0.834798124,0.833670663,-1.93088408,1.932222561
0.49845,2.893352965,-2.889204839,-0.836893789,0.835705407,-2.054236036,2.055722572
0.4985,2.965673127,-2.961534164,-0.82391083,0.822661294,-2.132907386,2.134515231
0.49855,2.952409787,-2.948279967,-0.777156361,0.775848275,-2.173011284,2.174697156
0.4986,2.950883915,-2.946763218,-0.748566093,0.747201956,-2.200001481,2.201766225
0.49865,2.958435665,-2.95432407,-0.734724095,0.733306125,-2.221386914,2.223231447
0.4987,2.970670639,-2.966568126,-0.719716761,0.718247017,-2.248619237,2.250544605
0.49875,2.897245584,-2.89320039,-0.673773915,0.672254925,-2.227755736,2.229762801
0.4988,2.725975203,-2.722045672,-0.600565417,0.599002001,-2.123116751,2.125202237
0.49885,2.559857062,-2.556036517,-0.528292844,0.526690281,-2.029375399,2.031535285
0.4989,2.404753399,-2.401035571,-0.463172315,0.461535467,-1.939425359,1.941655838
0.49895,2.262094117,-2.258473153,-0.409408621,0.407741897,-1.850559647,1.852857106
0.499,2.13121973,-2.127690192,-0.364782003,0.363089369,-1.764338767,1.766699783
0.49905,2.010275228,-2.006832078,-0.324075764,0.322360808,-1.684124686,1.686546048
0.4991,1.897852583,-1.894491165,-0.283816835,0.282082838,-1.611982674,1.6144614
0.49915,1.793842912,-1.790558945,-0.244212241,0.242462217,-1.547597025,1.550130373
0.4992,1.699037625,-1.695827191,-0.207667365,0.20590407,-1.489353959,1.491939422
0.49925,1.614127949,-1.610987494,-0.176078973,0.174304903,-1.436048131,1.438683436
0.4993,1.539034403,-1.53596073,-0.149314611,0.147532015,-1.387732701,1.390415806
0.49935,1.472985738,-1.469975992,-0.125644127,0.123855039,-1.345366731,1.348095834
0.4994,1.415089942,-1.412141605,-0.103217608,0.101423887,-1.309908255,1.312681798
0.49945,1.364846671,-1.361957544,-0.081205739,0.079409104,-1.281686347,1.284503025
0.4995,1.322240912,-1.319409108,-0.059883627,0.058085685,-1.260410974,1.263269733
0.49955,1.287457005,-1.284680938,-0.039906966,0.038109222,-1.245610857,1.248510897
0.4996,1.260515385,-1.257793763,-0.021524855,0.019728734,-1.237057393,1.239998166
0.49965,1.241111471,-1.238443285,-0.004300026,0.002506889,-1.234883316,1.237864526
0.4997,1.228721413,-1.226105928,0.012594636,-0.014416038,-1.239407696,1.242429303
0.49975,1.222838563,-1.220275304,0.02994122,-0.031756922,-1.250874889,1.25393711
0.4998,1.223129675,-1.220618416,0.048097819,-0.049906486,-1.269324545,1.272427851
0.49985,1.229444478,-1.22698523,0.067078327,-0.06887859,-1.294620752,1.297765873
0.4999,1.241683992,-1.239276994,0.086812115,-0.088602548,-1.326593865,1.329781785
0.49995,1.259662498,-1.257308208,0.107397085,-0.109176193,-1.365156014,1.368387969
