0,0.936450301
5.00E-05,0.893393355
1.00E-04,0.867477695
1.50E-04,0.861754235
2.00E-04,0.875328039
2.50E-04,0.903789868
3.00E-04,0.940334604
3.50E-04,0.977302895
4.00E-04,1.007788791
4.50E-04,1.026953708
5.00E-04,1.032643825
5.50E-04,1.026010396
6.00E-04,1.010031281
6.50E-04,0.989276728
7.00E-04,0.968426287
7.50E-04,0.951328314
8.00E-04,0.940332073
8.50E-04,0.936058609
9.00E-04,0.937586199
9.50E-04,0.942932653
0.001,0.94966899
0.00105,0.955501461
0.0011,0.958700742
0.00115,0.958319198
0.0012,0.954199185
0.00125,0.94682153
0.0013,0.937066359
0.00135,0.925958458
0.0014,0.914452901
0.00145,0.773355803
0.0015,0.798776958
0.00155,0.824912789
0.0016,1.259736209
0.00165,1.196370475
0.0017,1.125760606
0.00175,1.059933269
0.0018,1.009403165
0.00185,0.981428016
0.0019,0.978817978
0.00195,0.999620185
0.002,1.037764872
0.00205,1.084523214
0.0021,1.130430721
0.00215,1.167224075
0.0022,1.189354221
0.00225,1.194767766
0.0023,1.184851294
0.00235,1.163647387
0.0024,1.136615921
0.00245,1.109288538
0.0025,1.086138385
0.00255,1.06988235
0.0026,1.061290403
0.00265,1.05944162
0.0027,1.062273972
0.00275,1.067240777
0.0028,1.071906646
0.00285,1.0743716
0.0029,0.681463627
0.00295,0.767765431
0.003,0.848538099
0.00305,1.070453347
0.0031,1.089834929
0.00315,1.084335128
0.0032,1.057923223
0.00325,1.017500375
0.0033,0.971758134
0.00335,0.929643911
0.0034,0.898749052
0.00345,0.88396183
0.0035,0.88668172
0.00355,0.904769801
0.0036,0.93323835
0.00365,0.965505519
0.0037,0.994907103
0.00375,1.016104604
0.0038,1.026071282
0.00385,1.024396989
0.0039,1.013224712
0.00395,0.996255034
0.004,0.977754513
0.00405,0.961538748
0.0041,0.950211402
0.00415,0.944802546
0.0042,0.94482518
0.00425,0.94866204
0.0043,0.954130029
0.00435,0.95905627
0.0044,0.961731239
0.00445,0.961163157
0.0045,0.957122161
0.00455,0.950014714
0.0046,0.940657807
0.00465,0.930027283
0.0047,0.919040334
0.00475,0.908407876
0.0048,0.773081965
0.00485,0.79948142
0.0049,0.826523529
0.00495,1.264858319
0.005,1.200045561
0.00505,1.127649985
0.0051,1.06017052
0.00515,1.008467031
0.0052,0.979953832
0.00525,0.977402355
0.0053,0.998670119
0.00535,1.037424808
0.0054,1.084687407
0.00545,1.130822442
0.0055,1.167506128
0.00555,1.189231638
0.0056,1.194053098
0.00565,1.183480584
0.0057,1.161653544
0.00575,1.134079106
0.0058,1.106286843
0.00585,1.082716834
0.0059,1.066047688
0.00595,1.057028036
0.006,1.054743531
0.00605,1.057164463
0.0061,1.061789935
0.00615,1.066227465
0.0062,1.068602882
0.00625,0.679278712
0.0063,0.763475981
0.00635,0.842291167
0.0064,1.066725481
0.00645,1.085874835
0.0065,1.081389886
0.00655,1.056905571
0.0066,1.018739749
0.00665,0.974885967
0.0067,0.933653078
0.00675,0.902224778
0.0068,0.885434427
0.00685,0.885013875
0.0069,0.899475341
0.00695,0.924642479
0.007,0.954696618
0.00705,0.983486945
0.0071,1.005800556
0.00715,1.018279277
0.0072,1.020074943
0.00725,1.012205745
0.0073,0.997700735
0.00735,0.980270355
0.0074,0.963527485
0.00745,0.950251326
0.0075,0.941955952
0.00755,0.938807843
0.0076,0.939847115
0.00765,0.943404436
0.0077,0.947581628
0.00775,0.950677126
0.0078,0.95147648
0.00785,0.949377261
0.0079,0.944362299
0.00795,0.936865141
0.008,0.927583555
0.00805,0.917292747
0.0081,0.776511048
0.00815,0.801872698
0.0082,0.827465304
0.00825,0.849971189
0.0083,1.282815452
0.00835,1.210107221
0.0084,1.129818284
0.00845,1.055361079
0.0085,0.998310829
0.00855,0.966520192
0.0086,0.962887812
0.00865,0.985100668
0.0087,1.026412259
0.00875,1.077267796
0.0088,1.127389043
0.00885,1.167834978
0.0089,1.192585545
0.00895,1.199341964
0.009,1.189451368
0.00905,1.167082076
0.0091,1.137937878
0.00915,1.107867799
0.0092,1.081695673
0.00925,1.06248563
0.0093,1.051316951
0.00935,1.047509009
0.0094,1.049147063
0.00945,1.053726368
0.0095,1.058750718
0.00955,0.668256562
0.0096,0.75925547
0.00965,0.844902132
0.0097,0.914450797
0.00975,1.12205159
0.0098,1.119169068
0.00985,1.091098263
0.0099,1.044928922
0.00995,0.990011633
0.01,0.936450301
0.01005,0.893393355
0.0101,0.867477695
0.01015,0.861754235
0.0102,0.875328039
0.01025,0.903789868
0.0103,0.940334604
0.01035,0.977302895
0.0104,1.007788791
0.01045,1.026953707
0.0105,1.032643825
0.01055,1.026010396
0.0106,1.010031281
0.01065,0.989276728
0.0107,0.968426287
0.01075,0.951328314
0.0108,0.940332073
0.01085,0.936058609
0.0109,0.937586199
0.01095,0.942932653
0.011,0.949668989
0.01105,0.955501461
0.0111,0.958700742
0.01115,0.958319198
0.0112,0.954199185
0.01125,0.94682153
0.0113,0.937066359
0.01135,0.925958458
0.0114,0.914452901
0.01145,0.773355803
0.0115,0.798776958
0.01155,0.824912789
0.0116,1.259736209
0.01165,1.196370475
0.0117,1.125760606
0.01175,1.059933269
0.0118,1.009403165
0.01185,0.981428016
0.0119,0.978817978
0.01195,0.999620185
0.012,1.037764872
0.01205,1.084523214
0.0121,1.13043072
0.01215,1.167224075
0.0122,1.189354221
0.01225,1.194767766
0.0123,1.184851294
0.01235,1.163647387
0.0124,1.136615921
0.01245,1.109288538
0.0125,1.086138385
0.01255,1.06988235
0.0126,1.061290403
0.01265,1.05944162
0.0127,1.062273972
0.01275,1.067240777
0.0128,1.071906646
0.01285,1.0743716
0.0129,0.681463627
0.01295,0.767765431
0.013,0.848538099
0.01305,1.070453347
0.0131,1.089834929
0.01315,1.084335128
0.0132,1.057923223
0.01325,1.017500375
0.0133,0.971758134
0.01335,0.929643911
0.0134,0.898749052
0.01345,0.88396183
0.0135,0.88668172
0.01355,0.904769801
0.0136,0.93323835
0.01365,0.965505519
0.0137,0.994907103
0.01375,1.016104604
0.0138,1.026071282
0.01385,1.024396989
0.0139,1.013224712
0.01395,0.996255034
0.014,0.977754514
0.01405,0.961538748
0.0141,0.950211402
0.01415,0.944802545
0.0142,0.94482518
0.01425,0.94866204
0.0143,0.954130029
0.01435,0.95905627
0.0144,0.961731239
0.01445,0.961163157
0.0145,0.957122162
0.01455,0.950014714
0.0146,0.940657807
0.01465,0.930027283
0.0147,0.919040334
0.01475,0.908407876
0.0148,0.773081965
0.01485,0.79948142
0.0149,0.826523529
0.01495,1.264858319
0.015,1.200045561
0.01505,1.127649985
0.0151,1.06017052
0.01515,1.008467031
0.0152,0.979953832
0.01525,0.977402355
0.0153,0.998670119
0.01535,1.037424808
0.0154,1.084687407
0.01545,1.130822442
0.0155,1.167506128
0.01555,1.189231638
0.0156,1.194053098
0.01565,1.183480584
0.0157,1.161653544
0.01575,1.134079106
0.0158,1.106286843
0.01585,1.082716834
0.0159,1.066047688
0.01595,1.057028036
0.016,1.054743531
0.01605,1.057164463
0.0161,1.061789935
0.01615,1.066227465
0.0162,1.068602882
0.01625,0.679278712
0.0163,0.763475981
0.01635,0.842291167
0.0164,1.066725481
0.01645,1.085874835
0.0165,1.081389886
0.01655,1.056905571
0.0166,1.018739749
0.01665,0.974885967
0.0167,0.933653078
0.01675,0.902224778
0.0168,0.885434427
0.01685,0.885013875
0.0169,0.899475341
0.01695,0.924642479
0.017,0.954696618
0.01705,0.983486945
0.0171,1.005800556
0.01715,1.018279277
0.0172,1.020074943
0.01725,1.012205745
0.0173,0.997700735
0.01735,0.980270355
0.0174,0.963527485
0.01745,0.950251326
0.0175,0.941955952
0.01755,0.938807843
0.0176,0.939847115
0.01765,0.943404436
0.0177,0.947581628
0.01775,0.950677126
0.0178,0.95147648
0.01785,0.949377261
0.0179,0.944362299
0.01795,0.936865141
0.018,0.927583555
0.01805,0.917292747
0.0181,0.776511048
0.01815,0.801872698
0.0182,0.827465304
0.01825,0.849971189
0.0183,1.282815452
0.01835,1.210107221
0.0184,1.129818284
0.01845,1.055361079
0.0185,0.998310829
0.01855,0.966520192
0.0186,0.962887812
0.01865,0.985100668
0.0187,1.026412259
0.01875,1.077267796
0.0188,1.127389043
0.01885,1.167834978
0.0189,1.192585545
0.01895,1.199341964
0.019,1.189451368
0.01905,1.167082076
0.0191,1.137937878
0.01915,1.107867799
0.0192,1.081695673
0.01925,1.06248563
0.0193,1.051316951
0.01935,1.047509009
0.0194,1.049147063
0.01945,1.053726368
0.0195,1.058750718
0.01955,0.668256562
0.0196,0.75925547
0.01965,0.844902132
0.0197,0.914450797
0.01975,1.12205159
0.0198,1.119169068
0.01985,1.091098263
0.0199,1.044928922
0.01995,0.990011633
0.02,0.936450301
0.02005,0.893393355
0.0201,0.867477695
0.02015,0.861754235
0.0202,0.875328039
0.02025,0.903789868
0.0203,0.940334604
0.02035,0.977302895
0.0204,1.007788791
0.02045,1.026953708
0.0205,1.032643825
0.02055,1.026010396
0.0206,1.010031281
0.02065,0.989276728
0.0207,0.968426287
0.02075,0.951328314
0.0208,0.940332073
0.02085,0.936058609
0.0209,0.937586199
0.02095,0.942932653
0.021,0.94966899
0.02105,0.955501461
0.0211,0.958700742
0.02115,0.958319198
0.0212,0.954199185
0.02125,0.94682153
0.0213,0.937066359
0.02135,0.925958458
0.0214,0.914452901
0.02145,0.773355803
0.0215,0.798776958
0.02155,0.824912789
0.0216,1.259736209
0.02165,1.196370475
0.0217,1.125760606
0.02175,1.059933269
0.0218,1.009403165
0.02185,0.981428016
0.0219,0.978817978
0.02195,0.999620185
0.022,1.037764872
0.02205,1.084523214
0.0221,1.130430721
0.02215,1.167224075
0.0222,1.189354221
0.02225,1.194767766
0.0223,1.184851294
0.02235,1.163647387
0.0224,1.136615921
0.02245,1.109288538
0.0225,1.086138385
0.02255,1.06988235
0.0226,1.061290403
0.02265,1.05944162
0.0227,1.062273972
0.02275,1.067240777
0.0228,1.071906646
0.02285,1.0743716
0.0229,0.681463627
0.02295,0.767765431
0.023,0.848538099
0.02305,1.070453347
0.0231,1.089834929
0.02315,1.084335128
0.0232,1.057923223
0.02325,1.017500375
0.0233,0.971758134
0.02335,0.929643911
0.0234,0.898749052
0.02345,0.88396183
0.0235,0.88668172
0.02355,0.904769801
0.0236,0.93323835
0.02365,0.965505519
0.0237,0.994907103
0.02375,1.016104604
0.0238,1.026071282
0.02385,1.024396989
0.0239,1.013224712
0.02395,0.996255034
0.024,0.977754513
0.02405,0.961538748
0.0241,0.950211402
0.02415,0.944802546
0.0242,0.94482518
0.02425,0.94866204
0.0243,0.954130029
0.02435,0.95905627
0.0244,0.961731239
0.02445,0.961163157
0.0245,0.957122161
0.02455,0.950014714
0.0246,0.940657807
0.02465,0.930027283
0.0247,0.919040334
0.02475,0.908407876
0.0248,0.773081965
0.02485,0.79948142
0.0249,0.826523529
0.02495,1.264858319
0.025,1.200045561
0.02505,1.127649985
0.0251,1.06017052
0.02515,1.008467031
0.0252,0.979953832
0.02525,0.977402355
0.0253,0.998670119
0.02535,1.037424808
0.0254,1.084687407
0.02545,1.130822442
0.0255,1.167506128
0.02555,1.189231638
0.0256,1.194053098
0.02565,1.183480584
0.0257,1.161653544
0.02575,1.134079106
0.0258,1.106286843
0.02585,1.082716834
0.0259,1.066047688
0.02595,1.057028036
0.026,1.054743531
0.02605,1.057164463
0.0261,1.061789935
0.02615,1.066227465
0.0262,1.068602882
0.02625,0.679278712
0.0263,0.763475981
0.02635,0.842291167
0.0264,1.066725481
0.02645,1.085874835
0.0265,1.081389886
0.02655,1.056905571
0.0266,1.018739749
0.02665,0.974885967
0.0267,0.933653078
0.02675,0.902224778
0.0268,0.885434427
0.02685,0.885013875
0.0269,0.899475341
0.02695,0.924642479
0.027,0.954696618
0.02705,0.983486945
0.0271,1.005800556
0.02715,1.018279277
0.0272,1.020074943
0.02725,1.012205745
0.0273,0.997700735
0.02735,0.980270355
0.0274,0.963527485
0.02745,0.950251326
0.0275,0.941955952
0.02755,0.938807843
0.0276,0.939847115
0.02765,0.943404436
0.0277,0.947581628
0.02775,0.950677126
0.0278,0.95147648
0.02785,0.949377261
0.0279,0.944362299
0.02795,0.936865141
0.028,0.927583555
0.02805,0.917292747
0.0281,0.776511048
0.02815,0.801872698
0.0282,0.827465304
0.02825,0.849971189
0.0283,1.282815452
0.02835,1.210107221
0.0284,1.129818284
0.02845,1.055361079
0.0285,0.998310829
0.02855,0.966520192
0.0286,0.962887812
0.02865,0.985100668
0.0287,1.026412259
0.02875,1.077267796
0.0288,1.127389043
0.02885,1.167834978
0.0289,1.192585545
0.02895,1.199341964
0.029,1.189451368
0.02905,1.167082076
0.0291,1.137937878
0.02915,1.107867799
0.0292,1.081695673
0.02925,1.06248563
0.0293,1.051316951
0.02935,1.047509009
0.0294,1.049147063
0.02945,1.053726368
0.0295,1.058750718
0.02955,0.668256562
0.0296,0.75925547
0.02965,0.844902132
0.0297,0.914450797
0.02975,1.12205159
0.0298,1.119169068
0.02985,1.091098263
0.0299,1.044928922
0.02995,0.990011633
0.03,0.936450301
0.03005,0.893393355
0.0301,0.867477695
0.03015,0.861754235
0.0302,0.875328039
0.03025,0.903789868
0.0303,0.940334604
0.03035,0.977302895
0.0304,1.007788791
0.03045,1.026953707
0.0305,1.032643825
0.03055,1.026010396
0.0306,1.010031281
0.03065,0.989276728
0.0307,0.968426287
0.03075,0.951328314
0.0308,0.940332073
0.03085,0.936058609
0.0309,0.937586199
0.03095,0.942932653
0.031,0.949668989
0.03105,0.955501461
0.0311,0.958700742
0.03115,0.958319198
0.0312,0.954199185
0.03125,0.94682153
0.0313,0.937066359
0.03135,0.925958458
0.0314,0.914452901
0.03145,0.773355803
0.0315,0.798776958
0.03155,0.824912789
0.0316,1.259736209
0.03165,1.196370475
0.0317,1.125760606
0.03175,1.059933269
0.0318,1.009403165
0.03185,0.981428016
0.0319,0.978817978
0.03195,0.999620185
0.032,1.037764872
0.03205,1.084523214
0.0321,1.13043072
0.03215,1.167224075
0.0322,1.189354221
0.03225,1.194767766
0.0323,1.184851294
0.03235,1.163647387
0.0324,1.136615921
0.03245,1.109288538
0.0325,1.086138385
0.03255,1.06988235
0.0326,1.061290403
0.03265,1.05944162
0.0327,1.062273972
0.03275,1.067240777
0.0328,1.071906646
0.03285,1.0743716
0.0329,0.681463627
0.03295,0.767765431
0.033,0.848538099
0.03305,1.070453347
0.0331,1.089834929
0.03315,1.084335128
0.0332,1.057923223
0.03325,1.017500375
0.0333,0.971758134
0.03335,0.929643911
0.0334,0.898749052
0.03345,0.88396183
0.0335,0.88668172
0.03355,0.904769801
0.0336,0.93323835
0.03365,0.965505519
0.0337,0.994907103
0.03375,1.016104604
0.0338,1.026071282
0.03385,1.024396989
0.0339,1.013224712
0.03395,0.996255034
0.034,0.977754514
0.03405,0.961538748
0.0341,0.950211402
0.03415,0.944802545
0.0342,0.94482518
0.03425,0.94866204
0.0343,0.954130029
0.03435,0.95905627
0.0344,0.961731239
0.03445,0.961163157
0.0345,0.957122162
0.03455,0.950014714
0.0346,0.940657807
0.03465,0.930027283
0.0347,0.919040334
0.03475,0.908407876
0.0348,0.773081965
0.03485,0.79948142
0.0349,0.826523529
0.03495,1.264858319
0.035,1.200045561
0.03505,1.127649985
0.0351,1.06017052
0.03515,1.008467031
0.0352,0.979953832
0.03525,0.977402355
0.0353,0.998670119
0.03535,1.037424808
0.0354,1.084687407
0.03545,1.130822442
0.0355,1.167506128
0.03555,1.189231638
0.0356,1.194053098
0.03565,1.183480584
0.0357,1.161653544
0.03575,1.134079106
0.0358,1.106286843
0.03585,1.082716834
0.0359,1.066047688
0.03595,1.057028036
0.036,1.054743531
0.03605,1.057164463
0.0361,1.061789935
0.03615,1.066227465
0.0362,1.068602882
0.03625,0.679278712
0.0363,0.763475981
0.03635,0.842291167
0.0364,1.066725481
0.03645,1.085874835
0.0365,1.081389886
0.03655,1.056905571
0.0366,1.018739749
0.03665,0.974885967
0.0367,0.933653078
0.03675,0.902224778
0.0368,0.885434427
0.03685,0.885013875
0.0369,0.899475341
0.03695,0.924642479
0.037,0.954696618
0.03705,0.983486945
0.0371,1.005800556
0.03715,1.018279277
0.0372,1.020074943
0.03725,1.012205745
0.0373,0.997700735
0.03735,0.980270355
0.0374,0.963527485
0.03745,0.950251326
0.0375,0.941955952
0.03755,0.938807843
0.0376,0.939847115
0.03765,0.943404436
0.0377,0.947581628
0.03775,0.950677126
0.0378,0.95147648
0.03785,0.949377261
0.0379,0.944362299
0.03795,0.936865141
0.038,0.927583555
0.03805,0.917292747
0.0381,0.776511048
0.03815,0.801872698
0.0382,0.827465304
0.03825,0.849971189
0.0383,1.282815452
0.03835,1.210107221
0.0384,1.129818284
0.03845,1.055361079
0.0385,0.998310829
0.03855,0.966520192
0.0386,0.962887812
0.03865,0.985100668
0.0387,1.026412259
0.03875,1.077267796
0.0388,1.127389043
0.03885,1.167834978
0.0389,1.192585545
0.03895,1.199341964
0.039,1.189451368
0.03905,1.167082076
0.0391,1.137937878
0.03915,1.107867799
0.0392,1.081695673
0.03925,1.06248563
0.0393,1.051316951
0.03935,1.047509009
0.0394,1.049147063
0.03945,1.053726368
0.0395,1.058750718
0.03955,0.668256562
0.0396,0.75925547
0.03965,0.844902132
0.0397,0.914450797
0.03975,1.12205159
0.0398,1.119169068
0.03985,1.091098263
0.0399,1.044928922
0.03995,0.990011633
0.04,0.936450301
0.04005,0.893393355
0.0401,0.867477695
0.04015,0.861754235
0.0402,0.875328039
0.04025,0.903789868
0.0403,0.940334604
0.04035,0.977302895
0.0404,1.007788791
0.04045,1.026953708
0.0405,1.032643825
0.04055,1.026010396
0.0406,1.010031281
0.04065,0.989276728
0.0407,0.968426287
0.04075,0.951328314
0.0408,0.940332073
0.04085,0.936058609
0.0409,0.937586199
0.04095,0.942932653
0.041,0.94966899
0.04105,0.955501461
0.0411,0.958700742
0.04115,0.958319198
0.0412,0.954199185
0.04125,0.94682153
0.0413,0.937066359
0.04135,0.925958458
0.0414,0.914452901
0.04145,0.773355803
0.0415,0.798776958
0.04155,0.824912789
0.0416,1.259736209
0.04165,1.196370475
0.0417,1.125760606
0.04175,1.059933269
0.0418,1.009403165
0.04185,0.981428016
0.0419,0.978817978
0.04195,0.999620185
0.042,1.037764872
0.04205,1.084523214
0.0421,1.130430721
0.04215,1.167224075
0.0422,1.189354221
0.04225,1.194767766
0.0423,1.184851294
0.04235,1.163647387
0.0424,1.136615921
0.04245,1.109288538
0.0425,1.086138385
0.04255,1.06988235
0.0426,1.061290403
0.04265,1.05944162
0.0427,1.062273972
0.04275,1.067240777
0.0428,1.071906646
0.04285,1.0743716
0.0429,0.681463627
0.04295,0.767765431
0.043,0.848538099
0.04305,1.070453347
0.0431,1.089834929
0.04315,1.084335128
0.0432,1.057923223
0.04325,1.017500375
0.0433,0.971758134
0.04335,0.929643911
0.0434,0.898749052
0.04345,0.88396183
0.0435,0.88668172
0.04355,0.904769801
0.0436,0.93323835
0.04365,0.965505519
0.0437,0.994907103
0.04375,1.016104604
0.0438,1.026071282
0.04385,1.024396989
0.0439,1.013224712
0.04395,0.996255034
0.044,0.977754513
0.04405,0.961538748
0.0441,0.950211402
0.04415,0.944802546
0.0442,0.94482518
0.04425,0.94866204
0.0443,0.954130029
0.04435,0.95905627
0.0444,0.961731239
0.04445,0.961163157
0.0445,0.957122161
0.04455,0.950014714
0.0446,0.940657807
0.04465,0.930027283
0.0447,0.919040334
0.04475,0.908407876
0.0448,0.773081965
0.04485,0.79948142
0.0449,0.826523529
0.04495,1.264858319
0.045,1.200045561
0.04505,1.127649985
0.0451,1.06017052
0.04515,1.008467031
0.0452,0.979953832
0.04525,0.977402355
0.0453,0.998670119
0.04535,1.037424808
0.0454,1.084687407
0.04545,1.130822442
0.0455,1.167506128
0.04555,1.189231638
0.0456,1.194053098
0.04565,1.183480584
0.0457,1.161653544
0.04575,1.134079106
0.0458,1.106286843
0.04585,1.082716834
0.0459,1.066047688
0.04595,1.057028036
0.046,1.054743531
0.04605,1.057164463
0.0461,1.061789935
0.04615,1.066227465
0.0462,1.068602882
0.04625,0.679278712
0.0463,0.763475981
0.04635,0.842291167
0.0464,1.066725481
0.04645,1.085874835
0.0465,1.081389886
0.04655,1.056905571
0.0466,1.018739749
0.04665,0.974885967
0.0467,0.933653078
0.04675,0.902224778
0.0468,0.885434427
0.04685,0.885013875
0.0469,0.899475341
0.04695,0.924642479
0.047,0.954696618
0.04705,0.983486945
0.0471,1.005800556
0.04715,1.018279277
0.0472,1.020074943
0.04725,1.012205745
0.0473,0.997700735
0.04735,0.980270355
0.0474,0.963527485
0.04745,0.950251326
0.0475,0.941955952
0.04755,0.938807843
0.0476,0.939847115
0.04765,0.943404436
0.0477,0.947581628
0.04775,0.950677126
0.0478,0.95147648
0.04785,0.949377261
0.0479,0.944362299
0.04795,0.936865141
0.048,0.927583555
0.04805,0.917292747
0.0481,0.776511048
0.04815,0.801872698
0.0482,0.827465304
0.04825,0.849971189
0.0483,1.282815452
0.04835,1.210107221
0.0484,1.129818284
0.04845,1.055361079
0.0485,0.998310829
0.04855,0.966520192
0.0486,0.962887812
0.04865,0.985100668
0.0487,1.026412259
0.04875,1.077267796
0.0488,1.127389043
0.04885,1.167834978
0.0489,1.192585545
0.04895,1.199341964
0.049,1.189451368
0.04905,1.167082076
0.0491,1.137937878
0.04915,1.107867799
0.0492,1.081695673
0.04925,1.06248563
0.0493,1.051316951
0.04935,1.047509009
0.0494,1.049147063
0.04945,1.053726368
0.0495,1.058750718
0.04955,0.668256562
0.0496,0.75925547
0.04965,0.844902132
0.0497,0.914450797
0.04975,1.12205159
0.0498,1.119169068
0.04985,1.091098263
0.0499,1.044928922
0.04995,0.990011633
0.05,0.936450301
0.05005,0.893393355
0.0501,0.867477695
0.05015,0.861754235
0.0502,0.875328039
0.05025,0.903789868
0.0503,0.940334604
0.05035,0.977302895
0.0504,1.007788791
0.05045,1.026953707
0.0505,1.032643825
0.05055,1.026010396
0.0506,1.010031281
0.05065,0.989276728
0.0507,0.968426287
0.05075,0.951328314
0.0508,0.940332073
0.05085,0.936058609
0.0509,0.937586199
0.05095,0.942932653
0.051,0.949668989
0.05105,0.955501461
0.0511,0.958700742
0.05115,0.958319198
0.0512,0.954199185
0.05125,0.94682153
0.0513,0.937066359
0.05135,0.925958458
0.0514,0.914452901
0.05145,0.773355803
0.0515,0.798776958
0.05155,0.824912789
0.0516,1.259736209
0.05165,1.196370475
0.0517,1.125760606
0.05175,1.059933269
0.0518,1.009403165
0.05185,0.981428016
0.0519,0.978817978
0.05195,0.999620185
0.052,1.037764872
0.05205,1.084523214
0.0521,1.13043072
0.05215,1.167224075
0.0522,1.189354221
0.05225,1.194767766
0.0523,1.184851294
0.05235,1.163647387
0.0524,1.136615921
0.05245,1.109288538
0.0525,1.086138385
0.05255,1.06988235
0.0526,1.061290403
0.05265,1.05944162
0.0527,1.062273972
0.05275,1.067240777
0.0528,1.071906646
0.05285,1.0743716
0.0529,0.681463627
0.05295,0.767765431
0.053,0.848538099
0.05305,1.070453347
0.0531,1.089834929
0.05315,1.084335128
0.0532,1.057923223
0.05325,1.017500375
0.0533,0.971758134
0.05335,0.929643911
0.0534,0.898749052
0.05345,0.88396183
0.0535,0.88668172
0.05355,0.904769801
0.0536,0.93323835
0.05365,0.965505519
0.0537,0.994907103
0.05375,1.016104604
0.0538,1.026071282
0.05385,1.024396989
0.0539,1.013224712
0.05395,0.996255034
0.054,0.977754514
0.05405,0.961538748
0.0541,0.950211402
0.05415,0.944802545
0.0542,0.94482518
0.05425,0.94866204
0.0543,0.954130029
0.05435,0.95905627
0.0544,0.961731239
0.05445,0.961163157
0.0545,0.957122162
0.05455,0.950014714
0.0546,0.940657807
0.05465,0.930027283
0.0547,0.919040334
0.05475,0.908407876
0.0548,0.773081965
0.05485,0.79948142
0.0549,0.826523529
0.05495,1.264858319
0.055,1.200045561
0.05505,1.127649985
0.0551,1.06017052
0.05515,1.008467031
0.0552,0.979953832
0.05525,0.977402355
0.0553,0.998670119
0.05535,1.037424808
0.0554,1.084687407
0.05545,1.130822442
0.0555,1.167506128
0.05555,1.189231638
0.0556,1.194053098
0.05565,1.183480584
0.0557,1.161653544
0.05575,1.134079106
0.0558,1.106286843
0.05585,1.082716834
0.0559,1.066047688
0.05595,1.057028036
0.056,1.054743531
0.05605,1.057164463
0.0561,1.061789935
0.05615,1.066227465
0.0562,1.068602882
0.05625,0.679278712
0.0563,0.763475981
0.05635,0.842291167
0.0564,1.066725481
0.05645,1.085874835
0.0565,1.081389886
0.05655,1.056905571
0.0566,1.018739749
0.05665,0.974885967
0.0567,0.933653078
0.05675,0.902224778
0.0568,0.885434427
0.05685,0.885013875
0.0569,0.899475341
0.05695,0.924642479
0.057,0.954696618
0.05705,0.983486945
0.0571,1.005800556
0.05715,1.018279277
0.0572,1.020074943
0.05725,1.012205745
0.0573,0.997700735
0.05735,0.980270355
0.0574,0.963527485
0.05745,0.950251326
0.0575,0.941955952
0.05755,0.938807843
0.0576,0.939847115
0.05765,0.943404436
0.0577,0.947581628
0.05775,0.950677126
0.0578,0.95147648
0.05785,0.949377261
0.0579,0.944362299
0.05795,0.936865141
0.058,0.927583555
0.05805,0.917292747
0.0581,0.776511048
0.05815,0.801872698
0.0582,0.827465304
0.05825,0.849971189
0.0583,1.282815452
0.05835,1.210107221
0.0584,1.129818284
0.05845,1.055361079
0.0585,0.998310829
0.05855,0.966520192
0.0586,0.962887812
0.05865,0.985100668
0.0587,1.026412259
0.05875,1.077267796
0.0588,1.127389043
0.05885,1.167834978
0.0589,1.192585545
0.05895,1.199341964
0.059,1.189451368
0.05905,1.167082076
0.0591,1.137937878
0.05915,1.107867799
0.0592,1.081695673
0.05925,1.06248563
0.0593,1.051316951
0.05935,1.047509009
0.0594,1.049147063
0.05945,1.053726368
0.0595,1.058750718
0.05955,0.668256562
0.0596,0.75925547
0.05965,0.844902132
0.0597,0.914450797
0.05975,1.12205159
0.0598,1.119169068
0.05985,1.091098263
0.0599,1.044928922
0.05995,0.990011633
0.06,0.936450301
0.06005,0.893393355
0.0601,0.867477695
0.06015,0.861754235
0.0602,0.875328039
0.06025,0.903789868
0.0603,0.940334604
0.06035,0.977302895
0.0604,1.007788791
0.06045,1.026953708
0.0605,1.032643825
0.06055,1.026010396
0.0606,1.010031281
0.06065,0.989276728
0.0607,0.968426287
0.06075,0.951328314
0.0608,0.940332073
0.06085,0.936058609
0.0609,0.937586199
0.06095,0.942932653
0.061,0.94966899
0.06105,0.955501461
0.0611,0.958700742
0.06115,0.958319198
0.0612,0.954199185
0.06125,0.94682153
0.0613,0.937066359
0.06135,0.925958458
0.0614,0.914452901
0.06145,0.773355803
0.0615,0.798776958
0.06155,0.824912789
0.0616,1.259736209
0.06165,1.196370475
0.0617,1.125760606
0.06175,1.059933269
0.0618,1.009403165
0.06185,0.981428016
0.0619,0.978817978
0.06195,0.999620185
0.062,1.037764872
0.06205,1.084523214
0.0621,1.130430721
0.06215,1.167224075
0.0622,1.189354221
0.06225,1.194767766
0.0623,1.184851294
0.06235,1.163647387
0.0624,1.136615921
0.06245,1.109288538
0.0625,1.086138385
0.06255,1.06988235
0.0626,1.061290403
0.06265,1.05944162
0.0627,1.062273972
0.06275,1.067240777
0.0628,1.071906646
0.06285,1.0743716
0.0629,0.681463627
0.06295,0.767765431
0.063,0.848538099
0.06305,1.070453347
0.0631,1.089834929
0.06315,1.084335128
0.0632,1.057923223
0.06325,1.017500375
0.0633,0.971758134
0.06335,0.929643911
0.0634,0.898749052
0.06345,0.88396183
0.0635,0.88668172
0.06355,0.904769801
0.0636,0.93323835
0.06365,0.965505519
0.0637,0.994907103
0.06375,1.016104604
0.0638,1.026071282
0.06385,1.024396989
0.0639,1.013224712
0.06395,0.996255034
0.064,0.977754513
0.06405,0.961538748
0.0641,0.950211402
0.06415,0.944802546
0.0642,0.94482518
0.06425,0.94866204
0.0643,0.954130029
0.06435,0.95905627
0.0644,0.961731239
0.06445,0.961163157
0.0645,0.957122161
0.06455,0.950014714
0.0646,0.940657807
0.06465,0.930027283
0.0647,0.919040334
0.06475,0.908407876
0.0648,0.773081965
0.06485,0.79948142
0.0649,0.826523529
0.06495,1.264858319
0.065,1.200045561
0.06505,1.127649985
0.0651,1.06017052
0.06515,1.008467031
0.0652,0.979953832
0.06525,0.977402355
0.0653,0.998670119
0.06535,1.037424808
0.0654,1.084687407
0.06545,1.130822442
0.0655,1.167506128
0.06555,1.189231638
0.0656,1.194053098
0.06565,1.183480584
0.0657,1.161653544
0.06575,1.134079106
0.0658,1.106286843
0.06585,1.082716834
0.0659,1.066047688
0.06595,1.057028036
0.066,1.054743531
0.06605,1.057164463
0.0661,1.061789935
0.06615,1.066227465
0.0662,1.068602882
0.06625,0.679278712
0.0663,0.763475981
0.06635,0.842291167
0.0664,1.066725481
0.06645,1.085874835
0.0665,1.081389886
0.06655,1.056905571
0.0666,1.018739749
0.06665,0.974885967
0.0667,0.933653078
0.06675,0.902224778
0.0668,0.885434427
0.06685,0.885013875
0.0669,0.899475341
0.06695,0.924642479
0.067,0.954696618
0.06705,0.983486945
0.0671,1.005800556
0.06715,1.018279277
0.0672,1.020074943
0.06725,1.012205745
0.0673,0.997700735
0.06735,0.980270355
0.0674,0.963527485
0.06745,0.950251326
0.0675,0.941955952
0.06755,0.938807843
0.0676,0.939847115
0.06765,0.943404436
0.0677,0.947581628
0.06775,0.950677126
0.0678,0.95147648
0.06785,0.949377261
0.0679,0.944362299
0.06795,0.936865141
0.068,0.927583555
0.06805,0.917292747
0.0681,0.776511048
0.06815,0.801872698
0.0682,0.827465304
0.06825,0.849971189
0.0683,1.282815452
0.06835,1.210107221
0.0684,1.129818284
0.06845,1.055361079
0.0685,0.998310829
0.06855,0.966520192
0.0686,0.962887812
0.06865,0.985100668
0.0687,1.026412259
0.06875,1.077267796
0.0688,1.127389043
0.06885,1.167834978
0.0689,1.192585545
0.06895,1.199341964
0.069,1.189451368
0.06905,1.167082076
0.0691,1.137937878
0.06915,1.107867799
0.0692,1.081695673
0.06925,1.06248563
0.0693,1.051316951
0.06935,1.047509009
0.0694,1.049147063
0.06945,1.053726368
0.0695,1.058750718
0.06955,0.668256562
0.0696,0.75925547
0.06965,0.844902132
0.0697,0.914450797
0.06975,1.12205159
0.0698,1.119169068
0.06985,1.091098263
0.0699,1.044928922
0.06995,0.990011633
0.07,0.936450301
0.07005,0.893393355
0.0701,0.867477695
0.07015,0.861754235
0.0702,0.875328039
0.07025,0.903789868
0.0703,0.940334604
0.07035,0.977302895
0.0704,1.007788791
0.07045,1.026953707
0.0705,1.032643825
0.07055,1.026010396
0.0706,1.010031281
0.07065,0.989276728
0.0707,0.968426287
0.07075,0.951328314
0.0708,0.940332073
0.07085,0.936058609
0.0709,0.937586199
0.07095,0.942932653
0.071,0.949668989
0.07105,0.955501461
0.0711,0.958700742
0.07115,0.958319198
0.0712,0.954199185
0.07125,0.94682153
0.0713,0.937066359
0.07135,0.925958458
0.0714,0.914452901
0.07145,0.773355803
0.0715,0.798776958
0.07155,0.824912789
0.0716,1.259736209
0.07165,1.196370475
0.0717,1.125760606
0.07175,1.059933269
0.0718,1.009403165
0.07185,0.981428016
0.0719,0.978817978
0.07195,0.999620185
0.072,1.037764872
0.07205,1.084523214
0.0721,1.13043072
0.07215,1.167224075
0.0722,1.189354221
0.07225,1.194767766
0.0723,1.184851294
0.07235,1.163647387
0.0724,1.136615921
0.07245,1.109288538
0.0725,1.086138385
0.07255,1.06988235
0.0726,1.061290403
0.07265,1.05944162
0.0727,1.062273972
0.07275,1.067240777
0.0728,1.071906646
0.07285,1.0743716
0.0729,0.681463627
0.07295,0.767765431
0.073,0.848538099
0.07305,1.070453347
0.0731,1.089834929
0.07315,1.084335128
0.0732,1.057923223
0.07325,1.017500375
0.0733,0.971758134
0.07335,0.929643911
0.0734,0.898749052
0.07345,0.88396183
0.0735,0.88668172
0.07355,0.904769801
0.0736,0.93323835
0.07365,0.965505519
0.0737,0.994907103
0.07375,1.016104604
0.0738,1.026071282
0.07385,1.024396989
0.0739,1.013224712
0.07395,0.996255034
0.074,0.977754514
0.07405,0.961538748
0.0741,0.950211402
0.07415,0.944802545
0.0742,0.94482518
0.07425,0.94866204
0.0743,0.954130029
0.07435,0.95905627
0.0744,0.961731239
0.07445,0.961163157
0.0745,0.957122162
0.07455,0.950014714
0.0746,0.940657807
0.07465,0.930027283
0.0747,0.919040334
0.07475,0.908407876
0.0748,0.773081965
0.07485,0.79948142
0.0749,0.826523529
0.07495,1.264858319
0.075,1.200045561
0.07505,1.127649985
0.0751,1.06017052
0.07515,1.008467031
0.0752,0.979953832
0.07525,0.977402355
0.0753,0.998670119
0.07535,1.037424808
0.0754,1.084687407
0.07545,1.130822442
0.0755,1.167506128
0.07555,1.189231638
0.0756,1.194053098
0.07565,1.183480584
0.0757,1.161653544
0.07575,1.134079106
0.0758,1.106286843
0.07585,1.082716834
0.0759,1.066047688
0.07595,1.057028036
0.076,1.054743531
0.07605,1.057164463
0.0761,1.061789935
0.07615,1.066227465
0.0762,1.068602882
0.07625,0.679278712
0.0763,0.763475981
0.07635,0.842291167
0.0764,1.066725481
0.07645,1.085874835
0.0765,1.081389886
0.07655,1.056905571
0.0766,1.018739749
0.07665,0.974885967
0.0767,0.933653078
0.07675,0.902224778
0.0768,0.885434427
0.07685,0.885013875
0.0769,0.899475341
0.07695,0.924642479
0.077,0.954696618
0.07705,0.983486945
0.0771,1.005800556
0.07715,1.018279277
0.0772,1.020074943
0.07725,1.012205745
0.0773,0.997700735
0.07735,0.980270355
0.0774,0.963527485
0.07745,0.950251326
0.0775,0.941955952
0.07755,0.938807843
0.0776,0.939847115
0.07765,0.943404436
0.0777,0.947581628
0.07775,0.950677126
0.0778,0.95147648
0.07785,0.949377261
0.0779,0.944362299
0.07795,0.936865141
0.078,0.927583555
0.07805,0.917292747
0.0781,0.776511048
0.07815,0.801872698
0.0782,0.827465304
0.07825,0.849971189
0.0783,1.282815452
0.07835,1.210107221
0.0784,1.129818284
0.07845,1.055361079
0.0785,0.998310829
0.07855,0.966520192
0.0786,0.962887812
0.07865,0.985100668
0.0787,1.026412259
0.07875,1.077267796
0.0788,1.127389043
0.07885,1.167834978
0.0789,1.192585545
0.07895,1.199341964
0.079,1.189451368
0.07905,1.167082076
0.0791,1.137937878
0.07915,1.107867799
0.0792,1.081695673
0.07925,1.06248563
0.0793,1.051316951
0.07935,1.047509009
0.0794,1.049147063
0.07945,1.053726368
0.0795,1.058750718
0.07955,0.668256562
0.0796,0.75925547
0.07965,0.844902132
0.0797,0.914450797
0.07975,1.12205159
0.0798,1.119169068
0.07985,1.091098263
0.0799,1.044928922
0.07995,0.990011633
0.08,0.936450301
0.08005,0.893393355
0.0801,0.867477695
0.08015,0.861754235
0.0802,0.875328039
0.08025,0.903789868
0.0803,0.940334604
0.08035,0.977302895
0.0804,1.007788791
0.08045,1.026953708
0.0805,1.032643825
0.08055,1.026010396
0.0806,1.010031281
0.08065,0.989276728
0.0807,0.968426287
0.08075,0.951328314
0.0808,0.940332073
0.08085,0.936058609
0.0809,0.937586199
0.08095,0.942932653
0.081,0.94966899
0.08105,0.955501461
0.0811,0.958700742
0.08115,0.958319198
0.0812,0.954199185
0.08125,0.94682153
0.0813,0.937066359
0.08135,0.925958458
0.0814,0.914452901
0.08145,0.773355803
0.0815,0.798776958
0.08155,0.824912789
0.0816,1.259736209
0.08165,1.196370475
0.0817,1.125760606
0.08175,1.059933269
0.0818,1.009403165
0.08185,0.981428016
0.0819,0.978817978
0.08195,0.999620185
0.082,1.037764872
0.08205,1.084523214
0.0821,1.130430721
0.08215,1.167224075
0.0822,1.189354221
0.08225,1.194767766
0.0823,1.184851294
0.08235,1.163647387
0.0824,1.136615921
0.08245,1.109288538
0.0825,1.086138385
0.08255,1.06988235
0.0826,1.061290403
0.08265,1.05944162
0.0827,1.062273972
0.08275,1.067240777
0.0828,1.071906646
0.08285,1.0743716
0.0829,0.681463627
0.08295,0.767765431
0.083,0.848538099
0.08305,1.070453347
0.0831,1.089834929
0.08315,1.084335128
0.0832,1.057923223
0.08325,1.017500375
0.0833,0.971758134
0.08335,0.929643911
0.0834,0.898749052
0.08345,0.88396183
0.0835,0.88668172
0.08355,0.904769801
0.0836,0.93323835
0.08365,0.965505519
0.0837,0.994907103
0.08375,1.016104604
0.0838,1.026071282
0.08385,1.024396989
0.0839,1.013224712
0.08395,0.996255034
0.084,0.977754513
0.08405,0.961538748
0.0841,0.950211402
0.08415,0.944802546
0.0842,0.94482518
0.08425,0.94866204
0.0843,0.954130029
0.08435,0.95905627
0.0844,0.961731239
0.08445,0.961163157
0.0845,0.957122161
0.08455,0.950014714
0.0846,0.940657807
0.08465,0.930027283
0.0847,0.919040334
0.08475,0.908407876
0.0848,0.773081965
0.08485,0.79948142
0.0849,0.826523529
0.08495,1.264858319
0.085,1.200045561
0.08505,1.127649985
0.0851,1.06017052
0.08515,1.008467031
0.0852,0.979953832
0.08525,0.977402355
0.0853,0.998670119
0.08535,1.037424808
0.0854,1.084687407
0.08545,1.130822442
0.0855,1.167506128
0.08555,1.189231638
0.0856,1.194053098
0.08565,1.183480584
0.0857,1.161653544
0.08575,1.134079106
0.0858,1.106286843
0.08585,1.082716834
0.0859,1.066047688
0.08595,1.057028036
0.086,1.054743531
0.08605,1.057164463
0.0861,1.061789935
0.08615,1.066227465
0.0862,1.068602882
0.08625,0.679278712
0.0863,0.763475981
0.08635,0.842291167
0.0864,1.066725481
0.08645,1.085874835
0.0865,1.081389886
0.08655,1.056905571
0.0866,1.018739749
0.08665,0.974885967
0.0867,0.933653078
0.08675,0.902224778
0.0868,0.885434427
0.08685,0.885013875
0.0869,0.899475341
0.08695,0.924642479
0.087,0.954696618
0.08705,0.983486945
0.0871,1.005800556
0.08715,1.018279277
0.0872,1.020074943
0.08725,1.012205745
0.0873,0.997700735
0.08735,0.980270355
0.0874,0.963527485
0.08745,0.950251326
0.0875,0.941955952
0.08755,0.938807843
0.0876,0.939847115
0.08765,0.943404436
0.0877,0.947581628
0.08775,0.950677126
0.0878,0.95147648
0.08785,0.949377261
0.0879,0.944362299
0.08795,0.936865141
0.088,0.927583555
0.08805,0.917292747
0.0881,0.776511048
0.08815,0.801872698
0.0882,0.827465304
0.08825,0.849971189
0.0883,1.282815452
0.08835,1.210107221
0.0884,1.129818284
0.08845,1.055361079
0.0885,0.998310829
0.08855,0.966520192
0.0886,0.962887812
0.08865,0.985100668
0.0887,1.026412259
0.08875,1.077267796
0.0888,1.127389043
0.08885,1.167834978
0.0889,1.192585545
0.08895,1.199341964
0.089,1.189451368
0.08905,1.167082076
0.0891,1.137937878
0.08915,1.107867799
0.0892,1.081695673
0.08925,1.06248563
0.0893,1.051316951
0.08935,1.047509009
0.0894,1.049147063
0.08945,1.053726368
0.0895,1.058750718
0.08955,0.668256562
0.0896,0.75925547
0.08965,0.844902132
0.0897,0.914450797
0.08975,1.12205159
0.0898,1.119169068
0.08985,1.091098263
0.0899,1.044928922
0.08995,0.990011633
0.09,0.936450301
0.09005,0.893393355
0.0901,0.867477695
0.09015,0.861754235
0.0902,0.875328039
0.09025,0.903789868
0.0903,0.940334604
0.09035,0.977302895
0.0904,1.007788791
0.09045,1.026953707
0.0905,1.032643825
0.09055,1.026010396
0.0906,1.010031281
0.09065,0.989276728
0.0907,0.968426287
0.09075,0.951328314
0.0908,0.940332073
0.09085,0.936058609
0.0909,0.937586199
0.09095,0.942932653
0.091,0.949668989
0.09105,0.955501461
0.0911,0.958700742
0.09115,0.958319198
0.0912,0.954199185
0.09125,0.94682153
0.0913,0.937066359
0.09135,0.925958458
0.0914,0.914452901
0.09145,0.773355803
0.0915,0.798776958
0.09155,0.824912789
0.0916,1.259736209
0.09165,1.196370475
0.0917,1.125760606
0.09175,1.059933269
0.0918,1.009403165
0.09185,0.981428016
0.0919,0.978817978
0.09195,0.999620185
0.092,1.037764872
0.09205,1.084523214
0.0921,1.13043072
0.09215,1.167224075
0.0922,1.189354221
0.09225,1.194767766
0.0923,1.184851294
0.09235,1.163647387
0.0924,1.136615921
0.09245,1.109288538
0.0925,1.086138385
0.09255,1.06988235
0.0926,1.061290403
0.09265,1.05944162
0.0927,1.062273972
0.09275,1.067240777
0.0928,1.071906646
0.09285,1.0743716
0.0929,0.681463627
0.09295,0.767765431
0.093,0.848538099
0.09305,1.070453347
0.0931,1.089834929
0.09315,1.084335128
0.0932,1.057923223
0.09325,1.017500375
0.0933,0.971758134
0.09335,0.929643911
0.0934,0.898749052
0.09345,0.88396183
0.0935,0.88668172
0.09355,0.904769801
0.0936,0.93323835
0.09365,0.965505519
0.0937,0.994907103
0.09375,1.016104604
0.0938,1.026071282
0.09385,1.024396989
0.0939,1.013224712
0.09395,0.996255034
0.094,0.977754514
0.09405,0.961538748
0.0941,0.950211402
0.09415,0.944802545
0.0942,0.94482518
0.09425,0.94866204
0.0943,0.954130029
0.09435,0.95905627
0.0944,0.961731239
0.09445,0.961163157
0.0945,0.957122162
0.09455,0.950014714
0.0946,0.940657807
0.09465,0.930027283
0.0947,0.919040334
0.09475,0.908407876
0.0948,0.773081965
0.09485,0.79948142
0.0949,0.826523529
0.09495,1.264858319
0.095,1.200045561
0.09505,1.127649985
0.0951,1.06017052
0.09515,1.008467031
0.0952,0.979953832
0.09525,0.977402355
0.0953,0.998670119
0.09535,1.037424808
0.0954,1.084687407
0.09545,1.130822442
0.0955,1.167506128
0.09555,1.189231638
0.0956,1.194053098
0.09565,1.183480584
0.0957,1.161653544
0.09575,1.134079106
0.0958,1.106286843
0.09585,1.082716834
0.0959,1.066047688
0.09595,1.057028036
0.096,1.054743531
0.09605,1.057164463
0.0961,1.061789935
0.09615,1.066227465
0.0962,1.068602882
0.09625,0.679278712
0.0963,0.763475981
0.09635,0.842291167
0.0964,1.066725481
0.09645,1.085874835
0.0965,1.081389886
0.09655,1.056905571
0.0966,1.018739749
0.09665,0.974885967
0.0967,0.933653078
0.09675,0.902224778
0.0968,0.885434427
0.09685,0.885013875
0.0969,0.899475341
0.09695,0.924642479
0.097,0.954696618
0.09705,0.983486945
0.0971,1.005800556
0.09715,1.018279277
0.0972,1.020074943
0.09725,1.012205745
0.0973,0.997700735
0.09735,0.980270355
0.0974,0.963527485
0.09745,0.950251326
0.0975,0.941955952
0.09755,0.938807843
0.0976,0.939847115
0.09765,0.943404436
0.0977,0.947581628
0.09775,0.950677126
0.0978,0.95147648
0.09785,0.949377261
0.0979,0.944362299
0.09795,0.936865141
0.098,0.927583555
0.09805,0.917292747
0.0981,0.776511048
0.09815,0.801872698
0.0982,0.827465304
0.09825,0.849971189
0.0983,1.282815452
0.09835,1.210107221
0.0984,1.129818284
0.09845,1.055361079
0.0985,0.998310829
0.09855,0.966520192
0.0986,0.962887812
0.09865,0.985100668
0.0987,1.026412259
0.09875,1.077267796
0.0988,1.127389043
0.09885,1.167834978
0.0989,1.192585545
0.09895,1.199341964
0.099,1.189451368
0.09905,1.167082076
0.0991,1.137937878
0.09915,1.107867799
0.0992,1.081695673
0.09925,1.06248563
0.0993,1.051316951
0.09935,1.047509009
0.0994,1.049147063
0.09945,1.053726368
0.0995,1.058750718
0.09955,0.668256562
0.0996,0.75925547
0.09965,0.844902132
0.0997,0.914450797
0.09975,1.12205159
0.0998,1.119169068
0.09985,1.091098263
0.0999,1.044928922
0.09995,0.990011633
0.1,0.936450301
0.10005,0.893393355
0.1001,0.867477695
0.10015,0.861754235
0.1002,0.875328039
0.10025,0.903789868
0.1003,0.940334604
0.10035,0.977302895
0.1004,1.007788791
0.10045,1.026953708
0.1005,1.032643825
0.10055,1.026010396
0.1006,1.010031281
0.10065,0.989276728
0.1007,0.968426287
0.10075,0.951328314
0.1008,0.940332073
0.10085,0.936058609
0.1009,0.937586199
0.10095,0.942932653
0.101,0.94966899
0.10105,0.955501461
0.1011,0.958700742
0.10115,0.958319198
0.1012,0.954199185
0.10125,0.94682153
0.1013,0.937066359
0.10135,0.925958458
0.1014,0.914452901
0.10145,0.773355803
0.1015,0.798776958
0.10155,0.824912789
0.1016,1.259736209
0.10165,1.196370475
0.1017,1.125760606
0.10175,1.059933269
0.1018,1.009403165
0.10185,0.981428016
0.1019,0.978817978
0.10195,0.999620185
0.102,1.037764872
0.10205,1.084523214
0.1021,1.130430721
0.10215,1.167224075
0.1022,1.189354221
0.10225,1.194767766
0.1023,1.184851294
0.10235,1.163647387
0.1024,1.136615921
0.10245,1.109288538
0.1025,1.086138385
0.10255,1.06988235
0.1026,1.061290403
0.10265,1.05944162
0.1027,1.062273972
0.10275,1.067240777
0.1028,1.071906646
0.10285,1.0743716
0.1029,0.681463627
0.10295,0.767765431
0.103,0.848538099
0.10305,1.070453347
0.1031,1.089834929
0.10315,1.084335128
0.1032,1.057923223
0.10325,1.017500375
0.1033,0.971758134
0.10335,0.929643911
0.1034,0.898749052
0.10345,0.88396183
0.1035,0.88668172
0.10355,0.904769801
0.1036,0.93323835
0.10365,0.965505519
0.1037,0.994907103
0.10375,1.016104604
0.1038,1.026071282
0.10385,1.024396989
0.1039,1.013224712
0.10395,0.996255034
0.104,0.977754513
0.10405,0.961538748
0.1041,0.950211402
0.10415,0.944802546
0.1042,0.94482518
0.10425,0.94866204
0.1043,0.954130029
0.10435,0.95905627
0.1044,0.961731239
0.10445,0.961163157
0.1045,0.957122161
0.10455,0.950014714
0.1046,0.940657807
0.10465,0.930027283
0.1047,0.919040334
0.10475,0.908407876
0.1048,0.773081965
0.10485,0.79948142
0.1049,0.826523529
0.10495,1.264858319
0.105,1.200045561
0.10505,1.127649985
0.1051,1.06017052
0.10515,1.008467031
0.1052,0.979953832
0.10525,0.977402355
0.1053,0.998670119
0.10535,1.037424808
0.1054,1.084687407
0.10545,1.130822442
0.1055,1.167506128
0.10555,1.189231638
0.1056,1.194053098
0.10565,1.183480584
0.1057,1.161653544
0.10575,1.134079106
0.1058,1.106286843
0.10585,1.082716834
0.1059,1.066047688
0.10595,1.057028036
0.106,1.054743531
0.10605,1.057164463
0.1061,1.061789935
0.10615,1.066227465
0.1062,1.068602882
0.10625,0.679278712
0.1063,0.763475981
0.10635,0.842291167
0.1064,1.066725481
0.10645,1.085874835
0.1065,1.081389886
0.10655,1.056905571
0.1066,1.018739749
0.10665,0.974885967
0.1067,0.933653078
0.10675,0.902224778
0.1068,0.885434427
0.10685,0.885013875
0.1069,0.899475341
0.10695,0.924642479
0.107,0.954696618
0.10705,0.983486945
0.1071,1.005800556
0.10715,1.018279277
0.1072,1.020074943
0.10725,1.012205745
0.1073,0.997700735
0.10735,0.980270355
0.1074,0.963527485
0.10745,0.950251326
0.1075,0.941955952
0.10755,0.938807843
0.1076,0.939847115
0.10765,0.943404436
0.1077,0.947581628
0.10775,0.950677126
0.1078,0.95147648
0.10785,0.949377261
0.1079,0.944362299
0.10795,0.936865141
0.108,0.927583555
0.10805,0.917292747
0.1081,0.776511048
0.10815,0.801872698
0.1082,0.827465304
0.10825,0.849971189
0.1083,1.282815452
0.10835,1.210107221
0.1084,1.129818284
0.10845,1.055361079
0.1085,0.998310829
0.10855,0.966520192
0.1086,0.962887812
0.10865,0.985100668
0.1087,1.026412259
0.10875,1.077267796
0.1088,1.127389043
0.10885,1.167834978
0.1089,1.192585545
0.10895,1.199341964
0.109,1.189451368
0.10905,1.167082076
0.1091,1.137937878
0.10915,1.107867799
0.1092,1.081695673
0.10925,1.06248563
0.1093,1.051316951
0.10935,1.047509009
0.1094,1.049147063
0.10945,1.053726368
0.1095,1.058750718
0.10955,0.668256562
0.1096,0.75925547
0.10965,0.844902132
0.1097,0.914450797
0.10975,1.12205159
0.1098,1.119169068
0.10985,1.091098263
0.1099,1.044928922
0.10995,0.990011633
0.11,0.936450301
0.11005,0.893393355
0.1101,0.867477695
0.11015,0.861754235
0.1102,0.875328039
0.11025,0.903789868
0.1103,0.940334604
0.11035,0.977302895
0.1104,1.007788791
0.11045,1.026953707
0.1105,1.032643825
0.11055,1.026010396
0.1106,1.010031281
0.11065,0.989276728
0.1107,0.968426287
0.11075,0.951328314
0.1108,0.940332073
0.11085,0.936058609
0.1109,0.937586199
0.11095,0.942932653
0.111,0.949668989
0.11105,0.955501461
0.1111,0.958700742
0.11115,0.958319198
0.1112,0.954199185
0.11125,0.94682153
0.1113,0.937066359
0.11135,0.925958458
0.1114,0.914452901
0.11145,0.773355803
0.1115,0.798776958
0.11155,0.824912789
0.1116,1.259736209
0.11165,1.196370475
0.1117,1.125760606
0.11175,1.059933269
0.1118,1.009403165
0.11185,0.981428016
0.1119,0.978817978
0.11195,0.999620185
0.112,1.037764872
0.11205,1.084523214
0.1121,1.13043072
0.11215,1.167224075
0.1122,1.189354221
0.11225,1.194767766
0.1123,1.184851294
0.11235,1.163647387
0.1124,1.136615921
0.11245,1.109288538
0.1125,1.086138385
0.11255,1.06988235
0.1126,1.061290403
0.11265,1.05944162
0.1127,1.062273972
0.11275,1.067240777
0.1128,1.071906646
0.11285,1.0743716
0.1129,0.681463627
0.11295,0.767765431
0.113,0.848538099
0.11305,1.070453347
0.1131,1.089834929
0.11315,1.084335128
0.1132,1.057923223
0.11325,1.017500375
0.1133,0.971758134
0.11335,0.929643911
0.1134,0.898749052
0.11345,0.88396183
0.1135,0.88668172
0.11355,0.904769801
0.1136,0.93323835
0.11365,0.965505519
0.1137,0.994907103
0.11375,1.016104604
0.1138,1.026071282
0.11385,1.024396989
0.1139,1.013224712
0.11395,0.996255034
0.114,0.977754514
0.11405,0.961538748
0.1141,0.950211402
0.11415,0.944802545
0.1142,0.94482518
0.11425,0.94866204
0.1143,0.954130029
0.11435,0.95905627
0.1144,0.961731239
0.11445,0.961163157
0.1145,0.957122162
0.11455,0.950014714
0.1146,0.940657807
0.11465,0.930027283
0.1147,0.919040334
0.11475,0.908407876
0.1148,0.773081965
0.11485,0.79948142
0.1149,0.826523529
0.11495,1.264858319
0.115,1.200045561
0.11505,1.127649985
0.1151,1.06017052
0.11515,1.008467031
0.1152,0.979953832
0.11525,0.977402355
0.1153,0.998670119
0.11535,1.037424808
0.1154,1.084687407
0.11545,1.130822442
0.1155,1.167506128
0.11555,1.189231638
0.1156,1.194053098
0.11565,1.183480584
0.1157,1.161653544
0.11575,1.134079106
0.1158,1.106286843
0.11585,1.082716834
0.1159,1.066047688
0.11595,1.057028036
0.116,1.054743531
0.11605,1.057164463
0.1161,1.061789935
0.11615,1.066227465
0.1162,1.068602882
0.11625,0.679278712
0.1163,0.763475981
0.11635,0.842291167
0.1164,1.066725481
0.11645,1.085874835
0.1165,1.081389886
0.11655,1.056905571
0.1166,1.018739749
0.11665,0.974885967
0.1167,0.933653078
0.11675,0.902224778
0.1168,0.885434427
0.11685,0.885013875
0.1169,0.899475341
0.11695,0.924642479
0.117,0.954696618
0.11705,0.983486945
0.1171,1.005800556
0.11715,1.018279277
0.1172,1.020074943
0.11725,1.012205745
0.1173,0.997700735
0.11735,0.980270355
0.1174,0.963527485
0.11745,0.950251326
0.1175,0.941955952
0.11755,0.938807843
0.1176,0.939847115
0.11765,0.943404436
0.1177,0.947581628
0.11775,0.950677126
0.1178,0.95147648
0.11785,0.949377261
0.1179,0.944362299
0.11795,0.936865141
0.118,0.927583555
0.11805,0.917292747
0.1181,0.776511048
0.11815,0.801872698
0.1182,0.827465304
0.11825,0.849971189
0.1183,1.282815452
0.11835,1.210107221
0.1184,1.129818284
0.11845,1.055361079
0.1185,0.998310829
0.11855,0.966520192
0.1186,0.962887812
0.11865,0.985100668
0.1187,1.026412259
0.11875,1.077267796
0.1188,1.127389043
0.11885,1.167834978
0.1189,1.192585545
0.11895,1.199341964
0.119,1.189451368
0.11905,1.167082076
0.1191,1.137937878
0.11915,1.107867799
0.1192,1.081695673
0.11925,1.06248563
0.1193,1.051316951
0.11935,1.047509009
0.1194,1.049147063
0.11945,1.053726368
0.1195,1.058750718
0.11955,0.668256562
0.1196,0.75925547
0.11965,0.844902132
0.1197,0.914450797
0.11975,1.12205159
0.1198,1.119169068
0.11985,1.091098263
0.1199,1.044928922
0.11995,0.990011633
0.12,0.936450301
0.12005,0.893393355
0.1201,0.867477695
0.12015,0.861754235
0.1202,0.875328039
0.12025,0.903789868
0.1203,0.940334604
0.12035,0.977302895
0.1204,1.007788791
0.12045,1.026953708
0.1205,1.032643825
0.12055,1.026010396
0.1206,1.010031281
0.12065,0.989276728
0.1207,0.968426287
0.12075,0.951328314
0.1208,0.940332073
0.12085,0.936058609
0.1209,0.937586199
0.12095,0.942932653
0.121,0.94966899
0.12105,0.955501461
0.1211,0.958700742
0.12115,0.958319198
0.1212,0.954199185
0.12125,0.94682153
0.1213,0.937066359
0.12135,0.925958458
0.1214,0.914452901
0.12145,0.773355803
0.1215,0.798776958
0.12155,0.824912789
0.1216,1.259736209
0.12165,1.196370475
0.1217,1.125760606
0.12175,1.059933269
0.1218,1.009403165
0.12185,0.981428016
0.1219,0.978817978
0.12195,0.999620185
0.122,1.037764872
0.12205,1.084523214
0.1221,1.130430721
0.12215,1.167224075
0.1222,1.189354221
0.12225,1.194767766
0.1223,1.184851294
0.12235,1.163647387
0.1224,1.136615921
0.12245,1.109288538
0.1225,1.086138385
0.12255,1.06988235
0.1226,1.061290403
0.12265,1.05944162
0.1227,1.062273972
0.12275,1.067240777
0.1228,1.071906646
0.12285,1.0743716
0.1229,0.681463627
0.12295,0.767765431
0.123,0.848538099
0.12305,1.070453347
0.1231,1.089834929
0.12315,1.084335128
0.1232,1.057923223
0.12325,1.017500375
0.1233,0.971758134
0.12335,0.929643911
0.1234,0.898749052
0.12345,0.88396183
0.1235,0.88668172
0.12355,0.904769801
0.1236,0.93323835
0.12365,0.965505519
0.1237,0.994907103
0.12375,1.016104604
0.1238,1.026071282
0.12385,1.024396989
0.1239,1.013224712
0.12395,0.996255034
0.124,0.977754513
0.12405,0.961538748
0.1241,0.950211402
0.12415,0.944802546
0.1242,0.94482518
0.12425,0.94866204
0.1243,0.954130029
0.12435,0.95905627
0.1244,0.961731239
0.12445,0.961163157
0.1245,0.957122161
0.12455,0.950014714
0.1246,0.940657807
0.12465,0.930027283
0.1247,0.919040334
0.12475,0.908407876
0.1248,0.773081965
0.12485,0.79948142
0.1249,0.826523529
0.12495,1.264858319
0.125,1.200045561
0.12505,1.127649985
0.1251,1.06017052
0.12515,1.008467031
0.1252,0.979953832
0.12525,0.977402355
0.1253,0.998670119
0.12535,1.037424808
0.1254,1.084687407
0.12545,1.130822442
0.1255,1.167506128
0.12555,1.189231638
0.1256,1.194053098
0.12565,1.183480584
0.1257,1.161653544
0.12575,1.134079106
0.1258,1.106286843
0.12585,1.082716834
0.1259,1.066047688
0.12595,1.057028036
0.126,1.054743531
0.12605,1.057164463
0.1261,1.061789935
0.12615,1.066227465
0.1262,1.068602882
0.12625,0.679278712
0.1263,0.763475981
0.12635,0.842291167
0.1264,1.066725481
0.12645,1.085874835
0.1265,1.081389886
0.12655,1.056905571
0.1266,1.018739749
0.12665,0.974885967
0.1267,0.933653078
0.12675,0.902224778
0.1268,0.885434427
0.12685,0.885013875
0.1269,0.899475341
0.12695,0.924642479
0.127,0.954696618
0.12705,0.983486945
0.1271,1.005800556
0.12715,1.018279277
0.1272,1.020074943
0.12725,1.012205745
0.1273,0.997700735
0.12735,0.980270355
0.1274,0.963527485
0.12745,0.950251326
0.1275,0.941955952
0.12755,0.938807843
0.1276,0.939847115
0.12765,0.943404436
0.1277,0.947581628
0.12775,0.950677126
0.1278,0.95147648
0.12785,0.949377261
0.1279,0.944362299
0.12795,0.936865141
0.128,0.927583555
0.12805,0.917292747
0.1281,0.776511048
0.12815,0.801872698
0.1282,0.827465304
0.12825,0.849971189
0.1283,1.282815452
0.12835,1.210107221
0.1284,1.129818284
0.12845,1.055361079
0.1285,0.998310829
0.12855,0.966520192
0.1286,0.962887812
0.12865,0.985100668
0.1287,1.026412259
0.12875,1.077267796
0.1288,1.127389043
0.12885,1.167834978
0.1289,1.192585545
0.12895,1.199341964
0.129,1.189451368
0.12905,1.167082076
0.1291,1.137937878
0.12915,1.107867799
0.1292,1.081695673
0.12925,1.06248563
0.1293,1.051316951
0.12935,1.047509009
0.1294,1.049147063
0.12945,1.053726368
0.1295,1.058750718
0.12955,0.668256562
0.1296,0.75925547
0.12965,0.844902132
0.1297,0.914450797
0.12975,1.12205159
0.1298,1.119169068
0.12985,1.091098263
0.1299,1.044928922
0.12995,0.990011633
0.13,0.936450301
0.13005,0.893393355
0.1301,0.867477695
0.13015,0.861754235
0.1302,0.875328039
0.13025,0.903789868
0.1303,0.940334604
0.13035,0.977302895
0.1304,1.007788791
0.13045,1.026953707
0.1305,1.032643825
0.13055,1.026010396
0.1306,1.010031281
0.13065,0.989276728
0.1307,0.968426287
0.13075,0.951328314
0.1308,0.940332073
0.13085,0.936058609
0.1309,0.937586199
0.13095,0.942932653
0.131,0.949668989
0.13105,0.955501461
0.1311,0.958700742
0.13115,0.958319198
0.1312,0.954199185
0.13125,0.94682153
0.1313,0.937066359
0.13135,0.925958458
0.1314,0.914452901
0.13145,0.773355803
0.1315,0.798776958
0.13155,0.824912789
0.1316,1.259736209
0.13165,1.196370475
0.1317,1.125760606
0.13175,1.059933269
0.1318,1.009403165
0.13185,0.981428016
0.1319,0.978817978
0.13195,0.999620185
0.132,1.037764872
0.13205,1.084523214
0.1321,1.13043072
0.13215,1.167224075
0.1322,1.189354221
0.13225,1.194767766
0.1323,1.184851294
0.13235,1.163647387
0.1324,1.136615921
0.13245,1.109288538
0.1325,1.086138385
0.13255,1.06988235
0.1326,1.061290403
0.13265,1.05944162
0.1327,1.062273972
0.13275,1.067240777
0.1328,1.071906646
0.13285,1.0743716
0.1329,0.681463627
0.13295,0.767765431
0.133,0.848538099
0.13305,1.070453347
0.1331,1.089834929
0.13315,1.084335128
0.1332,1.057923223
0.13325,1.017500375
0.1333,0.971758134
0.13335,0.929643911
0.1334,0.898749052
0.13345,0.88396183
0.1335,0.88668172
0.13355,0.904769801
0.1336,0.93323835
0.13365,0.965505519
0.1337,0.994907103
0.13375,1.016104604
0.1338,1.026071282
0.13385,1.024396989
0.1339,1.013224712
0.13395,0.996255034
0.134,0.977754514
0.13405,0.961538748
0.1341,0.950211402
0.13415,0.944802545
0.1342,0.94482518
0.13425,0.94866204
0.1343,0.954130029
0.13435,0.95905627
0.1344,0.961731239
0.13445,0.961163157
0.1345,0.957122162
0.13455,0.950014714
0.1346,0.940657807
0.13465,0.930027283
0.1347,0.919040334
0.13475,0.908407876
0.1348,0.773081965
0.13485,0.79948142
0.1349,0.826523529
0.13495,1.264858319
0.135,1.200045561
0.13505,1.127649985
0.1351,1.06017052
0.13515,1.008467031
0.1352,0.979953832
0.13525,0.977402355
0.1353,0.998670119
0.13535,1.037424808
0.1354,1.084687407
0.13545,1.130822442
0.1355,1.167506128
0.13555,1.189231638
0.1356,1.194053098
0.13565,1.183480584
0.1357,1.161653544
0.13575,1.134079106
0.1358,1.106286843
0.13585,1.082716834
0.1359,1.066047688
0.13595,1.057028036
0.136,1.054743531
0.13605,1.057164463
0.1361,1.061789935
0.13615,1.066227465
0.1362,1.068602882
0.13625,0.679278712
0.1363,0.763475981
0.13635,0.842291167
0.1364,1.066725481
0.13645,1.085874835
0.1365,1.081389886
0.13655,1.056905571
0.1366,1.018739749
0.13665,0.974885967
0.1367,0.933653078
0.13675,0.902224778
0.1368,0.885434427
0.13685,0.885013875
0.1369,0.899475341
0.13695,0.924642479
0.137,0.954696618
0.13705,0.983486945
0.1371,1.005800556
0.13715,1.018279277
0.1372,1.020074943
0.13725,1.012205745
0.1373,0.997700735
0.13735,0.980270355
0.1374,0.963527485
0.13745,0.950251326
0.1375,0.941955952
0.13755,0.938807843
0.1376,0.939847115
0.13765,0.943404436
0.1377,0.947581628
0.13775,0.950677126
0.1378,0.95147648
0.13785,0.949377261
0.1379,0.944362299
0.13795,0.936865141
0.138,0.927583555
0.13805,0.917292747
0.1381,0.776511048
0.13815,0.801872698
0.1382,0.827465304
0.13825,0.849971189
0.1383,1.282815452
0.13835,1.210107221
0.1384,1.129818284
0.13845,1.055361079
0.1385,0.998310829
0.13855,0.966520192
0.1386,0.962887812
0.13865,0.985100668
0.1387,1.026412259
0.13875,1.077267796
0.1388,1.127389043
0.13885,1.167834978
0.1389,1.192585545
0.13895,1.199341964
0.139,1.189451368
0.13905,1.167082076
0.1391,1.137937878
0.13915,1.107867799
0.1392,1.081695673
0.13925,1.06248563
0.1393,1.051316951
0.13935,1.047509009
0.1394,1.049147063
0.13945,1.053726368
0.1395,1.058750718
0.13955,0.668256562
0.1396,0.75925547
0.13965,0.844902132
0.1397,0.914450797
0.13975,1.12205159
0.1398,1.119169068
0.13985,1.091098263
0.1399,1.044928922
0.13995,0.990011633
0.14,0.936450301
0.14005,0.893393355
0.1401,0.867477695
0.14015,0.861754235
0.1402,0.875328039
0.14025,0.903789868
0.1403,0.940334604
0.14035,0.977302895
0.1404,1.007788791
0.14045,1.026953708
0.1405,1.032643825
0.14055,1.026010396
0.1406,1.010031281
0.14065,0.989276728
0.1407,0.968426287
0.14075,0.951328314
0.1408,0.940332073
0.14085,0.936058609
0.1409,0.937586199
0.14095,0.942932653
0.141,0.94966899
0.14105,0.955501461
0.1411,0.958700742
0.14115,0.958319198
0.1412,0.954199185
0.14125,0.94682153
0.1413,0.937066359
0.14135,0.925958458
0.1414,0.914452901
0.14145,0.773355803
0.1415,0.798776958
0.14155,0.824912789
0.1416,1.259736209
0.14165,1.196370475
0.1417,1.125760606
0.14175,1.059933269
0.1418,1.009403165
0.14185,0.981428016
0.1419,0.978817978
0.14195,0.999620185
0.142,1.037764872
0.14205,1.084523214
0.1421,1.130430721
0.14215,1.167224075
0.1422,1.189354221
0.14225,1.194767766
0.1423,1.184851294
0.14235,1.163647387
0.1424,1.136615921
0.14245,1.109288538
0.1425,1.086138385
0.14255,1.06988235
0.1426,1.061290403
0.14265,1.05944162
0.1427,1.062273972
0.14275,1.067240777
0.1428,1.071906646
0.14285,1.0743716
0.1429,0.681463627
0.14295,0.767765431
0.143,0.848538099
0.14305,1.070453347
0.1431,1.089834929
0.14315,1.084335128
0.1432,1.057923223
0.14325,1.017500375
0.1433,0.971758134
0.14335,0.929643911
0.1434,0.898749052
0.14345,0.88396183
0.1435,0.88668172
0.14355,0.904769801
0.1436,0.93323835
0.14365,0.965505519
0.1437,0.994907103
0.14375,1.016104604
0.1438,1.026071282
0.14385,1.024396989
0.1439,1.013224712
0.14395,0.996255034
0.144,0.977754513
0.14405,0.961538748
0.1441,0.950211402
0.14415,0.944802546
0.1442,0.94482518
0.14425,0.94866204
0.1443,0.954130029
0.14435,0.95905627
0.1444,0.961731239
0.14445,0.961163157
0.1445,0.957122161
0.14455,0.950014714
0.1446,0.940657807
0.14465,0.930027283
0.1447,0.919040334
0.14475,0.908407876
0.1448,0.773081965
0.14485,0.79948142
0.1449,0.826523529
0.14495,1.264858319
0.145,1.200045561
0.14505,1.127649985
0.1451,1.06017052
0.14515,1.008467031
0.1452,0.979953832
0.14525,0.977402355
0.1453,0.998670119
0.14535,1.037424808
0.1454,1.084687407
0.14545,1.130822442
0.1455,1.167506128
0.14555,1.189231638
0.1456,1.194053098
0.14565,1.183480584
0.1457,1.161653544
0.14575,1.134079106
0.1458,1.106286843
0.14585,1.082716834
0.1459,1.066047688
0.14595,1.057028036
0.146,1.054743531
0.14605,1.057164463
0.1461,1.061789935
0.14615,1.066227465
0.1462,1.068602882
0.14625,0.679278712
0.1463,0.763475981
0.14635,0.842291167
0.1464,1.066725481
0.14645,1.085874835
0.1465,1.081389886
0.14655,1.056905571
0.1466,1.018739749
0.14665,0.974885967
0.1467,0.933653078
0.14675,0.902224778
0.1468,0.885434427
0.14685,0.885013875
0.1469,0.899475341
0.14695,0.924642479
0.147,0.954696618
0.14705,0.983486945
0.1471,1.005800556
0.14715,1.018279277
0.1472,1.020074943
0.14725,1.012205745
0.1473,0.997700735
0.14735,0.980270355
0.1474,0.963527485
0.14745,0.950251326
0.1475,0.941955952
0.14755,0.938807843
0.1476,0.939847115
0.14765,0.943404436
0.1477,0.947581628
0.14775,0.950677126
0.1478,0.95147648
0.14785,0.949377261
0.1479,0.944362299
0.14795,0.936865141
0.148,0.927583555
0.14805,0.917292747
0.1481,0.776511048
0.14815,0.801872698
0.1482,0.827465304
0.14825,0.849971189
0.1483,1.282815452
0.14835,1.210107221
0.1484,1.129818284
0.14845,1.055361079
0.1485,0.998310829
0.14855,0.966520192
0.1486,0.962887812
0.14865,0.985100668
0.1487,1.026412259
0.14875,1.077267796
0.1488,1.127389043
0.14885,1.167834978
0.1489,1.192585545
0.14895,1.199341964
0.149,1.189451368
0.14905,1.167082076
0.1491,1.137937878
0.14915,1.107867799
0.1492,1.081695673
0.14925,1.06248563
0.1493,1.051316951
0.14935,1.047509009
0.1494,1.049147063
0.14945,1.053726368
0.1495,1.058750718
0.14955,0.668256562
0.1496,0.75925547
0.14965,0.844902132
0.1497,0.914450797
0.14975,1.12205159
0.1498,1.119169068
0.14985,1.091098263
0.1499,1.044928922
0.14995,0.990011633
0.15,0.936450301
0.15005,0.893393355
0.1501,0.867477695
0.15015,0.861754235
0.1502,0.875328039
0.15025,0.903789868
0.1503,0.940334604
0.15035,0.977302895
0.1504,1.007788791
0.15045,1.026953707
0.1505,1.032643825
0.15055,1.026010396
0.1506,1.010031281
0.15065,0.989276728
0.1507,0.968426287
0.15075,0.951328314
0.1508,0.940332073
0.15085,0.936058609
0.1509,0.937586199
0.15095,0.942932653
0.151,0.949668989
0.15105,0.955501461
0.1511,0.958700742
0.15115,0.958319198
0.1512,0.954199185
0.15125,0.94682153
0.1513,0.937066359
0.15135,0.925958458
0.1514,0.914452901
0.15145,0.773355803
0.1515,0.798776958
0.15155,0.824912789
0.1516,1.259736209
0.15165,1.196370475
0.1517,1.125760606
0.15175,1.059933269
0.1518,1.009403165
0.15185,0.981428016
0.1519,0.978817978
0.15195,0.999620185
0.152,1.037764872
0.15205,1.084523214
0.1521,1.13043072
0.15215,1.167224075
0.1522,1.189354221
0.15225,1.194767766
0.1523,1.184851294
0.15235,1.163647387
0.1524,1.136615921
0.15245,1.109288538
0.1525,1.086138385
0.15255,1.06988235
0.1526,1.061290403
0.15265,1.05944162
0.1527,1.062273972
0.15275,1.067240777
0.1528,1.071906646
0.15285,1.0743716
0.1529,0.681463627
0.15295,0.767765431
0.153,0.848538099
0.15305,1.070453347
0.1531,1.089834929
0.15315,1.084335128
0.1532,1.057923223
0.15325,1.017500375
0.1533,0.971758134
0.15335,0.929643911
0.1534,0.898749052
0.15345,0.88396183
0.1535,0.88668172
0.15355,0.904769801
0.1536,0.93323835
0.15365,0.965505519
0.1537,0.994907103
0.15375,1.016104604
0.1538,1.026071282
0.15385,1.024396989
0.1539,1.013224712
0.15395,0.996255034
0.154,0.977754514
0.15405,0.961538748
0.1541,0.950211402
0.15415,0.944802545
0.1542,0.94482518
0.15425,0.94866204
0.1543,0.954130029
0.15435,0.95905627
0.1544,0.961731239
0.15445,0.961163157
0.1545,0.957122162
0.15455,0.950014714
0.1546,0.940657807
0.15465,0.930027283
0.1547,0.919040334
0.15475,0.908407876
0.1548,0.773081965
0.15485,0.79948142
0.1549,0.826523529
0.15495,1.264858319
0.155,1.200045561
0.15505,1.127649985
0.1551,1.06017052
0.15515,1.008467031
0.1552,0.979953832
0.15525,0.977402355
0.1553,0.998670119
0.15535,1.037424808
0.1554,1.084687407
0.15545,1.130822442
0.1555,1.167506128
0.15555,1.189231638
0.1556,1.194053098
0.15565,1.183480584
0.1557,1.161653544
0.15575,1.134079106
0.1558,1.106286843
0.15585,1.082716834
0.1559,1.066047688
0.15595,1.057028036
0.156,1.054743531
0.15605,1.057164463
0.1561,1.061789935
0.15615,1.066227465
0.1562,1.068602882
0.15625,0.679278712
0.1563,0.763475981
0.15635,0.842291167
0.1564,1.066725481
0.15645,1.085874835
0.1565,1.081389886
0.15655,1.056905571
0.1566,1.018739749
0.15665,0.974885967
0.1567,0.933653078
0.15675,0.902224778
0.1568,0.885434427
0.15685,0.885013875
0.1569,0.899475341
0.15695,0.924642479
0.157,0.954696618
0.15705,0.983486945
0.1571,1.005800556
0.15715,1.018279277
0.1572,1.020074943
0.15725,1.012205745
0.1573,0.997700735
0.15735,0.980270355
0.1574,0.963527485
0.15745,0.950251326
0.1575,0.941955952
0.15755,0.938807843
0.1576,0.939847115
0.15765,0.943404436
0.1577,0.947581628
0.15775,0.950677126
0.1578,0.95147648
0.15785,0.949377261
0.1579,0.944362299
0.15795,0.936865141
0.158,0.927583555
0.15805,0.917292747
0.1581,0.776511048
0.15815,0.801872698
0.1582,0.827465304
0.15825,0.849971189
0.1583,1.282815452
0.15835,1.210107221
0.1584,1.129818284
0.15845,1.055361079
0.1585,0.998310829
0.15855,0.966520192
0.1586,0.962887812
0.15865,0.985100668
0.1587,1.026412259
0.15875,1.077267796
0.1588,1.127389043
0.15885,1.167834978
0.1589,1.192585545
0.15895,1.199341964
0.159,1.189451368
0.15905,1.167082076
0.1591,1.137937878
0.15915,1.107867799
0.1592,1.081695673
0.15925,1.06248563
0.1593,1.051316951
0.15935,1.047509009
0.1594,1.049147063
0.15945,1.053726368
0.1595,1.058750718
0.15955,0.668256562
0.1596,0.75925547
0.15965,0.844902132
0.1597,0.914450797
0.15975,1.12205159
0.1598,1.119169068
0.15985,1.091098263
0.1599,1.044928922
0.15995,0.990011633
0.16,0.936450301
0.16005,0.893393355
0.1601,0.867477695
0.16015,0.861754235
0.1602,0.875328039
0.16025,0.903789868
0.1603,0.940334604
0.16035,0.977302895
0.1604,1.007788791
0.16045,1.026953708
0.1605,1.032643825
0.16055,1.026010396
0.1606,1.010031281
0.16065,0.989276728
0.1607,0.968426287
0.16075,0.951328314
0.1608,0.940332073
0.16085,0.936058609
0.1609,0.937586199
0.16095,0.942932653
0.161,0.94966899
0.16105,0.955501461
0.1611,0.958700742
0.16115,0.958319198
0.1612,0.954199185
0.16125,0.94682153
0.1613,0.937066359
0.16135,0.925958458
0.1614,0.914452901
0.16145,0.773355803
0.1615,0.798776958
0.16155,0.824912789
0.1616,1.259736209
0.16165,1.196370475
0.1617,1.125760606
0.16175,1.059933269
0.1618,1.009403165
0.16185,0.981428016
0.1619,0.978817978
0.16195,0.999620185
0.162,1.037764872
0.16205,1.084523214
0.1621,1.130430721
0.16215,1.167224075
0.1622,1.189354221
0.16225,1.194767766
0.1623,1.184851294
0.16235,1.163647387
0.1624,1.136615921
0.16245,1.109288538
0.1625,1.086138385
0.16255,1.06988235
0.1626,1.061290403
0.16265,1.05944162
0.1627,1.062273972
0.16275,1.067240777
0.1628,1.071906646
0.16285,1.0743716
0.1629,0.681463627
0.16295,0.767765431
0.163,0.848538099
0.16305,1.070453347
0.1631,1.089834929
0.16315,1.084335128
0.1632,1.057923223
0.16325,1.017500375
0.1633,0.971758134
0.16335,0.929643911
0.1634,0.898749052
0.16345,0.88396183
0.1635,0.88668172
0.16355,0.904769801
0.1636,0.93323835
0.16365,0.965505519
0.1637,0.994907103
0.16375,1.016104604
0.1638,1.026071282
0.16385,1.024396989
0.1639,1.013224712
0.16395,0.996255034
0.164,0.977754513
0.16405,0.961538748
0.1641,0.950211402
0.16415,0.944802546
0.1642,0.94482518
0.16425,0.94866204
0.1643,0.954130029
0.16435,0.95905627
0.1644,0.961731239
0.16445,0.961163157
0.1645,0.957122161
0.16455,0.950014714
0.1646,0.940657807
0.16465,0.930027283
0.1647,0.919040334
0.16475,0.908407876
0.1648,0.773081965
0.16485,0.79948142
0.1649,0.826523529
0.16495,1.264858319
0.165,1.200045561
0.16505,1.127649985
0.1651,1.06017052
0.16515,1.008467031
0.1652,0.979953832
0.16525,0.977402355
0.1653,0.998670119
0.16535,1.037424808
0.1654,1.084687407
0.16545,1.130822442
0.1655,1.167506128
0.16555,1.189231638
0.1656,1.194053098
0.16565,1.183480584
0.1657,1.161653544
0.16575,1.134079106
0.1658,1.106286843
0.16585,1.082716834
0.1659,1.066047688
0.16595,1.057028036
0.166,1.054743531
0.16605,1.057164463
0.1661,1.061789935
0.16615,1.066227465
0.1662,1.068602882
0.16625,0.679278712
0.1663,0.763475981
0.16635,0.842291167
0.1664,1.066725481
0.16645,1.085874835
0.1665,1.081389886
0.16655,1.056905571
0.1666,1.018739749
0.16665,0.974885967
0.1667,0.933653078
0.16675,0.902224778
0.1668,0.885434427
0.16685,0.885013875
0.1669,0.899475341
0.16695,0.924642479
0.167,0.954696618
0.16705,0.983486945
0.1671,1.005800556
0.16715,1.018279277
0.1672,1.020074943
0.16725,1.012205745
0.1673,0.997700735
0.16735,0.980270355
0.1674,0.963527485
0.16745,0.950251326
0.1675,0.941955952
0.16755,0.938807843
0.1676,0.939847115
0.16765,0.943404436
0.1677,0.947581628
0.16775,0.950677126
0.1678,0.95147648
0.16785,0.949377261
0.1679,0.944362299
0.16795,0.936865141
0.168,0.927583555
0.16805,0.917292747
0.1681,0.776511048
0.16815,0.801872698
0.1682,0.827465304
0.16825,0.849971189
0.1683,1.282815452
0.16835,1.210107221
0.1684,1.129818284
0.16845,1.055361079
0.1685,0.998310829
0.16855,0.966520192
0.1686,0.962887812
0.16865,0.985100668
0.1687,1.026412259
0.16875,1.077267796
0.1688,1.127389043
0.16885,1.167834978
0.1689,1.192585545
0.16895,1.199341964
0.169,1.189451368
0.16905,1.167082076
0.1691,1.137937878
0.16915,1.107867799
0.1692,1.081695673
0.16925,1.06248563
0.1693,1.051316951
0.16935,1.047509009
0.1694,1.049147063
0.16945,1.053726368
0.1695,1.058750718
0.16955,0.668256562
0.1696,0.75925547
0.16965,0.844902132
0.1697,0.914450797
0.16975,1.12205159
0.1698,1.119169068
0.16985,1.091098263
0.1699,1.044928922
0.16995,0.990011633
0.17,0.936450301
0.17005,0.893393355
0.1701,0.867477695
0.17015,0.861754235
0.1702,0.875328039
0.17025,0.903789868
0.1703,0.940334604
0.17035,0.977302895
0.1704,1.007788791
0.17045,1.026953707
0.1705,1.032643825
0.17055,1.026010396
0.1706,1.010031281
0.17065,0.989276728
0.1707,0.968426287
0.17075,0.951328314
0.1708,0.940332073
0.17085,0.936058609
0.1709,0.937586199
0.17095,0.942932653
0.171,0.949668989
0.17105,0.955501461
0.1711,0.958700742
0.17115,0.958319198
0.1712,0.954199185
0.17125,0.94682153
0.1713,0.937066359
0.17135,0.925958458
0.1714,0.914452901
0.17145,0.773355803
0.1715,0.798776958
0.17155,0.824912789
0.1716,1.259736209
0.17165,1.196370475
0.1717,1.125760606
0.17175,1.059933269
0.1718,1.009403165
0.17185,0.981428016
0.1719,0.978817978
0.17195,0.999620185
0.172,1.037764872
0.17205,1.084523214
0.1721,1.13043072
0.17215,1.167224075
0.1722,1.189354221
0.17225,1.194767766
0.1723,1.184851294
0.17235,1.163647387
0.1724,1.136615921
0.17245,1.109288538
0.1725,1.086138385
0.17255,1.06988235
0.1726,1.061290403
0.17265,1.05944162
0.1727,1.062273972
0.17275,1.067240777
0.1728,1.071906646
0.17285,1.0743716
0.1729,0.681463627
0.17295,0.767765431
0.173,0.848538099
0.17305,1.070453347
0.1731,1.089834929
0.17315,1.084335128
0.1732,1.057923223
0.17325,1.017500375
0.1733,0.971758134
0.17335,0.929643911
0.1734,0.898749052
0.17345,0.88396183
0.1735,0.88668172
0.17355,0.904769801
0.1736,0.93323835
0.17365,0.965505519
0.1737,0.994907103
0.17375,1.016104604
0.1738,1.026071282
0.17385,1.024396989
0.1739,1.013224712
0.17395,0.996255034
0.174,0.977754514
0.17405,0.961538748
0.1741,0.950211402
0.17415,0.944802545
0.1742,0.94482518
0.17425,0.94866204
0.1743,0.954130029
0.17435,0.95905627
0.1744,0.961731239
0.17445,0.961163157
0.1745,0.957122162
0.17455,0.950014714
0.1746,0.940657807
0.17465,0.930027283
0.1747,0.919040334
0.17475,0.908407876
0.1748,0.773081965
0.17485,0.79948142
0.1749,0.826523529
0.17495,1.264858319
0.175,1.200045561
0.17505,1.127649985
0.1751,1.06017052
0.17515,1.008467031
0.1752,0.979953832
0.17525,0.977402355
0.1753,0.998670119
0.17535,1.037424808
0.1754,1.084687407
0.17545,1.130822442
0.1755,1.167506128
0.17555,1.189231638
0.1756,1.194053098
0.17565,1.183480584
0.1757,1.161653544
0.17575,1.134079106
0.1758,1.106286843
0.17585,1.082716834
0.1759,1.066047688
0.17595,1.057028036
0.176,1.054743531
0.17605,1.057164463
0.1761,1.061789935
0.17615,1.066227465
0.1762,1.068602882
0.17625,0.679278712
0.1763,0.763475981
0.17635,0.842291167
0.1764,1.066725481
0.17645,1.085874835
0.1765,1.081389886
0.17655,1.056905571
0.1766,1.018739749
0.17665,0.974885967
0.1767,0.933653078
0.17675,0.902224778
0.1768,0.885434427
0.17685,0.885013875
0.1769,0.899475341
0.17695,0.924642479
0.177,0.954696618
0.17705,0.983486945
0.1771,1.005800556
0.17715,1.018279277
0.1772,1.020074943
0.17725,1.012205745
0.1773,0.997700735
0.17735,0.980270355
0.1774,0.963527485
0.17745,0.950251326
0.1775,0.941955952
0.17755,0.938807843
0.1776,0.939847115
0.17765,0.943404436
0.1777,0.947581628
0.17775,0.950677126
0.1778,0.95147648
0.17785,0.949377261
0.1779,0.944362299
0.17795,0.936865141
0.178,0.927583555
0.17805,0.917292747
0.1781,0.776511048
0.17815,0.801872698
0.1782,0.827465304
0.17825,0.849971189
0.1783,1.282815452
0.17835,1.210107221
0.1784,1.129818284
0.17845,1.055361079
0.1785,0.998310829
0.17855,0.966520192
0.1786,0.962887812
0.17865,0.985100668
0.1787,1.026412259
0.17875,1.077267796
0.1788,1.127389043
0.17885,1.167834978
0.1789,1.192585545
0.17895,1.199341964
0.179,1.189451368
0.17905,1.167082076
0.1791,1.137937878
0.17915,1.107867799
0.1792,1.081695673
0.17925,1.06248563
0.1793,1.051316951
0.17935,1.047509009
0.1794,1.049147063
0.17945,1.053726368
0.1795,1.058750718
0.17955,0.668256562
0.1796,0.75925547
0.17965,0.844902132
0.1797,0.914450797
0.17975,1.12205159
0.1798,1.119169068
0.17985,1.091098263
0.1799,1.044928922
0.17995,0.990011633
0.18,0.936450301
0.18005,0.893393355
0.1801,0.867477695
0.18015,0.861754235
0.1802,0.875328039
0.18025,0.903789868
0.1803,0.940334604
0.18035,0.977302895
0.1804,1.007788791
0.18045,1.026953708
0.1805,1.032643825
0.18055,1.026010396
0.1806,1.010031281
0.18065,0.989276728
0.1807,0.968426287
0.18075,0.951328314
0.1808,0.940332073
0.18085,0.936058609
0.1809,0.937586199
0.18095,0.942932653
0.181,0.94966899
0.18105,0.955501461
0.1811,0.958700742
0.18115,0.958319198
0.1812,0.954199185
0.18125,0.94682153
0.1813,0.937066359
0.18135,0.925958458
0.1814,0.914452901
0.18145,0.773355803
0.1815,0.798776958
0.18155,0.824912789
0.1816,1.259736209
0.18165,1.196370475
0.1817,1.125760606
0.18175,1.059933269
0.1818,1.009403165
0.18185,0.981428016
0.1819,0.978817978
0.18195,0.999620185
0.182,1.037764872
0.18205,1.084523214
0.1821,1.130430721
0.18215,1.167224075
0.1822,1.189354221
0.18225,1.194767766
0.1823,1.184851294
0.18235,1.163647387
0.1824,1.136615921
0.18245,1.109288538
0.1825,1.086138385
0.18255,1.06988235
0.1826,1.061290403
0.18265,1.05944162
0.1827,1.062273972
0.18275,1.067240777
0.1828,1.071906646
0.18285,1.0743716
0.1829,0.681463627
0.18295,0.767765431
0.183,0.848538099
0.18305,1.070453347
0.1831,1.089834929
0.18315,1.084335128
0.1832,1.057923223
0.18325,1.017500375
0.1833,0.971758134
0.18335,0.929643911
0.1834,0.898749052
0.18345,0.88396183
0.1835,0.88668172
0.18355,0.904769801
0.1836,0.93323835
0.18365,0.965505519
0.1837,0.994907103
0.18375,1.016104604
0.1838,1.026071282
0.18385,1.024396989
0.1839,1.013224712
0.18395,0.996255034
0.184,0.977754513
0.18405,0.961538748
0.1841,0.950211402
0.18415,0.944802546
0.1842,0.94482518
0.18425,0.94866204
0.1843,0.954130029
0.18435,0.95905627
0.1844,0.961731239
0.18445,0.961163157
0.1845,0.957122161
0.18455,0.950014714
0.1846,0.940657807
0.18465,0.930027283
0.1847,0.919040334
0.18475,0.908407876
0.1848,0.773081965
0.18485,0.79948142
0.1849,0.826523529
0.18495,1.264858319
0.185,1.200045561
0.18505,1.127649985
0.1851,1.06017052
0.18515,1.008467031
0.1852,0.979953832
0.18525,0.977402355
0.1853,0.998670119
0.18535,1.037424808
0.1854,1.084687407
0.18545,1.130822442
0.1855,1.167506128
0.18555,1.189231638
0.1856,1.194053098
0.18565,1.183480584
0.1857,1.161653544
0.18575,1.134079106
0.1858,1.106286843
0.18585,1.082716834
0.1859,1.066047688
0.18595,1.057028036
0.186,1.054743531
0.18605,1.057164463
0.1861,1.061789935
0.18615,1.066227465
0.1862,1.068602882
0.18625,0.679278712
0.1863,0.763475981
0.18635,0.842291167
0.1864,1.066725481
0.18645,1.085874835
0.1865,1.081389886
0.18655,1.056905571
0.1866,1.018739749
0.18665,0.974885967
0.1867,0.933653078
0.18675,0.902224778
0.1868,0.885434427
0.18685,0.885013875
0.1869,0.899475341
0.18695,0.924642479
0.187,0.954696618
0.18705,0.983486945
0.1871,1.005800556
0.18715,1.018279277
0.1872,1.020074943
0.18725,1.012205745
0.1873,0.997700735
0.18735,0.980270355
0.1874,0.963527485
0.18745,0.950251326
0.1875,0.941955952
0.18755,0.938807843
0.1876,0.939847115
0.18765,0.943404436
0.1877,0.947581628
0.18775,0.950677126
0.1878,0.95147648
0.18785,0.949377261
0.1879,0.944362299
0.18795,0.936865141
0.188,0.927583555
0.18805,0.917292747
0.1881,0.776511048
0.18815,0.801872698
0.1882,0.827465304
0.18825,0.849971189
0.1883,1.282815452
0.18835,1.210107221
0.1884,1.129818284
0.18845,1.055361079
0.1885,0.998310829
0.18855,0.966520192
0.1886,0.962887812
0.18865,0.985100668
0.1887,1.026412259
0.18875,1.077267796
0.1888,1.127389043
0.18885,1.167834978
0.1889,1.192585545
0.18895,1.199341964
0.189,1.189451368
0.18905,1.167082076
0.1891,1.137937878
0.18915,1.107867799
0.1892,1.081695673
0.18925,1.06248563
0.1893,1.051316951
0.18935,1.047509009
0.1894,1.049147063
0.18945,1.053726368
0.1895,1.058750718
0.18955,0.668256562
0.1896,0.75925547
0.18965,0.844902132
0.1897,0.914450797
0.18975,1.12205159
0.1898,1.119169068
0.18985,1.091098263
0.1899,1.044928922
0.18995,0.990011633
0.19,0.936450301
0.19005,0.893393355
0.1901,0.867477695
0.19015,0.861754235
0.1902,0.875328039
0.19025,0.903789868
0.1903,0.940334604
0.19035,0.977302895
0.1904,1.007788791
0.19045,1.026953707
0.1905,1.032643825
0.19055,1.026010396
0.1906,1.010031281
0.19065,0.989276728
0.1907,0.968426287
0.19075,0.951328314
0.1908,0.940332073
0.19085,0.936058609
0.1909,0.937586199
0.19095,0.942932653
0.191,0.949668989
0.19105,0.955501461
0.1911,0.958700742
0.19115,0.958319198
0.1912,0.954199185
0.19125,0.94682153
0.1913,0.937066359
0.19135,0.925958458
0.1914,0.914452901
0.19145,0.773355803
0.1915,0.798776958
0.19155,0.824912789
0.1916,1.259736209
0.19165,1.196370475
0.1917,1.125760606
0.19175,1.059933269
0.1918,1.009403165
0.19185,0.981428016
0.1919,0.978817978
0.19195,0.999620185
0.192,1.037764872
0.19205,1.084523214
0.1921,1.13043072
0.19215,1.167224075
0.1922,1.189354221
0.19225,1.194767766
0.1923,1.184851294
0.19235,1.163647387
0.1924,1.136615921
0.19245,1.109288538
0.1925,1.086138385
0.19255,1.06988235
0.1926,1.061290403
0.19265,1.05944162
0.1927,1.062273972
0.19275,1.067240777
0.1928,1.071906646
0.19285,1.0743716
0.1929,0.681463627
0.19295,0.767765431
0.193,0.848538099
0.19305,1.070453347
0.1931,1.089834929
0.19315,1.084335128
0.1932,1.057923223
0.19325,1.017500375
0.1933,0.971758134
0.19335,0.929643911
0.1934,0.898749052
0.19345,0.88396183
0.1935,0.88668172
0.19355,0.904769801
0.1936,0.93323835
0.19365,0.965505519
0.1937,0.994907103
0.19375,1.016104604
0.1938,1.026071282
0.19385,1.024396989
0.1939,1.013224712
0.19395,0.996255034
0.194,0.977754514
0.19405,0.961538748
0.1941,0.950211402
0.19415,0.944802545
0.1942,0.94482518
0.19425,0.94866204
0.1943,0.954130029
0.19435,0.95905627
0.1944,0.961731239
0.19445,0.961163157
0.1945,0.957122162
0.19455,0.950014714
0.1946,0.940657807
0.19465,0.930027283
0.1947,0.919040334
0.19475,0.908407876
0.1948,0.773081965
0.19485,0.79948142
0.1949,0.826523529
0.19495,1.264858319
0.195,1.200045561
0.19505,1.127649985
0.1951,1.06017052
0.19515,1.008467031
0.1952,0.979953832
0.19525,0.977402355
0.1953,0.998670119
0.19535,1.037424808
0.1954,1.084687407
0.19545,1.130822442
0.1955,1.167506128
0.19555,1.189231638
0.1956,1.194053098
0.19565,1.183480584
0.1957,1.161653544
0.19575,1.134079106
0.1958,1.106286843
0.19585,1.082716834
0.1959,1.066047688
0.19595,1.057028036
0.196,1.054743531
0.19605,1.057164463
0.1961,1.061789935
0.19615,1.066227465
0.1962,1.068602882
0.19625,0.679278712
0.1963,0.763475981
0.19635,0.842291167
0.1964,1.066725481
0.19645,1.085874835
0.1965,1.081389886
0.19655,1.056905571
0.1966,1.018739749
0.19665,0.974885967
0.1967,0.933653078
0.19675,0.902224778
0.1968,0.885434427
0.19685,0.885013875
0.1969,0.899475341
0.19695,0.924642479
0.197,0.954696618
0.19705,0.983486945
0.1971,1.005800556
0.19715,1.018279277
0.1972,1.020074943
0.19725,1.012205745
0.1973,0.997700735
0.19735,0.980270355
0.1974,0.963527485
0.19745,0.950251326
0.1975,0.941955952
0.19755,0.938807843
0.1976,0.939847115
0.19765,0.943404436
0.1977,0.947581628
0.19775,0.950677126
0.1978,0.95147648
0.19785,0.949377261
0.1979,0.944362299
0.19795,0.936865141
0.198,0.927583555
0.19805,0.917292747
0.1981,0.776511048
0.19815,0.801872698
0.1982,0.827465304
0.19825,0.849971189
0.1983,1.282815452
0.19835,1.210107221
0.1984,1.129818284
0.19845,1.055361079
0.1985,0.998310829
0.19855,0.966520192
0.1986,0.962887812
0.19865,0.985100668
0.1987,1.026412259
0.19875,1.077267796
0.1988,1.127389043
0.19885,1.167834978
0.1989,1.192585545
0.19895,1.199341964
0.199,1.189451368
0.19905,1.167082076
0.1991,1.137937878
0.19915,1.107867799
0.1992,1.081695673
0.19925,1.06248563
0.1993,1.051316951
0.19935,1.047509009
0.1994,1.049147063
0.19945,1.053726368
0.1995,1.058750718
0.19955,0.668256562
0.1996,0.75925547
0.19965,0.844902132
0.1997,0.914450797
0.19975,1.12205159
0.1998,1.119169068
0.19985,1.091098263
0.1999,1.044928922
0.19995,0.990011633
0.2,0.936450301
0.20005,0.893393355
0.2001,0.867477695
0.20015,0.861754235
0.2002,0.875328039
0.20025,0.903789868
0.2003,0.940334604
0.20035,0.977302895
0.2004,1.007788791
0.20045,1.026953708
0.2005,1.032643825
0.20055,1.026010396
0.2006,1.010031281
0.20065,0.989276728
0.2007,0.968426287
0.20075,0.951328314
0.2008,0.940332073
0.20085,0.936058609
0.2009,0.937586199
0.20095,0.942932653
0.201,0.94966899
0.20105,0.955501461
0.2011,0.958700742
0.20115,0.958319198
0.2012,0.954199185
0.20125,0.94682153
0.2013,0.937066359
0.20135,0.925958458
0.2014,0.914452901
0.20145,0.773355803
0.2015,0.798776958
0.20155,0.824912789
0.2016,1.259736209
0.20165,1.196370475
0.2017,1.125760606
0.20175,1.059933269
0.2018,1.009403165
0.20185,0.981428016
0.2019,0.978817978
0.20195,0.999620185
0.202,1.037764872
0.20205,1.084523214
0.2021,1.130430721
0.20215,1.167224075
0.2022,1.189354221
0.20225,1.194767766
0.2023,1.184851294
0.20235,1.163647387
0.2024,1.136615921
0.20245,1.109288538
0.2025,1.086138385
0.20255,1.06988235
0.2026,1.061290403
0.20265,1.05944162
0.2027,1.062273972
0.20275,1.067240777
0.2028,1.071906646
0.20285,1.0743716
0.2029,0.681463627
0.20295,0.767765431
0.203,0.848538099
0.20305,1.070453347
0.2031,1.089834929
0.20315,1.084335128
0.2032,1.057923223
0.20325,1.017500375
0.2033,0.971758134
0.20335,0.929643911
0.2034,0.898749052
0.20345,0.88396183
0.2035,0.88668172
0.20355,0.904769801
0.2036,0.93323835
0.20365,0.965505519
0.2037,0.994907103
0.20375,1.016104604
0.2038,1.026071282
0.20385,1.024396989
0.2039,1.013224712
0.20395,0.996255034
0.204,0.977754513
0.20405,0.961538748
0.2041,0.950211402
0.20415,0.944802546
0.2042,0.94482518
0.20425,0.94866204
0.2043,0.954130029
0.20435,0.95905627
0.2044,0.961731239
0.20445,0.961163157
0.2045,0.957122161
0.20455,0.950014714
0.2046,0.940657807
0.20465,0.930027283
0.2047,0.919040334
0.20475,0.908407876
0.2048,0.773081965
0.20485,0.79948142
0.2049,0.826523529
0.20495,1.264858319
0.205,1.200045561
0.20505,1.127649985
0.2051,1.06017052
0.20515,1.008467031
0.2052,0.979953832
0.20525,0.977402355
0.2053,0.998670119
0.20535,1.037424808
0.2054,1.084687407
0.20545,1.130822442
0.2055,1.167506128
0.20555,1.189231638
0.2056,1.194053098
0.20565,1.183480584
0.2057,1.161653544
0.20575,1.134079106
0.2058,1.106286843
0.20585,1.082716834
0.2059,1.066047688
0.20595,1.057028036
0.206,1.054743531
0.20605,1.057164463
0.2061,1.061789935
0.20615,1.066227465
0.2062,1.068602882
0.20625,0.679278712
0.2063,0.763475981
0.20635,0.842291167
0.2064,1.066725481
0.20645,1.085874835
0.2065,1.081389886
0.20655,1.056905571
0.2066,1.018739749
0.20665,0.974885967
0.2067,0.933653078
0.20675,0.902224778
0.2068,0.885434427
0.20685,0.885013875
0.2069,0.899475341
0.20695,0.924642479
0.207,0.954696618
0.20705,0.983486945
0.2071,1.005800556
0.20715,1.018279277
0.2072,1.020074943
0.20725,1.012205745
0.2073,0.997700735
0.20735,0.980270355
0.2074,0.963527485
0.20745,0.950251326
0.2075,0.941955952
0.20755,0.938807843
0.2076,0.939847115
0.20765,0.943404436
0.2077,0.947581628
0.20775,0.950677126
0.2078,0.95147648
0.20785,0.949377261
0.2079,0.944362299
0.20795,0.936865141
0.208,0.927583555
0.20805,0.917292747
0.2081,0.776511048
0.20815,0.801872698
0.2082,0.827465304
0.20825,0.849971189
0.2083,1.282815452
0.20835,1.210107221
0.2084,1.129818284
0.20845,1.055361079
0.2085,0.998310829
0.20855,0.966520192
0.2086,0.962887812
0.20865,0.985100668
0.2087,1.026412259
0.20875,1.077267796
0.2088,1.127389043
0.20885,1.167834978
0.2089,1.192585545
0.20895,1.199341964
0.209,1.189451368
0.20905,1.167082076
0.2091,1.137937878
0.20915,1.107867799
0.2092,1.081695673
0.20925,1.06248563
0.2093,1.051316951
0.20935,1.047509009
0.2094,1.049147063
0.20945,1.053726368
0.2095,1.058750718
0.20955,0.668256562
0.2096,0.75925547
0.20965,0.844902132
0.2097,0.914450797
0.20975,1.12205159
0.2098,1.119169068
0.20985,1.091098263
0.2099,1.044928922
0.20995,0.990011633
0.21,0.936450301
0.21005,0.893393355
0.2101,0.867477695
0.21015,0.861754235
0.2102,0.875328039
0.21025,0.903789868
0.2103,0.940334604
0.21035,0.977302895
0.2104,1.007788791
0.21045,1.026953707
0.2105,1.032643825
0.21055,1.026010396
0.2106,1.010031281
0.21065,0.989276728
0.2107,0.968426287
0.21075,0.951328314
0.2108,0.940332073
0.21085,0.936058609
0.2109,0.937586199
0.21095,0.942932653
0.211,0.949668989
0.21105,0.955501461
0.2111,0.958700742
0.21115,0.958319198
0.2112,0.954199185
0.21125,0.94682153
0.2113,0.937066359
0.21135,0.925958458
0.2114,0.914452901
0.21145,0.773355803
0.2115,0.798776958
0.21155,0.824912789
0.2116,1.259736209
0.21165,1.196370475
0.2117,1.125760606
0.21175,1.059933269
0.2118,1.009403165
0.21185,0.981428016
0.2119,0.978817978
0.21195,0.999620185
0.212,1.037764872
0.21205,1.084523214
0.2121,1.13043072
0.21215,1.167224075
0.2122,1.189354221
0.21225,1.194767766
0.2123,1.184851294
0.21235,1.163647387
0.2124,1.136615921
0.21245,1.109288538
0.2125,1.086138385
0.21255,1.06988235
0.2126,1.061290403
0.21265,1.05944162
0.2127,1.062273972
0.21275,1.067240777
0.2128,1.071906646
0.21285,1.0743716
0.2129,0.681463627
0.21295,0.767765431
0.213,0.848538099
0.21305,1.070453347
0.2131,1.089834929
0.21315,1.084335128
0.2132,1.057923223
0.21325,1.017500375
0.2133,0.971758134
0.21335,0.929643911
0.2134,0.898749052
0.21345,0.88396183
0.2135,0.88668172
0.21355,0.904769801
0.2136,0.93323835
0.21365,0.965505519
0.2137,0.994907103
0.21375,1.016104604
0.2138,1.026071282
0.21385,1.024396989
0.2139,1.013224712
0.21395,0.996255034
0.214,0.977754514
0.21405,0.961538748
0.2141,0.950211402
0.21415,0.944802545
0.2142,0.94482518
0.21425,0.94866204
0.2143,0.954130029
0.21435,0.95905627
0.2144,0.961731239
0.21445,0.961163157
0.2145,0.957122162
0.21455,0.950014714
0.2146,0.940657807
0.21465,0.930027283
0.2147,0.919040334
0.21475,0.908407876
0.2148,0.773081965
0.21485,0.79948142
0.2149,0.826523529
0.21495,1.264858319
0.215,1.200045561
0.21505,1.127649985
0.2151,1.06017052
0.21515,1.008467031
0.2152,0.979953832
0.21525,0.977402355
0.2153,0.998670119
0.21535,1.037424808
0.2154,1.084687407
0.21545,1.130822442
0.2155,1.167506128
0.21555,1.189231638
0.2156,1.194053098
0.21565,1.183480584
0.2157,1.161653544
0.21575,1.134079106
0.2158,1.106286843
0.21585,1.082716834
0.2159,1.066047688
0.21595,1.057028036
0.216,1.054743531
0.21605,1.057164463
0.2161,1.061789935
0.21615,1.066227465
0.2162,1.068602882
0.21625,0.679278712
0.2163,0.763475981
0.21635,0.842291167
0.2164,1.066725481
0.21645,1.085874835
0.2165,1.081389886
0.21655,1.056905571
0.2166,1.018739749
0.21665,0.974885967
0.2167,0.933653078
0.21675,0.902224778
0.2168,0.885434427
0.21685,0.885013875
0.2169,0.899475341
0.21695,0.924642479
0.217,0.954696618
0.21705,0.983486945
0.2171,1.005800556
0.21715,1.018279277
0.2172,1.020074943
0.21725,1.012205745
0.2173,0.997700735
0.21735,0.980270355
0.2174,0.963527485
0.21745,0.950251326
0.2175,0.941955952
0.21755,0.938807843
0.2176,0.939847115
0.21765,0.943404436
0.2177,0.947581628
0.21775,0.950677126
0.2178,0.95147648
0.21785,0.949377261
0.2179,0.944362299
0.21795,0.936865141
0.218,0.927583555
0.21805,0.917292747
0.2181,0.776511048
0.21815,0.801872698
0.2182,0.827465304
0.21825,0.849971189
0.2183,1.282815452
0.21835,1.210107221
0.2184,1.129818284
0.21845,1.055361079
0.2185,0.998310829
0.21855,0.966520192
0.2186,0.962887812
0.21865,0.985100668
0.2187,1.026412259
0.21875,1.077267796
0.2188,1.127389043
0.21885,1.167834978
0.2189,1.192585545
0.21895,1.199341964
0.219,1.189451368
0.21905,1.167082076
0.2191,1.137937878
0.21915,1.107867799
0.2192,1.081695673
0.21925,1.06248563
0.2193,1.051316951
0.21935,1.047509009
0.2194,1.049147063
0.21945,1.053726368
0.2195,1.058750718
0.21955,0.668256562
0.2196,0.75925547
0.21965,0.844902132
0.2197,0.914450797
0.21975,1.12205159
0.2198,1.119169068
0.21985,1.091098263
0.2199,1.044928922
0.21995,0.990011633
0.22,0.936450301
0.22005,0.893393355
0.2201,0.867477695
0.22015,0.861754235
0.2202,0.875328039
0.22025,0.903789868
0.2203,0.940334604
0.22035,0.977302895
0.2204,1.007788791
0.22045,1.026953708
0.2205,1.032643825
0.22055,1.026010396
0.2206,1.010031281
0.22065,0.989276728
0.2207,0.968426287
0.22075,0.951328314
0.2208,0.940332073
0.22085,0.936058609
0.2209,0.937586199
0.22095,0.942932653
0.221,0.94966899
0.22105,0.955501461
0.2211,0.958700742
0.22115,0.958319198
0.2212,0.954199185
0.22125,0.94682153
0.2213,0.937066359
0.22135,0.925958458
0.2214,0.914452901
0.22145,0.773355803
0.2215,0.798776958
0.22155,0.824912789
0.2216,1.259736209
0.22165,1.196370475
0.2217,1.125760606
0.22175,1.059933269
0.2218,1.009403165
0.22185,0.981428016
0.2219,0.978817978
0.22195,0.999620185
0.222,1.037764872
0.22205,1.084523214
0.2221,1.130430721
0.22215,1.167224075
0.2222,1.189354221
0.22225,1.194767766
0.2223,1.184851294
0.22235,1.163647387
0.2224,1.136615921
0.22245,1.109288538
0.2225,1.086138385
0.22255,1.06988235
0.2226,1.061290403
0.22265,1.05944162
0.2227,1.062273972
0.22275,1.067240777
0.2228,1.071906646
0.22285,1.0743716
0.2229,0.681463627
0.22295,0.767765431
0.223,0.848538099
0.22305,1.070453347
0.2231,1.089834929
0.22315,1.084335128
0.2232,1.057923223
0.22325,1.017500375
0.2233,0.971758134
0.22335,0.929643911
0.2234,0.898749052
0.22345,0.88396183
0.2235,0.88668172
0.22355,0.904769801
0.2236,0.93323835
0.22365,0.965505519
0.2237,0.994907103
0.22375,1.016104604
0.2238,1.026071282
0.22385,1.024396989
0.2239,1.013224712
0.22395,0.996255034
0.224,0.977754513
0.22405,0.961538748
0.2241,0.950211402
0.22415,0.944802546
0.2242,0.94482518
0.22425,0.94866204
0.2243,0.954130029
0.22435,0.95905627
0.2244,0.961731239
0.22445,0.961163157
0.2245,0.957122161
0.22455,0.950014714
0.2246,0.940657807
0.22465,0.930027283
0.2247,0.919040334
0.22475,0.908407876
0.2248,0.773081965
0.22485,0.79948142
0.2249,0.826523529
0.22495,1.264858319
0.225,1.200045561
0.22505,1.127649985
0.2251,1.06017052
0.22515,1.008467031
0.2252,0.979953832
0.22525,0.977402355
0.2253,0.998670119
0.22535,1.037424808
0.2254,1.084687407
0.22545,1.130822442
0.2255,1.167506128
0.22555,1.189231638
0.2256,1.194053098
0.22565,1.183480584
0.2257,1.161653544
0.22575,1.134079106
0.2258,1.106286843
0.22585,1.082716834
0.2259,1.066047688
0.22595,1.057028036
0.226,1.054743531
0.22605,1.057164463
0.2261,1.061789935
0.22615,1.066227465
0.2262,1.068602882
0.22625,0.679278712
0.2263,0.763475981
0.22635,0.842291167
0.2264,1.066725481
0.22645,1.085874835
0.2265,1.081389886
0.22655,1.056905571
0.2266,1.018739749
0.22665,0.974885967
0.2267,0.933653078
0.22675,0.902224778
0.2268,0.885434427
0.22685,0.885013875
0.2269,0.899475341
0.22695,0.924642479
0.227,0.954696618
0.22705,0.983486945
0.2271,1.005800556
0.22715,1.018279277
0.2272,1.020074943
0.22725,1.012205745
0.2273,0.997700735
0.22735,0.980270355
0.2274,0.963527485
0.22745,0.950251326
0.2275,0.941955952
0.22755,0.938807843
0.2276,0.939847115
0.22765,0.943404436
0.2277,0.947581628
0.22775,0.950677126
0.2278,0.95147648
0.22785,0.949377261
0.2279,0.944362299
0.22795,0.936865141
0.228,0.927583555
0.22805,0.917292747
0.2281,0.776511048
0.22815,0.801872698
0.2282,0.827465304
0.22825,0.849971189
0.2283,1.282815452
0.22835,1.210107221
0.2284,1.129818284
0.22845,1.055361079
0.2285,0.998310829
0.22855,0.966520192
0.2286,0.962887812
0.22865,0.985100668
0.2287,1.026412259
0.22875,1.077267796
0.2288,1.127389043
0.22885,1.167834978
0.2289,1.192585545
0.22895,1.199341964
0.229,1.189451368
0.22905,1.167082076
0.2291,1.137937878
0.22915,1.107867799
0.2292,1.081695673
0.22925,1.06248563
0.2293,1.051316951
0.22935,1.047509009
0.2294,1.049147063
0.22945,1.053726368
0.2295,1.058750718
0.22955,0.668256562
0.2296,0.75925547
0.22965,0.844902132
0.2297,0.914450797
0.22975,1.12205159
0.2298,1.119169068
0.22985,1.091098263
0.2299,1.044928922
0.22995,0.990011633
0.23,0.936450301
0.23005,0.893393355
0.2301,0.867477695
0.23015,0.861754235
0.2302,0.875328039
0.23025,0.903789868
0.2303,0.940334604
0.23035,0.977302895
0.2304,1.007788791
0.23045,1.026953707
0.2305,1.032643825
0.23055,1.026010396
0.2306,1.010031281
0.23065,0.989276728
0.2307,0.968426287
0.23075,0.951328314
0.2308,0.940332073
0.23085,0.936058609
0.2309,0.937586199
0.23095,0.942932653
0.231,0.949668989
0.23105,0.955501461
0.2311,0.958700742
0.23115,0.958319198
0.2312,0.954199185
0.23125,0.94682153
0.2313,0.937066359
0.23135,0.925958458
0.2314,0.914452901
0.23145,0.773355803
0.2315,0.798776958
0.23155,0.824912789
0.2316,1.259736209
0.23165,1.196370475
0.2317,1.125760606
0.23175,1.059933269
0.2318,1.009403165
0.23185,0.981428016
0.2319,0.978817978
0.23195,0.999620185
0.232,1.037764872
0.23205,1.084523214
0.2321,1.13043072
0.23215,1.167224075
0.2322,1.189354221
0.23225,1.194767766
0.2323,1.184851294
0.23235,1.163647387
0.2324,1.136615921
0.23245,1.109288538
0.2325,1.086138385
0.23255,1.06988235
0.2326,1.061290403
0.23265,1.05944162
0.2327,1.062273972
0.23275,1.067240777
0.2328,1.071906646
0.23285,1.0743716
0.2329,0.681463627
0.23295,0.767765431
0.233,0.848538099
0.23305,1.070453347
0.2331,1.089834929
0.23315,1.084335128
0.2332,1.057923223
0.23325,1.017500375
0.2333,0.971758134
0.23335,0.929643911
0.2334,0.898749052
0.23345,0.88396183
0.2335,0.88668172
0.23355,0.904769801
0.2336,0.93323835
0.23365,0.965505519
0.2337,0.994907103
0.23375,1.016104604
0.2338,1.026071282
0.23385,1.024396989
0.2339,1.013224712
0.23395,0.996255034
0.234,0.977754514
0.23405,0.961538748
0.2341,0.950211402
0.23415,0.944802545
0.2342,0.94482518
0.23425,0.94866204
0.2343,0.954130029
0.23435,0.95905627
0.2344,0.961731239
0.23445,0.961163157
0.2345,0.957122162
0.23455,0.950014714
0.2346,0.940657807
0.23465,0.930027283
0.2347,0.919040334
0.23475,0.908407876
0.2348,0.773081965
0.23485,0.79948142
0.2349,0.826523529
0.23495,1.264858319
0.235,1.200045561
0.23505,1.127649985
0.2351,1.06017052
0.23515,1.008467031
0.2352,0.979953832
0.23525,0.977402355
0.2353,0.998670119
0.23535,1.037424808
0.2354,1.084687407
0.23545,1.130822442
0.2355,1.167506128
0.23555,1.189231638
0.2356,1.194053098
0.23565,1.183480584
0.2357,1.161653544
0.23575,1.134079106
0.2358,1.106286843
0.23585,1.082716834
0.2359,1.066047688
0.23595,1.057028036
0.236,1.054743531
0.23605,1.057164463
0.2361,1.061789935
0.23615,1.066227465
0.2362,1.068602882
0.23625,0.679278712
0.2363,0.763475981
0.23635,0.842291167
0.2364,1.066725481
0.23645,1.085874835
0.2365,1.081389886
0.23655,1.056905571
0.2366,1.018739749
0.23665,0.974885967
0.2367,0.933653078
0.23675,0.902224778
0.2368,0.885434427
0.23685,0.885013875
0.2369,0.899475341
0.23695,0.924642479
0.237,0.954696618
0.23705,0.983486945
0.2371,1.005800556
0.23715,1.018279277
0.2372,1.020074943
0.23725,1.012205745
0.2373,0.997700735
0.23735,0.980270355
0.2374,0.963527485
0.23745,0.950251326
0.2375,0.941955952
0.23755,0.938807843
0.2376,0.939847115
0.23765,0.943404436
0.2377,0.947581628
0.23775,0.950677126
0.2378,0.95147648
0.23785,0.949377261
0.2379,0.944362299
0.23795,0.936865141
0.238,0.927583555
0.23805,0.917292747
0.2381,0.776511048
0.23815,0.801872698
0.2382,0.827465304
0.23825,0.849971189
0.2383,1.282815452
0.23835,1.210107221
0.2384,1.129818284
0.23845,1.055361079
0.2385,0.998310829
0.23855,0.966520192
0.2386,0.962887812
0.23865,0.985100668
0.2387,1.026412259
0.23875,1.077267796
0.2388,1.127389043
0.23885,1.167834978
0.2389,1.192585545
0.23895,1.199341964
0.239,1.189451368
0.23905,1.167082076
0.2391,1.137937878
0.23915,1.107867799
0.2392,1.081695673
0.23925,1.06248563
0.2393,1.051316951
0.23935,1.047509009
0.2394,1.049147063
0.23945,1.053726368
0.2395,1.058750718
0.23955,0.668256562
0.2396,0.75925547
0.23965,0.844902132
0.2397,0.914450797
0.23975,1.12205159
0.2398,1.119169068
0.23985,1.091098263
0.2399,1.044928922
0.23995,0.990011633
0.24,0.936450301
0.24005,0.893393355
0.2401,0.867477695
0.24015,0.861754235
0.2402,0.875328039
0.24025,0.903789868
0.2403,0.940334604
0.24035,0.977302895
0.2404,1.007788791
0.24045,1.026953708
0.2405,1.032643825
0.24055,1.026010396
0.2406,1.010031281
0.24065,0.989276728
0.2407,0.968426287
0.24075,0.951328314
0.2408,0.940332073
0.24085,0.936058609
0.2409,0.937586199
0.24095,0.942932653
0.241,0.94966899
0.24105,0.955501461
0.2411,0.958700742
0.24115,0.958319198
0.2412,0.954199185
0.24125,0.94682153
0.2413,0.937066359
0.24135,0.925958458
0.2414,0.914452901
0.24145,0.773355803
0.2415,0.798776958
0.24155,0.824912789
0.2416,1.259736209
0.24165,1.196370475
0.2417,1.125760606
0.24175,1.059933269
0.2418,1.009403165
0.24185,0.981428016
0.2419,0.978817978
0.24195,0.999620185
0.242,1.037764872
0.24205,1.084523214
0.2421,1.130430721
0.24215,1.167224075
0.2422,1.189354221
0.24225,1.194767766
0.2423,1.184851294
0.24235,1.163647387
0.2424,1.136615921
0.24245,1.109288538
0.2425,1.086138385
0.24255,1.06988235
0.2426,1.061290403
0.24265,1.05944162
0.2427,1.062273972
0.24275,1.067240777
0.2428,1.071906646
0.24285,1.0743716
0.2429,0.681463627
0.24295,0.767765431
0.243,0.848538099
0.24305,1.070453347
0.2431,1.089834929
0.24315,1.084335128
0.2432,1.057923223
0.24325,1.017500375
0.2433,0.971758134
0.24335,0.929643911
0.2434,0.898749052
0.24345,0.88396183
0.2435,0.88668172
0.24355,0.904769801
0.2436,0.93323835
0.24365,0.965505519
0.2437,0.994907103
0.24375,1.016104604
0.2438,1.026071282
0.24385,1.024396989
0.2439,1.013224712
0.24395,0.996255034
0.244,0.977754513
0.24405,0.961538748
0.2441,0.950211402
0.24415,0.944802546
0.2442,0.94482518
0.24425,0.94866204
0.2443,0.954130029
0.24435,0.95905627
0.2444,0.961731239
0.24445,0.961163157
0.2445,0.957122161
0.24455,0.950014714
0.2446,0.940657807
0.24465,0.930027283
0.2447,0.919040334
0.24475,0.908407876
0.2448,0.773081965
0.24485,0.79948142
0.2449,0.826523529
0.24495,1.264858319
0.245,1.200045561
0.24505,1.127649985
0.2451,1.06017052
0.24515,1.008467031
0.2452,0.979953832
0.24525,0.977402355
0.2453,0.998670119
0.24535,1.037424808
0.2454,1.084687407
0.24545,1.130822442
0.2455,1.167506128
0.24555,1.189231638
0.2456,1.194053098
0.24565,1.183480584
0.2457,1.161653544
0.24575,1.134079106
0.2458,1.106286843
0.24585,1.082716834
0.2459,1.066047688
0.24595,1.057028036
0.246,1.054743531
0.24605,1.057164463
0.2461,1.061789935
0.24615,1.066227465
0.2462,1.068602882
0.24625,0.679278712
0.2463,0.763475981
0.24635,0.842291167
0.2464,1.066725481
0.24645,1.085874835
0.2465,1.081389886
0.24655,1.056905571
0.2466,1.018739749
0.24665,0.974885967
0.2467,0.933653078
0.24675,0.902224778
0.2468,0.885434427
0.24685,0.885013875
0.2469,0.899475341
0.24695,0.924642479
0.247,0.954696618
0.24705,0.983486945
0.2471,1.005800556
0.24715,1.018279277
0.2472,1.020074943
0.24725,1.012205745
0.2473,0.997700735
0.24735,0.980270355
0.2474,0.963527485
0.24745,0.950251326
0.2475,0.941955952
0.24755,0.938807843
0.2476,0.939847115
0.24765,0.943404436
0.2477,0.947581628
0.24775,0.950677126
0.2478,0.95147648
0.24785,0.949377261
0.2479,0.944362299
0.24795,0.936865141
0.248,0.927583555
0.24805,0.917292747
0.2481,0.776511048
0.24815,0.801872698
0.2482,0.827465304
0.24825,0.849971189
0.2483,1.282815452
0.24835,1.210107221
0.2484,1.129818284
0.24845,1.055361079
0.2485,0.998310829
0.24855,0.966520192
0.2486,0.962887812
0.24865,0.985100668
0.2487,1.026412259
0.24875,1.077267796
0.2488,1.127389043
0.24885,1.167834978
0.2489,1.192585545
0.24895,1.199341964
0.249,1.189451368
0.24905,1.167082076
0.2491,1.137937878
0.24915,1.107867799
0.2492,1.081695673
0.24925,1.06248563
0.2493,1.051316951
0.24935,1.047509009
0.2494,1.049147063
0.24945,1.053726368
0.2495,1.058750718
0.24955,0.668256562
0.2496,0.75925547
0.24965,0.844902132
0.2497,0.914450797
0.24975,1.12205159
0.2498,1.119169068
0.24985,1.091098263
0.2499,1.044928922
0.24995,0.990011633
0.25,0.936450301
0.25005,0.893393355
0.2501,0.867477695
0.25015,0.861754235
0.2502,0.875328039
0.25025,0.903789868
0.2503,0.940334604
0.25035,0.977302895
0.2504,1.007788791
0.25045,1.026953707
0.2505,1.032643825
0.25055,1.026010396
0.2506,1.010031281
0.25065,0.989276728
0.2507,0.968426287
0.25075,0.951328314
0.2508,0.940332073
0.25085,0.936058609
0.2509,0.937586199
0.25095,0.942932653
0.251,0.949668989
0.25105,0.955501461
0.2511,0.958700742
0.25115,0.958319198
0.2512,0.954199185
0.25125,0.94682153
0.2513,0.937066359
0.25135,0.925958458
0.2514,0.914452901
0.25145,0.773355803
0.2515,0.798776958
0.25155,0.824912789
0.2516,1.259736209
0.25165,1.196370475
0.2517,1.125760606
0.25175,1.059933269
0.2518,1.009403165
0.25185,0.981428016
0.2519,0.978817978
0.25195,0.999620185
0.252,1.037764872
0.25205,1.084523214
0.2521,1.13043072
0.25215,1.167224075
0.2522,1.189354221
0.25225,1.194767766
0.2523,1.184851294
0.25235,1.163647387
0.2524,1.136615921
0.25245,1.109288538
0.2525,1.086138385
0.25255,1.06988235
0.2526,1.061290403
0.25265,1.05944162
0.2527,1.062273972
0.25275,1.067240777
0.2528,1.071906646
0.25285,1.0743716
0.2529,0.681463627
0.25295,0.767765431
0.253,0.848538099
0.25305,1.070453347
0.2531,1.089834929
0.25315,1.084335128
0.2532,1.057923223
0.25325,1.017500375
0.2533,0.971758134
0.25335,0.929643911
0.2534,0.898749052
0.25345,0.88396183
0.2535,0.88668172
0.25355,0.904769801
0.2536,0.93323835
0.25365,0.965505519
0.2537,0.994907103
0.25375,1.016104604
0.2538,1.026071282
0.25385,1.024396989
0.2539,1.013224712
0.25395,0.996255034
0.254,0.977754514
0.25405,0.961538748
0.2541,0.950211402
0.25415,0.944802545
0.2542,0.94482518
0.25425,0.94866204
0.2543,0.954130029
0.25435,0.95905627
0.2544,0.961731239
0.25445,0.961163157
0.2545,0.957122162
0.25455,0.950014714
0.2546,0.940657807
0.25465,0.930027283
0.2547,0.919040334
0.25475,0.908407876
0.2548,0.773081965
0.25485,0.79948142
0.2549,0.826523529
0.25495,1.264858319
0.255,1.200045561
0.25505,1.127649985
0.2551,1.06017052
0.25515,1.008467031
0.2552,0.979953832
0.25525,0.977402355
0.2553,0.998670119
0.25535,1.037424808
0.2554,1.084687407
0.25545,1.130822442
0.2555,1.167506128
0.25555,1.189231638
0.2556,1.194053098
0.25565,1.183480584
0.2557,1.161653544
0.25575,1.134079106
0.2558,1.106286843
0.25585,1.082716834
0.2559,1.066047688
0.25595,1.057028036
0.256,1.054743531
0.25605,1.057164463
0.2561,1.061789935
0.25615,1.066227465
0.2562,1.068602882
0.25625,0.679278712
0.2563,0.763475981
0.25635,0.842291167
0.2564,1.066725481
0.25645,1.085874835
0.2565,1.081389886
0.25655,1.056905571
0.2566,1.018739749
0.25665,0.974885967
0.2567,0.933653078
0.25675,0.902224778
0.2568,0.885434427
0.25685,0.885013875
0.2569,0.899475341
0.25695,0.924642479
0.257,0.954696618
0.25705,0.983486945
0.2571,1.005800556
0.25715,1.018279277
0.2572,1.020074943
0.25725,1.012205745
0.2573,0.997700735
0.25735,0.980270355
0.2574,0.963527485
0.25745,0.950251326
0.2575,0.941955952
0.25755,0.938807843
0.2576,0.939847115
0.25765,0.943404436
0.2577,0.947581628
0.25775,0.950677126
0.2578,0.95147648
0.25785,0.949377261
0.2579,0.944362299
0.25795,0.936865141
0.258,0.927583555
0.25805,0.917292747
0.2581,0.776511048
0.25815,0.801872698
0.2582,0.827465304
0.25825,0.849971189
0.2583,1.282815452
0.25835,1.210107221
0.2584,1.129818284
0.25845,1.055361079
0.2585,0.998310829
0.25855,0.966520192
0.2586,0.962887812
0.25865,0.985100668
0.2587,1.026412259
0.25875,1.077267796
0.2588,1.127389043
0.25885,1.167834978
0.2589,1.192585545
0.25895,1.199341964
0.259,1.189451368
0.25905,1.167082076
0.2591,1.137937878
0.25915,1.107867799
0.2592,1.081695673
0.25925,1.06248563
0.2593,1.051316951
0.25935,1.047509009
0.2594,1.049147063
0.25945,1.053726368
0.2595,1.058750718
0.25955,0.668256562
0.2596,0.75925547
0.25965,0.844902132
0.2597,0.914450797
0.25975,1.12205159
0.2598,1.119169068
0.25985,1.091098263
0.2599,1.044928922
0.25995,0.990011633
0.26,0.936450301
0.26005,0.893393355
0.2601,0.867477695
0.26015,0.861754235
0.2602,0.875328039
0.26025,0.903789868
0.2603,0.940334604
0.26035,0.977302895
0.2604,1.007788791
0.26045,1.026953708
0.2605,1.032643825
0.26055,1.026010396
0.2606,1.010031281
0.26065,0.989276728
0.2607,0.968426287
0.26075,0.951328314
0.2608,0.940332073
0.26085,0.936058609
0.2609,0.937586199
0.26095,0.942932653
0.261,0.94966899
0.26105,0.955501461
0.2611,0.958700742
0.26115,0.958319198
0.2612,0.954199185
0.26125,0.94682153
0.2613,0.937066359
0.26135,0.925958458
0.2614,0.914452901
0.26145,0.773355803
0.2615,0.798776958
0.26155,0.824912789
0.2616,1.259736209
0.26165,1.196370475
0.2617,1.125760606
0.26175,1.059933269
0.2618,1.009403165
0.26185,0.981428016
0.2619,0.978817978
0.26195,0.999620185
0.262,1.037764872
0.26205,1.084523214
0.2621,1.130430721
0.26215,1.167224075
0.2622,1.189354221
0.26225,1.194767766
0.2623,1.184851294
0.26235,1.163647387
0.2624,1.136615921
0.26245,1.109288538
0.2625,1.086138385
0.26255,1.06988235
0.2626,1.061290403
0.26265,1.05944162
0.2627,1.062273972
0.26275,1.067240777
0.2628,1.071906646
0.26285,1.0743716
0.2629,0.681463627
0.26295,0.767765431
0.263,0.848538099
0.26305,1.070453347
0.2631,1.089834929
0.26315,1.084335128
0.2632,1.057923223
0.26325,1.017500375
0.2633,0.971758134
0.26335,0.929643911
0.2634,0.898749052
0.26345,0.88396183
0.2635,0.88668172
0.26355,0.904769801
0.2636,0.93323835
0.26365,0.965505519
0.2637,0.994907103
0.26375,1.016104604
0.2638,1.026071282
0.26385,1.024396989
0.2639,1.013224712
0.26395,0.996255034
0.264,0.977754513
0.26405,0.961538748
0.2641,0.950211402
0.26415,0.944802546
0.2642,0.94482518
0.26425,0.94866204
0.2643,0.954130029
0.26435,0.95905627
0.2644,0.961731239
0.26445,0.961163157
0.2645,0.957122161
0.26455,0.950014714
0.2646,0.940657807
0.26465,0.930027283
0.2647,0.919040334
0.26475,0.908407876
0.2648,0.773081965
0.26485,0.79948142
0.2649,0.826523529
0.26495,1.264858319
0.265,1.200045561
0.26505,1.127649985
0.2651,1.06017052
0.26515,1.008467031
0.2652,0.979953832
0.26525,0.977402355
0.2653,0.998670119
0.26535,1.037424808
0.2654,1.084687407
0.26545,1.130822442
0.2655,1.167506128
0.26555,1.189231638
0.2656,1.194053098
0.26565,1.183480584
0.2657,1.161653544
0.26575,1.134079106
0.2658,1.106286843
0.26585,1.082716834
0.2659,1.066047688
0.26595,1.057028036
0.266,1.054743531
0.26605,1.057164463
0.2661,1.061789935
0.26615,1.066227465
0.2662,1.068602882
0.26625,0.679278712
0.2663,0.763475981
0.26635,0.842291167
0.2664,1.066725481
0.26645,1.085874835
0.2665,1.081389886
0.26655,1.056905571
0.2666,1.018739749
0.26665,0.974885967
0.2667,0.933653078
0.26675,0.902224778
0.2668,0.885434427
0.26685,0.885013875
0.2669,0.899475341
0.26695,0.924642479
0.267,0.954696618
0.26705,0.983486945
0.2671,1.005800556
0.26715,1.018279277
0.2672,1.020074943
0.26725,1.012205745
0.2673,0.997700735
0.26735,0.980270355
0.2674,0.963527485
0.26745,0.950251326
0.2675,0.941955952
0.26755,0.938807843
0.2676,0.939847115
0.26765,0.943404436
0.2677,0.947581628
0.26775,0.950677126
0.2678,0.95147648
0.26785,0.949377261
0.2679,0.944362299
0.26795,0.936865141
0.268,0.927583555
0.26805,0.917292747
0.2681,0.776511048
0.26815,0.801872698
0.2682,0.827465304
0.26825,0.849971189
0.2683,1.282815452
0.26835,1.210107221
0.2684,1.129818284
0.26845,1.055361079
0.2685,0.998310829
0.26855,0.966520192
0.2686,0.962887812
0.26865,0.985100668
0.2687,1.026412259
0.26875,1.077267796
0.2688,1.127389043
0.26885,1.167834978
0.2689,1.192585545
0.26895,1.199341964
0.269,1.189451368
0.26905,1.167082076
0.2691,1.137937878
0.26915,1.107867799
0.2692,1.081695673
0.26925,1.06248563
0.2693,1.051316951
0.26935,1.047509009
0.2694,1.049147063
0.26945,1.053726368
0.2695,1.058750718
0.26955,0.668256562
0.2696,0.75925547
0.26965,0.844902132
0.2697,0.914450797
0.26975,1.12205159
0.2698,1.119169068
0.26985,1.091098263
0.2699,1.044928922
0.26995,0.990011633
0.27,0.936450301
0.27005,0.893393355
0.2701,0.867477695
0.27015,0.861754235
0.2702,0.875328039
0.27025,0.903789868
0.2703,0.940334604
0.27035,0.977302895
0.2704,1.007788791
0.27045,1.026953707
0.2705,1.032643825
0.27055,1.026010396
0.2706,1.010031281
0.27065,0.989276728
0.2707,0.968426287
0.27075,0.951328314
0.2708,0.940332073
0.27085,0.936058609
0.2709,0.937586199
0.27095,0.942932653
0.271,0.949668989
0.27105,0.955501461
0.2711,0.958700742
0.27115,0.958319198
0.2712,0.954199185
0.27125,0.94682153
0.2713,0.937066359
0.27135,0.925958458
0.2714,0.914452901
0.27145,0.773355803
0.2715,0.798776958
0.27155,0.824912789
0.2716,1.259736209
0.27165,1.196370475
0.2717,1.125760606
0.27175,1.059933269
0.2718,1.009403165
0.27185,0.981428016
0.2719,0.978817978
0.27195,0.999620185
0.272,1.037764872
0.27205,1.084523214
0.2721,1.13043072
0.27215,1.167224075
0.2722,1.189354221
0.27225,1.194767766
0.2723,1.184851294
0.27235,1.163647387
0.2724,1.136615921
0.27245,1.109288538
0.2725,1.086138385
0.27255,1.06988235
0.2726,1.061290403
0.27265,1.05944162
0.2727,1.062273972
0.27275,1.067240777
0.2728,1.071906646
0.27285,1.0743716
0.2729,0.681463627
0.27295,0.767765431
0.273,0.848538099
0.27305,1.070453347
0.2731,1.089834929
0.27315,1.084335128
0.2732,1.057923223
0.27325,1.017500375
0.2733,0.971758134
0.27335,0.929643911
0.2734,0.898749052
0.27345,0.88396183
0.2735,0.88668172
0.27355,0.904769801
0.2736,0.93323835
0.27365,0.965505519
0.2737,0.994907103
0.27375,1.016104604
0.2738,1.026071282
0.27385,1.024396989
0.2739,1.013224712
0.27395,0.996255034
0.274,0.977754514
0.27405,0.961538748
0.2741,0.950211402
0.27415,0.944802545
0.2742,0.94482518
0.27425,0.94866204
0.2743,0.954130029
0.27435,0.95905627
0.2744,0.961731239
0.27445,0.961163157
0.2745,0.957122162
0.27455,0.950014714
0.2746,0.940657807
0.27465,0.930027283
0.2747,0.919040334
0.27475,0.908407876
0.2748,0.773081965
0.27485,0.79948142
0.2749,0.826523529
0.27495,1.264858319
0.275,1.200045561
0.27505,1.127649985
0.2751,1.06017052
0.27515,1.008467031
0.2752,0.979953832
0.27525,0.977402355
0.2753,0.998670119
0.27535,1.037424808
0.2754,1.084687407
0.27545,1.130822442
0.2755,1.167506128
0.27555,1.189231638
0.2756,1.194053098
0.27565,1.183480584
0.2757,1.161653544
0.27575,1.134079106
0.2758,1.106286843
0.27585,1.082716834
0.2759,1.066047688
0.27595,1.057028036
0.276,1.054743531
0.27605,1.057164463
0.2761,1.061789935
0.27615,1.066227465
0.2762,1.068602882
0.27625,0.679278712
0.2763,0.763475981
0.27635,0.842291167
0.2764,1.066725481
0.27645,1.085874835
0.2765,1.081389886
0.27655,1.056905571
0.2766,1.018739749
0.27665,0.974885967
0.2767,0.933653078
0.27675,0.902224778
0.2768,0.885434427
0.27685,0.885013875
0.2769,0.899475341
0.27695,0.924642479
0.277,0.954696618
0.27705,0.983486945
0.2771,1.005800556
0.27715,1.018279277
0.2772,1.020074943
0.27725,1.012205745
0.2773,0.997700735
0.27735,0.980270355
0.2774,0.963527485
0.27745,0.950251326
0.2775,0.941955952
0.27755,0.938807843
0.2776,0.939847115
0.27765,0.943404436
0.2777,0.947581628
0.27775,0.950677126
0.2778,0.95147648
0.27785,0.949377261
0.2779,0.944362299
0.27795,0.936865141
0.278,0.927583555
0.27805,0.917292747
0.2781,0.776511048
0.27815,0.801872698
0.2782,0.827465304
0.27825,0.849971189
0.2783,1.282815452
0.27835,1.210107221
0.2784,1.129818284
0.27845,1.055361079
0.2785,0.998310829
0.27855,0.966520192
0.2786,0.962887812
0.27865,0.985100668
0.2787,1.026412259
0.27875,1.077267796
0.2788,1.127389043
0.27885,1.167834978
0.2789,1.192585545
0.27895,1.199341964
0.279,1.189451368
0.27905,1.167082076
0.2791,1.137937878
0.27915,1.107867799
0.2792,1.081695673
0.27925,1.06248563
0.2793,1.051316951
0.27935,1.047509009
0.2794,1.049147063
0.27945,1.053726368
0.2795,1.058750718
0.27955,0.668256562
0.2796,0.75925547
0.27965,0.844902132
0.2797,0.914450797
0.27975,1.12205159
0.2798,1.119169068
0.27985,1.091098263
0.2799,1.044928922
0.27995,0.990011633
0.28,0.936450301
0.28005,0.893393355
0.2801,0.867477695
0.28015,0.861754235
0.2802,0.875328039
0.28025,0.903789868
0.2803,0.940334604
0.28035,0.977302895
0.2804,1.007788791
0.28045,1.026953708
0.2805,1.032643825
0.28055,1.026010396
0.2806,1.010031281
0.28065,0.989276728
0.2807,0.968426287
0.28075,0.951328314
0.2808,0.940332073
0.28085,0.936058609
0.2809,0.937586199
0.28095,0.942932653
0.281,0.94966899
0.28105,0.955501461
0.2811,0.958700742
0.28115,0.958319198
0.2812,0.954199185
0.28125,0.94682153
0.2813,0.937066359
0.28135,0.925958458
0.2814,0.914452901
0.28145,0.773355803
0.2815,0.798776958
0.28155,0.824912789
0.2816,1.259736209
0.28165,1.196370475
0.2817,1.125760606
0.28175,1.059933269
0.2818,1.009403165
0.28185,0.981428016
0.2819,0.978817978
0.28195,0.999620185
0.282,1.037764872
0.28205,1.084523214
0.2821,1.130430721
0.28215,1.167224075
0.2822,1.189354221
0.28225,1.194767766
0.2823,1.184851294
0.28235,1.163647387
0.2824,1.136615921
0.28245,1.109288538
0.2825,1.086138385
0.28255,1.06988235
0.2826,1.061290403
0.28265,1.05944162
0.2827,1.062273972
0.28275,1.067240777
0.2828,1.071906646
0.28285,1.0743716
0.2829,0.681463627
0.28295,0.767765431
0.283,0.848538099
0.28305,1.070453347
0.2831,1.089834929
0.28315,1.084335128
0.2832,1.057923223
0.28325,1.017500375
0.2833,0.971758134
0.28335,0.929643911
0.2834,0.898749052
0.28345,0.88396183
0.2835,0.88668172
0.28355,0.904769801
0.2836,0.93323835
0.28365,0.965505519
0.2837,0.994907103
0.28375,1.016104604
0.2838,1.026071282
0.28385,1.024396989
0.2839,1.013224712
0.28395,0.996255034
0.284,0.977754513
0.28405,0.961538748
0.2841,0.950211402
0.28415,0.944802546
0.2842,0.94482518
0.28425,0.94866204
0.2843,0.954130029
0.28435,0.95905627
0.2844,0.961731239
0.28445,0.961163157
0.2845,0.957122161
0.28455,0.950014714
0.2846,0.940657807
0.28465,0.930027283
0.2847,0.919040334
0.28475,0.908407876
0.2848,0.773081965
0.28485,0.79948142
0.2849,0.826523529
0.28495,1.264858319
0.285,1.200045561
0.28505,1.127649985
0.2851,1.06017052
0.28515,1.008467031
0.2852,0.979953832
0.28525,0.977402355
0.2853,0.998670119
0.28535,1.037424808
0.2854,1.084687407
0.28545,1.130822442
0.2855,1.167506128
0.28555,1.189231638
0.2856,1.194053098
0.28565,1.183480584
0.2857,1.161653544
0.28575,1.134079106
0.2858,1.106286843
0.28585,1.082716834
0.2859,1.066047688
0.28595,1.057028036
0.286,1.054743531
0.28605,1.057164463
0.2861,1.061789935
0.28615,1.066227465
0.2862,1.068602882
0.28625,0.679278712
0.2863,0.763475981
0.28635,0.842291167
0.2864,1.066725481
0.28645,1.085874835
0.2865,1.081389886
0.28655,1.056905571
0.2866,1.018739749
0.28665,0.974885967
0.2867,0.933653078
0.28675,0.902224778
0.2868,0.885434427
0.28685,0.885013875
0.2869,0.899475341
0.28695,0.924642479
0.287,0.954696618
0.28705,0.983486945
0.2871,1.005800556
0.28715,1.018279277
0.2872,1.020074943
0.28725,1.012205745
0.2873,0.997700735
0.28735,0.980270355
0.2874,0.963527485
0.28745,0.950251326
0.2875,0.941955952
0.28755,0.938807843
0.2876,0.939847115
0.28765,0.943404436
0.2877,0.947581628
0.28775,0.950677126
0.2878,0.95147648
0.28785,0.949377261
0.2879,0.944362299
0.28795,0.936865141
0.288,0.927583555
0.28805,0.917292747
0.2881,0.776511048
0.28815,0.801872698
0.2882,0.827465304
0.28825,0.849971189
0.2883,1.282815452
0.28835,1.210107221
0.2884,1.129818284
0.28845,1.055361079
0.2885,0.998310829
0.28855,0.966520192
0.2886,0.962887812
0.28865,0.985100668
0.2887,1.026412259
0.28875,1.077267796
0.2888,1.127389043
0.28885,1.167834978
0.2889,1.192585545
0.28895,1.199341964
0.289,1.189451368
0.28905,1.167082076
0.2891,1.137937878
0.28915,1.107867799
0.2892,1.081695673
0.28925,1.06248563
0.2893,1.051316951
0.28935,1.047509009
0.2894,1.049147063
0.28945,1.053726368
0.2895,1.058750718
0.28955,0.668256562
0.2896,0.75925547
0.28965,0.844902132
0.2897,0.914450797
0.28975,1.12205159
0.2898,1.119169068
0.28985,1.091098263
0.2899,1.044928922
0.28995,0.990011633
0.29,0.936450301
0.29005,0.893393355
0.2901,0.867477695
0.29015,0.861754235
0.2902,0.875328039
0.29025,0.903789868
0.2903,0.940334604
0.29035,0.977302895
0.2904,1.007788791
0.29045,1.026953707
0.2905,1.032643825
0.29055,1.026010396
0.2906,1.010031281
0.29065,0.989276728
0.2907,0.968426287
0.29075,0.951328314
0.2908,0.940332073
0.29085,0.936058609
0.2909,0.937586199
0.29095,0.942932653
0.291,0.949668989
0.29105,0.955501461
0.2911,0.958700742
0.29115,0.958319198
0.2912,0.954199185
0.29125,0.94682153
0.2913,0.937066359
0.29135,0.925958458
0.2914,0.914452901
0.29145,0.773355803
0.2915,0.798776958
0.29155,0.824912789
0.2916,1.259736209
0.29165,1.196370475
0.2917,1.125760606
0.29175,1.059933269
0.2918,1.009403165
0.29185,0.981428016
0.2919,0.978817978
0.29195,0.999620185
0.292,1.037764872
0.29205,1.084523214
0.2921,1.13043072
0.29215,1.167224075
0.2922,1.189354221
0.29225,1.194767766
0.2923,1.184851294
0.29235,1.163647387
0.2924,1.136615921
0.29245,1.109288538
0.2925,1.086138385
0.29255,1.06988235
0.2926,1.061290403
0.29265,1.05944162
0.2927,1.062273972
0.29275,1.067240777
0.2928,1.071906646
0.29285,1.0743716
0.2929,0.681463627
0.29295,0.767765431
0.293,0.848538099
0.29305,1.070453347
0.2931,1.089834929
0.29315,1.084335128
0.2932,1.057923223
0.29325,1.017500375
0.2933,0.971758134
0.29335,0.929643911
0.2934,0.898749052
0.29345,0.88396183
0.2935,0.88668172
0.29355,0.904769801
0.2936,0.93323835
0.29365,0.965505519
0.2937,0.994907103
0.29375,1.016104604
0.2938,1.026071282
0.29385,1.024396989
0.2939,1.013224712
0.29395,0.996255034
0.294,0.977754514
0.29405,0.961538748
0.2941,0.950211402
0.29415,0.944802545
0.2942,0.94482518
0.29425,0.94866204
0.2943,0.954130029
0.29435,0.95905627
0.2944,0.961731239
0.29445,0.961163157
0.2945,0.957122162
0.29455,0.950014714
0.2946,0.940657807
0.29465,0.930027283
0.2947,0.919040334
0.29475,0.908407876
0.2948,0.773081965
0.29485,0.79948142
0.2949,0.826523529
0.29495,1.264858319
0.295,1.200045561
0.29505,1.127649985
0.2951,1.06017052
0.29515,1.008467031
0.2952,0.979953832
0.29525,0.977402355
0.2953,0.998670119
0.29535,1.037424808
0.2954,1.084687407
0.29545,1.130822442
0.2955,1.167506128
0.29555,1.189231638
0.2956,1.194053098
0.29565,1.183480584
0.2957,1.161653544
0.29575,1.134079106
0.2958,1.106286843
0.29585,1.082716834
0.2959,1.066047688
0.29595,1.057028036
0.296,1.054743531
0.29605,1.057164463
0.2961,1.061789935
0.29615,1.066227465
0.2962,1.068602882
0.29625,0.679278712
0.2963,0.763475981
0.29635,0.842291167
0.2964,1.066725481
0.29645,1.085874835
0.2965,1.081389886
0.29655,1.056905571
0.2966,1.018739749
0.29665,0.974885967
0.2967,0.933653078
0.29675,0.902224778
0.2968,0.885434427
0.29685,0.885013875
0.2969,0.899475341
0.29695,0.924642479
0.297,0.954696618
0.29705,0.983486945
0.2971,1.005800556
0.29715,1.018279277
0.2972,1.020074943
0.29725,1.012205745
0.2973,0.997700735
0.29735,0.980270355
0.2974,0.963527485
0.29745,0.950251326
0.2975,0.941955952
0.29755,0.938807843
0.2976,0.939847115
0.29765,0.943404436
0.2977,0.947581628
0.29775,0.950677126
0.2978,0.95147648
0.29785,0.949377261
0.2979,0.944362299
0.29795,0.936865141
0.298,0.927583555
0.29805,0.917292747
0.2981,0.776511048
0.29815,0.801872698
0.2982,0.827465304
0.29825,0.849971189
0.2983,1.282815452
0.29835,1.210107221
0.2984,1.129818284
0.29845,1.055361079
0.2985,0.998310829
0.29855,0.966520192
0.2986,0.962887812
0.29865,0.985100668
0.2987,1.026412259
0.29875,1.077267796
0.2988,1.127389043
0.29885,1.167834978
0.2989,1.192585545
0.29895,1.199341964
0.299,1.189451368
0.29905,1.167082076
0.2991,1.137937878
0.29915,1.107867799
0.2992,1.081695673
0.29925,1.06248563
0.2993,1.051316951
0.29935,1.047509009
0.2994,1.049147063
0.29945,1.053726368
0.2995,1.058750718
0.29955,0.668256562
0.2996,0.75925547
0.29965,0.844902132
0.2997,0.914450797
0.29975,1.12205159
0.2998,1.119169068
0.29985,1.091098263
0.2999,1.044928922
0.29995,0.990011633
0.3,0.936450301
0.30005,0.893393355
0.3001,0.867477695
0.30015,0.861754235
0.3002,0.875328039
0.30025,0.903789868
0.3003,0.940334604
0.30035,0.977302895
0.3004,1.007788791
0.30045,1.026953708
0.3005,1.032643825
0.30055,1.026010396
0.3006,1.010031281
0.30065,0.989276728
0.3007,0.968426287
0.30075,0.951328314
0.3008,0.940332073
0.30085,0.936058609
0.3009,0.937586199
0.30095,0.942932653
0.301,0.94966899
0.30105,0.955501461
0.3011,0.958700742
0.30115,0.958319198
0.3012,0.954199185
0.30125,0.94682153
0.3013,0.937066359
0.30135,0.925958458
0.3014,0.914452901
0.30145,0.773355803
0.3015,0.798776958
0.30155,0.824912789
0.3016,1.259736209
0.30165,1.196370475
0.3017,1.125760606
0.30175,1.059933269
0.3018,1.009403165
0.30185,0.981428016
0.3019,0.978817978
0.30195,0.999620185
0.302,1.037764872
0.30205,1.084523214
0.3021,1.130430721
0.30215,1.167224075
0.3022,1.189354221
0.30225,1.194767766
0.3023,1.184851294
0.30235,1.163647387
0.3024,1.136615921
0.30245,1.109288538
0.3025,1.086138385
0.30255,1.06988235
0.3026,1.061290403
0.30265,1.05944162
0.3027,1.062273972
0.30275,1.067240777
0.3028,1.071906646
0.30285,1.0743716
0.3029,0.681463627
0.30295,0.767765431
0.303,0.848538099
0.30305,1.070453347
0.3031,1.089834929
0.30315,1.084335128
0.3032,1.057923223
0.30325,1.017500375
0.3033,0.971758134
0.30335,0.929643911
0.3034,0.898749052
0.30345,0.88396183
0.3035,0.88668172
0.30355,0.904769801
0.3036,0.93323835
0.30365,0.965505519
0.3037,0.994907103
0.30375,1.016104604
0.3038,1.026071282
0.30385,1.024396989
0.3039,1.013224712
0.30395,0.996255034
0.304,0.977754513
0.30405,0.961538748
0.3041,0.950211402
0.30415,0.944802546
0.3042,0.94482518
0.30425,0.94866204
0.3043,0.954130029
0.30435,0.95905627
0.3044,0.961731239
0.30445,0.961163157
0.3045,0.957122161
0.30455,0.950014714
0.3046,0.940657807
0.30465,0.930027283
0.3047,0.919040334
0.30475,0.908407876
0.3048,0.773081965
0.30485,0.79948142
0.3049,0.826523529
0.30495,1.264858319
0.305,1.200045561
0.30505,1.127649985
0.3051,1.06017052
0.30515,1.008467031
0.3052,0.979953832
0.30525,0.977402355
0.3053,0.998670119
0.30535,1.037424808
0.3054,1.084687407
0.30545,1.130822442
0.3055,1.167506128
0.30555,1.189231638
0.3056,1.194053098
0.30565,1.183480584
0.3057,1.161653544
0.30575,1.134079106
0.3058,1.106286843
0.30585,1.082716834
0.3059,1.066047688
0.30595,1.057028036
0.306,1.054743531
0.30605,1.057164463
0.3061,1.061789935
0.30615,1.066227465
0.3062,1.068602882
0.30625,0.679278712
0.3063,0.763475981
0.30635,0.842291167
0.3064,1.066725481
0.30645,1.085874835
0.3065,1.081389886
0.30655,1.056905571
0.3066,1.018739749
0.30665,0.974885967
0.3067,0.933653078
0.30675,0.902224778
0.3068,0.885434427
0.30685,0.885013875
0.3069,0.899475341
0.30695,0.924642479
0.307,0.954696618
0.30705,0.983486945
0.3071,1.005800556
0.30715,1.018279277
0.3072,1.020074943
0.30725,1.012205745
0.3073,0.997700735
0.30735,0.980270355
0.3074,0.963527485
0.30745,0.950251326
0.3075,0.941955952
0.30755,0.938807843
0.3076,0.939847115
0.30765,0.943404436
0.3077,0.947581628
0.30775,0.950677126
0.3078,0.95147648
0.30785,0.949377261
0.3079,0.944362299
0.30795,0.936865141
0.308,0.927583555
0.30805,0.917292747
0.3081,0.776511048
0.30815,0.801872698
0.3082,0.827465304
0.30825,0.849971189
0.3083,1.282815452
0.30835,1.210107221
0.3084,1.129818284
0.30845,1.055361079
0.3085,0.998310829
0.30855,0.966520192
0.3086,0.962887812
0.30865,0.985100668
0.3087,1.026412259
0.30875,1.077267796
0.3088,1.127389043
0.30885,1.167834978
0.3089,1.192585545
0.30895,1.199341964
0.309,1.189451368
0.30905,1.167082076
0.3091,1.137937878
0.30915,1.107867799
0.3092,1.081695673
0.30925,1.06248563
0.3093,1.051316951
0.30935,1.047509009
0.3094,1.049147063
0.30945,1.053726368
0.3095,1.058750718
0.30955,0.668256562
0.3096,0.75925547
0.30965,0.844902132
0.3097,0.914450797
0.30975,1.12205159
0.3098,1.119169068
0.30985,1.091098263
0.3099,1.044928922
0.30995,0.990011633
0.31,0.936450301
0.31005,0.893393355
0.3101,0.867477695
0.31015,0.861754235
0.3102,0.875328039
0.31025,0.903789868
0.3103,0.940334604
0.31035,0.977302895
0.3104,1.007788791
0.31045,1.026953707
0.3105,1.032643825
0.31055,1.026010396
0.3106,1.010031281
0.31065,0.989276728
0.3107,0.968426287
0.31075,0.951328314
0.3108,0.940332073
0.31085,0.936058609
0.3109,0.937586199
0.31095,0.942932653
0.311,0.949668989
0.31105,0.955501461
0.3111,0.958700742
0.31115,0.958319198
0.3112,0.954199185
0.31125,0.94682153
0.3113,0.937066359
0.31135,0.925958458
0.3114,0.914452901
0.31145,0.773355803
0.3115,0.798776958
0.31155,0.824912789
0.3116,1.259736209
0.31165,1.196370475
0.3117,1.125760606
0.31175,1.059933269
0.3118,1.009403165
0.31185,0.981428016
0.3119,0.978817978
0.31195,0.999620185
0.312,1.037764872
0.31205,1.084523214
0.3121,1.13043072
0.31215,1.167224075
0.3122,1.189354221
0.31225,1.194767766
0.3123,1.184851294
0.31235,1.163647387
0.3124,1.136615921
0.31245,1.109288538
0.3125,1.086138385
0.31255,1.06988235
0.3126,1.061290403
0.31265,1.05944162
0.3127,1.062273972
0.31275,1.067240777
0.3128,1.071906646
0.31285,1.0743716
0.3129,0.681463627
0.31295,0.767765431
0.313,0.848538099
0.31305,1.070453347
0.3131,1.089834929
0.31315,1.084335128
0.3132,1.057923223
0.31325,1.017500375
0.3133,0.971758134
0.31335,0.929643911
0.3134,0.898749052
0.31345,0.88396183
0.3135,0.88668172
0.31355,0.904769801
0.3136,0.93323835
0.31365,0.965505519
0.3137,0.994907103
0.31375,1.016104604
0.3138,1.026071282
0.31385,1.024396989
0.3139,1.013224712
0.31395,0.996255034
0.314,0.977754514
0.31405,0.961538748
0.3141,0.950211402
0.31415,0.944802545
0.3142,0.94482518
0.31425,0.94866204
0.3143,0.954130029
0.31435,0.95905627
0.3144,0.961731239
0.31445,0.961163157
0.3145,0.957122162
0.31455,0.950014714
0.3146,0.940657807
0.31465,0.930027283
0.3147,0.919040334
0.31475,0.908407876
0.3148,0.773081965
0.31485,0.79948142
0.3149,0.826523529
0.31495,1.264858319
0.315,1.200045561
0.31505,1.127649985
0.3151,1.06017052
0.31515,1.008467031
0.3152,0.979953832
0.31525,0.977402355
0.3153,0.998670119
0.31535,1.037424808
0.3154,1.084687407
0.31545,1.130822442
0.3155,1.167506128
0.31555,1.189231638
0.3156,1.194053098
0.31565,1.183480584
0.3157,1.161653544
0.31575,1.134079106
0.3158,1.106286843
0.31585,1.082716834
0.3159,1.066047688
0.31595,1.057028036
0.316,1.054743531
0.31605,1.057164463
0.3161,1.061789935
0.31615,1.066227465
0.3162,1.068602882
0.31625,0.679278712
0.3163,0.763475981
0.31635,0.842291167
0.3164,1.066725481
0.31645,1.085874835
0.3165,1.081389886
0.31655,1.056905571
0.3166,1.018739749
0.31665,0.974885967
0.3167,0.933653078
0.31675,0.902224778
0.3168,0.885434427
0.31685,0.885013875
0.3169,0.899475341
0.31695,0.924642479
0.317,0.954696618
0.31705,0.983486945
0.3171,1.005800556
0.31715,1.018279277
0.3172,1.020074943
0.31725,1.012205745
0.3173,0.997700735
0.31735,0.980270355
0.3174,0.963527485
0.31745,0.950251326
0.3175,0.941955952
0.31755,0.938807843
0.3176,0.939847115
0.31765,0.943404436
0.3177,0.947581628
0.31775,0.950677126
0.3178,0.95147648
0.31785,0.949377261
0.3179,0.944362299
0.31795,0.936865141
0.318,0.927583555
0.31805,0.917292747
0.3181,0.776511048
0.31815,0.801872698
0.3182,0.827465304
0.31825,0.849971189
0.3183,1.282815452
0.31835,1.210107221
0.3184,1.129818284
0.31845,1.055361079
0.3185,0.998310829
0.31855,0.966520192
0.3186,0.962887812
0.31865,0.985100668
0.3187,1.026412259
0.31875,1.077267796
0.3188,1.127389043
0.31885,1.167834978
0.3189,1.192585545
0.31895,1.199341964
0.319,1.189451368
0.31905,1.167082076
0.3191,1.137937878
0.31915,1.107867799
0.3192,1.081695673
0.31925,1.06248563
0.3193,1.051316951
0.31935,1.047509009
0.3194,1.049147063
0.31945,1.053726368
0.3195,1.058750718
0.31955,0.668256562
0.3196,0.75925547
0.31965,0.844902132
0.3197,0.914450797
0.31975,1.12205159
0.3198,1.119169068
0.31985,1.091098263
0.3199,1.044928922
0.31995,0.990011633
0.32,0.936450301
0.32005,0.893393355
0.3201,0.867477695
0.32015,0.861754235
0.3202,0.875328039
0.32025,0.903789868
0.3203,0.940334604
0.32035,0.977302895
0.3204,1.007788791
0.32045,1.026953708
0.3205,1.032643825
0.32055,1.026010396
0.3206,1.010031281
0.32065,0.989276728
0.3207,0.968426287
0.32075,0.951328314
0.3208,0.940332073
0.32085,0.936058609
0.3209,0.937586199
0.32095,0.942932653
0.321,0.94966899
0.32105,0.955501461
0.3211,0.958700742
0.32115,0.958319198
0.3212,0.954199185
0.32125,0.94682153
0.3213,0.937066359
0.32135,0.925958458
0.3214,0.914452901
0.32145,0.773355803
0.3215,0.798776958
0.32155,0.824912789
0.3216,1.259736209
0.32165,1.196370475
0.3217,1.125760606
0.32175,1.059933269
0.3218,1.009403165
0.32185,0.981428016
0.3219,0.978817978
0.32195,0.999620185
0.322,1.037764872
0.32205,1.084523214
0.3221,1.130430721
0.32215,1.167224075
0.3222,1.189354221
0.32225,1.194767766
0.3223,1.184851294
0.32235,1.163647387
0.3224,1.136615921
0.32245,1.109288538
0.3225,1.086138385
0.32255,1.06988235
0.3226,1.061290403
0.32265,1.05944162
0.3227,1.062273972
0.32275,1.067240777
0.3228,1.071906646
0.32285,1.0743716
0.3229,0.681463627
0.32295,0.767765431
0.323,0.848538099
0.32305,1.070453347
0.3231,1.089834929
0.32315,1.084335128
0.3232,1.057923223
0.32325,1.017500375
0.3233,0.971758134
0.32335,0.929643911
0.3234,0.898749052
0.32345,0.88396183
0.3235,0.88668172
0.32355,0.904769801
0.3236,0.93323835
0.32365,0.965505519
0.3237,0.994907103
0.32375,1.016104604
0.3238,1.026071282
0.32385,1.024396989
0.3239,1.013224712
0.32395,0.996255034
0.324,0.977754513
0.32405,0.961538748
0.3241,0.950211402
0.32415,0.944802546
0.3242,0.94482518
0.32425,0.94866204
0.3243,0.954130029
0.32435,0.95905627
0.3244,0.961731239
0.32445,0.961163157
0.3245,0.957122161
0.32455,0.950014714
0.3246,0.940657807
0.32465,0.930027283
0.3247,0.919040334
0.32475,0.908407876
0.3248,0.773081965
0.32485,0.79948142
0.3249,0.826523529
0.32495,1.264858319
0.325,1.200045561
0.32505,1.127649985
0.3251,1.06017052
0.32515,1.008467031
0.3252,0.979953832
0.32525,0.977402355
0.3253,0.998670119
0.32535,1.037424808
0.3254,1.084687407
0.32545,1.130822442
0.3255,1.167506128
0.32555,1.189231638
0.3256,1.194053098
0.32565,1.183480584
0.3257,1.161653544
0.32575,1.134079106
0.3258,1.106286843
0.32585,1.082716834
0.3259,1.066047688
0.32595,1.057028036
0.326,1.054743531
0.32605,1.057164463
0.3261,1.061789935
0.32615,1.066227465
0.3262,1.068602882
0.32625,0.679278712
0.3263,0.763475981
0.32635,0.842291167
0.3264,1.066725481
0.32645,1.085874835
0.3265,1.081389886
0.32655,1.056905571
0.3266,1.018739749
0.32665,0.974885967
0.3267,0.933653078
0.32675,0.902224778
0.3268,0.885434427
0.32685,0.885013875
0.3269,0.899475341
0.32695,0.924642479
0.327,0.954696618
0.32705,0.983486945
0.3271,1.005800556
0.32715,1.018279277
0.3272,1.020074943
0.32725,1.012205745
0.3273,0.997700735
0.32735,0.980270355
0.3274,0.963527485
0.32745,0.950251326
0.3275,0.941955952
0.32755,0.938807843
0.3276,0.939847115
0.32765,0.943404436
0.3277,0.947581628
0.32775,0.950677126
0.3278,0.95147648
0.32785,0.949377261
0.3279,0.944362299
0.32795,0.936865141
0.328,0.927583555
0.32805,0.917292747
0.3281,0.776511048
0.32815,0.801872698
0.3282,0.827465304
0.32825,0.849971189
0.3283,1.282815452
0.32835,1.210107221
0.3284,1.129818284
0.32845,1.055361079
0.3285,0.998310829
0.32855,0.966520192
0.3286,0.962887812
0.32865,0.985100668
0.3287,1.026412259
0.32875,1.077267796
0.3288,1.127389043
0.32885,1.167834978
0.3289,1.192585545
0.32895,1.199341964
0.329,1.189451368
0.32905,1.167082076
0.3291,1.137937878
0.32915,1.107867799
0.3292,1.081695673
0.32925,1.06248563
0.3293,1.051316951
0.32935,1.047509009
0.3294,1.049147063
0.32945,1.053726368
0.3295,1.058750718
0.32955,0.668256562
0.3296,0.75925547
0.32965,0.844902132
0.3297,0.914450797
0.32975,1.12205159
0.3298,1.119169068
0.32985,1.091098263
0.3299,1.044928922
0.32995,0.990011633
0.33,0.936450301
0.33005,0.893393355
0.3301,0.867477695
0.33015,0.861754235
0.3302,0.875328039
0.33025,0.903789868
0.3303,0.940334604
0.33035,0.977302895
0.3304,1.007788791
0.33045,1.026953707
0.3305,1.032643825
0.33055,1.026010396
0.3306,1.010031281
0.33065,0.989276728
0.3307,0.968426287
0.33075,0.951328314
0.3308,0.940332073
0.33085,0.936058609
0.3309,0.937586199
0.33095,0.942932653
0.331,0.949668989
0.33105,0.955501461
0.3311,0.958700742
0.33115,0.958319198
0.3312,0.954199185
0.33125,0.94682153
0.3313,0.937066359
0.33135,0.925958458
0.3314,0.914452901
0.33145,0.773355803
0.3315,0.798776958
0.33155,0.824912789
0.3316,1.259736209
0.33165,1.196370475
0.3317,1.125760606
0.33175,1.059933269
0.3318,1.009403165
0.33185,0.981428016
0.3319,0.978817978
0.33195,0.999620185
0.332,1.037764872
0.33205,1.084523214
0.3321,1.13043072
0.33215,1.167224075
0.3322,1.189354221
0.33225,1.194767766
0.3323,1.184851294
0.33235,1.163647387
0.3324,1.136615921
0.33245,1.109288538
0.3325,1.086138385
0.33255,1.06988235
0.3326,1.061290403
0.33265,1.05944162
0.3327,1.062273972
0.33275,1.067240777
0.3328,1.071906646
0.33285,1.0743716
0.3329,0.681463627
0.33295,0.767765431
0.333,0.848538099
0.33305,1.070453347
0.3331,1.089834929
0.33315,1.084335128
0.3332,1.057923223
0.33325,1.017500375
0.3333,0.971758134
0.33335,0.929643911
0.3334,0.898749052
0.33345,0.88396183
0.3335,0.88668172
0.33355,0.904769801
0.3336,0.93323835
0.33365,0.965505519
0.3337,0.994907103
0.33375,1.016104604
0.3338,1.026071282
0.33385,1.024396989
0.3339,1.013224712
0.33395,0.996255034
0.334,0.977754514
0.33405,0.961538748
0.3341,0.950211402
0.33415,0.944802545
0.3342,0.94482518
0.33425,0.94866204
0.3343,0.954130029
0.33435,0.95905627
0.3344,0.961731239
0.33445,0.961163157
0.3345,0.957122162
0.33455,0.950014714
0.3346,0.940657807
0.33465,0.930027283
0.3347,0.919040334
0.33475,0.908407876
0.3348,0.773081965
0.33485,0.79948142
0.3349,0.826523529
0.33495,1.264858319
0.335,1.200045561
0.33505,1.127649985
0.3351,1.06017052
0.33515,1.008467031
0.3352,0.979953832
0.33525,0.977402355
0.3353,0.998670119
0.33535,1.037424808
0.3354,1.084687407
0.33545,1.130822442
0.3355,1.167506128
0.33555,1.189231638
0.3356,1.194053098
0.33565,1.183480584
0.3357,1.161653544
0.33575,1.134079106
0.3358,1.106286843
0.33585,1.082716834
0.3359,1.066047688
0.33595,1.057028036
0.336,1.054743531
0.33605,1.057164463
0.3361,1.061789935
0.33615,1.066227465
0.3362,1.068602882
0.33625,0.679278712
0.3363,0.763475981
0.33635,0.842291167
0.3364,1.066725481
0.33645,1.085874835
0.3365,1.081389886
0.33655,1.056905571
0.3366,1.018739749
0.33665,0.974885967
0.3367,0.933653078
0.33675,0.902224778
0.3368,0.885434427
0.33685,0.885013875
0.3369,0.899475341
0.33695,0.924642479
0.337,0.954696618
0.33705,0.983486945
0.3371,1.005800556
0.33715,1.018279277
0.3372,1.020074943
0.33725,1.012205745
0.3373,0.997700735
0.33735,0.980270355
0.3374,0.963527485
0.33745,0.950251326
0.3375,0.941955952
0.33755,0.938807843
0.3376,0.939847115
0.33765,0.943404436
0.3377,0.947581628
0.33775,0.950677126
0.3378,0.95147648
0.33785,0.949377261
0.3379,0.944362299
0.33795,0.936865141
0.338,0.927583555
0.33805,0.917292747
0.3381,0.776511048
0.33815,0.801872698
0.3382,0.827465304
0.33825,0.849971189
0.3383,1.282815452
0.33835,1.210107221
0.3384,1.129818284
0.33845,1.055361079
0.3385,0.998310829
0.33855,0.966520192
0.3386,0.962887812
0.33865,0.985100668
0.3387,1.026412259
0.33875,1.077267796
0.3388,1.127389043
0.33885,1.167834978
0.3389,1.192585545
0.33895,1.199341964
0.339,1.189451368
0.33905,1.167082076
0.3391,1.137937878
0.33915,1.107867799
0.3392,1.081695673
0.33925,1.06248563
0.3393,1.051316951
0.33935,1.047509009
0.3394,1.049147063
0.33945,1.053726368
0.3395,1.058750718
0.33955,0.668256562
0.3396,0.75925547
0.33965,0.844902132
0.3397,0.914450797
0.33975,1.12205159
0.3398,1.119169068
0.33985,1.091098263
0.3399,1.044928922
0.33995,0.990011633
0.34,0.936450301
0.34005,0.893393355
0.3401,0.867477695
0.34015,0.861754235
0.3402,0.875328039
0.34025,0.903789868
0.3403,0.940334604
0.34035,0.977302895
0.3404,1.007788791
0.34045,1.026953708
0.3405,1.032643825
0.34055,1.026010396
0.3406,1.010031281
0.34065,0.989276728
0.3407,0.968426287
0.34075,0.951328314
0.3408,0.940332073
0.34085,0.936058609
0.3409,0.937586199
0.34095,0.942932653
0.341,0.94966899
0.34105,0.955501461
0.3411,0.958700742
0.34115,0.958319198
0.3412,0.954199185
0.34125,0.94682153
0.3413,0.937066359
0.34135,0.925958458
0.3414,0.914452901
0.34145,0.773355803
0.3415,0.798776958
0.34155,0.824912789
0.3416,1.259736209
0.34165,1.196370475
0.3417,1.125760606
0.34175,1.059933269
0.3418,1.009403165
0.34185,0.981428016
0.3419,0.978817978
0.34195,0.999620185
0.342,1.037764872
0.34205,1.084523214
0.3421,1.130430721
0.34215,1.167224075
0.3422,1.189354221
0.34225,1.194767766
0.3423,1.184851294
0.34235,1.163647387
0.3424,1.136615921
0.34245,1.109288538
0.3425,1.086138385
0.34255,1.06988235
0.3426,1.061290403
0.34265,1.05944162
0.3427,1.062273972
0.34275,1.067240777
0.3428,1.071906646
0.34285,1.0743716
0.3429,0.681463627
0.34295,0.767765431
0.343,0.848538099
0.34305,1.070453347
0.3431,1.089834929
0.34315,1.084335128
0.3432,1.057923223
0.34325,1.017500375
0.3433,0.971758134
0.34335,0.929643911
0.3434,0.898749052
0.34345,0.88396183
0.3435,0.88668172
0.34355,0.904769801
0.3436,0.93323835
0.34365,0.965505519
0.3437,0.994907103
0.34375,1.016104604
0.3438,1.026071282
0.34385,1.024396989
0.3439,1.013224712
0.34395,0.996255034
0.344,0.977754513
0.34405,0.961538748
0.3441,0.950211402
0.34415,0.944802546
0.3442,0.94482518
0.34425,0.94866204
0.3443,0.954130029
0.34435,0.95905627
0.3444,0.961731239
0.34445,0.961163157
0.3445,0.957122161
0.34455,0.950014714
0.3446,0.940657807
0.34465,0.930027283
0.3447,0.919040334
0.34475,0.908407876
0.3448,0.773081965
0.34485,0.79948142
0.3449,0.826523529
0.34495,1.264858319
0.345,1.200045561
0.34505,1.127649985
0.3451,1.06017052
0.34515,1.008467031
0.3452,0.979953832
0.34525,0.977402355
0.3453,0.998670119
0.34535,1.037424808
0.3454,1.084687407
0.34545,1.130822442
0.3455,1.167506128
0.34555,1.189231638
0.3456,1.194053098
0.34565,1.183480584
0.3457,1.161653544
0.34575,1.134079106
0.3458,1.106286843
0.34585,1.082716834
0.3459,1.066047688
0.34595,1.057028036
0.346,1.054743531
0.34605,1.057164463
0.3461,1.061789935
0.34615,1.066227465
0.3462,1.068602882
0.34625,0.679278712
0.3463,0.763475981
0.34635,0.842291167
0.3464,1.066725481
0.34645,1.085874835
0.3465,1.081389886
0.34655,1.056905571
0.3466,1.018739749
0.34665,0.974885967
0.3467,0.933653078
0.34675,0.902224778
0.3468,0.885434427
0.34685,0.885013875
0.3469,0.899475341
0.34695,0.924642479
0.347,0.954696618
0.34705,0.983486945
0.3471,1.005800556
0.34715,1.018279277
0.3472,1.020074943
0.34725,1.012205745
0.3473,0.997700735
0.34735,0.980270355
0.3474,0.963527485
0.34745,0.950251326
0.3475,0.941955952
0.34755,0.938807843
0.3476,0.939847115
0.34765,0.943404436
0.3477,0.947581628
0.34775,0.950677126
0.3478,0.95147648
0.34785,0.949377261
0.3479,0.944362299
0.34795,0.936865141
0.348,0.927583555
0.34805,0.917292747
0.3481,0.776511048
0.34815,0.801872698
0.3482,0.827465304
0.34825,0.849971189
0.3483,1.282815452
0.34835,1.210107221
0.3484,1.129818284
0.34845,1.055361079
0.3485,0.998310829
0.34855,0.966520192
0.3486,0.962887812
0.34865,0.985100668
0.3487,1.026412259
0.34875,1.077267796
0.3488,1.127389043
0.34885,1.167834978
0.3489,1.192585545
0.34895,1.199341964
0.349,1.189451368
0.34905,1.167082076
0.3491,1.137937878
0.34915,1.107867799
0.3492,1.081695673
0.34925,1.06248563
0.3493,1.051316951
0.34935,1.047509009
0.3494,1.049147063
0.34945,1.053726368
0.3495,1.058750718
0.34955,0.668256562
0.3496,0.75925547
0.34965,0.844902132
0.3497,0.914450797
0.34975,1.12205159
0.3498,1.119169068
0.34985,1.091098263
0.3499,1.044928922
0.34995,0.990011633
0.35,0.936450301
0.35005,0.893393355
0.3501,0.867477695
0.35015,0.861754235
0.3502,0.875328039
0.35025,0.903789868
0.3503,0.940334604
0.35035,0.977302895
0.3504,1.007788791
0.35045,1.026953707
0.3505,1.032643825
0.35055,1.026010396
0.3506,1.010031281
0.35065,0.989276728
0.3507,0.968426287
0.35075,0.951328314
0.3508,0.940332073
0.35085,0.936058609
0.3509,0.937586199
0.35095,0.942932653
0.351,0.949668989
0.35105,0.955501461
0.3511,0.958700742
0.35115,0.958319198
0.3512,0.954199185
0.35125,0.94682153
0.3513,0.937066359
0.35135,0.925958458
0.3514,0.914452901
0.35145,0.773355803
0.3515,0.798776958
0.35155,0.824912789
0.3516,1.259736209
0.35165,1.196370475
0.3517,1.125760606
0.35175,1.059933269
0.3518,1.009403165
0.35185,0.981428016
0.3519,0.978817978
0.35195,0.999620185
0.352,1.037764872
0.35205,1.084523214
0.3521,1.13043072
0.35215,1.167224075
0.3522,1.189354221
0.35225,1.194767766
0.3523,1.184851294
0.35235,1.163647387
0.3524,1.136615921
0.35245,1.109288538
0.3525,1.086138385
0.35255,1.06988235
0.3526,1.061290403
0.35265,1.05944162
0.3527,1.062273972
0.35275,1.067240777
0.3528,1.071906646
0.35285,1.0743716
0.3529,0.681463627
0.35295,0.767765431
0.353,0.848538099
0.35305,1.070453347
0.3531,1.089834929
0.35315,1.084335128
0.3532,1.057923223
0.35325,1.017500375
0.3533,0.971758134
0.35335,0.929643911
0.3534,0.898749052
0.35345,0.88396183
0.3535,0.88668172
0.35355,0.904769801
0.3536,0.93323835
0.35365,0.965505519
0.3537,0.994907103
0.35375,1.016104604
0.3538,1.026071282
0.35385,1.024396989
0.3539,1.013224712
0.35395,0.996255034
0.354,0.977754514
0.35405,0.961538748
0.3541,0.950211402
0.35415,0.944802545
0.3542,0.94482518
0.35425,0.94866204
0.3543,0.954130029
0.35435,0.95905627
0.3544,0.961731239
0.35445,0.961163157
0.3545,0.957122162
0.35455,0.950014714
0.3546,0.940657807
0.35465,0.930027283
0.3547,0.919040334
0.35475,0.908407876
0.3548,0.773081965
0.35485,0.79948142
0.3549,0.826523529
0.35495,1.264858319
0.355,1.200045561
0.35505,1.127649985
0.3551,1.06017052
0.35515,1.008467031
0.3552,0.979953832
0.35525,0.977402355
0.3553,0.998670119
0.35535,1.037424808
0.3554,1.084687407
0.35545,1.130822442
0.3555,1.167506128
0.35555,1.189231638
0.3556,1.194053098
0.35565,1.183480584
0.3557,1.161653544
0.35575,1.134079106
0.3558,1.106286843
0.35585,1.082716834
0.3559,1.066047688
0.35595,1.057028036
0.356,1.054743531
0.35605,1.057164463
0.3561,1.061789935
0.35615,1.066227465
0.3562,1.068602882
0.35625,0.679278712
0.3563,0.763475981
0.35635,0.842291167
0.3564,1.066725481
0.35645,1.085874835
0.3565,1.081389886
0.35655,1.056905571
0.3566,1.018739749
0.35665,0.974885967
0.3567,0.933653078
0.35675,0.902224778
0.3568,0.885434427
0.35685,0.885013875
0.3569,0.899475341
0.35695,0.924642479
0.357,0.954696618
0.35705,0.983486945
0.3571,1.005800556
0.35715,1.018279277
0.3572,1.020074943
0.35725,1.012205745
0.3573,0.997700735
0.35735,0.980270355
0.3574,0.963527485
0.35745,0.950251326
0.3575,0.941955952
0.35755,0.938807843
0.3576,0.939847115
0.35765,0.943404436
0.3577,0.947581628
0.35775,0.950677126
0.3578,0.95147648
0.35785,0.949377261
0.3579,0.944362299
0.35795,0.936865141
0.358,0.927583555
0.35805,0.917292747
0.3581,0.776511048
0.35815,0.801872698
0.3582,0.827465304
0.35825,0.849971189
0.3583,1.282815452
0.35835,1.210107221
0.3584,1.129818284
0.35845,1.055361079
0.3585,0.998310829
0.35855,0.966520192
0.3586,0.962887812
0.35865,0.985100668
0.3587,1.026412259
0.35875,1.077267796
0.3588,1.127389043
0.35885,1.167834978
0.3589,1.192585545
0.35895,1.199341964
0.359,1.189451368
0.35905,1.167082076
0.3591,1.137937878
0.35915,1.107867799
0.3592,1.081695673
0.35925,1.06248563
0.3593,1.051316951
0.35935,1.047509009
0.3594,1.049147063
0.35945,1.053726368
0.3595,1.058750718
0.35955,0.668256562
0.3596,0.75925547
0.35965,0.844902132
0.3597,0.914450797
0.35975,1.12205159
0.3598,1.119169068
0.35985,1.091098263
0.3599,1.044928922
0.35995,0.990011633
0.36,0.936450301
0.36005,0.893393355
0.3601,0.867477695
0.36015,0.861754235
0.3602,0.875328039
0.36025,0.903789868
0.3603,0.940334604
0.36035,0.977302895
0.3604,1.007788791
0.36045,1.026953708
0.3605,1.032643825
0.36055,1.026010396
0.3606,1.010031281
0.36065,0.989276728
0.3607,0.968426287
0.36075,0.951328314
0.3608,0.940332073
0.36085,0.936058609
0.3609,0.937586199
0.36095,0.942932653
0.361,0.94966899
0.36105,0.955501461
0.3611,0.958700742
0.36115,0.958319198
0.3612,0.954199185
0.36125,0.94682153
0.3613,0.937066359
0.36135,0.925958458
0.3614,0.914452901
0.36145,0.773355803
0.3615,0.798776958
0.36155,0.824912789
0.3616,1.259736209
0.36165,1.196370475
0.3617,1.125760606
0.36175,1.059933269
0.3618,1.009403165
0.36185,0.981428016
0.3619,0.978817978
0.36195,0.999620185
0.362,1.037764872
0.36205,1.084523214
0.3621,1.130430721
0.36215,1.167224075
0.3622,1.189354221
0.36225,1.194767766
0.3623,1.184851294
0.36235,1.163647387
0.3624,1.136615921
0.36245,1.109288538
0.3625,1.086138385
0.36255,1.06988235
0.3626,1.061290403
0.36265,1.05944162
0.3627,1.062273972
0.36275,1.067240777
0.3628,1.071906646
0.36285,1.0743716
0.3629,0.681463627
0.36295,0.767765431
0.363,0.848538099
0.36305,1.070453347
0.3631,1.089834929
0.36315,1.084335128
0.3632,1.057923223
0.36325,1.017500375
0.3633,0.971758134
0.36335,0.929643911
0.3634,0.898749052
0.36345,0.88396183
0.3635,0.88668172
0.36355,0.904769801
0.3636,0.93323835
0.36365,0.965505519
0.3637,0.994907103
0.36375,1.016104604
0.3638,1.026071282
0.36385,1.024396989
0.3639,1.013224712
0.36395,0.996255034
0.364,0.977754513
0.36405,0.961538748
0.3641,0.950211402
0.36415,0.944802546
0.3642,0.94482518
0.36425,0.94866204
0.3643,0.954130029
0.36435,0.95905627
0.3644,0.961731239
0.36445,0.961163157
0.3645,0.957122161
0.36455,0.950014714
0.3646,0.940657807
0.36465,0.930027283
0.3647,0.919040334
0.36475,0.908407876
0.3648,0.773081965
0.36485,0.79948142
0.3649,0.826523529
0.36495,1.264858319
0.365,1.200045561
0.36505,1.127649985
0.3651,1.06017052
0.36515,1.008467031
0.3652,0.979953832
0.36525,0.977402355
0.3653,0.998670119
0.36535,1.037424808
0.3654,1.084687407
0.36545,1.130822442
0.3655,1.167506128
0.36555,1.189231638
0.3656,1.194053098
0.36565,1.183480584
0.3657,1.161653544
0.36575,1.134079106
0.3658,1.106286843
0.36585,1.082716834
0.3659,1.066047688
0.36595,1.057028036
0.366,1.054743531
0.36605,1.057164463
0.3661,1.061789935
0.36615,1.066227465
0.3662,1.068602882
0.36625,0.679278712
0.3663,0.763475981
0.36635,0.842291167
0.3664,1.066725481
0.36645,1.085874835
0.3665,1.081389886
0.36655,1.056905571
0.3666,1.018739749
0.36665,0.974885967
0.3667,0.933653078
0.36675,0.902224778
0.3668,0.885434427
0.36685,0.885013875
0.3669,0.899475341
0.36695,0.924642479
0.367,0.954696618
0.36705,0.983486945
0.3671,1.005800556
0.36715,1.018279277
0.3672,1.020074943
0.36725,1.012205745
0.3673,0.997700735
0.36735,0.980270355
0.3674,0.963527485
0.36745,0.950251326
0.3675,0.941955952
0.36755,0.938807843
0.3676,0.939847115
0.36765,0.943404436
0.3677,0.947581628
0.36775,0.950677126
0.3678,0.95147648
0.36785,0.949377261
0.3679,0.944362299
0.36795,0.936865141
0.368,0.927583555
0.36805,0.917292747
0.3681,0.776511048
0.36815,0.801872698
0.3682,0.827465304
0.36825,0.849971189
0.3683,1.282815452
0.36835,1.210107221
0.3684,1.129818284
0.36845,1.055361079
0.3685,0.998310829
0.36855,0.966520192
0.3686,0.962887812
0.36865,0.985100668
0.3687,1.026412259
0.36875,1.077267796
0.3688,1.127389043
0.36885,1.167834978
0.3689,1.192585545
0.36895,1.199341964
0.369,1.189451368
0.36905,1.167082076
0.3691,1.137937878
0.36915,1.107867799
0.3692,1.081695673
0.36925,1.06248563
0.3693,1.051316951
0.36935,1.047509009
0.3694,1.049147063
0.36945,1.053726368
0.3695,1.058750718
0.36955,0.668256562
0.3696,0.75925547
0.36965,0.844902132
0.3697,0.914450797
0.36975,1.12205159
0.3698,1.119169068
0.36985,1.091098263
0.3699,1.044928922
0.36995,0.990011633
0.37,0.936450301
0.37005,0.893393355
0.3701,0.867477695
0.37015,0.861754235
0.3702,0.875328039
0.37025,0.903789868
0.3703,0.940334604
0.37035,0.977302895
0.3704,1.007788791
0.37045,1.026953707
0.3705,1.032643825
0.37055,1.026010396
0.3706,1.010031281
0.37065,0.989276728
0.3707,0.968426287
0.37075,0.951328314
0.3708,0.940332073
0.37085,0.936058609
0.3709,0.937586199
0.37095,0.942932653
0.371,0.949668989
0.37105,0.955501461
0.3711,0.958700742
0.37115,0.958319198
0.3712,0.954199185
0.37125,0.94682153
0.3713,0.937066359
0.37135,0.925958458
0.3714,0.914452901
0.37145,0.773355803
0.3715,0.798776958
0.37155,0.824912789
0.3716,1.259736209
0.37165,1.196370475
0.3717,1.125760606
0.37175,1.059933269
0.3718,1.009403165
0.37185,0.981428016
0.3719,0.978817978
0.37195,0.999620185
0.372,1.037764872
0.37205,1.084523214
0.3721,1.13043072
0.37215,1.167224075
0.3722,1.189354221
0.37225,1.194767766
0.3723,1.184851294
0.37235,1.163647387
0.3724,1.136615921
0.37245,1.109288538
0.3725,1.086138385
0.37255,1.06988235
0.3726,1.061290403
0.37265,1.05944162
0.3727,1.062273972
0.37275,1.067240777
0.3728,1.071906646
0.37285,1.0743716
0.3729,0.681463627
0.37295,0.767765431
0.373,0.848538099
0.37305,1.070453347
0.3731,1.089834929
0.37315,1.084335128
0.3732,1.057923223
0.37325,1.017500375
0.3733,0.971758134
0.37335,0.929643911
0.3734,0.898749052
0.37345,0.88396183
0.3735,0.88668172
0.37355,0.904769801
0.3736,0.93323835
0.37365,0.965505519
0.3737,0.994907103
0.37375,1.016104604
0.3738,1.026071282
0.37385,1.024396989
0.3739,1.013224712
0.37395,0.996255034
0.374,0.977754514
0.37405,0.961538748
0.3741,0.950211402
0.37415,0.944802545
0.3742,0.94482518
0.37425,0.94866204
0.3743,0.954130029
0.37435,0.95905627
0.3744,0.961731239
0.37445,0.961163157
0.3745,0.957122162
0.37455,0.950014714
0.3746,0.940657807
0.37465,0.930027283
0.3747,0.919040334
0.37475,0.908407876
0.3748,0.773081965
0.37485,0.79948142
0.3749,0.826523529
0.37495,1.264858319
0.375,1.200045561
0.37505,1.127649985
0.3751,1.06017052
0.37515,1.008467031
0.3752,0.979953832
0.37525,0.977402355
0.3753,0.998670119
0.37535,1.037424808
0.3754,1.084687407
0.37545,1.130822442
0.3755,1.167506128
0.37555,1.189231638
0.3756,1.194053098
0.37565,1.183480584
0.3757,1.161653544
0.37575,1.134079106
0.3758,1.106286843
0.37585,1.082716834
0.3759,1.066047688
0.37595,1.057028036
0.376,1.054743531
0.37605,1.057164463
0.3761,1.061789935
0.37615,1.066227465
0.3762,1.068602882
0.37625,0.679278712
0.3763,0.763475981
0.37635,0.842291167
0.3764,1.066725481
0.37645,1.085874835
0.3765,1.081389886
0.37655,1.056905571
0.3766,1.018739749
0.37665,0.974885967
0.3767,0.933653078
0.37675,0.902224778
0.3768,0.885434427
0.37685,0.885013875
0.3769,0.899475341
0.37695,0.924642479
0.377,0.954696618
0.37705,0.983486945
0.3771,1.005800556
0.37715,1.018279277
0.3772,1.020074943
0.37725,1.012205745
0.3773,0.997700735
0.37735,0.980270355
0.3774,0.963527485
0.37745,0.950251326
0.3775,0.941955952
0.37755,0.938807843
0.3776,0.939847115
0.37765,0.943404436
0.3777,0.947581628
0.37775,0.950677126
0.3778,0.95147648
0.37785,0.949377261
0.3779,0.944362299
0.37795,0.936865141
0.378,0.927583555
0.37805,0.917292747
0.3781,0.776511048
0.37815,0.801872698
0.3782,0.827465304
0.37825,0.849971189
0.3783,1.282815452
0.37835,1.210107221
0.3784,1.129818284
0.37845,1.055361079
0.3785,0.998310829
0.37855,0.966520192
0.3786,0.962887812
0.37865,0.985100668
0.3787,1.026412259
0.37875,1.077267796
0.3788,1.127389043
0.37885,1.167834978
0.3789,1.192585545
0.37895,1.199341964
0.379,1.189451368
0.37905,1.167082076
0.3791,1.137937878
0.37915,1.107867799
0.3792,1.081695673
0.37925,1.06248563
0.3793,1.051316951
0.37935,1.047509009
0.3794,1.049147063
0.37945,1.053726368
0.3795,1.058750718
0.37955,0.668256562
0.3796,0.75925547
0.37965,0.844902132
0.3797,0.914450797
0.37975,1.12205159
0.3798,1.119169068
0.37985,1.091098263
0.3799,1.044928922
0.37995,0.990011633
0.38,0.936450301
0.38005,0.893393355
0.3801,0.867477695
0.38015,0.861754235
0.3802,0.875328039
0.38025,0.903789868
0.3803,0.940334604
0.38035,0.977302895
0.3804,1.007788791
0.38045,1.026953708
0.3805,1.032643825
0.38055,1.026010396
0.3806,1.010031281
0.38065,0.989276728
0.3807,0.968426287
0.38075,0.951328314
0.3808,0.940332073
0.38085,0.936058609
0.3809,0.937586199
0.38095,0.942932653
0.381,0.94966899
0.38105,0.955501461
0.3811,0.958700742
0.38115,0.958319198
0.3812,0.954199185
0.38125,0.94682153
0.3813,0.937066359
0.38135,0.925958458
0.3814,0.914452901
0.38145,0.773355803
0.3815,0.798776958
0.38155,0.824912789
0.3816,1.259736209
0.38165,1.196370475
0.3817,1.125760606
0.38175,1.059933269
0.3818,1.009403165
0.38185,0.981428016
0.3819,0.978817978
0.38195,0.999620185
0.382,1.037764872
0.38205,1.084523214
0.3821,1.130430721
0.38215,1.167224075
0.3822,1.189354221
0.38225,1.194767766
0.3823,1.184851294
0.38235,1.163647387
0.3824,1.136615921
0.38245,1.109288538
0.3825,1.086138385
0.38255,1.06988235
0.3826,1.061290403
0.38265,1.05944162
0.3827,1.062273972
0.38275,1.067240777
0.3828,1.071906646
0.38285,1.0743716
0.3829,0.681463627
0.38295,0.767765431
0.383,0.848538099
0.38305,1.070453347
0.3831,1.089834929
0.38315,1.084335128
0.3832,1.057923223
0.38325,1.017500375
0.3833,0.971758134
0.38335,0.929643911
0.3834,0.898749052
0.38345,0.88396183
0.3835,0.88668172
0.38355,0.904769801
0.3836,0.93323835
0.38365,0.965505519
0.3837,0.994907103
0.38375,1.016104604
0.3838,1.026071282
0.38385,1.024396989
0.3839,1.013224712
0.38395,0.996255034
0.384,0.977754513
0.38405,0.961538748
0.3841,0.950211402
0.38415,0.944802546
0.3842,0.94482518
0.38425,0.94866204
0.3843,0.954130029
0.38435,0.95905627
0.3844,0.961731239
0.38445,0.961163157
0.3845,0.957122161
0.38455,0.950014714
0.3846,0.940657807
0.38465,0.930027283
0.3847,0.919040334
0.38475,0.908407876
0.3848,0.773081965
0.38485,0.79948142
0.3849,0.826523529
0.38495,1.264858319
0.385,1.200045561
0.38505,1.127649985
0.3851,1.06017052
0.38515,1.008467031
0.3852,0.979953832
0.38525,0.977402355
0.3853,0.998670119
0.38535,1.037424808
0.3854,1.084687407
0.38545,1.130822442
0.3855,1.167506128
0.38555,1.189231638
0.3856,1.194053098
0.38565,1.183480584
0.3857,1.161653544
0.38575,1.134079106
0.3858,1.106286843
0.38585,1.082716834
0.3859,1.066047688
0.38595,1.057028036
0.386,1.054743531
0.38605,1.057164463
0.3861,1.061789935
0.38615,1.066227465
0.3862,1.068602882
0.38625,0.679278712
0.3863,0.763475981
0.38635,0.842291167
0.3864,1.066725481
0.38645,1.085874835
0.3865,1.081389886
0.38655,1.056905571
0.3866,1.018739749
0.38665,0.974885967
0.3867,0.933653078
0.38675,0.902224778
0.3868,0.885434427
0.38685,0.885013875
0.3869,0.899475341
0.38695,0.924642479
0.387,0.954696618
0.38705,0.983486945
0.3871,1.005800556
0.38715,1.018279277
0.3872,1.020074943
0.38725,1.012205745
0.3873,0.997700735
0.38735,0.980270355
0.3874,0.963527485
0.38745,0.950251326
0.3875,0.941955952
0.38755,0.938807843
0.3876,0.939847115
0.38765,0.943404436
0.3877,0.947581628
0.38775,0.950677126
0.3878,0.95147648
0.38785,0.949377261
0.3879,0.944362299
0.38795,0.936865141
0.388,0.927583555
0.38805,0.917292747
0.3881,0.776511048
0.38815,0.801872698
0.3882,0.827465304
0.38825,0.849971189
0.3883,1.282815452
0.38835,1.210107221
0.3884,1.129818284
0.38845,1.055361079
0.3885,0.998310829
0.38855,0.966520192
0.3886,0.962887812
0.38865,0.985100668
0.3887,1.026412259
0.38875,1.077267796
0.3888,1.127389043
0.38885,1.167834978
0.3889,1.192585545
0.38895,1.199341964
0.389,1.189451368
0.38905,1.167082076
0.3891,1.137937878
0.38915,1.107867799
0.3892,1.081695673
0.38925,1.06248563
0.3893,1.051316951
0.38935,1.047509009
0.3894,1.049147063
0.38945,1.053726368
0.3895,1.058750718
0.38955,0.668256562
0.3896,0.75925547
0.38965,0.844902132
0.3897,0.914450797
0.38975,1.12205159
0.3898,1.119169068
0.38985,1.091098263
0.3899,1.044928922
0.38995,0.990011633
0.39,0.936450301
0.39005,0.893393355
0.3901,0.867477695
0.39015,0.861754235
0.3902,0.875328039
0.39025,0.903789868
0.3903,0.940334604
0.39035,0.977302895
0.3904,1.007788791
0.39045,1.026953707
0.3905,1.032643825
0.39055,1.026010396
0.3906,1.010031281
0.39065,0.989276728
0.3907,0.968426287
0.39075,0.951328314
0.3908,0.940332073
0.39085,0.936058609
0.3909,0.937586199
0.39095,0.942932653
0.391,0.949668989
0.39105,0.955501461
0.3911,0.958700742
0.39115,0.958319198
0.3912,0.954199185
0.39125,0.94682153
0.3913,0.937066359
0.39135,0.925958458
0.3914,0.914452901
0.39145,0.773355803
0.3915,0.798776958
0.39155,0.824912789
0.3916,1.259736209
0.39165,1.196370475
0.3917,1.125760606
0.39175,1.059933269
0.3918,1.009403165
0.39185,0.981428016
0.3919,0.978817978
0.39195,0.999620185
0.392,1.037764872
0.39205,1.084523214
0.3921,1.13043072
0.39215,1.167224075
0.3922,1.189354221
0.39225,1.194767766
0.3923,1.184851294
0.39235,1.163647387
0.3924,1.136615921
0.39245,1.109288538
0.3925,1.086138385
0.39255,1.06988235
0.3926,1.061290403
0.39265,1.05944162
0.3927,1.062273972
0.39275,1.067240777
0.3928,1.071906646
0.39285,1.0743716
0.3929,0.681463627
0.39295,0.767765431
0.393,0.848538099
0.39305,1.070453347
0.3931,1.089834929
0.39315,1.084335128
0.3932,1.057923223
0.39325,1.017500375
0.3933,0.971758134
0.39335,0.929643911
0.3934,0.898749052
0.39345,0.88396183
0.3935,0.88668172
0.39355,0.904769801
0.3936,0.93323835
0.39365,0.965505519
0.3937,0.994907103
0.39375,1.016104604
0.3938,1.026071282
0.39385,1.024396989
0.3939,1.013224712
0.39395,0.996255034
0.394,0.977754514
0.39405,0.961538748
0.3941,0.950211402
0.39415,0.944802545
0.3942,0.94482518
0.39425,0.94866204
0.3943,0.954130029
0.39435,0.95905627
0.3944,0.961731239
0.39445,0.961163157
0.3945,0.957122162
0.39455,0.950014714
0.3946,0.940657807
0.39465,0.930027283
0.3947,0.919040334
0.39475,0.908407876
0.3948,0.773081965
0.39485,0.79948142
0.3949,0.826523529
0.39495,1.264858319
0.395,1.200045561
0.39505,1.127649985
0.3951,1.06017052
0.39515,1.008467031
0.3952,0.979953832
0.39525,0.977402355
0.3953,0.998670119
0.39535,1.037424808
0.3954,1.084687407
0.39545,1.130822442
0.3955,1.167506128
0.39555,1.189231638
0.3956,1.194053098
0.39565,1.183480584
0.3957,1.161653544
0.39575,1.134079106
0.3958,1.106286843
0.39585,1.082716834
0.3959,1.066047688
0.39595,1.057028036
0.396,1.054743531
0.39605,1.057164463
0.3961,1.061789935
0.39615,1.066227465
0.3962,1.068602882
0.39625,0.679278712
0.3963,0.763475981
0.39635,0.842291167
0.3964,1.066725481
0.39645,1.085874835
0.3965,1.081389886
0.39655,1.056905571
0.3966,1.018739749
0.39665,0.974885967
0.3967,0.933653078
0.39675,0.902224778
0.3968,0.885434427
0.39685,0.885013875
0.3969,0.899475341
0.39695,0.924642479
0.397,0.954696618
0.39705,0.983486945
0.3971,1.005800556
0.39715,1.018279277
0.3972,1.020074943
0.39725,1.012205745
0.3973,0.997700735
0.39735,0.980270355
0.3974,0.963527485
0.39745,0.950251326
0.3975,0.941955952
0.39755,0.938807843
0.3976,0.939847115
0.39765,0.943404436
0.3977,0.947581628
0.39775,0.950677126
0.3978,0.95147648
0.39785,0.949377261
0.3979,0.944362299
0.39795,0.936865141
0.398,0.927583555
0.39805,0.917292747
0.3981,0.776511048
0.39815,0.801872698
0.3982,0.827465304
0.39825,0.849971189
0.3983,1.282815452
0.39835,1.210107221
0.3984,1.129818284
0.39845,1.055361079
0.3985,0.998310829
0.39855,0.966520192
0.3986,0.962887812
0.39865,0.985100668
0.3987,1.026412259
0.39875,1.077267796
0.3988,1.127389043
0.39885,1.167834978
0.3989,1.192585545
0.39895,1.199341964
0.399,1.189451368
0.39905,1.167082076
0.3991,1.137937878
0.39915,1.107867799
0.3992,1.081695673
0.39925,1.06248563
0.3993,1.051316951
0.39935,1.047509009
0.3994,1.049147063
0.39945,1.053726368
0.3995,1.058750718
0.39955,0.668256562
0.3996,0.75925547
0.39965,0.844902132
0.3997,0.914450797
0.39975,1.12205159
0.3998,1.119169068
0.39985,1.091098263
0.3999,1.044928922
0.39995,0.990011633
0.4,0.936450301
0.40005,0.893393355
0.4001,0.867477695
0.40015,0.861754235
0.4002,0.875328039
0.40025,0.903789868
0.4003,0.940334604
0.40035,0.977302895
0.4004,1.007788791
0.40045,1.026953708
0.4005,1.032643825
0.40055,1.026010396
0.4006,1.010031281
0.40065,0.989276728
0.4007,0.968426287
0.40075,0.951328314
0.4008,0.940332073
0.40085,0.936058609
0.4009,0.937586199
0.40095,0.942932653
0.401,0.94966899
0.40105,0.955501461
0.4011,0.958700742
0.40115,0.958319198
0.4012,0.954199185
0.40125,0.94682153
0.4013,0.937066359
0.40135,0.925958458
0.4014,0.914452901
0.40145,0.773355803
0.4015,0.798776958
0.40155,0.824912789
0.4016,1.259736209
0.40165,1.196370475
0.4017,1.125760606
0.40175,1.059933269
0.4018,1.009403165
0.40185,0.981428016
0.4019,0.978817978
0.40195,0.999620185
0.402,1.037764872
0.40205,1.084523214
0.4021,1.130430721
0.40215,1.167224075
0.4022,1.189354221
0.40225,1.194767766
0.4023,1.184851294
0.40235,1.163647387
0.4024,1.136615921
0.40245,1.109288538
0.4025,1.086138385
0.40255,1.06988235
0.4026,1.061290403
0.40265,1.05944162
0.4027,1.062273972
0.40275,1.067240777
0.4028,1.071906646
0.40285,1.0743716
0.4029,0.681463627
0.40295,0.767765431
0.403,0.848538099
0.40305,1.070453347
0.4031,1.089834929
0.40315,1.084335128
0.4032,1.057923223
0.40325,1.017500375
0.4033,0.971758134
0.40335,0.929643911
0.4034,0.898749052
0.40345,0.88396183
0.4035,0.88668172
0.40355,0.904769801
0.4036,0.93323835
0.40365,0.965505519
0.4037,0.994907103
0.40375,1.016104604
0.4038,1.026071282
0.40385,1.024396989
0.4039,1.013224712
0.40395,0.996255034
0.404,0.977754513
0.40405,0.961538748
0.4041,0.950211402
0.40415,0.944802546
0.4042,0.94482518
0.40425,0.94866204
0.4043,0.954130029
0.40435,0.95905627
0.4044,0.961731239
0.40445,0.961163157
0.4045,0.957122161
0.40455,0.950014714
0.4046,0.940657807
0.40465,0.930027283
0.4047,0.919040334
0.40475,0.908407876
0.4048,0.773081965
0.40485,0.79948142
0.4049,0.826523529
0.40495,1.264858319
0.405,1.200045561
0.40505,1.127649985
0.4051,1.06017052
0.40515,1.008467031
0.4052,0.979953832
0.40525,0.977402355
0.4053,0.998670119
0.40535,1.037424808
0.4054,1.084687407
0.40545,1.130822442
0.4055,1.167506128
0.40555,1.189231638
0.4056,1.194053098
0.40565,1.183480584
0.4057,1.161653544
0.40575,1.134079106
0.4058,1.106286843
0.40585,1.082716834
0.4059,1.066047688
0.40595,1.057028036
0.406,1.054743531
0.40605,1.057164463
0.4061,1.061789935
0.40615,1.066227465
0.4062,1.068602882
0.40625,0.679278712
0.4063,0.763475981
0.40635,0.842291167
0.4064,1.066725481
0.40645,1.085874835
0.4065,1.081389886
0.40655,1.056905571
0.4066,1.018739749
0.40665,0.974885967
0.4067,0.933653078
0.40675,0.902224778
0.4068,0.885434427
0.40685,0.885013875
0.4069,0.899475341
0.40695,0.924642479
0.407,0.954696618
0.40705,0.983486945
0.4071,1.005800556
0.40715,1.018279277
0.4072,1.020074943
0.40725,1.012205745
0.4073,0.997700735
0.40735,0.980270355
0.4074,0.963527485
0.40745,0.950251326
0.4075,0.941955952
0.40755,0.938807843
0.4076,0.939847115
0.40765,0.943404436
0.4077,0.947581628
0.40775,0.950677126
0.4078,0.95147648
0.40785,0.949377261
0.4079,0.944362299
0.40795,0.936865141
0.408,0.927583555
0.40805,0.917292747
0.4081,0.776511048
0.40815,0.801872698
0.4082,0.827465304
0.40825,0.849971189
0.4083,1.282815452
0.40835,1.210107221
0.4084,1.129818284
0.40845,1.055361079
0.4085,0.998310829
0.40855,0.966520192
0.4086,0.962887812
0.40865,0.985100668
0.4087,1.026412259
0.40875,1.077267796
0.4088,1.127389043
0.40885,1.167834978
0.4089,1.192585545
0.40895,1.199341964
0.409,1.189451368
0.40905,1.167082076
0.4091,1.137937878
0.40915,1.107867799
0.4092,1.081695673
0.40925,1.06248563
0.4093,1.051316951
0.40935,1.047509009
0.4094,1.049147063
0.40945,1.053726368
0.4095,1.058750718
0.40955,0.668256562
0.4096,0.75925547
0.40965,0.844902132
0.4097,0.914450797
0.40975,1.12205159
0.4098,1.119169068
0.40985,1.091098263
0.4099,1.044928922
0.40995,0.990011633
0.41,0.936450301
0.41005,0.893393355
0.4101,0.867477695
0.41015,0.861754235
0.4102,0.875328039
0.41025,0.903789868
0.4103,0.940334604
0.41035,0.977302895
0.4104,1.007788791
0.41045,1.026953707
0.4105,1.032643825
0.41055,1.026010396
0.4106,1.010031281
0.41065,0.989276728
0.4107,0.968426287
0.41075,0.951328314
0.4108,0.940332073
0.41085,0.936058609
0.4109,0.937586199
0.41095,0.942932653
0.411,0.949668989
0.41105,0.955501461
0.4111,0.958700742
0.41115,0.958319198
0.4112,0.954199185
0.41125,0.94682153
0.4113,0.937066359
0.41135,0.925958458
0.4114,0.914452901
0.41145,0.773355803
0.4115,0.798776958
0.41155,0.824912789
0.4116,1.259736209
0.41165,1.196370475
0.4117,1.125760606
0.41175,1.059933269
0.4118,1.009403165
0.41185,0.981428016
0.4119,0.978817978
0.41195,0.999620185
0.412,1.037764872
0.41205,1.084523214
0.4121,1.13043072
0.41215,1.167224075
0.4122,1.189354221
0.41225,1.194767766
0.4123,1.184851294
0.41235,1.163647387
0.4124,1.136615921
0.41245,1.109288538
0.4125,1.086138385
0.41255,1.06988235
0.4126,1.061290403
0.41265,1.05944162
0.4127,1.062273972
0.41275,1.067240777
0.4128,1.071906646
0.41285,1.0743716
0.4129,0.681463627
0.41295,0.767765431
0.413,0.848538099
0.41305,1.070453347
0.4131,1.089834929
0.41315,1.084335128
0.4132,1.057923223
0.41325,1.017500375
0.4133,0.971758134
0.41335,0.929643911
0.4134,0.898749052
0.41345,0.88396183
0.4135,0.88668172
0.41355,0.904769801
0.4136,0.93323835
0.41365,0.965505519
0.4137,0.994907103
0.41375,1.016104604
0.4138,1.026071282
0.41385,1.024396989
0.4139,1.013224712
0.41395,0.996255034
0.414,0.977754514
0.41405,0.961538748
0.4141,0.950211402
0.41415,0.944802545
0.4142,0.94482518
0.41425,0.94866204
0.4143,0.954130029
0.41435,0.95905627
0.4144,0.961731239
0.41445,0.961163157
0.4145,0.957122162
0.41455,0.950014714
0.4146,0.940657807
0.41465,0.930027283
0.4147,0.919040334
0.41475,0.908407876
0.4148,0.773081965
0.41485,0.79948142
0.4149,0.826523529
0.41495,1.264858319
0.415,1.200045561
0.41505,1.127649985
0.4151,1.06017052
0.41515,1.008467031
0.4152,0.979953832
0.41525,0.977402355
0.4153,0.998670119
0.41535,1.037424808
0.4154,1.084687407
0.41545,1.130822442
0.4155,1.167506128
0.41555,1.189231638
0.4156,1.194053098
0.41565,1.183480584
0.4157,1.161653544
0.41575,1.134079106
0.4158,1.106286843
0.41585,1.082716834
0.4159,1.066047688
0.41595,1.057028036
0.416,1.054743531
0.41605,1.057164463
0.4161,1.061789935
0.41615,1.066227465
0.4162,1.068602882
0.41625,0.679278712
0.4163,0.763475981
0.41635,0.842291167
0.4164,1.066725481
0.41645,1.085874835
0.4165,1.081389886
0.41655,1.056905571
0.4166,1.018739749
0.41665,0.974885967
0.4167,0.933653078
0.41675,0.902224778
0.4168,0.885434427
0.41685,0.885013875
0.4169,0.899475341
0.41695,0.924642479
0.417,0.954696618
0.41705,0.983486945
0.4171,1.005800556
0.41715,1.018279277
0.4172,1.020074943
0.41725,1.012205745
0.4173,0.997700735
0.41735,0.980270355
0.4174,0.963527485
0.41745,0.950251326
0.4175,0.941955952
0.41755,0.938807843
0.4176,0.939847115
0.41765,0.943404436
0.4177,0.947581628
0.41775,0.950677126
0.4178,0.95147648
0.41785,0.949377261
0.4179,0.944362299
0.41795,0.936865141
0.418,0.927583555
0.41805,0.917292747
0.4181,0.776511048
0.41815,0.801872698
0.4182,0.827465304
0.41825,0.849971189
0.4183,1.282815452
0.41835,1.210107221
0.4184,1.129818284
0.41845,1.055361079
0.4185,0.998310829
0.41855,0.966520192
0.4186,0.962887812
0.41865,0.985100668
0.4187,1.026412259
0.41875,1.077267796
0.4188,1.127389043
0.41885,1.167834978
0.4189,1.192585545
0.41895,1.199341964
0.419,1.189451368
0.41905,1.167082076
0.4191,1.137937878
0.41915,1.107867799
0.4192,1.081695673
0.41925,1.06248563
0.4193,1.051316951
0.41935,1.047509009
0.4194,1.049147063
0.41945,1.053726368
0.4195,1.058750718
0.41955,0.668256562
0.4196,0.75925547
0.41965,0.844902132
0.4197,0.914450797
0.41975,1.12205159
0.4198,1.119169068
0.41985,1.091098263
0.4199,1.044928922
0.41995,0.990011633
0.42,0.936450301
0.42005,0.893393355
0.4201,0.867477695
0.42015,0.861754235
0.4202,0.875328039
0.42025,0.903789868
0.4203,0.940334604
0.42035,0.977302895
0.4204,1.007788791
0.42045,1.026953708
0.4205,1.032643825
0.42055,1.026010396
0.4206,1.010031281
0.42065,0.989276728
0.4207,0.968426287
0.42075,0.951328314
0.4208,0.940332073
0.42085,0.936058609
0.4209,0.937586199
0.42095,0.942932653
0.421,0.94966899
0.42105,0.955501461
0.4211,0.958700742
0.42115,0.958319198
0.4212,0.954199185
0.42125,0.94682153
0.4213,0.937066359
0.42135,0.925958458
0.4214,0.914452901
0.42145,0.773355803
0.4215,0.798776958
0.42155,0.824912789
0.4216,1.259736209
0.42165,1.196370475
0.4217,1.125760606
0.42175,1.059933269
0.4218,1.009403165
0.42185,0.981428016
0.4219,0.978817978
0.42195,0.999620185
0.422,1.037764872
0.42205,1.084523214
0.4221,1.130430721
0.42215,1.167224075
0.4222,1.189354221
0.42225,1.194767766
0.4223,1.184851294
0.42235,1.163647387
0.4224,1.136615921
0.42245,1.109288538
0.4225,1.086138385
0.42255,1.06988235
0.4226,1.061290403
0.42265,1.05944162
0.4227,1.062273972
0.42275,1.067240777
0.4228,1.071906646
0.42285,1.0743716
0.4229,0.681463627
0.42295,0.767765431
0.423,0.848538099
0.42305,1.070453347
0.4231,1.089834929
0.42315,1.084335128
0.4232,1.057923223
0.42325,1.017500375
0.4233,0.971758134
0.42335,0.929643911
0.4234,0.898749052
0.42345,0.88396183
0.4235,0.88668172
0.42355,0.904769801
0.4236,0.93323835
0.42365,0.965505519
0.4237,0.994907103
0.42375,1.016104604
0.4238,1.026071282
0.42385,1.024396989
0.4239,1.013224712
0.42395,0.996255034
0.424,0.977754513
0.42405,0.961538748
0.4241,0.950211402
0.42415,0.944802546
0.4242,0.94482518
0.42425,0.94866204
0.4243,0.954130029
0.42435,0.95905627
0.4244,0.961731239
0.42445,0.961163157
0.4245,0.957122161
0.42455,0.950014714
0.4246,0.940657807
0.42465,0.930027283
0.4247,0.919040334
0.42475,0.908407876
0.4248,0.773081965
0.42485,0.79948142
0.4249,0.826523529
0.42495,1.264858319
0.425,1.200045561
0.42505,1.127649985
0.4251,1.06017052
0.42515,1.008467031
0.4252,0.979953832
0.42525,0.977402355
0.4253,0.998670119
0.42535,1.037424808
0.4254,1.084687407
0.42545,1.130822442
0.4255,1.167506128
0.42555,1.189231638
0.4256,1.194053098
0.42565,1.183480584
0.4257,1.161653544
0.42575,1.134079106
0.4258,1.106286843
0.42585,1.082716834
0.4259,1.066047688
0.42595,1.057028036
0.426,1.054743531
0.42605,1.057164463
0.4261,1.061789935
0.42615,1.066227465
0.4262,1.068602882
0.42625,0.679278712
0.4263,0.763475981
0.42635,0.842291167
0.4264,1.066725481
0.42645,1.085874835
0.4265,1.081389886
0.42655,1.056905571
0.4266,1.018739749
0.42665,0.974885967
0.4267,0.933653078
0.42675,0.902224778
0.4268,0.885434427
0.42685,0.885013875
0.4269,0.899475341
0.42695,0.924642479
0.427,0.954696618
0.42705,0.983486945
0.4271,1.005800556
0.42715,1.018279277
0.4272,1.020074943
0.42725,1.012205745
0.4273,0.997700735
0.42735,0.980270355
0.4274,0.963527485
0.42745,0.950251326
0.4275,0.941955952
0.42755,0.938807843
0.4276,0.939847115
0.42765,0.943404436
0.4277,0.947581628
0.42775,0.950677126
0.4278,0.95147648
0.42785,0.949377261
0.4279,0.944362299
0.42795,0.936865141
0.428,0.927583555
0.42805,0.917292747
0.4281,0.776511048
0.42815,0.801872698
0.4282,0.827465304
0.42825,0.849971189
0.4283,1.282815452
0.42835,1.210107221
0.4284,1.129818284
0.42845,1.055361079
0.4285,0.998310829
0.42855,0.966520192
0.4286,0.962887812
0.42865,0.985100668
0.4287,1.026412259
0.42875,1.077267796
0.4288,1.127389043
0.42885,1.167834978
0.4289,1.192585545
0.42895,1.199341964
0.429,1.189451368
0.42905,1.167082076
0.4291,1.137937878
0.42915,1.107867799
0.4292,1.081695673
0.42925,1.06248563
0.4293,1.051316951
0.42935,1.047509009
0.4294,1.049147063
0.42945,1.053726368
0.4295,1.058750718
0.42955,0.668256562
0.4296,0.75925547
0.42965,0.844902132
0.4297,0.914450797
0.42975,1.12205159
0.4298,1.119169068
0.42985,1.091098263
0.4299,1.044928922
0.42995,0.990011633
0.43,0.936450301
0.43005,0.893393355
0.4301,0.867477695
0.43015,0.861754235
0.4302,0.875328039
0.43025,0.903789868
0.4303,0.940334604
0.43035,0.977302895
0.4304,1.007788791
0.43045,1.026953707
0.4305,1.032643825
0.43055,1.026010396
0.4306,1.010031281
0.43065,0.989276728
0.4307,0.968426287
0.43075,0.951328314
0.4308,0.940332073
0.43085,0.936058609
0.4309,0.937586199
0.43095,0.942932653
0.431,0.949668989
0.43105,0.955501461
0.4311,0.958700742
0.43115,0.958319198
0.4312,0.954199185
0.43125,0.94682153
0.4313,0.937066359
0.43135,0.925958458
0.4314,0.914452901
0.43145,0.773355803
0.4315,0.798776958
0.43155,0.824912789
0.4316,1.259736209
0.43165,1.196370475
0.4317,1.125760606
0.43175,1.059933269
0.4318,1.009403165
0.43185,0.981428016
0.4319,0.978817978
0.43195,0.999620185
0.432,1.037764872
0.43205,1.084523214
0.4321,1.13043072
0.43215,1.167224075
0.4322,1.189354221
0.43225,1.194767766
0.4323,1.184851294
0.43235,1.163647387
0.4324,1.136615921
0.43245,1.109288538
0.4325,1.086138385
0.43255,1.06988235
0.4326,1.061290403
0.43265,1.05944162
0.4327,1.062273972
0.43275,1.067240777
0.4328,1.071906646
0.43285,1.0743716
0.4329,0.681463627
0.43295,0.767765431
0.433,0.848538099
0.43305,1.070453347
0.4331,1.089834929
0.43315,1.084335128
0.4332,1.057923223
0.43325,1.017500375
0.4333,0.971758134
0.43335,0.929643911
0.4334,0.898749052
0.43345,0.88396183
0.4335,0.88668172
0.43355,0.904769801
0.4336,0.93323835
0.43365,0.965505519
0.4337,0.994907103
0.43375,1.016104604
0.4338,1.026071282
0.43385,1.024396989
0.4339,1.013224712
0.43395,0.996255034
0.434,0.977754514
0.43405,0.961538748
0.4341,0.950211402
0.43415,0.944802545
0.4342,0.94482518
0.43425,0.94866204
0.4343,0.954130029
0.43435,0.95905627
0.4344,0.961731239
0.43445,0.961163157
0.4345,0.957122162
0.43455,0.950014714
0.4346,0.940657807
0.43465,0.930027283
0.4347,0.919040334
0.43475,0.908407876
0.4348,0.773081965
0.43485,0.79948142
0.4349,0.826523529
0.43495,1.264858319
0.435,1.200045561
0.43505,1.127649985
0.4351,1.06017052
0.43515,1.008467031
0.4352,0.979953832
0.43525,0.977402355
0.4353,0.998670119
0.43535,1.037424808
0.4354,1.084687407
0.43545,1.130822442
0.4355,1.167506128
0.43555,1.189231638
0.4356,1.194053098
0.43565,1.183480584
0.4357,1.161653544
0.43575,1.134079106
0.4358,1.106286843
0.43585,1.082716834
0.4359,1.066047688
0.43595,1.057028036
0.436,1.054743531
0.43605,1.057164463
0.4361,1.061789935
0.43615,1.066227465
0.4362,1.068602882
0.43625,0.679278712
0.4363,0.763475981
0.43635,0.842291167
0.4364,1.066725481
0.43645,1.085874835
0.4365,1.081389886
0.43655,1.056905571
0.4366,1.018739749
0.43665,0.974885967
0.4367,0.933653078
0.43675,0.902224778
0.4368,0.885434427
0.43685,0.885013875
0.4369,0.899475341
0.43695,0.924642479
0.437,0.954696618
0.43705,0.983486945
0.4371,1.005800556
0.43715,1.018279277
0.4372,1.020074943
0.43725,1.012205745
0.4373,0.997700735
0.43735,0.980270355
0.4374,0.963527485
0.43745,0.950251326
0.4375,0.941955952
0.43755,0.938807843
0.4376,0.939847115
0.43765,0.943404436
0.4377,0.947581628
0.43775,0.950677126
0.4378,0.95147648
0.43785,0.949377261
0.4379,0.944362299
0.43795,0.936865141
0.438,0.927583555
0.43805,0.917292747
0.4381,0.776511048
0.43815,0.801872698
0.4382,0.827465304
0.43825,0.849971189
0.4383,1.282815452
0.43835,1.210107221
0.4384,1.129818284
0.43845,1.055361079
0.4385,0.998310829
0.43855,0.966520192
0.4386,0.962887812
0.43865,0.985100668
0.4387,1.026412259
0.43875,1.077267796
0.4388,1.127389043
0.43885,1.167834978
0.4389,1.192585545
0.43895,1.199341964
0.439,1.189451368
0.43905,1.167082076
0.4391,1.137937878
0.43915,1.107867799
0.4392,1.081695673
0.43925,1.06248563
0.4393,1.051316951
0.43935,1.047509009
0.4394,1.049147063
0.43945,1.053726368
0.4395,1.058750718
0.43955,0.668256562
0.4396,0.75925547
0.43965,0.844902132
0.4397,0.914450797
0.43975,1.12205159
0.4398,1.119169068
0.43985,1.091098263
0.4399,1.044928922
0.43995,0.990011633
0.44,0.936450301
0.44005,0.893393355
0.4401,0.867477695
0.44015,0.861754235
0.4402,0.875328039
0.44025,0.903789868
0.4403,0.940334604
0.44035,0.977302895
0.4404,1.007788791
0.44045,1.026953708
0.4405,1.032643825
0.44055,1.026010396
0.4406,1.010031281
0.44065,0.989276728
0.4407,0.968426287
0.44075,0.951328314
0.4408,0.940332073
0.44085,0.936058609
0.4409,0.937586199
0.44095,0.942932653
0.441,0.94966899
0.44105,0.955501461
0.4411,0.958700742
0.44115,0.958319198
0.4412,0.954199185
0.44125,0.94682153
0.4413,0.937066359
0.44135,0.925958458
0.4414,0.914452901
0.44145,0.773355803
0.4415,0.798776958
0.44155,0.824912789
0.4416,1.259736209
0.44165,1.196370475
0.4417,1.125760606
0.44175,1.059933269
0.4418,1.009403165
0.44185,0.981428016
0.4419,0.978817978
0.44195,0.999620185
0.442,1.037764872
0.44205,1.084523214
0.4421,1.130430721
0.44215,1.167224075
0.4422,1.189354221
0.44225,1.194767766
0.4423,1.184851294
0.44235,1.163647387
0.4424,1.136615921
0.44245,1.109288538
0.4425,1.086138385
0.44255,1.06988235
0.4426,1.061290403
0.44265,1.05944162
0.4427,1.062273972
0.44275,1.067240777
0.4428,1.071906646
0.44285,1.0743716
0.4429,0.681463627
0.44295,0.767765431
0.443,0.848538099
0.44305,1.070453347
0.4431,1.089834929
0.44315,1.084335128
0.4432,1.057923223
0.44325,1.017500375
0.4433,0.971758134
0.44335,0.929643911
0.4434,0.898749052
0.44345,0.88396183
0.4435,0.88668172
0.44355,0.904769801
0.4436,0.93323835
0.44365,0.965505519
0.4437,0.994907103
0.44375,1.016104604
0.4438,1.026071282
0.44385,1.024396989
0.4439,1.013224712
0.44395,0.996255034
0.444,0.977754513
0.44405,0.961538748
0.4441,0.950211402
0.44415,0.944802546
0.4442,0.94482518
0.44425,0.94866204
0.4443,0.954130029
0.44435,0.95905627
0.4444,0.961731239
0.44445,0.961163157
0.4445,0.957122161
0.44455,0.950014714
0.4446,0.940657807
0.44465,0.930027283
0.4447,0.919040334
0.44475,0.908407876
0.4448,0.773081965
0.44485,0.79948142
0.4449,0.826523529
0.44495,1.264858319
0.445,1.200045561
0.44505,1.127649985
0.4451,1.06017052
0.44515,1.008467031
0.4452,0.979953832
0.44525,0.977402355
0.4453,0.998670119
0.44535,1.037424808
0.4454,1.084687407
0.44545,1.130822442
0.4455,1.167506128
0.44555,1.189231638
0.4456,1.194053098
0.44565,1.183480584
0.4457,1.161653544
0.44575,1.134079106
0.4458,1.106286843
0.44585,1.082716834
0.4459,1.066047688
0.44595,1.057028036
0.446,1.054743531
0.44605,1.057164463
0.4461,1.061789935
0.44615,1.066227465
0.4462,1.068602882
0.44625,0.679278712
0.4463,0.763475981
0.44635,0.842291167
0.4464,1.066725481
0.44645,1.085874835
0.4465,1.081389886
0.44655,1.056905571
0.4466,1.018739749
0.44665,0.974885967
0.4467,0.933653078
0.44675,0.902224778
0.4468,0.885434427
0.44685,0.885013875
0.4469,0.899475341
0.44695,0.924642479
0.447,0.954696618
0.44705,0.983486945
0.4471,1.005800556
0.44715,1.018279277
0.4472,1.020074943
0.44725,1.012205745
0.4473,0.997700735
0.44735,0.980270355
0.4474,0.963527485
0.44745,0.950251326
0.4475,0.941955952
0.44755,0.938807843
0.4476,0.939847115
0.44765,0.943404436
0.4477,0.947581628
0.44775,0.950677126
0.4478,0.95147648
0.44785,0.949377261
0.4479,0.944362299
0.44795,0.936865141
0.448,0.927583555
0.44805,0.917292747
0.4481,0.776511048
0.44815,0.801872698
0.4482,0.827465304
0.44825,0.849971189
0.4483,1.282815452
0.44835,1.210107221
0.4484,1.129818284
0.44845,1.055361079
0.4485,0.998310829
0.44855,0.966520192
0.4486,0.962887812
0.44865,0.985100668
0.4487,1.026412259
0.44875,1.077267796
0.4488,1.127389043
0.44885,1.167834978
0.4489,1.192585545
0.44895,1.199341964
0.449,1.189451368
0.44905,1.167082076
0.4491,1.137937878
0.44915,1.107867799
0.4492,1.081695673
0.44925,1.06248563
0.4493,1.051316951
0.44935,1.047509009
0.4494,1.049147063
0.44945,1.053726368
0.4495,1.058750718
0.44955,0.668256562
0.4496,0.75925547
0.44965,0.844902132
0.4497,0.914450797
0.44975,1.12205159
0.4498,1.119169068
0.44985,1.091098263
0.4499,1.044928922
0.44995,0.990011633
0.45,0.936450301
0.45005,0.893393355
0.4501,0.867477695
0.45015,0.861754235
0.4502,0.875328039
0.45025,0.903789868
0.4503,0.940334604
0.45035,0.977302895
0.4504,1.007788791
0.45045,1.026953707
0.4505,1.032643825
0.45055,1.026010396
0.4506,1.010031281
0.45065,0.989276728
0.4507,0.968426287
0.45075,0.951328314
0.4508,0.940332073
0.45085,0.936058609
0.4509,0.937586199
0.45095,0.942932653
0.451,0.949668989
0.45105,0.955501461
0.4511,0.958700742
0.45115,0.958319198
0.4512,0.954199185
0.45125,0.94682153
0.4513,0.937066359
0.45135,0.925958458
0.4514,0.914452901
0.45145,0.773355803
0.4515,0.798776958
0.45155,0.824912789
0.4516,1.259736209
0.45165,1.196370475
0.4517,1.125760606
0.45175,1.059933269
0.4518,1.009403165
0.45185,0.981428016
0.4519,0.978817978
0.45195,0.999620185
0.452,1.037764872
0.45205,1.084523214
0.4521,1.13043072
0.45215,1.167224075
0.4522,1.189354221
0.45225,1.194767766
0.4523,1.184851294
0.45235,1.163647387
0.4524,1.136615921
0.45245,1.109288538
0.4525,1.086138385
0.45255,1.06988235
0.4526,1.061290403
0.45265,1.05944162
0.4527,1.062273972
0.45275,1.067240777
0.4528,1.071906646
0.45285,1.0743716
0.4529,0.681463627
0.45295,0.767765431
0.453,0.848538099
0.45305,1.070453347
0.4531,1.089834929
0.45315,1.084335128
0.4532,1.057923223
0.45325,1.017500375
0.4533,0.971758134
0.45335,0.929643911
0.4534,0.898749052
0.45345,0.88396183
0.4535,0.88668172
0.45355,0.904769801
0.4536,0.93323835
0.45365,0.965505519
0.4537,0.994907103
0.45375,1.016104604
0.4538,1.026071282
0.45385,1.024396989
0.4539,1.013224712
0.45395,0.996255034
0.454,0.977754514
0.45405,0.961538748
0.4541,0.950211402
0.45415,0.944802545
0.4542,0.94482518
0.45425,0.94866204
0.4543,0.954130029
0.45435,0.95905627
0.4544,0.961731239
0.45445,0.961163157
0.4545,0.957122162
0.45455,0.950014714
0.4546,0.940657807
0.45465,0.930027283
0.4547,0.919040334
0.45475,0.908407876
0.4548,0.773081965
0.45485,0.79948142
0.4549,0.826523529
0.45495,1.264858319
0.455,1.200045561
0.45505,1.127649985
0.4551,1.06017052
0.45515,1.008467031
0.4552,0.979953832
0.45525,0.977402355
0.4553,0.998670119
0.45535,1.037424808
0.4554,1.084687407
0.45545,1.130822442
0.4555,1.167506128
0.45555,1.189231638
0.4556,1.194053098
0.45565,1.183480584
0.4557,1.161653544
0.45575,1.134079106
0.4558,1.106286843
0.45585,1.082716834
0.4559,1.066047688
0.45595,1.057028036
0.456,1.054743531
0.45605,1.057164463
0.4561,1.061789935
0.45615,1.066227465
0.4562,1.068602882
0.45625,0.679278712
0.4563,0.763475981
0.45635,0.842291167
0.4564,1.066725481
0.45645,1.085874835
0.4565,1.081389886
0.45655,1.056905571
0.4566,1.018739749
0.45665,0.974885967
0.4567,0.933653078
0.45675,0.902224778
0.4568,0.885434427
0.45685,0.885013875
0.4569,0.899475341
0.45695,0.924642479
0.457,0.954696618
0.45705,0.983486945
0.4571,1.005800556
0.45715,1.018279277
0.4572,1.020074943
0.45725,1.012205745
0.4573,0.997700735
0.45735,0.980270355
0.4574,0.963527485
0.45745,0.950251326
0.4575,0.941955952
0.45755,0.938807843
0.4576,0.939847115
0.45765,0.943404436
0.4577,0.947581628
0.45775,0.950677126
0.4578,0.95147648
0.45785,0.949377261
0.4579,0.944362299
0.45795,0.936865141
0.458,0.927583555
0.45805,0.917292747
0.4581,0.776511048
0.45815,0.801872698
0.4582,0.827465304
0.45825,0.849971189
0.4583,1.282815452
0.45835,1.210107221
0.4584,1.129818284
0.45845,1.055361079
0.4585,0.998310829
0.45855,0.966520192
0.4586,0.962887812
0.45865,0.985100668
0.4587,1.026412259
0.45875,1.077267796
0.4588,1.127389043
0.45885,1.167834978
0.4589,1.192585545
0.45895,1.199341964
0.459,1.189451368
0.45905,1.167082076
0.4591,1.137937878
0.45915,1.107867799
0.4592,1.081695673
0.45925,1.06248563
0.4593,1.051316951
0.45935,1.047509009
0.4594,1.049147063
0.45945,1.053726368
0.4595,1.058750718
0.45955,0.668256562
0.4596,0.75925547
0.45965,0.844902132
0.4597,0.914450797
0.45975,1.12205159
0.4598,1.119169068
0.45985,1.091098263
0.4599,1.044928922
0.45995,0.990011633
0.46,0.936450301
0.46005,0.893393355
0.4601,0.867477695
0.46015,0.861754235
0.4602,0.875328039
0.46025,0.903789868
0.4603,0.940334604
0.46035,0.977302895
0.4604,1.007788791
0.46045,1.026953708
0.4605,1.032643825
0.46055,1.026010396
0.4606,1.010031281
0.46065,0.989276728
0.4607,0.968426287
0.46075,0.951328314
0.4608,0.940332073
0.46085,0.936058609
0.4609,0.937586199
0.46095,0.942932653
0.461,0.94966899
0.46105,0.955501461
0.4611,0.958700742
0.46115,0.958319198
0.4612,0.954199185
0.46125,0.94682153
0.4613,0.937066359
0.46135,0.925958458
0.4614,0.914452901
0.46145,0.773355803
0.4615,0.798776958
0.46155,0.824912789
0.4616,1.259736209
0.46165,1.196370475
0.4617,1.125760606
0.46175,1.059933269
0.4618,1.009403165
0.46185,0.981428016
0.4619,0.978817978
0.46195,0.999620185
0.462,1.037764872
0.46205,1.084523214
0.4621,1.130430721
0.46215,1.167224075
0.4622,1.189354221
0.46225,1.194767766
0.4623,1.184851294
0.46235,1.163647387
0.4624,1.136615921
0.46245,1.109288538
0.4625,1.086138385
0.46255,1.06988235
0.4626,1.061290403
0.46265,1.05944162
0.4627,1.062273972
0.46275,1.067240777
0.4628,1.071906646
0.46285,1.0743716
0.4629,0.681463627
0.46295,0.767765431
0.463,0.848538099
0.46305,1.070453347
0.4631,1.089834929
0.46315,1.084335128
0.4632,1.057923223
0.46325,1.017500375
0.4633,0.971758134
0.46335,0.929643911
0.4634,0.898749052
0.46345,0.88396183
0.4635,0.88668172
0.46355,0.904769801
0.4636,0.93323835
0.46365,0.965505519
0.4637,0.994907103
0.46375,1.016104604
0.4638,1.026071282
0.46385,1.024396989
0.4639,1.013224712
0.46395,0.996255034
0.464,0.977754513
0.46405,0.961538748
0.4641,0.950211402
0.46415,0.944802546
0.4642,0.94482518
0.46425,0.94866204
0.4643,0.954130029
0.46435,0.95905627
0.4644,0.961731239
0.46445,0.961163157
0.4645,0.957122161
0.46455,0.950014714
0.4646,0.940657807
0.46465,0.930027283
0.4647,0.919040334
0.46475,0.908407876
0.4648,0.773081965
0.46485,0.79948142
0.4649,0.826523529
0.46495,1.264858319
0.465,1.200045561
0.46505,1.127649985
0.4651,1.06017052
0.46515,1.008467031
0.4652,0.979953832
0.46525,0.977402355
0.4653,0.998670119
0.46535,1.037424808
0.4654,1.084687407
0.46545,1.130822442
0.4655,1.167506128
0.46555,1.189231638
0.4656,1.194053098
0.46565,1.183480584
0.4657,1.161653544
0.46575,1.134079106
0.4658,1.106286843
0.46585,1.082716834
0.4659,1.066047688
0.46595,1.057028036
0.466,1.054743531
0.46605,1.057164463
0.4661,1.061789935
0.46615,1.066227465
0.4662,1.068602882
0.46625,0.679278712
0.4663,0.763475981
0.46635,0.842291167
0.4664,1.066725481
0.46645,1.085874835
0.4665,1.081389886
0.46655,1.056905571
0.4666,1.018739749
0.46665,0.974885967
0.4667,0.933653078
0.46675,0.902224778
0.4668,0.885434427
0.46685,0.885013875
0.4669,0.899475341
0.46695,0.924642479
0.467,0.954696618
0.46705,0.983486945
0.4671,1.005800556
0.46715,1.018279277
0.4672,1.020074943
0.46725,1.012205745
0.4673,0.997700735
0.46735,0.980270355
0.4674,0.963527485
0.46745,0.950251326
0.4675,0.941955952
0.46755,0.938807843
0.4676,0.939847115
0.46765,0.943404436
0.4677,0.947581628
0.46775,0.950677126
0.4678,0.95147648
0.46785,0.949377261
0.4679,0.944362299
0.46795,0.936865141
0.468,0.927583555
0.46805,0.917292747
0.4681,0.776511048
0.46815,0.801872698
0.4682,0.827465304
0.46825,0.849971189
0.4683,1.282815452
0.46835,1.210107221
0.4684,1.129818284
0.46845,1.055361079
0.4685,0.998310829
0.46855,0.966520192
0.4686,0.962887812
0.46865,0.985100668
0.4687,1.026412259
0.46875,1.077267796
0.4688,1.127389043
0.46885,1.167834978
0.4689,1.192585545
0.46895,1.199341964
0.469,1.189451368
0.46905,1.167082076
0.4691,1.137937878
0.46915,1.107867799
0.4692,1.081695673
0.46925,1.06248563
0.4693,1.051316951
0.46935,1.047509009
0.4694,1.049147063
0.46945,1.053726368
0.4695,1.058750718
0.46955,0.668256562
0.4696,0.75925547
0.46965,0.844902132
0.4697,0.914450797
0.46975,1.12205159
0.4698,1.119169068
0.46985,1.091098263
0.4699,1.044928922
0.46995,0.990011633
0.47,0.936450301
0.47005,0.893393355
0.4701,0.867477695
0.47015,0.861754235
0.4702,0.875328039
0.47025,0.903789868
0.4703,0.940334604
0.47035,0.977302895
0.4704,1.007788791
0.47045,1.026953707
0.4705,1.032643825
0.47055,1.026010396
0.4706,1.010031281
0.47065,0.989276728
0.4707,0.968426287
0.47075,0.951328314
0.4708,0.940332073
0.47085,0.936058609
0.4709,0.937586199
0.47095,0.942932653
0.471,0.949668989
0.47105,0.955501461
0.4711,0.958700742
0.47115,0.958319198
0.4712,0.954199185
0.47125,0.94682153
0.4713,0.937066359
0.47135,0.925958458
0.4714,0.914452901
0.47145,0.773355803
0.4715,0.798776958
0.47155,0.824912789
0.4716,1.259736209
0.47165,1.196370475
0.4717,1.125760606
0.47175,1.059933269
0.4718,1.009403165
0.47185,0.981428016
0.4719,0.978817978
0.47195,0.999620185
0.472,1.037764872
0.47205,1.084523214
0.4721,1.13043072
0.47215,1.167224075
0.4722,1.189354221
0.47225,1.194767766
0.4723,1.184851294
0.47235,1.163647387
0.4724,1.136615921
0.47245,1.109288538
0.4725,1.086138385
0.47255,1.06988235
0.4726,1.061290403
0.47265,1.05944162
0.4727,1.062273972
0.47275,1.067240777
0.4728,1.071906646
0.47285,1.0743716
0.4729,0.681463627
0.47295,0.767765431
0.473,0.848538099
0.47305,1.070453347
0.4731,1.089834929
0.47315,1.084335128
0.4732,1.057923223
0.47325,1.017500375
0.4733,0.971758134
0.47335,0.929643911
0.4734,0.898749052
0.47345,0.88396183
0.4735,0.88668172
0.47355,0.904769801
0.4736,0.93323835
0.47365,0.965505519
0.4737,0.994907103
0.47375,1.016104604
0.4738,1.026071282
0.47385,1.024396989
0.4739,1.013224712
0.47395,0.996255034
0.474,0.977754514
0.47405,0.961538748
0.4741,0.950211402
0.47415,0.944802545
0.4742,0.94482518
0.47425,0.94866204
0.4743,0.954130029
0.47435,0.95905627
0.4744,0.961731239
0.47445,0.961163157
0.4745,0.957122162
0.47455,0.950014714
0.4746,0.940657807
0.47465,0.930027283
0.4747,0.919040334
0.47475,0.908407876
0.4748,0.773081965
0.47485,0.79948142
0.4749,0.826523529
0.47495,1.264858319
0.475,1.200045561
0.47505,1.127649985
0.4751,1.06017052
0.47515,1.008467031
0.4752,0.979953832
0.47525,0.977402355
0.4753,0.998670119
0.47535,1.037424808
0.4754,1.084687407
0.47545,1.130822442
0.4755,1.167506128
0.47555,1.189231638
0.4756,1.194053098
0.47565,1.183480584
0.4757,1.161653544
0.47575,1.134079106
0.4758,1.106286843
0.47585,1.082716834
0.4759,1.066047688
0.47595,1.057028036
0.476,1.054743531
0.47605,1.057164463
0.4761,1.061789935
0.47615,1.066227465
0.4762,1.068602882
0.47625,0.679278712
0.4763,0.763475981
0.47635,0.842291167
0.4764,1.066725481
0.47645,1.085874835
0.4765,1.081389886
0.47655,1.056905571
0.4766,1.018739749
0.47665,0.974885967
0.4767,0.933653078
0.47675,0.902224778
0.4768,0.885434427
0.47685,0.885013875
0.4769,0.899475341
0.47695,0.924642479
0.477,0.954696618
0.47705,0.983486945
0.4771,1.005800556
0.47715,1.018279277
0.4772,1.020074943
0.47725,1.012205745
0.4773,0.997700735
0.47735,0.980270355
0.4774,0.963527485
0.47745,0.950251326
0.4775,0.941955952
0.47755,0.938807843
0.4776,0.939847115
0.47765,0.943404436
0.4777,0.947581628
0.47775,0.950677126
0.4778,0.95147648
0.47785,0.949377261
0.4779,0.944362299
0.47795,0.936865141
0.478,0.927583555
0.47805,0.917292747
0.4781,0.776511048
0.47815,0.801872698
0.4782,0.827465304
0.47825,0.849971189
0.4783,1.282815452
0.47835,1.210107221
0.4784,1.129818284
0.47845,1.055361079
0.4785,0.998310829
0.47855,0.966520192
0.4786,0.962887812
0.47865,0.985100668
0.4787,1.026412259
0.47875,1.077267796
0.4788,1.127389043
0.47885,1.167834978
0.4789,1.192585545
0.47895,1.199341964
0.479,1.189451368
0.47905,1.167082076
0.4791,1.137937878
0.47915,1.107867799
0.4792,1.081695673
0.47925,1.06248563
0.4793,1.051316951
0.47935,1.047509009
0.4794,1.049147063
0.47945,1.053726368
0.4795,1.058750718
0.47955,0.668256562
0.4796,0.75925547
0.47965,0.844902132
0.4797,0.914450797
0.47975,1.12205159
0.4798,1.119169068
0.47985,1.091098263
0.4799,1.044928922
0.47995,0.990011633
0.48,0.936450301
0.48005,0.893393355
0.4801,0.867477695
0.48015,0.861754235
0.4802,0.875328039
0.48025,0.903789868
0.4803,0.940334604
0.48035,0.977302895
0.4804,1.007788791
0.48045,1.026953708
0.4805,1.032643825
0.48055,1.026010396
0.4806,1.010031281
0.48065,0.989276728
0.4807,0.968426287
0.48075,0.951328314
0.4808,0.940332073
0.48085,0.936058609
0.4809,0.937586199
0.48095,0.942932653
0.481,0.94966899
0.48105,0.955501461
0.4811,0.958700742
0.48115,0.958319198
0.4812,0.954199185
0.48125,0.94682153
0.4813,0.937066359
0.48135,0.925958458
0.4814,0.914452901
0.48145,0.773355803
0.4815,0.798776958
0.48155,0.824912789
0.4816,1.259736209
0.48165,1.196370475
0.4817,1.125760606
0.48175,1.059933269
0.4818,1.009403165
0.48185,0.981428016
0.4819,0.978817978
0.48195,0.999620185
0.482,1.037764872
0.48205,1.084523214
0.4821,1.130430721
0.48215,1.167224075
0.4822,1.189354221
0.48225,1.194767766
0.4823,1.184851294
0.48235,1.163647387
0.4824,1.136615921
0.48245,1.109288538
0.4825,1.086138385
0.48255,1.06988235
0.4826,1.061290403
0.48265,1.05944162
0.4827,1.062273972
0.48275,1.067240777
0.4828,1.071906646
0.48285,1.0743716
0.4829,0.681463627
0.48295,0.767765431
0.483,0.848538099
0.48305,1.070453347
0.4831,1.089834929
0.48315,1.084335128
0.4832,1.057923223
0.48325,1.017500375
0.4833,0.971758134
0.48335,0.929643911
0.4834,0.898749052
0.48345,0.88396183
0.4835,0.88668172
0.48355,0.904769801
0.4836,0.93323835
0.48365,0.965505519
0.4837,0.994907103
0.48375,1.016104604
0.4838,1.026071282
0.48385,1.024396989
0.4839,1.013224712
0.48395,0.996255034
0.484,0.977754513
0.48405,0.961538748
0.4841,0.950211402
0.48415,0.944802546
0.4842,0.94482518
0.48425,0.94866204
0.4843,0.954130029
0.48435,0.95905627
0.4844,0.961731239
0.48445,0.961163157
0.4845,0.957122161
0.48455,0.950014714
0.4846,0.940657807
0.48465,0.930027283
0.4847,0.919040334
0.48475,0.908407876
0.4848,0.773081965
0.48485,0.79948142
0.4849,0.826523529
0.48495,1.264858319
0.485,1.200045561
0.48505,1.127649985
0.4851,1.06017052
0.48515,1.008467031
0.4852,0.979953832
0.48525,0.977402355
0.4853,0.998670119
0.48535,1.037424808
0.4854,1.084687407
0.48545,1.130822442
0.4855,1.167506128
0.48555,1.189231638
0.4856,1.194053098
0.48565,1.183480584
0.4857,1.161653544
0.48575,1.134079106
0.4858,1.106286843
0.48585,1.082716834
0.4859,1.066047688
0.48595,1.057028036
0.486,1.054743531
0.48605,1.057164463
0.4861,1.061789935
0.48615,1.066227465
0.4862,1.068602882
0.48625,0.679278712
0.4863,0.763475981
0.48635,0.842291167
0.4864,1.066725481
0.48645,1.085874835
0.4865,1.081389886
0.48655,1.056905571
0.4866,1.018739749
0.48665,0.974885967
0.4867,0.933653078
0.48675,0.902224778
0.4868,0.885434427
0.48685,0.885013875
0.4869,0.899475341
0.48695,0.924642479
0.487,0.954696618
0.48705,0.983486945
0.4871,1.005800556
0.48715,1.018279277
0.4872,1.020074943
0.48725,1.012205745
0.4873,0.997700735
0.48735,0.980270355
0.4874,0.963527485
0.48745,0.950251326
0.4875,0.941955952
0.48755,0.938807843
0.4876,0.939847115
0.48765,0.943404436
0.4877,0.947581628
0.48775,0.950677126
0.4878,0.95147648
0.48785,0.949377261
0.4879,0.944362299
0.48795,0.936865141
0.488,0.927583555
0.48805,0.917292747
0.4881,0.776511048
0.48815,0.801872698
0.4882,0.827465304
0.48825,0.849971189
0.4883,1.282815452
0.48835,1.210107221
0.4884,1.129818284
0.48845,1.055361079
0.4885,0.998310829
0.48855,0.966520192
0.4886,0.962887812
0.48865,0.985100668
0.4887,1.026412259
0.48875,1.077267796
0.4888,1.127389043
0.48885,1.167834978
0.4889,1.192585545
0.48895,1.199341964
0.489,1.189451368
0.48905,1.167082076
0.4891,1.137937878
0.48915,1.107867799
0.4892,1.081695673
0.48925,1.06248563
0.4893,1.051316951
0.48935,1.047509009
0.4894,1.049147063
0.48945,1.053726368
0.4895,1.058750718
0.48955,0.668256562
0.4896,0.75925547
0.48965,0.844902132
0.4897,0.914450797
0.48975,1.12205159
0.4898,1.119169068
0.48985,1.091098263
0.4899,1.044928922
0.48995,0.990011633
0.49,0.936450301
0.49005,0.893393355
0.4901,0.867477695
0.49015,0.861754235
0.4902,0.875328039
0.49025,0.903789868
0.4903,0.940334604
0.49035,0.977302895
0.4904,1.007788791
0.49045,1.026953707
0.4905,1.032643825
0.49055,1.026010396
0.4906,1.010031281
0.49065,0.989276728
0.4907,0.968426287
0.49075,0.951328314
0.4908,0.940332073
0.49085,0.936058609
0.4909,0.937586199
0.49095,0.942932653
0.491,0.949668989
0.49105,0.955501461
0.4911,0.958700742
0.49115,0.958319198
0.4912,0.954199185
0.49125,0.94682153
0.4913,0.937066359
0.49135,0.925958458
0.4914,0.914452901
0.49145,0.773355803
0.4915,0.798776958
0.49155,0.824912789
0.4916,1.259736209
0.49165,1.196370475
0.4917,1.125760606
0.49175,1.059933269
0.4918,1.009403165
0.49185,0.981428016
0.4919,0.978817978
0.49195,0.999620185
0.492,1.037764872
0.49205,1.084523214
0.4921,1.13043072
0.49215,1.167224075
0.4922,1.189354221
0.49225,1.194767766
0.4923,1.184851294
0.49235,1.163647387
0.4924,1.136615921
0.49245,1.109288538
0.4925,1.086138385
0.49255,1.06988235
0.4926,1.061290403
0.49265,1.05944162
0.4927,1.062273972
0.49275,1.067240777
0.4928,1.071906646
0.49285,1.0743716
0.4929,0.681463627
0.49295,0.767765431
0.493,0.848538099
0.49305,1.070453347
0.4931,1.089834929
0.49315,1.084335128
0.4932,1.057923223
0.49325,1.017500375
0.4933,0.971758134
0.49335,0.929643911
0.4934,0.898749052
0.49345,0.88396183
0.4935,0.88668172
0.49355,0.904769801
0.4936,0.93323835
0.49365,0.965505519
0.4937,0.994907103
0.49375,1.016104604
0.4938,1.026071282
0.49385,1.024396989
0.4939,1.013224712
0.49395,0.996255034
0.494,0.977754514
0.49405,0.961538748
0.4941,0.950211402
0.49415,0.944802545
0.4942,0.94482518
0.49425,0.94866204
0.4943,0.954130029
0.49435,0.95905627
0.4944,0.961731239
0.49445,0.961163157
0.4945,0.957122162
0.49455,0.950014714
0.4946,0.940657807
0.49465,0.930027283
0.4947,0.919040334
0.49475,0.908407876
0.4948,0.773081965
0.49485,0.79948142
0.4949,0.826523529
0.49495,1.264858319
0.495,1.200045561
0.49505,1.127649985
0.4951,1.06017052
0.49515,1.008467031
0.4952,0.979953832
0.49525,0.977402355
0.4953,0.998670119
0.49535,1.037424808
0.4954,1.084687407
0.49545,1.130822442
0.4955,1.167506128
0.49555,1.189231638
0.4956,1.194053098
0.49565,1.183480584
0.4957,1.161653544
0.49575,1.134079106
0.4958,1.106286843
0.49585,1.082716834
0.4959,1.066047688
0.49595,1.057028036
0.496,1.054743531
0.49605,1.057164463
0.4961,1.061789935
0.49615,1.066227465
0.4962,1.068602882
0.49625,0.679278712
0.4963,0.763475981
0.49635,0.842291167
0.4964,1.066725481
0.49645,1.085874835
0.4965,1.081389886
0.49655,1.056905571
0.4966,1.018739749
0.49665,0.974885967
0.4967,0.933653078
0.49675,0.902224778
0.4968,0.885434427
0.49685,0.885013875
0.4969,0.899475341
0.49695,0.924642479
0.497,0.954696618
0.49705,0.983486945
0.4971,1.005800556
0.49715,1.018279277
0.4972,1.020074943
0.49725,1.012205745
0.4973,0.997700735
0.49735,0.980270355
0.4974,0.963527485
0.49745,0.950251326
0.4975,0.941955952
0.49755,0.938807843
0.4976,0.939847115
0.49765,0.943404436
0.4977,0.947581628
0.49775,0.950677126
0.4978,0.95147648
0.49785,0.949377261
0.4979,0.944362299
0.49795,0.936865141
0.498,0.927583555
0.49805,0.917292747
0.4981,0.776511048
0.49815,0.801872698
0.4982,0.827465304
0.49825,0.849971189
0.4983,1.282815452
0.49835,1.210107221
0.4984,1.129818284
0.49845,1.055361079
0.4985,0.998310829
0.49855,0.966520192
0.4986,0.962887812
0.49865,0.985100668
0.4987,1.026412259
0.49875,1.077267796
0.4988,1.127389043
0.49885,1.167834978
0.4989,1.192585545
0.49895,1.199341964
0.499,1.189451368
0.49905,1.167082076
0.4991,1.137937878
0.49915,1.107867799
0.4992,1.081695673
0.49925,1.06248563
0.4993,1.051316951
0.49935,1.047509009
0.4994,1.049147063
0.49945,1.053726368
0.4995,1.058750718
0.49955,0.668256562
0.4996,0.75925547
0.49965,0.844902132
0.4997,0.914450797
0.49975,1.12205159
0.4998,1.119169068
0.49985,1.091098263
0.4999,1.044928922
0.49995,0.990011633
