0,0.557659791
5.00E-05,0.558428922
1.00E-04,0.559056313
1.50E-04,0.559587987
2.00E-04,0.560045799
2.50E-04,0.560419183
3.00E-04,0.560700109
3.50E-04,0.560890771
4.00E-04,0.560994127
4.50E-04,0.561010257
5.00E-04,0.560938712
5.50E-04,0.560779923
6.00E-04,0.560534681
6.50E-04,0.560203644
7.00E-04,0.559787427
7.50E-04,0.559286761
8.00E-04,0.558702483
8.50E-04,0.558035485
9.00E-04,0.557286709
9.50E-04,0.556457159
0.001,0.555547901
0.00105,0.554560057
0.0011,0.553494801
0.00115,0.552353357
0.0012,0.551137001
0.00125,0.549847051
0.0013,0.548484871
0.00135,0.547051865
0.0014,0.545549473
0.00145,0.543979172
0.0015,0.542342472
0.00155,0.540640911
0.0016,0.538876053
0.00165,0.53704949
0.0017,0.535162833
0.00175,0.53321771
0.0018,0.53121577
0.00185,0.529158671
0.0019,0.388347997
0.00195,0.349693098
0.002,0.407442277
0.00205,0.432882988
0.0021,0.42281701
0.00215,0.412351076
0.0022,0.411971423
0.00225,0.476524664
0.0023,0.495779618
0.00235,0.471065137
0.0024,0.460992036
0.00245,0.467246704
0.0025,0.473258045
0.00255,0.474308578
0.0026,0.474218124
0.00265,0.475290418
0.0027,0.476891247
0.00275,0.478193073
0.0028,0.479217571
0.00285,0.480217286
0.0029,0.481232104
0.00295,0.482192634
0.003,0.483074722
0.00305,0.483895011
0.0031,0.484663027
0.00315,0.485374871
0.0032,0.486026882
0.00325,0.486619548
0.0033,0.487153885
0.00335,0.487629762
0.0034,0.488046792
0.00345,0.488404954
0.0035,0.488704389
0.00355,0.488945191
0.0036,0.489127445
0.00365,0.48925567
0.0037,0.48929975
0.00375,0.489322142
0.0038,0.489278568
0.00385,0.489167222
0.0039,0.489000397
0.00395,0.48878011
0.004,0.488503297
0.00405,0.488169608
0.0041,0.487780491
0.00415,0.487336762
0.0042,0.486838685
0.00425,0.486286701
0.0043,0.485681471
0.00435,0.485023653
0.0044,0.484313875
0.00445,0.483552792
0.0045,0.482741105
0.00455,0.481879536
0.0046,0.480968828
0.00465,0.480009742
0.0047,0.479003063
0.00475,0.477949594
0.0048,0.476850157
0.00485,0.475705591
0.0049,0.474516751
0.00495,0.473284506
0.005,0.47200974
0.00505,0.470693347
0.0051,0.469336236
0.00515,0.467939322
0.0052,0.466503533
0.00525,0.465029801
0.0053,0.463519069
0.00535,0.461972283
0.0054,0.460390394
0.00545,0.458774357
0.0055,0.457125131
0.00555,0.455443673
0.0056,0.453730945
0.00565,0.451987906
0.0057,0.408883244
0.00575,0.397392623
0.0058,0.415257306
0.00585,0.423417267
0.0059,0.420668278
0.00595,0.417762927
0.006,0.417958486
0.00605,0.573640093
0.0061,0.616932403
0.00615,0.552371871
0.0062,0.526802174
0.00625,0.541481785
0.0063,0.553927305
0.00635,0.553792456
0.0064,0.551517784
0.00645,0.552458891
0.0065,0.554581783
0.00655,0.555873577
0.0066,0.556563064
0.00665,0.557296545
0.0067,0.55811807
0.00675,0.558840477
0.0068,0.559419876
0.00685,0.559905469
0.0069,0.560317836
0.00695,0.560645252
0.007,0.56087998
0.00705,0.561024669
0.0071,0.561082294
0.00715,0.561052839
0.0072,0.560935886
0.00725,0.560731944
0.0073,0.560441848
0.00735,0.560066282
0.0074,0.559605894
0.00745,0.559061453
0.0075,0.55843383
0.00755,0.557723952
0.0076,0.556932791
0.00765,0.556061381
0.0077,0.55511082
0.00775,0.554082257
0.0078,0.552976894
0.00785,0.551795982
0.0079,0.550540819
0.00795,0.549212748
0.008,0.547813155
0.00805,0.546343464
0.0081,0.544805134
0.00815,0.543199661
0.0082,0.541528569
0.00825,0.539793413
0.0083,0.53799577
0.00835,0.536137244
0.0084,0.534219456
0.00845,0.532244044
0.0085,0.530212665
0.00855,0.528126983
0.0086,0.388237528
0.00865,0.349562021
0.0087,0.406564463
0.00875,0.4320618
0.0088,0.422362973
0.00885,0.411924513
0.0089,0.47290121
0.00895,0.494177046
0.009,0.471276893
0.00905,0.461019982
0.0091,0.466667578
0.00915,0.472614896
0.0092,0.47386239
0.00925,0.473853075
0.0093,0.474898859
0.00935,0.476488244
0.0094,0.47781589
0.00945,0.478868601
0.0095,0.479885371
0.00955,0.480914727
0.0096,0.481893024
0.00965,0.482794302
0.0097,0.483633101
0.00975,0.484419187
0.0098,0.48514934
0.00985,0.485819904
0.0099,0.48643114
0.00995,0.48698402
0.01,0.487478463
0.01005,0.487914089
0.0101,0.488290846
0.01015,0.488608856
0.0102,0.488868205
0.01025,0.48906897
0.0103,0.489228984
0.01035,0.489301539
0.0104,0.489320282
0.01045,0.48928658
0.0105,0.489199303
0.01055,0.489053532
0.0106,0.48884963
0.01065,0.48858957
0.0107,0.488273907
0.01075,0.487902634
0.0108,0.487476161
0.01085,0.486995145
0.0109,0.48646017
0.01095,0.485871779
0.011,0.485230568
0.01105,0.484537183
0.0111,0.48379229
0.01115,0.482996575
0.0112,0.482150748
0.01125,0.481255544
0.0113,0.480311721
0.01135,0.479320056
0.0114,0.478281347
0.01145,0.477196409
0.0115,0.476066076
0.01155,0.474891199
0.0116,0.473672641
0.01165,0.472411282
0.0117,0.471108014
0.01175,0.469763739
0.0118,0.468379373
0.01185,0.466955838
0.0119,0.465494066
0.01195,0.463994995
0.012,0.462459571
0.01205,0.460888744
0.0121,0.459283468
0.01215,0.457644699
0.0122,0.455973396
0.01225,0.45427052
0.0123,0.45253703
0.01235,0.408940717
0.0124,0.397373666
0.01245,0.415524689
0.0125,0.423737919
0.01255,0.42089992
0.0126,0.417974234
0.01265,0.41821264
0.0127,0.573925704
0.01275,0.617000921
0.0128,0.552176741
0.01285,0.526868778
0.0129,0.541836446
0.01295,0.554244266
0.013,0.553986615
0.01305,0.551722203
0.0131,0.552739472
0.01315,0.554897485
0.0132,0.556189895
0.01325,0.556889029
0.0133,0.557646697
0.01335,0.558491524
0.0134,0.55923164
0.01345,0.559827965
0.0135,0.56033214
0.01355,0.560763395
0.0136,0.561108928
0.01365,0.561361296
0.0137,0.561523542
0.01375,0.561598576
0.0138,0.561586224
0.01385,0.561486048
0.0139,0.561298594
0.01395,0.561024692
0.014,0.560664998
0.01405,0.560220142
0.0141,0.559690889
0.01415,0.5590781
0.0142,0.55838269
0.01425,0.557605624
0.0143,0.556747926
0.01435,0.555810685
0.0144,0.554795044
0.01445,0.553702199
0.0145,0.552533394
0.01455,0.551289923
0.0146,0.549973124
0.01465,0.548584378
0.0147,0.547125107
0.01475,0.545596768
0.0148,0.544000854
0.01485,0.542338889
0.0149,0.540612426
0.01495,0.538823044
0.015,0.536972345
0.01505,0.535061953
0.0151,0.533093509
0.01515,0.531068668
0.0152,0.528989102
0.01525,0.388300245
0.0153,0.349832779
0.01535,0.407736364
0.0154,0.432991587
0.01545,0.422720835
0.0155,0.412257927
0.01555,0.41195567
0.0156,0.477062547
0.01565,0.496368725
0.0157,0.471312449
0.01575,0.461180818
0.0158,0.467539846
0.01585,0.47356975
0.0159,0.474565738
0.01595,0.474439871
0.016,0.475506042
0.01605,0.477098949
0.0161,0.478382231
0.01615,0.479386827
0.0162,0.480369857
0.01625,0.481368846
0.0163,0.482312513
0.01635,0.483177203
0.0164,0.483980268
0.01645,0.484731185
0.0165,0.485425836
0.01655,0.486060558
0.0166,0.486635923
0.01665,0.487152972
0.0167,0.487611563
0.01675,0.488011316
0.0168,0.488352226
0.01685,0.488634448
0.0169,0.488858086
0.01695,0.489023237
0.017,0.489122478
0.01705,0.489181625
0.0171,0.489171315
0.01715,0.489101097
0.0172,0.48897704
0.01725,0.488797011
0.0173,0.488559439
0.01735,0.488265321
0.0174,0.487915738
0.01745,0.487511043
0.0175,0.487051546
0.01755,0.486537804
0.0176,0.485970449
0.01765,0.485350078
0.0177,0.484677298
0.01775,0.483952759
0.0178,0.483177145
0.01785,0.482351158
0.0179,0.481475523
0.01795,0.480550987
0.018,0.479578322
0.01805,0.478558315
0.0181,0.477491777
0.01815,0.476379534
0.0182,0.475222428
0.01825,0.474021319
0.0183,0.47277708
0.01835,0.471490598
0.0184,0.470162772
0.01845,0.46879451
0.0185,0.467386733
0.01855,0.465940369
0.0186,0.464456354
0.01865,0.462935629
0.0187,0.461379143
0.01875,0.459787848
0.0188,0.458162699
0.01885,0.456504654
0.0189,0.454814672
0.01895,0.453093714
0.019,0.451342737
0.01905,0.408756893
0.0191,0.397337574
0.01915,0.414891502
0.0192,0.42300654
0.01925,0.420363165
0.0193,0.417479291
0.01935,0.571245129
0.0194,0.615356817
0.01945,0.552136866
0.0195,0.526308541
0.01955,0.540403003
0.0196,0.552904008
0.01965,0.553062915
0.0197,0.550875969
0.01975,0.551778383
0.0198,0.553914961
0.01985,0.555275105
0.0199,0.556024615
0.01995,0.556798295
0.02,0.557659791
0.02005,0.558428922
0.0201,0.559056313
0.02015,0.559587987
0.0202,0.560045799
0.02025,0.560419183
0.0203,0.560700109
0.02035,0.560890771
0.0204,0.560994127
0.02045,0.561010257
0.0205,0.560938712
0.02055,0.560779923
0.0206,0.560534681
0.02065,0.560203644
0.0207,0.559787427
0.02075,0.559286761
0.0208,0.558702483
0.02085,0.558035485
0.0209,0.557286709
0.02095,0.556457159
0.021,0.555547901
0.02105,0.554560057
0.0211,0.553494801
0.02115,0.552353357
0.0212,0.551137001
0.02125,0.549847051
0.0213,0.548484871
0.02135,0.547051865
0.0214,0.545549473
0.02145,0.543979172
0.0215,0.542342472
0.02155,0.540640911
0.0216,0.538876053
0.02165,0.53704949
0.0217,0.535162833
0.02175,0.53321771
0.0218,0.53121577
0.02185,0.529158671
0.0219,0.388347997
0.02195,0.349693098
0.022,0.407442277
0.02205,0.432882988
0.0221,0.42281701
0.02215,0.412351076
0.0222,0.411971423
0.02225,0.476524664
0.0223,0.495779618
0.02235,0.471065137
0.0224,0.460992036
0.02245,0.467246704
0.0225,0.473258045
0.02255,0.474308578
0.0226,0.474218124
0.02265,0.475290418
0.0227,0.476891247
0.02275,0.478193073
0.0228,0.479217571
0.02285,0.480217286
0.0229,0.481232104
0.02295,0.482192634
0.023,0.483074722
0.02305,0.483895011
0.0231,0.484663027
0.02315,0.485374871
0.0232,0.486026882
0.02325,0.486619548
0.0233,0.487153885
0.02335,0.487629762
0.0234,0.488046793
0.02345,0.488404955
0.0235,0.488704389
0.02355,0.488945191
0.0236,0.489127445
0.02365,0.48925567
0.0237,0.48929975
0.02375,0.489322142
0.0238,0.489278568
0.02385,0.489167222
0.0239,0.489000397
0.02395,0.48878011
0.024,0.488503297
0.02405,0.488169608
0.0241,0.487780491
0.02415,0.487336762
0.0242,0.486838685
0.02425,0.486286701
0.0243,0.485681471
0.02435,0.485023653
0.0244,0.484313875
0.02445,0.483552792
0.0245,0.482741105
0.02455,0.481879536
0.0246,0.480968828
0.02465,0.480009742
0.0247,0.479003063
0.02475,0.477949594
0.0248,0.476850157
0.02485,0.475705591
0.0249,0.474516751
0.02495,0.473284506
0.025,0.47200974
0.02505,0.470693347
0.0251,0.469336236
0.02515,0.467939322
0.0252,0.466503533
0.02525,0.465029801
0.0253,0.463519069
0.02535,0.461972283
0.0254,0.460390394
0.02545,0.458774357
0.0255,0.457125131
0.02555,0.455443673
0.0256,0.453730945
0.02565,0.451987906
0.0257,0.408883244
0.02575,0.397392623
0.0258,0.415257306
0.02585,0.423417267
0.0259,0.420668278
0.02595,0.417762927
0.026,0.417958486
0.02605,0.573640093
0.0261,0.616932403
0.02615,0.552371871
0.0262,0.526802174
0.02625,0.541481785
0.0263,0.553927305
0.02635,0.553792456
0.0264,0.551517784
0.02645,0.552458891
0.0265,0.554581783
0.02655,0.555873577
0.0266,0.556563064
0.02665,0.557296545
0.0267,0.55811807
0.02675,0.558840477
0.0268,0.559419876
0.02685,0.559905469
0.0269,0.560317836
0.02695,0.560645252
0.027,0.56087998
0.02705,0.561024669
0.0271,0.561082294
0.02715,0.561052839
0.0272,0.560935886
0.02725,0.560731944
0.0273,0.560441848
0.02735,0.560066282
0.0274,0.559605894
0.02745,0.559061453
0.0275,0.55843383
0.02755,0.557723952
0.0276,0.556932791
0.02765,0.556061381
0.0277,0.55511082
0.02775,0.554082257
0.0278,0.552976894
0.02785,0.551795982
0.0279,0.550540819
0.02795,0.549212748
0.028,0.547813155
0.02805,0.546343464
0.0281,0.544805134
0.02815,0.543199661
0.0282,0.541528569
0.02825,0.539793413
0.0283,0.53799577
0.02835,0.536137244
0.0284,0.534219456
0.02845,0.532244044
0.0285,0.530212665
0.02855,0.528126983
0.0286,0.388237528
0.02865,0.349562021
0.0287,0.406564463
0.02875,0.4320618
0.0288,0.422362973
0.02885,0.411924513
0.0289,0.47290121
0.02895,0.494177046
0.029,0.471276893
0.02905,0.461019982
0.0291,0.466667578
0.02915,0.472614896
0.0292,0.47386239
0.02925,0.473853075
0.0293,0.474898859
0.02935,0.476488244
0.0294,0.47781589
0.02945,0.478868601
0.0295,0.479885371
0.02955,0.480914727
0.0296,0.481893024
0.02965,0.482794302
0.0297,0.483633101
0.02975,0.484419187
0.0298,0.48514934
0.02985,0.485819904
0.0299,0.48643114
0.02995,0.48698402
0.03,0.487478463
0.03005,0.487914089
0.0301,0.488290846
0.03015,0.488608856
0.0302,0.488868205
0.03025,0.48906897
0.0303,0.489228984
0.03035,0.489301539
0.0304,0.489320282
0.03045,0.48928658
0.0305,0.489199303
0.03055,0.489053532
0.0306,0.48884963
0.03065,0.48858957
0.0307,0.488273907
0.03075,0.487902634
0.0308,0.487476161
0.03085,0.486995145
0.0309,0.48646017
0.03095,0.485871779
0.031,0.485230568
0.03105,0.484537183
0.0311,0.48379229
0.03115,0.482996575
0.0312,0.482150748
0.03125,0.481255544
0.0313,0.480311721
0.03135,0.479320056
0.0314,0.478281347
0.03145,0.477196409
0.0315,0.476066076
0.03155,0.474891199
0.0316,0.473672641
0.03165,0.472411282
0.0317,0.471108014
0.03175,0.469763739
0.0318,0.468379373
0.03185,0.466955838
0.0319,0.465494066
0.03195,0.463994995
0.032,0.462459571
0.03205,0.460888744
0.0321,0.459283468
0.03215,0.457644699
0.0322,0.455973396
0.03225,0.45427052
0.0323,0.45253703
0.03235,0.408940717
0.0324,0.397373666
0.03245,0.415524689
0.0325,0.423737919
0.03255,0.42089992
0.0326,0.417974234
0.03265,0.41821264
0.0327,0.573925704
0.03275,0.617000921
0.0328,0.552176741
0.03285,0.526868778
0.0329,0.541836446
0.03295,0.554244266
0.033,0.553986615
0.03305,0.551722203
0.0331,0.552739472
0.03315,0.554897485
0.0332,0.556189895
0.03325,0.556889029
0.0333,0.557646697
0.03335,0.558491524
0.0334,0.55923164
0.03345,0.559827965
0.0335,0.56033214
0.03355,0.560763395
0.0336,0.561108928
0.03365,0.561361296
0.0337,0.561523542
0.03375,0.561598576
0.0338,0.561586224
0.03385,0.561486048
0.0339,0.561298594
0.03395,0.561024692
0.034,0.560664998
0.03405,0.560220142
0.0341,0.559690889
0.03415,0.5590781
0.0342,0.55838269
0.03425,0.557605623
0.0343,0.556747926
0.03435,0.555810685
0.0344,0.554795044
0.03445,0.553702199
0.0345,0.552533394
0.03455,0.551289923
0.0346,0.549973124
0.03465,0.548584378
0.0347,0.547125107
0.03475,0.545596768
0.0348,0.544000854
0.03485,0.542338889
0.0349,0.540612426
0.03495,0.538823044
0.035,0.536972345
0.03505,0.535061953
0.0351,0.533093509
0.03515,0.531068668
0.0352,0.528989102
0.03525,0.388300245
0.0353,0.349832779
0.03535,0.407736364
0.0354,0.432991587
0.03545,0.422720835
0.0355,0.412257927
0.03555,0.41195567
0.0356,0.477062547
0.03565,0.496368725
0.0357,0.471312449
0.03575,0.461180818
0.0358,0.467539846
0.03585,0.47356975
0.0359,0.474565738
0.03595,0.474439871
0.036,0.475506042
0.03605,0.477098949
0.0361,0.478382231
0.03615,0.479386827
0.0362,0.480369857
0.03625,0.481368846
0.0363,0.482312513
0.03635,0.483177203
0.0364,0.483980268
0.03645,0.484731185
0.0365,0.485425836
0.03655,0.486060558
0.0366,0.486635923
0.03665,0.487152972
0.0367,0.487611563
0.03675,0.488011316
0.0368,0.488352226
0.03685,0.488634448
0.0369,0.488858086
0.03695,0.489023237
0.037,0.489122478
0.03705,0.489181625
0.0371,0.489171315
0.03715,0.489101097
0.0372,0.48897704
0.03725,0.488797011
0.0373,0.488559439
0.03735,0.488265321
0.0374,0.487915738
0.03745,0.487511043
0.0375,0.487051546
0.03755,0.486537804
0.0376,0.485970449
0.03765,0.485350078
0.0377,0.484677298
0.03775,0.483952759
0.0378,0.483177145
0.03785,0.482351158
0.0379,0.481475523
0.03795,0.480550987
0.038,0.479578322
0.03805,0.478558315
0.0381,0.477491777
0.03815,0.476379534
0.0382,0.475222428
0.03825,0.474021319
0.0383,0.47277708
0.03835,0.471490598
0.0384,0.470162772
0.03845,0.46879451
0.0385,0.467386733
0.03855,0.465940369
0.0386,0.464456354
0.03865,0.462935629
0.0387,0.461379143
0.03875,0.459787848
0.0388,0.458162699
0.03885,0.456504654
0.0389,0.454814672
0.03895,0.453093714
0.039,0.451342737
0.03905,0.408756893
0.0391,0.397337574
0.03915,0.414891502
0.0392,0.42300654
0.03925,0.420363165
0.0393,0.417479291
0.03935,0.571245129
0.0394,0.615356817
0.03945,0.552136866
0.0395,0.526308541
0.03955,0.540403003
0.0396,0.552904008
0.03965,0.553062915
0.0397,0.550875969
0.03975,0.551778383
0.0398,0.553914961
0.03985,0.555275105
0.0399,0.556024615
0.03995,0.556798295
0.04,0.557659791
0.04005,0.558428922
0.0401,0.559056313
0.04015,0.559587987
0.0402,0.560045799
0.04025,0.560419183
0.0403,0.560700109
0.04035,0.560890771
0.0404,0.560994127
0.04045,0.561010257
0.0405,0.560938712
0.04055,0.560779923
0.0406,0.560534681
0.04065,0.560203644
0.0407,0.559787427
0.04075,0.559286761
0.0408,0.558702483
0.04085,0.558035485
0.0409,0.557286709
0.04095,0.556457159
0.041,0.555547901
0.04105,0.554560057
0.0411,0.553494801
0.04115,0.552353357
0.0412,0.551137001
0.04125,0.549847051
0.0413,0.548484871
0.04135,0.547051865
0.0414,0.545549473
0.04145,0.543979172
0.0415,0.542342472
0.04155,0.540640911
0.0416,0.538876053
0.04165,0.53704949
0.0417,0.535162833
0.04175,0.53321771
0.0418,0.53121577
0.04185,0.529158671
0.0419,0.388347997
0.04195,0.349693098
0.042,0.407442277
0.04205,0.432882988
0.0421,0.42281701
0.04215,0.412351076
0.0422,0.411971423
0.04225,0.476524664
0.0423,0.495779618
0.04235,0.471065137
0.0424,0.460992036
0.04245,0.467246704
0.0425,0.473258045
0.04255,0.474308578
0.0426,0.474218124
0.04265,0.475290418
0.0427,0.476891247
0.04275,0.478193073
0.0428,0.479217571
0.04285,0.480217286
0.0429,0.481232104
0.04295,0.482192634
0.043,0.483074722
0.04305,0.483895011
0.0431,0.484663027
0.04315,0.485374871
0.0432,0.486026882
0.04325,0.486619548
0.0433,0.487153885
0.04335,0.487629762
0.0434,0.488046792
0.04345,0.488404954
0.0435,0.488704389
0.04355,0.488945191
0.0436,0.489127445
0.04365,0.48925567
0.0437,0.48929975
0.04375,0.489322142
0.0438,0.489278568
0.04385,0.489167222
0.0439,0.489000397
0.04395,0.48878011
0.044,0.488503297
0.04405,0.488169608
0.0441,0.487780491
0.04415,0.487336762
0.0442,0.486838685
0.04425,0.486286701
0.0443,0.485681471
0.04435,0.485023653
0.0444,0.484313875
0.04445,0.483552792
0.0445,0.482741105
0.04455,0.481879536
0.0446,0.480968828
0.04465,0.480009742
0.0447,0.479003063
0.04475,0.477949594
0.0448,0.476850157
0.04485,0.475705591
0.0449,0.474516751
0.04495,0.473284506
0.045,0.47200974
0.04505,0.470693347
0.0451,0.469336236
0.04515,0.467939322
0.0452,0.466503533
0.04525,0.465029801
0.0453,0.463519069
0.04535,0.461972283
0.0454,0.460390394
0.04545,0.458774357
0.0455,0.457125131
0.04555,0.455443673
0.0456,0.453730945
0.04565,0.451987906
0.0457,0.408883244
0.04575,0.397392623
0.0458,0.415257306
0.04585,0.423417267
0.0459,0.420668278
0.04595,0.417762927
0.046,0.417958486
0.04605,0.573640093
0.0461,0.616932403
0.04615,0.552371871
0.0462,0.526802174
0.04625,0.541481785
0.0463,0.553927305
0.04635,0.553792456
0.0464,0.551517784
0.04645,0.552458891
0.0465,0.554581783
0.04655,0.555873577
0.0466,0.556563064
0.04665,0.557296545
0.0467,0.55811807
0.04675,0.558840477
0.0468,0.559419876
0.04685,0.559905469
0.0469,0.560317836
0.04695,0.560645252
0.047,0.56087998
0.04705,0.561024669
0.0471,0.561082294
0.04715,0.561052839
0.0472,0.560935886
0.04725,0.560731944
0.0473,0.560441848
0.04735,0.560066282
0.0474,0.559605894
0.04745,0.559061453
0.0475,0.55843383
0.04755,0.557723952
0.0476,0.556932791
0.04765,0.556061381
0.0477,0.55511082
0.04775,0.554082257
0.0478,0.552976894
0.04785,0.551795982
0.0479,0.550540819
0.04795,0.549212748
0.048,0.547813155
0.04805,0.546343464
0.0481,0.544805134
0.04815,0.543199661
0.0482,0.541528569
0.04825,0.539793413
0.0483,0.53799577
0.04835,0.536137244
0.0484,0.534219456
0.04845,0.532244044
0.0485,0.530212665
0.04855,0.528126983
0.0486,0.388237528
0.04865,0.349562021
0.0487,0.406564463
0.04875,0.4320618
0.0488,0.422362973
0.04885,0.411924513
0.0489,0.47290121
0.04895,0.494177046
0.049,0.471276893
0.04905,0.461019982
0.0491,0.466667578
0.04915,0.472614896
0.0492,0.47386239
0.04925,0.473853075
0.0493,0.474898859
0.04935,0.476488244
0.0494,0.47781589
0.04945,0.478868601
0.0495,0.479885371
0.04955,0.480914727
0.0496,0.481893024
0.04965,0.482794302
0.0497,0.483633101
0.04975,0.484419187
0.0498,0.48514934
0.04985,0.485819904
0.0499,0.48643114
0.04995,0.48698402
0.05,0.487478463
0.05005,0.487914089
0.0501,0.488290846
0.05015,0.488608856
0.0502,0.488868205
0.05025,0.48906897
0.0503,0.489228984
0.05035,0.489301539
0.0504,0.489320282
0.05045,0.48928658
0.0505,0.489199303
0.05055,0.489053532
0.0506,0.48884963
0.05065,0.48858957
0.0507,0.488273907
0.05075,0.487902634
0.0508,0.487476161
0.05085,0.486995145
0.0509,0.48646017
0.05095,0.485871779
0.051,0.485230568
0.05105,0.484537183
0.0511,0.48379229
0.05115,0.482996575
0.0512,0.482150748
0.05125,0.481255544
0.0513,0.480311721
0.05135,0.479320056
0.0514,0.478281347
0.05145,0.477196409
0.0515,0.476066076
0.05155,0.474891199
0.0516,0.473672641
0.05165,0.472411282
0.0517,0.471108014
0.05175,0.469763739
0.0518,0.468379373
0.05185,0.466955838
0.0519,0.465494066
0.05195,0.463994995
0.052,0.462459571
0.05205,0.460888744
0.0521,0.459283468
0.05215,0.457644699
0.0522,0.455973396
0.05225,0.45427052
0.0523,0.45253703
0.05235,0.408940717
0.0524,0.397373666
0.05245,0.415524689
0.0525,0.423737919
0.05255,0.42089992
0.0526,0.417974234
0.05265,0.41821264
0.0527,0.573925704
0.05275,0.617000921
0.0528,0.552176741
0.05285,0.526868778
0.0529,0.541836446
0.05295,0.554244266
0.053,0.553986615
0.05305,0.551722203
0.0531,0.552739472
0.05315,0.554897485
0.0532,0.556189895
0.05325,0.556889029
0.0533,0.557646697
0.05335,0.558491524
0.0534,0.55923164
0.05345,0.559827965
0.0535,0.56033214
0.05355,0.560763395
0.0536,0.561108928
0.05365,0.561361296
0.0537,0.561523542
0.05375,0.561598576
0.0538,0.561586224
0.05385,0.561486048
0.0539,0.561298594
0.05395,0.561024692
0.054,0.560664998
0.05405,0.560220142
0.0541,0.559690889
0.05415,0.5590781
0.0542,0.55838269
0.05425,0.557605624
0.0543,0.556747926
0.05435,0.555810685
0.0544,0.554795044
0.05445,0.553702199
0.0545,0.552533394
0.05455,0.551289923
0.0546,0.549973124
0.05465,0.548584378
0.0547,0.547125107
0.05475,0.545596768
0.0548,0.544000854
0.05485,0.542338889
0.0549,0.540612426
0.05495,0.538823044
0.055,0.536972345
0.05505,0.535061953
0.0551,0.533093509
0.05515,0.531068668
0.0552,0.528989102
0.05525,0.388300245
0.0553,0.349832779
0.05535,0.407736364
0.0554,0.432991587
0.05545,0.422720835
0.0555,0.412257927
0.05555,0.41195567
0.0556,0.477062547
0.05565,0.496368725
0.0557,0.471312449
0.05575,0.461180818
0.0558,0.467539846
0.05585,0.47356975
0.0559,0.474565738
0.05595,0.474439871
0.056,0.475506042
0.05605,0.477098949
0.0561,0.478382231
0.05615,0.479386827
0.0562,0.480369857
0.05625,0.481368846
0.0563,0.482312513
0.05635,0.483177203
0.0564,0.483980268
0.05645,0.484731185
0.0565,0.485425836
0.05655,0.486060558
0.0566,0.486635923
0.05665,0.487152972
0.0567,0.487611563
0.05675,0.488011316
0.0568,0.488352226
0.05685,0.488634448
0.0569,0.488858086
0.05695,0.489023237
0.057,0.489122478
0.05705,0.489181625
0.0571,0.489171315
0.05715,0.489101097
0.0572,0.48897704
0.05725,0.488797011
0.0573,0.488559439
0.05735,0.488265321
0.0574,0.487915738
0.05745,0.487511043
0.0575,0.487051546
0.05755,0.486537804
0.0576,0.485970449
0.05765,0.485350078
0.0577,0.484677298
0.05775,0.483952759
0.0578,0.483177145
0.05785,0.482351158
0.0579,0.481475523
0.05795,0.480550987
0.058,0.479578322
0.05805,0.478558315
0.0581,0.477491777
0.05815,0.476379534
0.0582,0.475222428
0.05825,0.474021319
0.0583,0.47277708
0.05835,0.471490598
0.0584,0.470162772
0.05845,0.46879451
0.0585,0.467386733
0.05855,0.465940369
0.0586,0.464456354
0.05865,0.462935629
0.0587,0.461379143
0.05875,0.459787848
0.0588,0.458162699
0.05885,0.456504654
0.0589,0.454814672
0.05895,0.453093714
0.059,0.451342737
0.05905,0.408756893
0.0591,0.397337574
0.05915,0.414891502
0.0592,0.42300654
0.05925,0.420363165
0.0593,0.417479291
0.05935,0.571245129
0.0594,0.615356817
0.05945,0.552136866
0.0595,0.526308541
0.05955,0.540403003
0.0596,0.552904008
0.05965,0.553062915
0.0597,0.550875969
0.05975,0.551778383
0.0598,0.553914961
0.05985,0.555275105
0.0599,0.556024615
0.05995,0.556798295
0.06,0.557659791
0.06005,0.558428922
0.0601,0.559056313
0.06015,0.559587987
0.0602,0.560045799
0.06025,0.560419183
0.0603,0.560700109
0.06035,0.560890771
0.0604,0.560994127
0.06045,0.561010257
0.0605,0.560938712
0.06055,0.560779923
0.0606,0.560534681
0.06065,0.560203644
0.0607,0.559787427
0.06075,0.559286761
0.0608,0.558702483
0.06085,0.558035485
0.0609,0.557286709
0.06095,0.556457159
0.061,0.555547901
0.06105,0.554560057
0.0611,0.553494801
0.06115,0.552353357
0.0612,0.551137001
0.06125,0.549847051
0.0613,0.548484871
0.06135,0.547051865
0.0614,0.545549473
0.06145,0.543979172
0.0615,0.542342472
0.06155,0.540640911
0.0616,0.538876053
0.06165,0.53704949
0.0617,0.535162833
0.06175,0.53321771
0.0618,0.53121577
0.06185,0.529158671
0.0619,0.388347997
0.06195,0.349693098
0.062,0.407442277
0.06205,0.432882988
0.0621,0.42281701
0.06215,0.412351076
0.0622,0.411971423
0.06225,0.476524664
0.0623,0.495779618
0.06235,0.471065137
0.0624,0.460992036
0.06245,0.467246704
0.0625,0.473258045
0.06255,0.474308578
0.0626,0.474218124
0.06265,0.475290418
0.0627,0.476891247
0.06275,0.478193073
0.0628,0.479217571
0.06285,0.480217286
0.0629,0.481232104
0.06295,0.482192634
0.063,0.483074722
0.06305,0.483895011
0.0631,0.484663027
0.06315,0.485374871
0.0632,0.486026882
0.06325,0.486619548
0.0633,0.487153885
0.06335,0.487629762
0.0634,0.488046793
0.06345,0.488404955
0.0635,0.488704389
0.06355,0.488945191
0.0636,0.489127445
0.06365,0.48925567
0.0637,0.48929975
0.06375,0.489322142
0.0638,0.489278568
0.06385,0.489167222
0.0639,0.489000397
0.06395,0.48878011
0.064,0.488503297
0.06405,0.488169608
0.0641,0.487780491
0.06415,0.487336762
0.0642,0.486838685
0.06425,0.486286701
0.0643,0.485681471
0.06435,0.485023653
0.0644,0.484313875
0.06445,0.483552792
0.0645,0.482741105
0.06455,0.481879536
0.0646,0.480968828
0.06465,0.480009742
0.0647,0.479003063
0.06475,0.477949594
0.0648,0.476850157
0.06485,0.475705591
0.0649,0.474516751
0.06495,0.473284506
0.065,0.47200974
0.06505,0.470693347
0.0651,0.469336236
0.06515,0.467939322
0.0652,0.466503533
0.06525,0.465029801
0.0653,0.463519069
0.06535,0.461972283
0.0654,0.460390394
0.06545,0.458774357
0.0655,0.457125131
0.06555,0.455443673
0.0656,0.453730945
0.06565,0.451987906
0.0657,0.408883244
0.06575,0.397392623
0.0658,0.415257306
0.06585,0.423417267
0.0659,0.420668278
0.06595,0.417762927
0.066,0.417958486
0.06605,0.573640093
0.0661,0.616932403
0.06615,0.552371871
0.0662,0.526802174
0.06625,0.541481785
0.0663,0.553927305
0.06635,0.553792456
0.0664,0.551517784
0.06645,0.552458891
0.0665,0.554581783
0.06655,0.555873577
0.0666,0.556563064
0.06665,0.557296545
0.0667,0.55811807
0.06675,0.558840477
0.0668,0.559419876
0.06685,0.559905469
0.0669,0.560317836
0.06695,0.560645252
0.067,0.56087998
0.06705,0.561024669
0.0671,0.561082294
0.06715,0.561052839
0.0672,0.560935886
0.06725,0.560731944
0.0673,0.560441848
0.06735,0.560066282
0.0674,0.559605894
0.06745,0.559061453
0.0675,0.55843383
0.06755,0.557723952
0.0676,0.556932791
0.06765,0.556061381
0.0677,0.55511082
0.06775,0.554082257
0.0678,0.552976894
0.06785,0.551795982
0.0679,0.550540819
0.06795,0.549212748
0.068,0.547813155
0.06805,0.546343464
0.0681,0.544805134
0.06815,0.543199661
0.0682,0.541528569
0.06825,0.539793413
0.0683,0.53799577
0.06835,0.536137244
0.0684,0.534219456
0.06845,0.532244044
0.0685,0.530212665
0.06855,0.528126983
0.0686,0.388237528
0.06865,0.349562021
0.0687,0.406564463
0.06875,0.4320618
0.0688,0.422362973
0.06885,0.411924513
0.0689,0.47290121
0.06895,0.494177046
0.069,0.471276893
0.06905,0.461019982
0.0691,0.466667578
0.06915,0.472614896
0.0692,0.47386239
0.06925,0.473853075
0.0693,0.474898859
0.06935,0.476488244
0.0694,0.47781589
0.06945,0.478868601
0.0695,0.479885371
0.06955,0.480914727
0.0696,0.481893024
0.06965,0.482794302
0.0697,0.483633101
0.06975,0.484419187
0.0698,0.48514934
0.06985,0.485819904
0.0699,0.48643114
0.06995,0.48698402
0.07,0.487478463
0.07005,0.487914089
0.0701,0.488290846
0.07015,0.488608856
0.0702,0.488868205
0.07025,0.48906897
0.0703,0.489228984
0.07035,0.489301539
0.0704,0.489320282
0.07045,0.48928658
0.0705,0.489199303
0.07055,0.489053532
0.0706,0.48884963
0.07065,0.48858957
0.0707,0.488273907
0.07075,0.487902634
0.0708,0.487476161
0.07085,0.486995145
0.0709,0.48646017
0.07095,0.485871779
0.071,0.485230568
0.07105,0.484537183
0.0711,0.48379229
0.07115,0.482996575
0.0712,0.482150748
0.07125,0.481255544
0.0713,0.480311721
0.07135,0.479320056
0.0714,0.478281347
0.07145,0.477196409
0.0715,0.476066076
0.07155,0.474891199
0.0716,0.473672641
0.07165,0.472411282
0.0717,0.471108014
0.07175,0.469763739
0.0718,0.468379373
0.07185,0.466955838
0.0719,0.465494066
0.07195,0.463994995
0.072,0.462459571
0.07205,0.460888744
0.0721,0.459283468
0.07215,0.457644699
0.0722,0.455973396
0.07225,0.45427052
0.0723,0.45253703
0.07235,0.408940717
0.0724,0.397373666
0.07245,0.415524689
0.0725,0.423737919
0.07255,0.42089992
0.0726,0.417974234
0.07265,0.41821264
0.0727,0.573925704
0.07275,0.617000921
0.0728,0.552176741
0.07285,0.526868778
0.0729,0.541836446
0.07295,0.554244266
0.073,0.553986615
0.07305,0.551722203
0.0731,0.552739472
0.07315,0.554897485
0.0732,0.556189895
0.07325,0.556889029
0.0733,0.557646697
0.07335,0.558491524
0.0734,0.55923164
0.07345,0.559827965
0.0735,0.56033214
0.07355,0.560763395
0.0736,0.561108928
0.07365,0.561361296
0.0737,0.561523542
0.07375,0.561598576
0.0738,0.561586224
0.07385,0.561486048
0.0739,0.561298594
0.07395,0.561024692
0.074,0.560664998
0.07405,0.560220142
0.0741,0.559690889
0.07415,0.5590781
0.0742,0.55838269
0.07425,0.557605623
0.0743,0.556747926
0.07435,0.555810685
0.0744,0.554795044
0.07445,0.553702199
0.0745,0.552533394
0.07455,0.551289923
0.0746,0.549973124
0.07465,0.548584378
0.0747,0.547125107
0.07475,0.545596768
0.0748,0.544000854
0.07485,0.542338889
0.0749,0.540612426
0.07495,0.538823044
0.075,0.536972345
0.07505,0.535061953
0.0751,0.533093509
0.07515,0.531068668
0.0752,0.528989102
0.07525,0.388300245
0.0753,0.349832779
0.07535,0.407736364
0.0754,0.432991587
0.07545,0.422720835
0.0755,0.412257927
0.07555,0.41195567
0.0756,0.477062547
0.07565,0.496368725
0.0757,0.471312449
0.07575,0.461180818
0.0758,0.467539846
0.07585,0.47356975
0.0759,0.474565738
0.07595,0.474439871
0.076,0.475506042
0.07605,0.477098949
0.0761,0.478382231
0.07615,0.479386827
0.0762,0.480369857
0.07625,0.481368846
0.0763,0.482312513
0.07635,0.483177203
0.0764,0.483980268
0.07645,0.484731185
0.0765,0.485425836
0.07655,0.486060558
0.0766,0.486635923
0.07665,0.487152972
0.0767,0.487611563
0.07675,0.488011316
0.0768,0.488352226
0.07685,0.488634448
0.0769,0.488858086
0.07695,0.489023237
0.077,0.489122478
0.07705,0.489181625
0.0771,0.489171315
0.07715,0.489101097
0.0772,0.48897704
0.07725,0.488797011
0.0773,0.488559439
0.07735,0.488265321
0.0774,0.487915738
0.07745,0.487511043
0.0775,0.487051546
0.07755,0.486537804
0.0776,0.485970449
0.07765,0.485350078
0.0777,0.484677298
0.07775,0.483952759
0.0778,0.483177145
0.07785,0.482351158
0.0779,0.481475523
0.07795,0.480550987
0.078,0.479578322
0.07805,0.478558315
0.0781,0.477491777
0.07815,0.476379534
0.0782,0.475222428
0.07825,0.474021319
0.0783,0.47277708
0.07835,0.471490598
0.0784,0.470162772
0.07845,0.46879451
0.0785,0.467386733
0.07855,0.465940369
0.0786,0.464456354
0.07865,0.462935629
0.0787,0.461379143
0.07875,0.459787848
0.0788,0.458162699
0.07885,0.456504654
0.0789,0.454814672
0.07895,0.453093714
0.079,0.451342737
0.07905,0.408756893
0.0791,0.397337574
0.07915,0.414891502
0.0792,0.42300654
0.07925,0.420363165
0.0793,0.417479291
0.07935,0.571245129
0.0794,0.615356817
0.07945,0.552136866
0.0795,0.526308541
0.07955,0.540403003
0.0796,0.552904008
0.07965,0.553062915
0.0797,0.550875969
0.07975,0.551778383
0.0798,0.553914961
0.07985,0.555275105
0.0799,0.556024615
0.07995,0.556798295
0.08,0.557659791
0.08005,0.558428922
0.0801,0.559056313
0.08015,0.559587987
0.0802,0.560045799
0.08025,0.560419183
0.0803,0.560700109
0.08035,0.560890771
0.0804,0.560994127
0.08045,0.561010257
0.0805,0.560938712
0.08055,0.560779923
0.0806,0.560534681
0.08065,0.560203644
0.0807,0.559787427
0.08075,0.559286761
0.0808,0.558702483
0.08085,0.558035485
0.0809,0.557286709
0.08095,0.556457159
0.081,0.555547901
0.08105,0.554560057
0.0811,0.553494801
0.08115,0.552353357
0.0812,0.551137001
0.08125,0.549847051
0.0813,0.548484871
0.08135,0.547051865
0.0814,0.545549473
0.08145,0.543979172
0.0815,0.542342472
0.08155,0.540640911
0.0816,0.538876053
0.08165,0.53704949
0.0817,0.535162833
0.08175,0.53321771
0.0818,0.53121577
0.08185,0.529158671
0.0819,0.388347997
0.08195,0.349693098
0.082,0.407442277
0.08205,0.432882988
0.0821,0.42281701
0.08215,0.412351076
0.0822,0.411971423
0.08225,0.476524664
0.0823,0.495779618
0.08235,0.471065137
0.0824,0.460992036
0.08245,0.467246704
0.0825,0.473258045
0.08255,0.474308578
0.0826,0.474218124
0.08265,0.475290418
0.0827,0.476891247
0.08275,0.478193073
0.0828,0.479217571
0.08285,0.480217286
0.0829,0.481232104
0.08295,0.482192634
0.083,0.483074722
0.08305,0.483895011
0.0831,0.484663027
0.08315,0.485374871
0.0832,0.486026882
0.08325,0.486619548
0.0833,0.487153885
0.08335,0.487629762
0.0834,0.488046792
0.08345,0.488404954
0.0835,0.488704389
0.08355,0.488945191
0.0836,0.489127445
0.08365,0.48925567
0.0837,0.48929975
0.08375,0.489322142
0.0838,0.489278568
0.08385,0.489167222
0.0839,0.489000397
0.08395,0.48878011
0.084,0.488503297
0.08405,0.488169608
0.0841,0.487780491
0.08415,0.487336762
0.0842,0.486838685
0.08425,0.486286701
0.0843,0.485681471
0.08435,0.485023653
0.0844,0.484313875
0.08445,0.483552792
0.0845,0.482741105
0.08455,0.481879536
0.0846,0.480968828
0.08465,0.480009742
0.0847,0.479003063
0.08475,0.477949594
0.0848,0.476850157
0.08485,0.475705591
0.0849,0.474516751
0.08495,0.473284506
0.085,0.47200974
0.08505,0.470693347
0.0851,0.469336236
0.08515,0.467939322
0.0852,0.466503533
0.08525,0.465029801
0.0853,0.463519069
0.08535,0.461972283
0.0854,0.460390394
0.08545,0.458774357
0.0855,0.457125131
0.08555,0.455443673
0.0856,0.453730945
0.08565,0.451987906
0.0857,0.408883244
0.08575,0.397392623
0.0858,0.415257306
0.08585,0.423417267
0.0859,0.420668278
0.08595,0.417762927
0.086,0.417958486
0.08605,0.573640093
0.0861,0.616932403
0.08615,0.552371871
0.0862,0.526802174
0.08625,0.541481785
0.0863,0.553927305
0.08635,0.553792456
0.0864,0.551517784
0.08645,0.552458891
0.0865,0.554581783
0.08655,0.555873577
0.0866,0.556563064
0.08665,0.557296545
0.0867,0.55811807
0.08675,0.558840477
0.0868,0.559419876
0.08685,0.559905469
0.0869,0.560317836
0.08695,0.560645252
0.087,0.56087998
0.08705,0.561024669
0.0871,0.561082294
0.08715,0.561052839
0.0872,0.560935886
0.08725,0.560731944
0.0873,0.560441848
0.08735,0.560066282
0.0874,0.559605894
0.08745,0.559061453
0.0875,0.55843383
0.08755,0.557723952
0.0876,0.556932791
0.08765,0.556061381
0.0877,0.55511082
0.08775,0.554082257
0.0878,0.552976894
0.08785,0.551795982
0.0879,0.550540819
0.08795,0.549212748
0.088,0.547813155
0.08805,0.546343464
0.0881,0.544805134
0.08815,0.543199661
0.0882,0.541528569
0.08825,0.539793413
0.0883,0.53799577
0.08835,0.536137244
0.0884,0.534219456
0.08845,0.532244044
0.0885,0.530212665
0.08855,0.528126983
0.0886,0.388237528
0.08865,0.349562021
0.0887,0.406564463
0.08875,0.4320618
0.0888,0.422362973
0.08885,0.411924513
0.0889,0.47290121
0.08895,0.494177046
0.089,0.471276893
0.08905,0.461019982
0.0891,0.466667578
0.08915,0.472614896
0.0892,0.47386239
0.08925,0.473853075
0.0893,0.474898859
0.08935,0.476488244
0.0894,0.47781589
0.08945,0.478868601
0.0895,0.479885371
0.08955,0.480914727
0.0896,0.481893024
0.08965,0.482794302
0.0897,0.483633101
0.08975,0.484419187
0.0898,0.48514934
0.08985,0.485819904
0.0899,0.48643114
0.08995,0.48698402
0.09,0.487478463
0.09005,0.487914089
0.0901,0.488290846
0.09015,0.488608856
0.0902,0.488868205
0.09025,0.48906897
0.0903,0.489228984
0.09035,0.489301539
0.0904,0.489320282
0.09045,0.48928658
0.0905,0.489199303
0.09055,0.489053532
0.0906,0.48884963
0.09065,0.48858957
0.0907,0.488273907
0.09075,0.487902634
0.0908,0.487476161
0.09085,0.486995145
0.0909,0.48646017
0.09095,0.485871779
0.091,0.485230568
0.09105,0.484537183
0.0911,0.48379229
0.09115,0.482996575
0.0912,0.482150748
0.09125,0.481255544
0.0913,0.480311721
0.09135,0.479320056
0.0914,0.478281347
0.09145,0.477196409
0.0915,0.476066076
0.09155,0.474891199
0.0916,0.473672641
0.09165,0.472411282
0.0917,0.471108014
0.09175,0.469763739
0.0918,0.468379373
0.09185,0.466955838
0.0919,0.465494066
0.09195,0.463994995
0.092,0.462459571
0.09205,0.460888744
0.0921,0.459283468
0.09215,0.457644699
0.0922,0.455973396
0.09225,0.45427052
0.0923,0.45253703
0.09235,0.408940717
0.0924,0.397373666
0.09245,0.415524689
0.0925,0.423737919
0.09255,0.42089992
0.0926,0.417974234
0.09265,0.41821264
0.0927,0.573925704
0.09275,0.617000921
0.0928,0.552176741
0.09285,0.526868778
0.0929,0.541836446
0.09295,0.554244266
0.093,0.553986615
0.09305,0.551722203
0.0931,0.552739472
0.09315,0.554897485
0.0932,0.556189895
0.09325,0.556889029
0.0933,0.557646697
0.09335,0.558491524
0.0934,0.55923164
0.09345,0.559827965
0.0935,0.56033214
0.09355,0.560763395
0.0936,0.561108928
0.09365,0.561361296
0.0937,0.561523542
0.09375,0.561598576
0.0938,0.561586224
0.09385,0.561486048
0.0939,0.561298594
0.09395,0.561024692
0.094,0.560664998
0.09405,0.560220142
0.0941,0.559690889
0.09415,0.5590781
0.0942,0.55838269
0.09425,0.557605624
0.0943,0.556747926
0.09435,0.555810685
0.0944,0.554795044
0.09445,0.553702199
0.0945,0.552533394
0.09455,0.551289923
0.0946,0.549973124
0.09465,0.548584378
0.0947,0.547125107
0.09475,0.545596768
0.0948,0.544000854
0.09485,0.542338889
0.0949,0.540612426
0.09495,0.538823044
0.095,0.536972345
0.09505,0.535061953
0.0951,0.533093509
0.09515,0.531068668
0.0952,0.528989102
0.09525,0.388300245
0.0953,0.349832779
0.09535,0.407736364
0.0954,0.432991587
0.09545,0.422720835
0.0955,0.412257927
0.09555,0.41195567
0.0956,0.477062547
0.09565,0.496368725
0.0957,0.471312449
0.09575,0.461180818
0.0958,0.467539846
0.09585,0.47356975
0.0959,0.474565738
0.09595,0.474439871
0.096,0.475506042
0.09605,0.477098949
0.0961,0.478382231
0.09615,0.479386827
0.0962,0.480369857
0.09625,0.481368846
0.0963,0.482312513
0.09635,0.483177203
0.0964,0.483980268
0.09645,0.484731185
0.0965,0.485425836
0.09655,0.486060558
0.0966,0.486635923
0.09665,0.487152972
0.0967,0.487611563
0.09675,0.488011316
0.0968,0.488352226
0.09685,0.488634448
0.0969,0.488858086
0.09695,0.489023237
0.097,0.489122478
0.09705,0.489181625
0.0971,0.489171315
0.09715,0.489101097
0.0972,0.48897704
0.09725,0.488797011
0.0973,0.488559439
0.09735,0.488265321
0.0974,0.487915738
0.09745,0.487511043
0.0975,0.487051546
0.09755,0.486537804
0.0976,0.485970449
0.09765,0.485350078
0.0977,0.484677298
0.09775,0.483952759
0.0978,0.483177145
0.09785,0.482351158
0.0979,0.481475523
0.09795,0.480550987
0.098,0.479578322
0.09805,0.478558315
0.0981,0.477491777
0.09815,0.476379534
0.0982,0.475222428
0.09825,0.474021319
0.0983,0.47277708
0.09835,0.471490598
0.0984,0.470162772
0.09845,0.46879451
0.0985,0.467386733
0.09855,0.465940369
0.0986,0.464456354
0.09865,0.462935629
0.0987,0.461379143
0.09875,0.459787848
0.0988,0.458162699
0.09885,0.456504654
0.0989,0.454814672
0.09895,0.453093714
0.099,0.451342737
0.09905,0.408756893
0.0991,0.397337574
0.09915,0.414891502
0.0992,0.42300654
0.09925,0.420363165
0.0993,0.417479291
0.09935,0.571245129
0.0994,0.615356817
0.09945,0.552136866
0.0995,0.526308541
0.09955,0.540403003
0.0996,0.552904008
0.09965,0.553062915
0.0997,0.550875969
0.09975,0.551778383
0.0998,0.553914961
0.09985,0.555275105
0.0999,0.556024615
0.09995,0.556798295
0.1,0.557659791
0.10005,0.558428922
0.1001,0.559056313
0.10015,0.559587987
0.1002,0.560045799
0.10025,0.560419183
0.1003,0.560700109
0.10035,0.560890771
0.1004,0.560994127
0.10045,0.561010257
0.1005,0.560938712
0.10055,0.560779923
0.1006,0.560534681
0.10065,0.560203644
0.1007,0.559787427
0.10075,0.559286761
0.1008,0.558702483
0.10085,0.558035485
0.1009,0.557286709
0.10095,0.556457159
0.101,0.555547901
0.10105,0.554560057
0.1011,0.553494801
0.10115,0.552353357
0.1012,0.551137001
0.10125,0.549847051
0.1013,0.548484871
0.10135,0.547051865
0.1014,0.545549473
0.10145,0.543979172
0.1015,0.542342472
0.10155,0.540640911
0.1016,0.538876053
0.10165,0.53704949
0.1017,0.535162833
0.10175,0.53321771
0.1018,0.53121577
0.10185,0.529158671
0.1019,0.388347997
0.10195,0.349693098
0.102,0.407442277
0.10205,0.432882988
0.1021,0.42281701
0.10215,0.412351076
0.1022,0.411971423
0.10225,0.476524664
0.1023,0.495779618
0.10235,0.471065137
0.1024,0.460992036
0.10245,0.467246704
0.1025,0.473258045
0.10255,0.474308578
0.1026,0.474218124
0.10265,0.475290418
0.1027,0.476891247
0.10275,0.478193073
0.1028,0.479217571
0.10285,0.480217286
0.1029,0.481232104
0.10295,0.482192634
0.103,0.483074722
0.10305,0.483895011
0.1031,0.484663027
0.10315,0.485374871
0.1032,0.486026882
0.10325,0.486619548
0.1033,0.487153885
0.10335,0.487629762
0.1034,0.488046793
0.10345,0.488404955
0.1035,0.488704389
0.10355,0.488945191
0.1036,0.489127445
0.10365,0.48925567
0.1037,0.48929975
0.10375,0.489322142
0.1038,0.489278568
0.10385,0.489167222
0.1039,0.489000397
0.10395,0.48878011
0.104,0.488503297
0.10405,0.488169608
0.1041,0.487780491
0.10415,0.487336762
0.1042,0.486838685
0.10425,0.486286701
0.1043,0.485681471
0.10435,0.485023653
0.1044,0.484313875
0.10445,0.483552792
0.1045,0.482741105
0.10455,0.481879536
0.1046,0.480968828
0.10465,0.480009742
0.1047,0.479003063
0.10475,0.477949594
0.1048,0.476850157
0.10485,0.475705591
0.1049,0.474516751
0.10495,0.473284506
0.105,0.47200974
0.10505,0.470693347
0.1051,0.469336236
0.10515,0.467939322
0.1052,0.466503533
0.10525,0.465029801
0.1053,0.463519069
0.10535,0.461972283
0.1054,0.460390394
0.10545,0.458774357
0.1055,0.457125131
0.10555,0.455443673
0.1056,0.453730945
0.10565,0.451987906
0.1057,0.408883244
0.10575,0.397392623
0.1058,0.415257306
0.10585,0.423417267
0.1059,0.420668278
0.10595,0.417762927
0.106,0.417958486
0.10605,0.573640093
0.1061,0.616932403
0.10615,0.552371871
0.1062,0.526802174
0.10625,0.541481785
0.1063,0.553927305
0.10635,0.553792456
0.1064,0.551517784
0.10645,0.552458891
0.1065,0.554581783
0.10655,0.555873577
0.1066,0.556563064
0.10665,0.557296545
0.1067,0.55811807
0.10675,0.558840477
0.1068,0.559419876
0.10685,0.559905469
0.1069,0.560317836
0.10695,0.560645252
0.107,0.56087998
0.10705,0.561024669
0.1071,0.561082294
0.10715,0.561052839
0.1072,0.560935886
0.10725,0.560731944
0.1073,0.560441848
0.10735,0.560066282
0.1074,0.559605894
0.10745,0.559061453
0.1075,0.55843383
0.10755,0.557723952
0.1076,0.556932791
0.10765,0.556061381
0.1077,0.55511082
0.10775,0.554082257
0.1078,0.552976894
0.10785,0.551795982
0.1079,0.550540819
0.10795,0.549212748
0.108,0.547813155
0.10805,0.546343464
0.1081,0.544805134
0.10815,0.543199661
0.1082,0.541528569
0.10825,0.539793413
0.1083,0.53799577
0.10835,0.536137244
0.1084,0.534219456
0.10845,0.532244044
0.1085,0.530212665
0.10855,0.528126983
0.1086,0.388237528
0.10865,0.349562021
0.1087,0.406564463
0.10875,0.4320618
0.1088,0.422362973
0.10885,0.411924513
0.1089,0.47290121
0.10895,0.494177046
0.109,0.471276893
0.10905,0.461019982
0.1091,0.466667578
0.10915,0.472614896
0.1092,0.47386239
0.10925,0.473853075
0.1093,0.474898859
0.10935,0.476488244
0.1094,0.47781589
0.10945,0.478868601
0.1095,0.479885371
0.10955,0.480914727
0.1096,0.481893024
0.10965,0.482794302
0.1097,0.483633101
0.10975,0.484419187
0.1098,0.48514934
0.10985,0.485819904
0.1099,0.48643114
0.10995,0.48698402
0.11,0.487478463
0.11005,0.487914089
0.1101,0.488290846
0.11015,0.488608856
0.1102,0.488868205
0.11025,0.48906897
0.1103,0.489228984
0.11035,0.489301539
0.1104,0.489320282
0.11045,0.48928658
0.1105,0.489199303
0.11055,0.489053532
0.1106,0.48884963
0.11065,0.48858957
0.1107,0.488273907
0.11075,0.487902634
0.1108,0.487476161
0.11085,0.486995145
0.1109,0.48646017
0.11095,0.485871779
0.111,0.485230568
0.11105,0.484537183
0.1111,0.48379229
0.11115,0.482996575
0.1112,0.482150748
0.11125,0.481255544
0.1113,0.480311721
0.11135,0.479320056
0.1114,0.478281347
0.11145,0.477196409
0.1115,0.476066076
0.11155,0.474891199
0.1116,0.473672641
0.11165,0.472411282
0.1117,0.471108014
0.11175,0.469763739
0.1118,0.468379373
0.11185,0.466955838
0.1119,0.465494066
0.11195,0.463994995
0.112,0.462459571
0.11205,0.460888744
0.1121,0.459283468
0.11215,0.457644699
0.1122,0.455973396
0.11225,0.45427052
0.1123,0.45253703
0.11235,0.408940717
0.1124,0.397373666
0.11245,0.415524689
0.1125,0.423737919
0.11255,0.42089992
0.1126,0.417974234
0.11265,0.41821264
0.1127,0.573925704
0.11275,0.617000921
0.1128,0.552176741
0.11285,0.526868778
0.1129,0.541836446
0.11295,0.554244266
0.113,0.553986615
0.11305,0.551722203
0.1131,0.552739472
0.11315,0.554897485
0.1132,0.556189895
0.11325,0.556889029
0.1133,0.557646697
0.11335,0.558491524
0.1134,0.55923164
0.11345,0.559827965
0.1135,0.56033214
0.11355,0.560763395
0.1136,0.561108928
0.11365,0.561361296
0.1137,0.561523542
0.11375,0.561598576
0.1138,0.561586224
0.11385,0.561486048
0.1139,0.561298594
0.11395,0.561024692
0.114,0.560664998
0.11405,0.560220142
0.1141,0.559690889
0.11415,0.5590781
0.1142,0.55838269
0.11425,0.557605623
0.1143,0.556747926
0.11435,0.555810685
0.1144,0.554795044
0.11445,0.553702199
0.1145,0.552533394
0.11455,0.551289923
0.1146,0.549973124
0.11465,0.548584378
0.1147,0.547125107
0.11475,0.545596768
0.1148,0.544000854
0.11485,0.542338889
0.1149,0.540612426
0.11495,0.538823044
0.115,0.536972345
0.11505,0.535061953
0.1151,0.533093509
0.11515,0.531068668
0.1152,0.528989102
0.11525,0.388300245
0.1153,0.349832779
0.11535,0.407736364
0.1154,0.432991587
0.11545,0.422720835
0.1155,0.412257927
0.11555,0.41195567
0.1156,0.477062547
0.11565,0.496368725
0.1157,0.471312449
0.11575,0.461180818
0.1158,0.467539846
0.11585,0.47356975
0.1159,0.474565738
0.11595,0.474439871
0.116,0.475506042
0.11605,0.477098949
0.1161,0.478382231
0.11615,0.479386827
0.1162,0.480369857
0.11625,0.481368846
0.1163,0.482312513
0.11635,0.483177203
0.1164,0.483980268
0.11645,0.484731185
0.1165,0.485425836
0.11655,0.486060558
0.1166,0.486635923
0.11665,0.487152972
0.1167,0.487611563
0.11675,0.488011316
0.1168,0.488352226
0.11685,0.488634448
0.1169,0.488858086
0.11695,0.489023237
0.117,0.489122478
0.11705,0.489181625
0.1171,0.489171315
0.11715,0.489101097
0.1172,0.48897704
0.11725,0.488797011
0.1173,0.488559439
0.11735,0.488265321
0.1174,0.487915738
0.11745,0.487511043
0.1175,0.487051546
0.11755,0.486537804
0.1176,0.485970449
0.11765,0.485350078
0.1177,0.484677298
0.11775,0.483952759
0.1178,0.483177145
0.11785,0.482351158
0.1179,0.481475523
0.11795,0.480550987
0.118,0.479578322
0.11805,0.478558315
0.1181,0.477491777
0.11815,0.476379534
0.1182,0.475222428
0.11825,0.474021319
0.1183,0.47277708
0.11835,0.471490598
0.1184,0.470162772
0.11845,0.46879451
0.1185,0.467386733
0.11855,0.465940369
0.1186,0.464456354
0.11865,0.462935629
0.1187,0.461379143
0.11875,0.459787848
0.1188,0.458162699
0.11885,0.456504654
0.1189,0.454814672
0.11895,0.453093714
0.119,0.451342737
0.11905,0.408756893
0.1191,0.397337574
0.11915,0.414891502
0.1192,0.42300654
0.11925,0.420363165
0.1193,0.417479291
0.11935,0.571245129
0.1194,0.615356817
0.11945,0.552136866
0.1195,0.526308541
0.11955,0.540403003
0.1196,0.552904008
0.11965,0.553062915
0.1197,0.550875969
0.11975,0.551778383
0.1198,0.553914961
0.11985,0.555275105
0.1199,0.556024615
0.11995,0.556798295
0.12,0.557659791
0.12005,0.558428922
0.1201,0.559056313
0.12015,0.559587987
0.1202,0.560045799
0.12025,0.560419183
0.1203,0.560700109
0.12035,0.560890771
0.1204,0.560994127
0.12045,0.561010257
0.1205,0.560938712
0.12055,0.560779923
0.1206,0.560534681
0.12065,0.560203644
0.1207,0.559787427
0.12075,0.559286761
0.1208,0.558702483
0.12085,0.558035485
0.1209,0.557286709
0.12095,0.556457159
0.121,0.555547901
0.12105,0.554560057
0.1211,0.553494801
0.12115,0.552353357
0.1212,0.551137001
0.12125,0.549847051
0.1213,0.548484871
0.12135,0.547051865
0.1214,0.545549473
0.12145,0.543979172
0.1215,0.542342472
0.12155,0.540640911
0.1216,0.538876053
0.12165,0.53704949
0.1217,0.535162833
0.12175,0.53321771
0.1218,0.53121577
0.12185,0.529158671
0.1219,0.388347997
0.12195,0.349693098
0.122,0.407442277
0.12205,0.432882988
0.1221,0.42281701
0.12215,0.412351076
0.1222,0.411971423
0.12225,0.476524664
0.1223,0.495779618
0.12235,0.471065137
0.1224,0.460992036
0.12245,0.467246704
0.1225,0.473258045
0.12255,0.474308578
0.1226,0.474218124
0.12265,0.475290418
0.1227,0.476891247
0.12275,0.478193073
0.1228,0.479217571
0.12285,0.480217286
0.1229,0.481232104
0.12295,0.482192634
0.123,0.483074722
0.12305,0.483895011
0.1231,0.484663027
0.12315,0.485374871
0.1232,0.486026882
0.12325,0.486619548
0.1233,0.487153885
0.12335,0.487629762
0.1234,0.488046792
0.12345,0.488404954
0.1235,0.488704389
0.12355,0.488945191
0.1236,0.489127445
0.12365,0.48925567
0.1237,0.48929975
0.12375,0.489322142
0.1238,0.489278568
0.12385,0.489167222
0.1239,0.489000397
0.12395,0.48878011
0.124,0.488503297
0.12405,0.488169608
0.1241,0.487780491
0.12415,0.487336762
0.1242,0.486838685
0.12425,0.486286701
0.1243,0.485681471
0.12435,0.485023653
0.1244,0.484313875
0.12445,0.483552792
0.1245,0.482741105
0.12455,0.481879536
0.1246,0.480968828
0.12465,0.480009742
0.1247,0.479003063
0.12475,0.477949594
0.1248,0.476850157
0.12485,0.475705591
0.1249,0.474516751
0.12495,0.473284506
0.125,0.47200974
0.12505,0.470693347
0.1251,0.469336236
0.12515,0.467939322
0.1252,0.466503533
0.12525,0.465029801
0.1253,0.463519069
0.12535,0.461972283
0.1254,0.460390394
0.12545,0.458774357
0.1255,0.457125131
0.12555,0.455443673
0.1256,0.453730945
0.12565,0.451987906
0.1257,0.408883244
0.12575,0.397392623
0.1258,0.415257306
0.12585,0.423417267
0.1259,0.420668278
0.12595,0.417762927
0.126,0.417958486
0.12605,0.573640093
0.1261,0.616932403
0.12615,0.552371871
0.1262,0.526802174
0.12625,0.541481785
0.1263,0.553927305
0.12635,0.553792456
0.1264,0.551517784
0.12645,0.552458891
0.1265,0.554581783
0.12655,0.555873577
0.1266,0.556563064
0.12665,0.557296545
0.1267,0.55811807
0.12675,0.558840477
0.1268,0.559419876
0.12685,0.559905469
0.1269,0.560317836
0.12695,0.560645252
0.127,0.56087998
0.12705,0.561024669
0.1271,0.561082294
0.12715,0.561052839
0.1272,0.560935886
0.12725,0.560731944
0.1273,0.560441848
0.12735,0.560066282
0.1274,0.559605894
0.12745,0.559061453
0.1275,0.55843383
0.12755,0.557723952
0.1276,0.556932791
0.12765,0.556061381
0.1277,0.55511082
0.12775,0.554082257
0.1278,0.552976894
0.12785,0.551795982
0.1279,0.550540819
0.12795,0.549212748
0.128,0.547813155
0.12805,0.546343464
0.1281,0.544805134
0.12815,0.543199661
0.1282,0.541528569
0.12825,0.539793413
0.1283,0.53799577
0.12835,0.536137244
0.1284,0.534219456
0.12845,0.532244044
0.1285,0.530212665
0.12855,0.528126983
0.1286,0.388237528
0.12865,0.349562021
0.1287,0.406564463
0.12875,0.4320618
0.1288,0.422362973
0.12885,0.411924513
0.1289,0.47290121
0.12895,0.494177046
0.129,0.471276893
0.12905,0.461019982
0.1291,0.466667578
0.12915,0.472614896
0.1292,0.47386239
0.12925,0.473853075
0.1293,0.474898859
0.12935,0.476488244
0.1294,0.47781589
0.12945,0.478868601
0.1295,0.479885371
0.12955,0.480914727
0.1296,0.481893024
0.12965,0.482794302
0.1297,0.483633101
0.12975,0.484419187
0.1298,0.48514934
0.12985,0.485819904
0.1299,0.48643114
0.12995,0.48698402
0.13,0.487478463
0.13005,0.487914089
0.1301,0.488290846
0.13015,0.488608856
0.1302,0.488868205
0.13025,0.48906897
0.1303,0.489228984
0.13035,0.489301539
0.1304,0.489320282
0.13045,0.48928658
0.1305,0.489199303
0.13055,0.489053532
0.1306,0.48884963
0.13065,0.48858957
0.1307,0.488273907
0.13075,0.487902634
0.1308,0.487476161
0.13085,0.486995145
0.1309,0.48646017
0.13095,0.485871779
0.131,0.485230568
0.13105,0.484537183
0.1311,0.48379229
0.13115,0.482996575
0.1312,0.482150748
0.13125,0.481255544
0.1313,0.480311721
0.13135,0.479320056
0.1314,0.478281347
0.13145,0.477196409
0.1315,0.476066076
0.13155,0.474891199
0.1316,0.473672641
0.13165,0.472411282
0.1317,0.471108014
0.13175,0.469763739
0.1318,0.468379373
0.13185,0.466955838
0.1319,0.465494066
0.13195,0.463994995
0.132,0.462459571
0.13205,0.460888744
0.1321,0.459283468
0.13215,0.457644699
0.1322,0.455973396
0.13225,0.45427052
0.1323,0.45253703
0.13235,0.408940717
0.1324,0.397373666
0.13245,0.415524689
0.1325,0.423737919
0.13255,0.42089992
0.1326,0.417974234
0.13265,0.41821264
0.1327,0.573925704
0.13275,0.617000921
0.1328,0.552176741
0.13285,0.526868778
0.1329,0.541836446
0.13295,0.554244266
0.133,0.553986615
0.13305,0.551722203
0.1331,0.552739472
0.13315,0.554897485
0.1332,0.556189895
0.13325,0.556889029
0.1333,0.557646697
0.13335,0.558491524
0.1334,0.55923164
0.13345,0.559827965
0.1335,0.56033214
0.13355,0.560763395
0.1336,0.561108928
0.13365,0.561361296
0.1337,0.561523542
0.13375,0.561598576
0.1338,0.561586224
0.13385,0.561486048
0.1339,0.561298594
0.13395,0.561024692
0.134,0.560664998
0.13405,0.560220142
0.1341,0.559690889
0.13415,0.5590781
0.1342,0.55838269
0.13425,0.557605624
0.1343,0.556747926
0.13435,0.555810685
0.1344,0.554795044
0.13445,0.553702199
0.1345,0.552533394
0.13455,0.551289923
0.1346,0.549973124
0.13465,0.548584378
0.1347,0.547125107
0.13475,0.545596768
0.1348,0.544000854
0.13485,0.542338889
0.1349,0.540612426
0.13495,0.538823044
0.135,0.536972345
0.13505,0.535061953
0.1351,0.533093509
0.13515,0.531068668
0.1352,0.528989102
0.13525,0.388300245
0.1353,0.349832779
0.13535,0.407736364
0.1354,0.432991587
0.13545,0.422720835
0.1355,0.412257927
0.13555,0.41195567
0.1356,0.477062547
0.13565,0.496368725
0.1357,0.471312449
0.13575,0.461180818
0.1358,0.467539846
0.13585,0.47356975
0.1359,0.474565738
0.13595,0.474439871
0.136,0.475506042
0.13605,0.477098949
0.1361,0.478382231
0.13615,0.479386827
0.1362,0.480369857
0.13625,0.481368846
0.1363,0.482312513
0.13635,0.483177203
0.1364,0.483980268
0.13645,0.484731185
0.1365,0.485425836
0.13655,0.486060558
0.1366,0.486635923
0.13665,0.487152972
0.1367,0.487611563
0.13675,0.488011316
0.1368,0.488352226
0.13685,0.488634448
0.1369,0.488858086
0.13695,0.489023237
0.137,0.489122478
0.13705,0.489181625
0.1371,0.489171315
0.13715,0.489101097
0.1372,0.48897704
0.13725,0.488797011
0.1373,0.488559439
0.13735,0.488265321
0.1374,0.487915738
0.13745,0.487511043
0.1375,0.487051546
0.13755,0.486537804
0.1376,0.485970449
0.13765,0.485350078
0.1377,0.484677298
0.13775,0.483952759
0.1378,0.483177145
0.13785,0.482351158
0.1379,0.481475523
0.13795,0.480550987
0.138,0.479578322
0.13805,0.478558315
0.1381,0.477491777
0.13815,0.476379534
0.1382,0.475222428
0.13825,0.474021319
0.1383,0.47277708
0.13835,0.471490598
0.1384,0.470162772
0.13845,0.46879451
0.1385,0.467386733
0.13855,0.465940369
0.1386,0.464456354
0.13865,0.462935629
0.1387,0.461379143
0.13875,0.459787848
0.1388,0.458162699
0.13885,0.456504654
0.1389,0.454814672
0.13895,0.453093714
0.139,0.451342737
0.13905,0.408756893
0.1391,0.397337574
0.13915,0.414891502
0.1392,0.42300654
0.13925,0.420363165
0.1393,0.417479291
0.13935,0.571245129
0.1394,0.615356817
0.13945,0.552136866
0.1395,0.526308541
0.13955,0.540403003
0.1396,0.552904008
0.13965,0.553062915
0.1397,0.550875969
0.13975,0.551778383
0.1398,0.553914961
0.13985,0.555275105
0.1399,0.556024615
0.13995,0.556798295
0.14,0.557659791
0.14005,0.558428922
0.1401,0.559056313
0.14015,0.559587987
0.1402,0.560045799
0.14025,0.560419183
0.1403,0.560700109
0.14035,0.560890771
0.1404,0.560994127
0.14045,0.561010257
0.1405,0.560938712
0.14055,0.560779923
0.1406,0.560534681
0.14065,0.560203644
0.1407,0.559787427
0.14075,0.559286761
0.1408,0.558702483
0.14085,0.558035485
0.1409,0.557286709
0.14095,0.556457159
0.141,0.555547901
0.14105,0.554560057
0.1411,0.553494801
0.14115,0.552353357
0.1412,0.551137001
0.14125,0.549847051
0.1413,0.548484871
0.14135,0.547051865
0.1414,0.545549473
0.14145,0.543979172
0.1415,0.542342472
0.14155,0.540640911
0.1416,0.538876053
0.14165,0.53704949
0.1417,0.535162833
0.14175,0.53321771
0.1418,0.53121577
0.14185,0.529158671
0.1419,0.388347997
0.14195,0.349693098
0.142,0.407442277
0.14205,0.432882988
0.1421,0.42281701
0.14215,0.412351076
0.1422,0.411971423
0.14225,0.476524664
0.1423,0.495779618
0.14235,0.471065137
0.1424,0.460992036
0.14245,0.467246704
0.1425,0.473258045
0.14255,0.474308578
0.1426,0.474218124
0.14265,0.475290418
0.1427,0.476891247
0.14275,0.478193073
0.1428,0.479217571
0.14285,0.480217286
0.1429,0.481232104
0.14295,0.482192634
0.143,0.483074722
0.14305,0.483895011
0.1431,0.484663027
0.14315,0.485374871
0.1432,0.486026882
0.14325,0.486619548
0.1433,0.487153885
0.14335,0.487629762
0.1434,0.488046793
0.14345,0.488404955
0.1435,0.488704389
0.14355,0.488945191
0.1436,0.489127445
0.14365,0.48925567
0.1437,0.48929975
0.14375,0.489322142
0.1438,0.489278568
0.14385,0.489167222
0.1439,0.489000397
0.14395,0.48878011
0.144,0.488503297
0.14405,0.488169608
0.1441,0.487780491
0.14415,0.487336762
0.1442,0.486838685
0.14425,0.486286701
0.1443,0.485681471
0.14435,0.485023653
0.1444,0.484313875
0.14445,0.483552792
0.1445,0.482741105
0.14455,0.481879536
0.1446,0.480968828
0.14465,0.480009742
0.1447,0.479003063
0.14475,0.477949594
0.1448,0.476850157
0.14485,0.475705591
0.1449,0.474516751
0.14495,0.473284506
0.145,0.47200974
0.14505,0.470693347
0.1451,0.469336236
0.14515,0.467939322
0.1452,0.466503533
0.14525,0.465029801
0.1453,0.463519069
0.14535,0.461972283
0.1454,0.460390394
0.14545,0.458774357
0.1455,0.457125131
0.14555,0.455443673
0.1456,0.453730945
0.14565,0.451987906
0.1457,0.408883244
0.14575,0.397392623
0.1458,0.415257306
0.14585,0.423417267
0.1459,0.420668278
0.14595,0.417762927
0.146,0.417958486
0.14605,0.573640093
0.1461,0.616932403
0.14615,0.552371871
0.1462,0.526802174
0.14625,0.541481785
0.1463,0.553927305
0.14635,0.553792456
0.1464,0.551517784
0.14645,0.552458891
0.1465,0.554581783
0.14655,0.555873577
0.1466,0.556563064
0.14665,0.557296545
0.1467,0.55811807
0.14675,0.558840477
0.1468,0.559419876
0.14685,0.559905469
0.1469,0.560317836
0.14695,0.560645252
0.147,0.56087998
0.14705,0.561024669
0.1471,0.561082294
0.14715,0.561052839
0.1472,0.560935886
0.14725,0.560731944
0.1473,0.560441848
0.14735,0.560066282
0.1474,0.559605894
0.14745,0.559061453
0.1475,0.55843383
0.14755,0.557723952
0.1476,0.556932791
0.14765,0.556061381
0.1477,0.55511082
0.14775,0.554082257
0.1478,0.552976894
0.14785,0.551795982
0.1479,0.550540819
0.14795,0.549212748
0.148,0.547813155
0.14805,0.546343464
0.1481,0.544805134
0.14815,0.543199661
0.1482,0.541528569
0.14825,0.539793413
0.1483,0.53799577
0.14835,0.536137244
0.1484,0.534219456
0.14845,0.532244044
0.1485,0.530212665
0.14855,0.528126983
0.1486,0.388237528
0.14865,0.349562021
0.1487,0.406564463
0.14875,0.4320618
0.1488,0.422362973
0.14885,0.411924513
0.1489,0.47290121
0.14895,0.494177046
0.149,0.471276893
0.14905,0.461019982
0.1491,0.466667578
0.14915,0.472614896
0.1492,0.47386239
0.14925,0.473853075
0.1493,0.474898859
0.14935,0.476488244
0.1494,0.47781589
0.14945,0.478868601
0.1495,0.479885371
0.14955,0.480914727
0.1496,0.481893024
0.14965,0.482794302
0.1497,0.483633101
0.14975,0.484419187
0.1498,0.48514934
0.14985,0.485819904
0.1499,0.48643114
0.14995,0.48698402
0.15,0.487478463
0.15005,0.487914089
0.1501,0.488290846
0.15015,0.488608856
0.1502,0.488868205
0.15025,0.48906897
0.1503,0.489228984
0.15035,0.489301539
0.1504,0.489320282
0.15045,0.48928658
0.1505,0.489199303
0.15055,0.489053532
0.1506,0.48884963
0.15065,0.48858957
0.1507,0.488273907
0.15075,0.487902634
0.1508,0.487476161
0.15085,0.486995145
0.1509,0.48646017
0.15095,0.485871779
0.151,0.485230568
0.15105,0.484537183
0.1511,0.48379229
0.15115,0.482996575
0.1512,0.482150748
0.15125,0.481255544
0.1513,0.480311721
0.15135,0.479320056
0.1514,0.478281347
0.15145,0.477196409
0.1515,0.476066076
0.15155,0.474891199
0.1516,0.473672641
0.15165,0.472411282
0.1517,0.471108014
0.15175,0.469763739
0.1518,0.468379373
0.15185,0.466955838
0.1519,0.465494066
0.15195,0.463994995
0.152,0.462459571
0.15205,0.460888744
0.1521,0.459283468
0.15215,0.457644699
0.1522,0.455973396
0.15225,0.45427052
0.1523,0.45253703
0.15235,0.408940717
0.1524,0.397373666
0.15245,0.415524689
0.1525,0.423737919
0.15255,0.42089992
0.1526,0.417974234
0.15265,0.41821264
0.1527,0.573925704
0.15275,0.617000921
0.1528,0.552176741
0.15285,0.526868778
0.1529,0.541836446
0.15295,0.554244266
0.153,0.553986615
0.15305,0.551722203
0.1531,0.552739472
0.15315,0.554897485
0.1532,0.556189895
0.15325,0.556889029
0.1533,0.557646697
0.15335,0.558491524
0.1534,0.55923164
0.15345,0.559827965
0.1535,0.56033214
0.15355,0.560763395
0.1536,0.561108928
0.15365,0.561361296
0.1537,0.561523542
0.15375,0.561598576
0.1538,0.561586224
0.15385,0.561486048
0.1539,0.561298594
0.15395,0.561024692
0.154,0.560664998
0.15405,0.560220142
0.1541,0.559690889
0.15415,0.5590781
0.1542,0.55838269
0.15425,0.557605623
0.1543,0.556747926
0.15435,0.555810685
0.1544,0.554795044
0.15445,0.553702199
0.1545,0.552533394
0.15455,0.551289923
0.1546,0.549973124
0.15465,0.548584378
0.1547,0.547125107
0.15475,0.545596768
0.1548,0.544000854
0.15485,0.542338889
0.1549,0.540612426
0.15495,0.538823044
0.155,0.536972345
0.15505,0.535061953
0.1551,0.533093509
0.15515,0.531068668
0.1552,0.528989102
0.15525,0.388300245
0.1553,0.349832779
0.15535,0.407736364
0.1554,0.432991587
0.15545,0.422720835
0.1555,0.412257927
0.15555,0.41195567
0.1556,0.477062547
0.15565,0.496368725
0.1557,0.471312449
0.15575,0.461180818
0.1558,0.467539846
0.15585,0.47356975
0.1559,0.474565738
0.15595,0.474439871
0.156,0.475506042
0.15605,0.477098949
0.1561,0.478382231
0.15615,0.479386827
0.1562,0.480369857
0.15625,0.481368846
0.1563,0.482312513
0.15635,0.483177203
0.1564,0.483980268
0.15645,0.484731185
0.1565,0.485425836
0.15655,0.486060558
0.1566,0.486635923
0.15665,0.487152972
0.1567,0.487611563
0.15675,0.488011316
0.1568,0.488352226
0.15685,0.488634448
0.1569,0.488858086
0.15695,0.489023237
0.157,0.489122478
0.15705,0.489181625
0.1571,0.489171315
0.15715,0.489101097
0.1572,0.48897704
0.15725,0.488797011
0.1573,0.488559439
0.15735,0.488265321
0.1574,0.487915738
0.15745,0.487511043
0.1575,0.487051546
0.15755,0.486537804
0.1576,0.485970449
0.15765,0.485350078
0.1577,0.484677298
0.15775,0.483952759
0.1578,0.483177145
0.15785,0.482351158
0.1579,0.481475523
0.15795,0.480550987
0.158,0.479578322
0.15805,0.478558315
0.1581,0.477491777
0.15815,0.476379534
0.1582,0.475222428
0.15825,0.474021319
0.1583,0.47277708
0.15835,0.471490598
0.1584,0.470162772
0.15845,0.46879451
0.1585,0.467386733
0.15855,0.465940369
0.1586,0.464456354
0.15865,0.462935629
0.1587,0.461379143
0.15875,0.459787848
0.1588,0.458162699
0.15885,0.456504654
0.1589,0.454814672
0.15895,0.453093714
0.159,0.451342737
0.15905,0.408756893
0.1591,0.397337574
0.15915,0.414891502
0.1592,0.42300654
0.15925,0.420363165
0.1593,0.417479291
0.15935,0.571245129
0.1594,0.615356817
0.15945,0.552136866
0.1595,0.526308541
0.15955,0.540403003
0.1596,0.552904008
0.15965,0.553062915
0.1597,0.550875969
0.15975,0.551778383
0.1598,0.553914961
0.15985,0.555275105
0.1599,0.556024615
0.15995,0.556798295
0.16,0.557659791
0.16005,0.558428922
0.1601,0.559056313
0.16015,0.559587987
0.1602,0.560045799
0.16025,0.560419183
0.1603,0.560700109
0.16035,0.560890771
0.1604,0.560994127
0.16045,0.561010257
0.1605,0.560938712
0.16055,0.560779923
0.1606,0.560534681
0.16065,0.560203644
0.1607,0.559787427
0.16075,0.559286761
0.1608,0.558702483
0.16085,0.558035485
0.1609,0.557286709
0.16095,0.556457159
0.161,0.555547901
0.16105,0.554560057
0.1611,0.553494801
0.16115,0.552353357
0.1612,0.551137001
0.16125,0.549847051
0.1613,0.548484871
0.16135,0.547051865
0.1614,0.545549473
0.16145,0.543979172
0.1615,0.542342472
0.16155,0.540640911
0.1616,0.538876053
0.16165,0.53704949
0.1617,0.535162833
0.16175,0.53321771
0.1618,0.53121577
0.16185,0.529158671
0.1619,0.388347997
0.16195,0.349693098
0.162,0.407442277
0.16205,0.432882988
0.1621,0.42281701
0.16215,0.412351076
0.1622,0.411971423
0.16225,0.476524664
0.1623,0.495779618
0.16235,0.471065137
0.1624,0.460992036
0.16245,0.467246704
0.1625,0.473258045
0.16255,0.474308578
0.1626,0.474218124
0.16265,0.475290418
0.1627,0.476891247
0.16275,0.478193073
0.1628,0.479217571
0.16285,0.480217286
0.1629,0.481232104
0.16295,0.482192634
0.163,0.483074722
0.16305,0.483895011
0.1631,0.484663027
0.16315,0.485374871
0.1632,0.486026882
0.16325,0.486619548
0.1633,0.487153885
0.16335,0.487629762
0.1634,0.488046792
0.16345,0.488404954
0.1635,0.488704389
0.16355,0.488945191
0.1636,0.489127445
0.16365,0.48925567
0.1637,0.48929975
0.16375,0.489322142
0.1638,0.489278568
0.16385,0.489167222
0.1639,0.489000397
0.16395,0.48878011
0.164,0.488503297
0.16405,0.488169608
0.1641,0.487780491
0.16415,0.487336762
0.1642,0.486838685
0.16425,0.486286701
0.1643,0.485681471
0.16435,0.485023653
0.1644,0.484313875
0.16445,0.483552792
0.1645,0.482741105
0.16455,0.481879536
0.1646,0.480968828
0.16465,0.480009742
0.1647,0.479003063
0.16475,0.477949594
0.1648,0.476850157
0.16485,0.475705591
0.1649,0.474516751
0.16495,0.473284506
0.165,0.47200974
0.16505,0.470693347
0.1651,0.469336236
0.16515,0.467939322
0.1652,0.466503533
0.16525,0.465029801
0.1653,0.463519069
0.16535,0.461972283
0.1654,0.460390394
0.16545,0.458774357
0.1655,0.457125131
0.16555,0.455443673
0.1656,0.453730945
0.16565,0.451987906
0.1657,0.408883244
0.16575,0.397392623
0.1658,0.415257306
0.16585,0.423417267
0.1659,0.420668278
0.16595,0.417762927
0.166,0.417958486
0.16605,0.573640093
0.1661,0.616932403
0.16615,0.552371871
0.1662,0.526802174
0.16625,0.541481785
0.1663,0.553927305
0.16635,0.553792456
0.1664,0.551517784
0.16645,0.552458891
0.1665,0.554581783
0.16655,0.555873577
0.1666,0.556563064
0.16665,0.557296545
0.1667,0.55811807
0.16675,0.558840477
0.1668,0.559419876
0.16685,0.559905469
0.1669,0.560317836
0.16695,0.560645252
0.167,0.56087998
0.16705,0.561024669
0.1671,0.561082294
0.16715,0.561052839
0.1672,0.560935886
0.16725,0.560731944
0.1673,0.560441848
0.16735,0.560066282
0.1674,0.559605894
0.16745,0.559061453
0.1675,0.55843383
0.16755,0.557723952
0.1676,0.556932791
0.16765,0.556061381
0.1677,0.55511082
0.16775,0.554082257
0.1678,0.552976894
0.16785,0.551795982
0.1679,0.550540819
0.16795,0.549212748
0.168,0.547813155
0.16805,0.546343464
0.1681,0.544805134
0.16815,0.543199661
0.1682,0.541528569
0.16825,0.539793413
0.1683,0.53799577
0.16835,0.536137244
0.1684,0.534219456
0.16845,0.532244044
0.1685,0.530212665
0.16855,0.528126983
0.1686,0.388237528
0.16865,0.349562021
0.1687,0.406564463
0.16875,0.4320618
0.1688,0.422362973
0.16885,0.411924513
0.1689,0.47290121
0.16895,0.494177046
0.169,0.471276893
0.16905,0.461019982
0.1691,0.466667578
0.16915,0.472614896
0.1692,0.47386239
0.16925,0.473853075
0.1693,0.474898859
0.16935,0.476488244
0.1694,0.47781589
0.16945,0.478868601
0.1695,0.479885371
0.16955,0.480914727
0.1696,0.481893024
0.16965,0.482794302
0.1697,0.483633101
0.16975,0.484419187
0.1698,0.48514934
0.16985,0.485819904
0.1699,0.48643114
0.16995,0.48698402
0.17,0.487478463
0.17005,0.487914089
0.1701,0.488290846
0.17015,0.488608856
0.1702,0.488868205
0.17025,0.48906897
0.1703,0.489228984
0.17035,0.489301539
0.1704,0.489320282
0.17045,0.48928658
0.1705,0.489199303
0.17055,0.489053532
0.1706,0.48884963
0.17065,0.48858957
0.1707,0.488273907
0.17075,0.487902634
0.1708,0.487476161
0.17085,0.486995145
0.1709,0.48646017
0.17095,0.485871779
0.171,0.485230568
0.17105,0.484537183
0.1711,0.48379229
0.17115,0.482996575
0.1712,0.482150748
0.17125,0.481255544
0.1713,0.480311721
0.17135,0.479320056
0.1714,0.478281347
0.17145,0.477196409
0.1715,0.476066076
0.17155,0.474891199
0.1716,0.473672641
0.17165,0.472411282
0.1717,0.471108014
0.17175,0.469763739
0.1718,0.468379373
0.17185,0.466955838
0.1719,0.465494066
0.17195,0.463994995
0.172,0.462459571
0.17205,0.460888744
0.1721,0.459283468
0.17215,0.457644699
0.1722,0.455973396
0.17225,0.45427052
0.1723,0.45253703
0.17235,0.408940717
0.1724,0.397373666
0.17245,0.415524689
0.1725,0.423737919
0.17255,0.42089992
0.1726,0.417974234
0.17265,0.41821264
0.1727,0.573925704
0.17275,0.617000921
0.1728,0.552176741
0.17285,0.526868778
0.1729,0.541836446
0.17295,0.554244266
0.173,0.553986615
0.17305,0.551722203
0.1731,0.552739472
0.17315,0.554897485
0.1732,0.556189895
0.17325,0.556889029
0.1733,0.557646697
0.17335,0.558491524
0.1734,0.55923164
0.17345,0.559827965
0.1735,0.56033214
0.17355,0.560763395
0.1736,0.561108928
0.17365,0.561361296
0.1737,0.561523542
0.17375,0.561598576
0.1738,0.561586224
0.17385,0.561486048
0.1739,0.561298594
0.17395,0.561024692
0.174,0.560664998
0.17405,0.560220142
0.1741,0.559690889
0.17415,0.5590781
0.1742,0.55838269
0.17425,0.557605624
0.1743,0.556747926
0.17435,0.555810685
0.1744,0.554795044
0.17445,0.553702199
0.1745,0.552533394
0.17455,0.551289923
0.1746,0.549973124
0.17465,0.548584378
0.1747,0.547125107
0.17475,0.545596768
0.1748,0.544000854
0.17485,0.542338889
0.1749,0.540612426
0.17495,0.538823044
0.175,0.536972345
0.17505,0.535061953
0.1751,0.533093509
0.17515,0.531068668
0.1752,0.528989102
0.17525,0.388300245
0.1753,0.349832779
0.17535,0.407736364
0.1754,0.432991587
0.17545,0.422720835
0.1755,0.412257927
0.17555,0.41195567
0.1756,0.477062547
0.17565,0.496368725
0.1757,0.471312449
0.17575,0.461180818
0.1758,0.467539846
0.17585,0.47356975
0.1759,0.474565738
0.17595,0.474439871
0.176,0.475506042
0.17605,0.477098949
0.1761,0.478382231
0.17615,0.479386827
0.1762,0.480369857
0.17625,0.481368846
0.1763,0.482312513
0.17635,0.483177203
0.1764,0.483980268
0.17645,0.484731185
0.1765,0.485425836
0.17655,0.486060558
0.1766,0.486635923
0.17665,0.487152972
0.1767,0.487611563
0.17675,0.488011316
0.1768,0.488352226
0.17685,0.488634448
0.1769,0.488858086
0.17695,0.489023237
0.177,0.489122478
0.17705,0.489181625
0.1771,0.489171315
0.17715,0.489101097
0.1772,0.48897704
0.17725,0.488797011
0.1773,0.488559439
0.17735,0.488265321
0.1774,0.487915738
0.17745,0.487511043
0.1775,0.487051546
0.17755,0.486537804
0.1776,0.485970449
0.17765,0.485350078
0.1777,0.484677298
0.17775,0.483952759
0.1778,0.483177145
0.17785,0.482351158
0.1779,0.481475523
0.17795,0.480550987
0.178,0.479578322
0.17805,0.478558315
0.1781,0.477491777
0.17815,0.476379534
0.1782,0.475222428
0.17825,0.474021319
0.1783,0.47277708
0.17835,0.471490598
0.1784,0.470162772
0.17845,0.46879451
0.1785,0.467386733
0.17855,0.465940369
0.1786,0.464456354
0.17865,0.462935629
0.1787,0.461379143
0.17875,0.459787848
0.1788,0.458162699
0.17885,0.456504654
0.1789,0.454814672
0.17895,0.453093714
0.179,0.451342737
0.17905,0.408756893
0.1791,0.397337574
0.17915,0.414891502
0.1792,0.42300654
0.17925,0.420363165
0.1793,0.417479291
0.17935,0.571245129
0.1794,0.615356817
0.17945,0.552136866
0.1795,0.526308541
0.17955,0.540403003
0.1796,0.552904008
0.17965,0.553062915
0.1797,0.550875969
0.17975,0.551778383
0.1798,0.553914961
0.17985,0.555275105
0.1799,0.556024615
0.17995,0.556798295
0.18,0.557659791
0.18005,0.558428922
0.1801,0.559056313
0.18015,0.559587987
0.1802,0.560045799
0.18025,0.560419183
0.1803,0.560700109
0.18035,0.560890771
0.1804,0.560994127
0.18045,0.561010257
0.1805,0.560938712
0.18055,0.560779923
0.1806,0.560534681
0.18065,0.560203644
0.1807,0.559787427
0.18075,0.559286761
0.1808,0.558702483
0.18085,0.558035485
0.1809,0.557286709
0.18095,0.556457159
0.181,0.555547901
0.18105,0.554560057
0.1811,0.553494801
0.18115,0.552353357
0.1812,0.551137001
0.18125,0.549847051
0.1813,0.548484871
0.18135,0.547051865
0.1814,0.545549473
0.18145,0.543979172
0.1815,0.542342472
0.18155,0.540640911
0.1816,0.538876053
0.18165,0.53704949
0.1817,0.535162833
0.18175,0.53321771
0.1818,0.53121577
0.18185,0.529158671
0.1819,0.388347997
0.18195,0.349693098
0.182,0.407442277
0.18205,0.432882988
0.1821,0.42281701
0.18215,0.412351076
0.1822,0.411971423
0.18225,0.476524664
0.1823,0.495779618
0.18235,0.471065137
0.1824,0.460992036
0.18245,0.467246704
0.1825,0.473258045
0.18255,0.474308578
0.1826,0.474218124
0.18265,0.475290418
0.1827,0.476891247
0.18275,0.478193073
0.1828,0.479217571
0.18285,0.480217286
0.1829,0.481232104
0.18295,0.482192634
0.183,0.483074722
0.18305,0.483895011
0.1831,0.484663027
0.18315,0.485374871
0.1832,0.486026882
0.18325,0.486619548
0.1833,0.487153885
0.18335,0.487629762
0.1834,0.488046793
0.18345,0.488404955
0.1835,0.488704389
0.18355,0.488945191
0.1836,0.489127445
0.18365,0.48925567
0.1837,0.48929975
0.18375,0.489322142
0.1838,0.489278568
0.18385,0.489167222
0.1839,0.489000397
0.18395,0.48878011
0.184,0.488503297
0.18405,0.488169608
0.1841,0.487780491
0.18415,0.487336762
0.1842,0.486838685
0.18425,0.486286701
0.1843,0.485681471
0.18435,0.485023653
0.1844,0.484313875
0.18445,0.483552792
0.1845,0.482741105
0.18455,0.481879536
0.1846,0.480968828
0.18465,0.480009742
0.1847,0.479003063
0.18475,0.477949594
0.1848,0.476850157
0.18485,0.475705591
0.1849,0.474516751
0.18495,0.473284506
0.185,0.47200974
0.18505,0.470693347
0.1851,0.469336236
0.18515,0.467939322
0.1852,0.466503533
0.18525,0.465029801
0.1853,0.463519069
0.18535,0.461972283
0.1854,0.460390394
0.18545,0.458774357
0.1855,0.457125131
0.18555,0.455443673
0.1856,0.453730945
0.18565,0.451987906
0.1857,0.408883244
0.18575,0.397392623
0.1858,0.415257306
0.18585,0.423417267
0.1859,0.420668278
0.18595,0.417762927
0.186,0.417958486
0.18605,0.573640093
0.1861,0.616932403
0.18615,0.552371871
0.1862,0.526802174
0.18625,0.541481785
0.1863,0.553927305
0.18635,0.553792456
0.1864,0.551517784
0.18645,0.552458891
0.1865,0.554581783
0.18655,0.555873577
0.1866,0.556563064
0.18665,0.557296545
0.1867,0.55811807
0.18675,0.558840477
0.1868,0.559419876
0.18685,0.559905469
0.1869,0.560317836
0.18695,0.560645252
0.187,0.56087998
0.18705,0.561024669
0.1871,0.561082294
0.18715,0.561052839
0.1872,0.560935886
0.18725,0.560731944
0.1873,0.560441848
0.18735,0.560066282
0.1874,0.559605894
0.18745,0.559061453
0.1875,0.55843383
0.18755,0.557723952
0.1876,0.556932791
0.18765,0.556061381
0.1877,0.55511082
0.18775,0.554082257
0.1878,0.552976894
0.18785,0.551795982
0.1879,0.550540819
0.18795,0.549212748
0.188,0.547813155
0.18805,0.546343464
0.1881,0.544805134
0.18815,0.543199661
0.1882,0.541528569
0.18825,0.539793413
0.1883,0.53799577
0.18835,0.536137244
0.1884,0.534219456
0.18845,0.532244044
0.1885,0.530212665
0.18855,0.528126983
0.1886,0.388237528
0.18865,0.349562021
0.1887,0.406564463
0.18875,0.4320618
0.1888,0.422362973
0.18885,0.411924513
0.1889,0.47290121
0.18895,0.494177046
0.189,0.471276893
0.18905,0.461019982
0.1891,0.466667578
0.18915,0.472614896
0.1892,0.47386239
0.18925,0.473853075
0.1893,0.474898859
0.18935,0.476488244
0.1894,0.47781589
0.18945,0.478868601
0.1895,0.479885371
0.18955,0.480914727
0.1896,0.481893024
0.18965,0.482794302
0.1897,0.483633101
0.18975,0.484419187
0.1898,0.48514934
0.18985,0.485819904
0.1899,0.48643114
0.18995,0.48698402
0.19,0.487478463
0.19005,0.487914089
0.1901,0.488290846
0.19015,0.488608856
0.1902,0.488868205
0.19025,0.48906897
0.1903,0.489228984
0.19035,0.489301539
0.1904,0.489320282
0.19045,0.48928658
0.1905,0.489199303
0.19055,0.489053532
0.1906,0.48884963
0.19065,0.48858957
0.1907,0.488273907
0.19075,0.487902634
0.1908,0.487476161
0.19085,0.486995145
0.1909,0.48646017
0.19095,0.485871779
0.191,0.485230568
0.19105,0.484537183
0.1911,0.48379229
0.19115,0.482996575
0.1912,0.482150748
0.19125,0.481255544
0.1913,0.480311721
0.19135,0.479320056
0.1914,0.478281347
0.19145,0.477196409
0.1915,0.476066076
0.19155,0.474891199
0.1916,0.473672641
0.19165,0.472411282
0.1917,0.471108014
0.19175,0.469763739
0.1918,0.468379373
0.19185,0.466955838
0.1919,0.465494066
0.19195,0.463994995
0.192,0.462459571
0.19205,0.460888744
0.1921,0.459283468
0.19215,0.457644699
0.1922,0.455973396
0.19225,0.45427052
0.1923,0.45253703
0.19235,0.408940717
0.1924,0.397373666
0.19245,0.415524689
0.1925,0.423737919
0.19255,0.42089992
0.1926,0.417974234
0.19265,0.41821264
0.1927,0.573925704
0.19275,0.617000921
0.1928,0.552176741
0.19285,0.526868778
0.1929,0.541836446
0.19295,0.554244266
0.193,0.553986615
0.19305,0.551722203
0.1931,0.552739472
0.19315,0.554897485
0.1932,0.556189895
0.19325,0.556889029
0.1933,0.557646697
0.19335,0.558491524
0.1934,0.55923164
0.19345,0.559827965
0.1935,0.56033214
0.19355,0.560763395
0.1936,0.561108928
0.19365,0.561361296
0.1937,0.561523542
0.19375,0.561598576
0.1938,0.561586224
0.19385,0.561486048
0.1939,0.561298594
0.19395,0.561024692
0.194,0.560664998
0.19405,0.560220142
0.1941,0.559690889
0.19415,0.5590781
0.1942,0.55838269
0.19425,0.557605623
0.1943,0.556747926
0.19435,0.555810685
0.1944,0.554795044
0.19445,0.553702199
0.1945,0.552533394
0.19455,0.551289923
0.1946,0.549973124
0.19465,0.548584378
0.1947,0.547125107
0.19475,0.545596768
0.1948,0.544000854
0.19485,0.542338889
0.1949,0.540612426
0.19495,0.538823044
0.195,0.536972345
0.19505,0.535061953
0.1951,0.533093509
0.19515,0.531068668
0.1952,0.528989102
0.19525,0.388300245
0.1953,0.349832779
0.19535,0.407736364
0.1954,0.432991587
0.19545,0.422720835
0.1955,0.412257927
0.19555,0.41195567
0.1956,0.477062547
0.19565,0.496368725
0.1957,0.471312449
0.19575,0.461180818
0.1958,0.467539846
0.19585,0.47356975
0.1959,0.474565738
0.19595,0.474439871
0.196,0.475506042
0.19605,0.477098949
0.1961,0.478382231
0.19615,0.479386827
0.1962,0.480369857
0.19625,0.481368846
0.1963,0.482312513
0.19635,0.483177203
0.1964,0.483980268
0.19645,0.484731185
0.1965,0.485425836
0.19655,0.486060558
0.1966,0.486635923
0.19665,0.487152972
0.1967,0.487611563
0.19675,0.488011316
0.1968,0.488352226
0.19685,0.488634448
0.1969,0.488858086
0.19695,0.489023237
0.197,0.489122478
0.19705,0.489181625
0.1971,0.489171315
0.19715,0.489101097
0.1972,0.48897704
0.19725,0.488797011
0.1973,0.488559439
0.19735,0.488265321
0.1974,0.487915738
0.19745,0.487511043
0.1975,0.487051546
0.19755,0.486537804
0.1976,0.485970449
0.19765,0.485350078
0.1977,0.484677298
0.19775,0.483952759
0.1978,0.483177145
0.19785,0.482351158
0.1979,0.481475523
0.19795,0.480550987
0.198,0.479578322
0.19805,0.478558315
0.1981,0.477491777
0.19815,0.476379534
0.1982,0.475222428
0.19825,0.474021319
0.1983,0.47277708
0.19835,0.471490598
0.1984,0.470162772
0.19845,0.46879451
0.1985,0.467386733
0.19855,0.465940369
0.1986,0.464456354
0.19865,0.462935629
0.1987,0.461379143
0.19875,0.459787848
0.1988,0.458162699
0.19885,0.456504654
0.1989,0.454814672
0.19895,0.453093714
0.199,0.451342737
0.19905,0.408756893
0.1991,0.397337574
0.19915,0.414891502
0.1992,0.42300654
0.19925,0.420363165
0.1993,0.417479291
0.19935,0.571245129
0.1994,0.615356817
0.19945,0.552136866
0.1995,0.526308541
0.19955,0.540403003
0.1996,0.552904008
0.19965,0.553062915
0.1997,0.550875969
0.19975,0.551778383
0.1998,0.553914961
0.19985,0.555275105
0.1999,0.556024615
0.19995,0.556798295
0.2,0.557659791
0.20005,0.558428922
0.2001,0.559056313
0.20015,0.559587987
0.2002,0.560045799
0.20025,0.560419183
0.2003,0.560700109
0.20035,0.560890771
0.2004,0.560994127
0.20045,0.561010257
0.2005,0.560938712
0.20055,0.560779923
0.2006,0.560534681
0.20065,0.560203644
0.2007,0.559787427
0.20075,0.559286761
0.2008,0.558702483
0.20085,0.558035485
0.2009,0.557286709
0.20095,0.556457159
0.201,0.555547901
0.20105,0.554560057
0.2011,0.553494801
0.20115,0.552353357
0.2012,0.551137001
0.20125,0.549847051
0.2013,0.548484871
0.20135,0.547051865
0.2014,0.545549473
0.20145,0.543979172
0.2015,0.542342472
0.20155,0.540640911
0.2016,0.538876053
0.20165,0.53704949
0.2017,0.535162833
0.20175,0.53321771
0.2018,0.53121577
0.20185,0.529158671
0.2019,0.388347997
0.20195,0.349693098
0.202,0.407442277
0.20205,0.432882988
0.2021,0.42281701
0.20215,0.412351076
0.2022,0.411971423
0.20225,0.476524664
0.2023,0.495779618
0.20235,0.471065137
0.2024,0.460992036
0.20245,0.467246704
0.2025,0.473258045
0.20255,0.474308578
0.2026,0.474218124
0.20265,0.475290418
0.2027,0.476891247
0.20275,0.478193073
0.2028,0.479217571
0.20285,0.480217286
0.2029,0.481232104
0.20295,0.482192634
0.203,0.483074722
0.20305,0.483895011
0.2031,0.484663027
0.20315,0.485374871
0.2032,0.486026882
0.20325,0.486619548
0.2033,0.487153885
0.20335,0.487629762
0.2034,0.488046792
0.20345,0.488404954
0.2035,0.488704389
0.20355,0.488945191
0.2036,0.489127445
0.20365,0.48925567
0.2037,0.48929975
0.20375,0.489322142
0.2038,0.489278568
0.20385,0.489167222
0.2039,0.489000397
0.20395,0.48878011
0.204,0.488503297
0.20405,0.488169608
0.2041,0.487780491
0.20415,0.487336762
0.2042,0.486838685
0.20425,0.486286701
0.2043,0.485681471
0.20435,0.485023653
0.2044,0.484313875
0.20445,0.483552792
0.2045,0.482741105
0.20455,0.481879536
0.2046,0.480968828
0.20465,0.480009742
0.2047,0.479003063
0.20475,0.477949594
0.2048,0.476850157
0.20485,0.475705591
0.2049,0.474516751
0.20495,0.473284506
0.205,0.47200974
0.20505,0.470693347
0.2051,0.469336236
0.20515,0.467939322
0.2052,0.466503533
0.20525,0.465029801
0.2053,0.463519069
0.20535,0.461972283
0.2054,0.460390394
0.20545,0.458774357
0.2055,0.457125131
0.20555,0.455443673
0.2056,0.453730945
0.20565,0.451987906
0.2057,0.408883244
0.20575,0.397392623
0.2058,0.415257306
0.20585,0.423417267
0.2059,0.420668278
0.20595,0.417762927
0.206,0.417958486
0.20605,0.573640093
0.2061,0.616932403
0.20615,0.552371871
0.2062,0.526802174
0.20625,0.541481785
0.2063,0.553927305
0.20635,0.553792456
0.2064,0.551517784
0.20645,0.552458891
0.2065,0.554581783
0.20655,0.555873577
0.2066,0.556563064
0.20665,0.557296545
0.2067,0.55811807
0.20675,0.558840477
0.2068,0.559419876
0.20685,0.559905469
0.2069,0.560317836
0.20695,0.560645252
0.207,0.56087998
0.20705,0.561024669
0.2071,0.561082294
0.20715,0.561052839
0.2072,0.560935886
0.20725,0.560731944
0.2073,0.560441848
0.20735,0.560066282
0.2074,0.559605894
0.20745,0.559061453
0.2075,0.55843383
0.20755,0.557723952
0.2076,0.556932791
0.20765,0.556061381
0.2077,0.55511082
0.20775,0.554082257
0.2078,0.552976894
0.20785,0.551795982
0.2079,0.550540819
0.20795,0.549212748
0.208,0.547813155
0.20805,0.546343464
0.2081,0.544805134
0.20815,0.543199661
0.2082,0.541528569
0.20825,0.539793413
0.2083,0.53799577
0.20835,0.536137244
0.2084,0.534219456
0.20845,0.532244044
0.2085,0.530212665
0.20855,0.528126983
0.2086,0.388237528
0.20865,0.349562021
0.2087,0.406564463
0.20875,0.4320618
0.2088,0.422362973
0.20885,0.411924513
0.2089,0.47290121
0.20895,0.494177046
0.209,0.471276893
0.20905,0.461019982
0.2091,0.466667578
0.20915,0.472614896
0.2092,0.47386239
0.20925,0.473853075
0.2093,0.474898859
0.20935,0.476488244
0.2094,0.47781589
0.20945,0.478868601
0.2095,0.479885371
0.20955,0.480914727
0.2096,0.481893024
0.20965,0.482794302
0.2097,0.483633101
0.20975,0.484419187
0.2098,0.48514934
0.20985,0.485819904
0.2099,0.48643114
0.20995,0.48698402
0.21,0.487478463
0.21005,0.487914089
0.2101,0.488290846
0.21015,0.488608856
0.2102,0.488868205
0.21025,0.48906897
0.2103,0.489228984
0.21035,0.489301539
0.2104,0.489320282
0.21045,0.48928658
0.2105,0.489199303
0.21055,0.489053532
0.2106,0.48884963
0.21065,0.48858957
0.2107,0.488273907
0.21075,0.487902634
0.2108,0.487476161
0.21085,0.486995145
0.2109,0.48646017
0.21095,0.485871779
0.211,0.485230568
0.21105,0.484537183
0.2111,0.48379229
0.21115,0.482996575
0.2112,0.482150748
0.21125,0.481255544
0.2113,0.480311721
0.21135,0.479320056
0.2114,0.478281347
0.21145,0.477196409
0.2115,0.476066076
0.21155,0.474891199
0.2116,0.473672641
0.21165,0.472411282
0.2117,0.471108014
0.21175,0.469763739
0.2118,0.468379373
0.21185,0.466955838
0.2119,0.465494066
0.21195,0.463994995
0.212,0.462459571
0.21205,0.460888744
0.2121,0.459283468
0.21215,0.457644699
0.2122,0.455973396
0.21225,0.45427052
0.2123,0.45253703
0.21235,0.408940717
0.2124,0.397373666
0.21245,0.415524689
0.2125,0.423737919
0.21255,0.42089992
0.2126,0.417974234
0.21265,0.41821264
0.2127,0.573925704
0.21275,0.617000921
0.2128,0.552176741
0.21285,0.526868778
0.2129,0.541836446
0.21295,0.554244266
0.213,0.553986615
0.21305,0.551722203
0.2131,0.552739472
0.21315,0.554897485
0.2132,0.556189895
0.21325,0.556889029
0.2133,0.557646697
0.21335,0.558491524
0.2134,0.55923164
0.21345,0.559827965
0.2135,0.56033214
0.21355,0.560763395
0.2136,0.561108928
0.21365,0.561361296
0.2137,0.561523542
0.21375,0.561598576
0.2138,0.561586224
0.21385,0.561486048
0.2139,0.561298594
0.21395,0.561024692
0.214,0.560664998
0.21405,0.560220142
0.2141,0.559690889
0.21415,0.5590781
0.2142,0.55838269
0.21425,0.557605624
0.2143,0.556747926
0.21435,0.555810685
0.2144,0.554795044
0.21445,0.553702199
0.2145,0.552533394
0.21455,0.551289923
0.2146,0.549973124
0.21465,0.548584378
0.2147,0.547125107
0.21475,0.545596768
0.2148,0.544000854
0.21485,0.542338889
0.2149,0.540612426
0.21495,0.538823044
0.215,0.536972345
0.21505,0.535061953
0.2151,0.533093509
0.21515,0.531068668
0.2152,0.528989102
0.21525,0.388300245
0.2153,0.349832779
0.21535,0.407736364
0.2154,0.432991587
0.21545,0.422720835
0.2155,0.412257927
0.21555,0.41195567
0.2156,0.477062547
0.21565,0.496368725
0.2157,0.471312449
0.21575,0.461180818
0.2158,0.467539846
0.21585,0.47356975
0.2159,0.474565738
0.21595,0.474439871
0.216,0.475506042
0.21605,0.477098949
0.2161,0.478382231
0.21615,0.479386827
0.2162,0.480369857
0.21625,0.481368846
0.2163,0.482312513
0.21635,0.483177203
0.2164,0.483980268
0.21645,0.484731185
0.2165,0.485425836
0.21655,0.486060558
0.2166,0.486635923
0.21665,0.487152972
0.2167,0.487611563
0.21675,0.488011316
0.2168,0.488352226
0.21685,0.488634448
0.2169,0.488858086
0.21695,0.489023237
0.217,0.489122478
0.21705,0.489181625
0.2171,0.489171315
0.21715,0.489101097
0.2172,0.48897704
0.21725,0.488797011
0.2173,0.488559439
0.21735,0.488265321
0.2174,0.487915738
0.21745,0.487511043
0.2175,0.487051546
0.21755,0.486537804
0.2176,0.485970449
0.21765,0.485350078
0.2177,0.484677298
0.21775,0.483952759
0.2178,0.483177145
0.21785,0.482351158
0.2179,0.481475523
0.21795,0.480550987
0.218,0.479578322
0.21805,0.478558315
0.2181,0.477491777
0.21815,0.476379534
0.2182,0.475222428
0.21825,0.474021319
0.2183,0.47277708
0.21835,0.471490598
0.2184,0.470162772
0.21845,0.46879451
0.2185,0.467386733
0.21855,0.465940369
0.2186,0.464456354
0.21865,0.462935629
0.2187,0.461379143
0.21875,0.459787848
0.2188,0.458162699
0.21885,0.456504654
0.2189,0.454814672
0.21895,0.453093714
0.219,0.451342737
0.21905,0.408756893
0.2191,0.397337574
0.21915,0.414891502
0.2192,0.42300654
0.21925,0.420363165
0.2193,0.417479291
0.21935,0.571245129
0.2194,0.615356817
0.21945,0.552136866
0.2195,0.526308541
0.21955,0.540403003
0.2196,0.552904008
0.21965,0.553062915
0.2197,0.550875969
0.21975,0.551778383
0.2198,0.553914961
0.21985,0.555275105
0.2199,0.556024615
0.21995,0.556798295
0.22,0.557659791
0.22005,0.558428922
0.2201,0.559056313
0.22015,0.559587987
0.2202,0.560045799
0.22025,0.560419183
0.2203,0.560700109
0.22035,0.560890771
0.2204,0.560994127
0.22045,0.561010257
0.2205,0.560938712
0.22055,0.560779923
0.2206,0.560534681
0.22065,0.560203644
0.2207,0.559787427
0.22075,0.559286761
0.2208,0.558702483
0.22085,0.558035485
0.2209,0.557286709
0.22095,0.556457159
0.221,0.555547901
0.22105,0.554560057
0.2211,0.553494801
0.22115,0.552353357
0.2212,0.551137001
0.22125,0.549847051
0.2213,0.548484871
0.22135,0.547051865
0.2214,0.545549473
0.22145,0.543979172
0.2215,0.542342472
0.22155,0.540640911
0.2216,0.538876053
0.22165,0.53704949
0.2217,0.535162833
0.22175,0.53321771
0.2218,0.53121577
0.22185,0.529158671
0.2219,0.388347997
0.22195,0.349693098
0.222,0.407442277
0.22205,0.432882988
0.2221,0.42281701
0.22215,0.412351076
0.2222,0.411971423
0.22225,0.476524664
0.2223,0.495779618
0.22235,0.471065137
0.2224,0.460992036
0.22245,0.467246704
0.2225,0.473258045
0.22255,0.474308578
0.2226,0.474218124
0.22265,0.475290418
0.2227,0.476891247
0.22275,0.478193073
0.2228,0.479217571
0.22285,0.480217286
0.2229,0.481232104
0.22295,0.482192634
0.223,0.483074722
0.22305,0.483895011
0.2231,0.484663027
0.22315,0.485374871
0.2232,0.486026882
0.22325,0.486619548
0.2233,0.487153885
0.22335,0.487629762
0.2234,0.488046793
0.22345,0.488404955
0.2235,0.488704389
0.22355,0.488945191
0.2236,0.489127445
0.22365,0.48925567
0.2237,0.48929975
0.22375,0.489322142
0.2238,0.489278568
0.22385,0.489167222
0.2239,0.489000397
0.22395,0.48878011
0.224,0.488503297
0.22405,0.488169608
0.2241,0.487780491
0.22415,0.487336762
0.2242,0.486838685
0.22425,0.486286701
0.2243,0.485681471
0.22435,0.485023653
0.2244,0.484313875
0.22445,0.483552792
0.2245,0.482741105
0.22455,0.481879536
0.2246,0.480968828
0.22465,0.480009742
0.2247,0.479003063
0.22475,0.477949594
0.2248,0.476850157
0.22485,0.475705591
0.2249,0.474516751
0.22495,0.473284506
0.225,0.47200974
0.22505,0.470693347
0.2251,0.469336236
0.22515,0.467939322
0.2252,0.466503533
0.22525,0.465029801
0.2253,0.463519069
0.22535,0.461972283
0.2254,0.460390394
0.22545,0.458774357
0.2255,0.457125131
0.22555,0.455443673
0.2256,0.453730945
0.22565,0.451987906
0.2257,0.408883244
0.22575,0.397392623
0.2258,0.415257306
0.22585,0.423417267
0.2259,0.420668278
0.22595,0.417762927
0.226,0.417958486
0.22605,0.573640093
0.2261,0.616932403
0.22615,0.552371871
0.2262,0.526802174
0.22625,0.541481785
0.2263,0.553927305
0.22635,0.553792456
0.2264,0.551517784
0.22645,0.552458891
0.2265,0.554581783
0.22655,0.555873577
0.2266,0.556563064
0.22665,0.557296545
0.2267,0.55811807
0.22675,0.558840477
0.2268,0.559419876
0.22685,0.559905469
0.2269,0.560317836
0.22695,0.560645252
0.227,0.56087998
0.22705,0.561024669
0.2271,0.561082294
0.22715,0.561052839
0.2272,0.560935886
0.22725,0.560731944
0.2273,0.560441848
0.22735,0.560066282
0.2274,0.559605894
0.22745,0.559061453
0.2275,0.55843383
0.22755,0.557723952
0.2276,0.556932791
0.22765,0.556061381
0.2277,0.55511082
0.22775,0.554082257
0.2278,0.552976894
0.22785,0.551795982
0.2279,0.550540819
0.22795,0.549212748
0.228,0.547813155
0.22805,0.546343464
0.2281,0.544805134
0.22815,0.543199661
0.2282,0.541528569
0.22825,0.539793413
0.2283,0.53799577
0.22835,0.536137244
0.2284,0.534219456
0.22845,0.532244044
0.2285,0.530212665
0.22855,0.528126983
0.2286,0.388237528
0.22865,0.349562021
0.2287,0.406564463
0.22875,0.4320618
0.2288,0.422362973
0.22885,0.411924513
0.2289,0.47290121
0.22895,0.494177046
0.229,0.471276893
0.22905,0.461019982
0.2291,0.466667578
0.22915,0.472614896
0.2292,0.47386239
0.22925,0.473853075
0.2293,0.474898859
0.22935,0.476488244
0.2294,0.47781589
0.22945,0.478868601
0.2295,0.479885371
0.22955,0.480914727
0.2296,0.481893024
0.22965,0.482794302
0.2297,0.483633101
0.22975,0.484419187
0.2298,0.48514934
0.22985,0.485819904
0.2299,0.48643114
0.22995,0.48698402
0.23,0.487478463
0.23005,0.487914089
0.2301,0.488290846
0.23015,0.488608856
0.2302,0.488868205
0.23025,0.48906897
0.2303,0.489228984
0.23035,0.489301539
0.2304,0.489320282
0.23045,0.48928658
0.2305,0.489199303
0.23055,0.489053532
0.2306,0.48884963
0.23065,0.48858957
0.2307,0.488273907
0.23075,0.487902634
0.2308,0.487476161
0.23085,0.486995145
0.2309,0.48646017
0.23095,0.485871779
0.231,0.485230568
0.23105,0.484537183
0.2311,0.48379229
0.23115,0.482996575
0.2312,0.482150748
0.23125,0.481255544
0.2313,0.480311721
0.23135,0.479320056
0.2314,0.478281347
0.23145,0.477196409
0.2315,0.476066076
0.23155,0.474891199
0.2316,0.473672641
0.23165,0.472411282
0.2317,0.471108014
0.23175,0.469763739
0.2318,0.468379373
0.23185,0.466955838
0.2319,0.465494066
0.23195,0.463994995
0.232,0.462459571
0.23205,0.460888744
0.2321,0.459283468
0.23215,0.457644699
0.2322,0.455973396
0.23225,0.45427052
0.2323,0.45253703
0.23235,0.408940717
0.2324,0.397373666
0.23245,0.415524689
0.2325,0.423737919
0.23255,0.42089992
0.2326,0.417974234
0.23265,0.41821264
0.2327,0.573925704
0.23275,0.617000921
0.2328,0.552176741
0.23285,0.526868778
0.2329,0.541836446
0.23295,0.554244266
0.233,0.553986615
0.23305,0.551722203
0.2331,0.552739472
0.23315,0.554897485
0.2332,0.556189895
0.23325,0.556889029
0.2333,0.557646697
0.23335,0.558491524
0.2334,0.55923164
0.23345,0.559827965
0.2335,0.56033214
0.23355,0.560763395
0.2336,0.561108928
0.23365,0.561361296
0.2337,0.561523542
0.23375,0.561598576
0.2338,0.561586224
0.23385,0.561486048
0.2339,0.561298594
0.23395,0.561024692
0.234,0.560664998
0.23405,0.560220142
0.2341,0.559690889
0.23415,0.5590781
0.2342,0.55838269
0.23425,0.557605623
0.2343,0.556747926
0.23435,0.555810685
0.2344,0.554795044
0.23445,0.553702199
0.2345,0.552533394
0.23455,0.551289923
0.2346,0.549973124
0.23465,0.548584378
0.2347,0.547125107
0.23475,0.545596768
0.2348,0.544000854
0.23485,0.542338889
0.2349,0.540612426
0.23495,0.538823044
0.235,0.536972345
0.23505,0.535061953
0.2351,0.533093509
0.23515,0.531068668
0.2352,0.528989102
0.23525,0.388300245
0.2353,0.349832779
0.23535,0.407736364
0.2354,0.432991587
0.23545,0.422720835
0.2355,0.412257927
0.23555,0.41195567
0.2356,0.477062547
0.23565,0.496368725
0.2357,0.471312449
0.23575,0.461180818
0.2358,0.467539846
0.23585,0.47356975
0.2359,0.474565738
0.23595,0.474439871
0.236,0.475506042
0.23605,0.477098949
0.2361,0.478382231
0.23615,0.479386827
0.2362,0.480369857
0.23625,0.481368846
0.2363,0.482312513
0.23635,0.483177203
0.2364,0.483980268
0.23645,0.484731185
0.2365,0.485425836
0.23655,0.486060558
0.2366,0.486635923
0.23665,0.487152972
0.2367,0.487611563
0.23675,0.488011316
0.2368,0.488352226
0.23685,0.488634448
0.2369,0.488858086
0.23695,0.489023237
0.237,0.489122478
0.23705,0.489181625
0.2371,0.489171315
0.23715,0.489101097
0.2372,0.48897704
0.23725,0.488797011
0.2373,0.488559439
0.23735,0.488265321
0.2374,0.487915738
0.23745,0.487511043
0.2375,0.487051546
0.23755,0.486537804
0.2376,0.485970449
0.23765,0.485350078
0.2377,0.484677298
0.23775,0.483952759
0.2378,0.483177145
0.23785,0.482351158
0.2379,0.481475523
0.23795,0.480550987
0.238,0.479578322
0.23805,0.478558315
0.2381,0.477491777
0.23815,0.476379534
0.2382,0.475222428
0.23825,0.474021319
0.2383,0.47277708
0.23835,0.471490598
0.2384,0.470162772
0.23845,0.46879451
0.2385,0.467386733
0.23855,0.465940369
0.2386,0.464456354
0.23865,0.462935629
0.2387,0.461379143
0.23875,0.459787848
0.2388,0.458162699
0.23885,0.456504654
0.2389,0.454814672
0.23895,0.453093714
0.239,0.451342737
0.23905,0.408756893
0.2391,0.397337574
0.23915,0.414891502
0.2392,0.42300654
0.23925,0.420363165
0.2393,0.417479291
0.23935,0.571245129
0.2394,0.615356817
0.23945,0.552136866
0.2395,0.526308541
0.23955,0.540403003
0.2396,0.552904008
0.23965,0.553062915
0.2397,0.550875969
0.23975,0.551778383
0.2398,0.553914961
0.23985,0.555275105
0.2399,0.556024615
0.23995,0.556798295
0.24,0.557659791
0.24005,0.558428922
0.2401,0.559056313
0.24015,0.559587987
0.2402,0.560045799
0.24025,0.560419183
0.2403,0.560700109
0.24035,0.560890771
0.2404,0.560994127
0.24045,0.561010257
0.2405,0.560938712
0.24055,0.560779923
0.2406,0.560534681
0.24065,0.560203644
0.2407,0.559787427
0.24075,0.559286761
0.2408,0.558702483
0.24085,0.558035485
0.2409,0.557286709
0.24095,0.556457159
0.241,0.555547901
0.24105,0.554560057
0.2411,0.553494801
0.24115,0.552353357
0.2412,0.551137001
0.24125,0.549847051
0.2413,0.548484871
0.24135,0.547051865
0.2414,0.545549473
0.24145,0.543979172
0.2415,0.542342472
0.24155,0.540640911
0.2416,0.538876053
0.24165,0.53704949
0.2417,0.535162833
0.24175,0.53321771
0.2418,0.53121577
0.24185,0.529158671
0.2419,0.388347997
0.24195,0.349693098
0.242,0.407442277
0.24205,0.432882988
0.2421,0.42281701
0.24215,0.412351076
0.2422,0.411971423
0.24225,0.476524664
0.2423,0.495779618
0.24235,0.471065137
0.2424,0.460992036
0.24245,0.467246704
0.2425,0.473258045
0.24255,0.474308578
0.2426,0.474218124
0.24265,0.475290418
0.2427,0.476891247
0.24275,0.478193073
0.2428,0.479217571
0.24285,0.480217286
0.2429,0.481232104
0.24295,0.482192634
0.243,0.483074722
0.24305,0.483895011
0.2431,0.484663027
0.24315,0.485374871
0.2432,0.486026882
0.24325,0.486619548
0.2433,0.487153885
0.24335,0.487629762
0.2434,0.488046792
0.24345,0.488404954
0.2435,0.488704389
0.24355,0.488945191
0.2436,0.489127445
0.24365,0.48925567
0.2437,0.48929975
0.24375,0.489322142
0.2438,0.489278568
0.24385,0.489167222
0.2439,0.489000397
0.24395,0.48878011
0.244,0.488503297
0.24405,0.488169608
0.2441,0.487780491
0.24415,0.487336762
0.2442,0.486838685
0.24425,0.486286701
0.2443,0.485681471
0.24435,0.485023653
0.2444,0.484313875
0.24445,0.483552792
0.2445,0.482741105
0.24455,0.481879536
0.2446,0.480968828
0.24465,0.480009742
0.2447,0.479003063
0.24475,0.477949594
0.2448,0.476850157
0.24485,0.475705591
0.2449,0.474516751
0.24495,0.473284506
0.245,0.47200974
0.24505,0.470693347
0.2451,0.469336236
0.24515,0.467939322
0.2452,0.466503533
0.24525,0.465029801
0.2453,0.463519069
0.24535,0.461972283
0.2454,0.460390394
0.24545,0.458774357
0.2455,0.457125131
0.24555,0.455443673
0.2456,0.453730945
0.24565,0.451987906
0.2457,0.408883244
0.24575,0.397392623
0.2458,0.415257306
0.24585,0.423417267
0.2459,0.420668278
0.24595,0.417762927
0.246,0.417958486
0.24605,0.573640093
0.2461,0.616932403
0.24615,0.552371871
0.2462,0.526802174
0.24625,0.541481785
0.2463,0.553927305
0.24635,0.553792456
0.2464,0.551517784
0.24645,0.552458891
0.2465,0.554581783
0.24655,0.555873577
0.2466,0.556563064
0.24665,0.557296545
0.2467,0.55811807
0.24675,0.558840477
0.2468,0.559419876
0.24685,0.559905469
0.2469,0.560317836
0.24695,0.560645252
0.247,0.56087998
0.24705,0.561024669
0.2471,0.561082294
0.24715,0.561052839
0.2472,0.560935886
0.24725,0.560731944
0.2473,0.560441848
0.24735,0.560066282
0.2474,0.559605894
0.24745,0.559061453
0.2475,0.55843383
0.24755,0.557723952
0.2476,0.556932791
0.24765,0.556061381
0.2477,0.55511082
0.24775,0.554082257
0.2478,0.552976894
0.24785,0.551795982
0.2479,0.550540819
0.24795,0.549212748
0.248,0.547813155
0.24805,0.546343464
0.2481,0.544805134
0.24815,0.543199661
0.2482,0.541528569
0.24825,0.539793413
0.2483,0.53799577
0.24835,0.536137244
0.2484,0.534219456
0.24845,0.532244044
0.2485,0.530212665
0.24855,0.528126983
0.2486,0.388237528
0.24865,0.349562021
0.2487,0.406564463
0.24875,0.4320618
0.2488,0.422362973
0.24885,0.411924513
0.2489,0.47290121
0.24895,0.494177046
0.249,0.471276893
0.24905,0.461019982
0.2491,0.466667578
0.24915,0.472614896
0.2492,0.47386239
0.24925,0.473853075
0.2493,0.474898859
0.24935,0.476488244
0.2494,0.47781589
0.24945,0.478868601
0.2495,0.479885371
0.24955,0.480914727
0.2496,0.481893024
0.24965,0.482794302
0.2497,0.483633101
0.24975,0.484419187
0.2498,0.48514934
0.24985,0.485819904
0.2499,0.48643114
0.24995,0.48698402
0.25,0.487478463
0.25005,0.487914089
0.2501,0.488290846
0.25015,0.488608856
0.2502,0.488868205
0.25025,0.48906897
0.2503,0.489228984
0.25035,0.489301539
0.2504,0.489320282
0.25045,0.48928658
0.2505,0.489199303
0.25055,0.489053532
0.2506,0.48884963
0.25065,0.48858957
0.2507,0.488273907
0.25075,0.487902634
0.2508,0.487476161
0.25085,0.486995145
0.2509,0.48646017
0.25095,0.485871779
0.251,0.485230568
0.25105,0.484537183
0.2511,0.48379229
0.25115,0.482996575
0.2512,0.482150748
0.25125,0.481255544
0.2513,0.480311721
0.25135,0.479320056
0.2514,0.478281347
0.25145,0.477196409
0.2515,0.476066076
0.25155,0.474891199
0.2516,0.473672641
0.25165,0.472411282
0.2517,0.471108014
0.25175,0.469763739
0.2518,0.468379373
0.25185,0.466955838
0.2519,0.465494066
0.25195,0.463994995
0.252,0.462459571
0.25205,0.460888744
0.2521,0.459283468
0.25215,0.457644699
0.2522,0.455973396
0.25225,0.45427052
0.2523,0.45253703
0.25235,0.408940717
0.2524,0.397373666
0.25245,0.415524689
0.2525,0.423737919
0.25255,0.42089992
0.2526,0.417974234
0.25265,0.41821264
0.2527,0.573925704
0.25275,0.617000921
0.2528,0.552176741
0.25285,0.526868778
0.2529,0.541836446
0.25295,0.554244266
0.253,0.553986615
0.25305,0.551722203
0.2531,0.552739472
0.25315,0.554897485
0.2532,0.556189895
0.25325,0.556889029
0.2533,0.557646697
0.25335,0.558491524
0.2534,0.55923164
0.25345,0.559827965
0.2535,0.56033214
0.25355,0.560763395
0.2536,0.561108928
0.25365,0.561361296
0.2537,0.561523542
0.25375,0.561598576
0.2538,0.561586224
0.25385,0.561486048
0.2539,0.561298594
0.25395,0.561024692
0.254,0.560664998
0.25405,0.560220142
0.2541,0.559690889
0.25415,0.5590781
0.2542,0.55838269
0.25425,0.557605624
0.2543,0.556747926
0.25435,0.555810685
0.2544,0.554795044
0.25445,0.553702199
0.2545,0.552533394
0.25455,0.551289923
0.2546,0.549973124
0.25465,0.548584378
0.2547,0.547125107
0.25475,0.545596768
0.2548,0.544000854
0.25485,0.542338889
0.2549,0.540612426
0.25495,0.538823044
0.255,0.536972345
0.25505,0.535061953
0.2551,0.533093509
0.25515,0.531068668
0.2552,0.528989102
0.25525,0.388300245
0.2553,0.349832779
0.25535,0.407736364
0.2554,0.432991587
0.25545,0.422720835
0.2555,0.412257927
0.25555,0.41195567
0.2556,0.477062547
0.25565,0.496368725
0.2557,0.471312449
0.25575,0.461180818
0.2558,0.467539846
0.25585,0.47356975
0.2559,0.474565738
0.25595,0.474439871
0.256,0.475506042
0.25605,0.477098949
0.2561,0.478382231
0.25615,0.479386827
0.2562,0.480369857
0.25625,0.481368846
0.2563,0.482312513
0.25635,0.483177203
0.2564,0.483980268
0.25645,0.484731185
0.2565,0.485425836
0.25655,0.486060558
0.2566,0.486635923
0.25665,0.487152972
0.2567,0.487611563
0.25675,0.488011316
0.2568,0.488352226
0.25685,0.488634448
0.2569,0.488858086
0.25695,0.489023237
0.257,0.489122478
0.25705,0.489181625
0.2571,0.489171315
0.25715,0.489101097
0.2572,0.48897704
0.25725,0.488797011
0.2573,0.488559439
0.25735,0.488265321
0.2574,0.487915738
0.25745,0.487511043
0.2575,0.487051546
0.25755,0.486537804
0.2576,0.485970449
0.25765,0.485350078
0.2577,0.484677298
0.25775,0.483952759
0.2578,0.483177145
0.25785,0.482351158
0.2579,0.481475523
0.25795,0.480550987
0.258,0.479578322
0.25805,0.478558315
0.2581,0.477491777
0.25815,0.476379534
0.2582,0.475222428
0.25825,0.474021319
0.2583,0.47277708
0.25835,0.471490598
0.2584,0.470162772
0.25845,0.46879451
0.2585,0.467386733
0.25855,0.465940369
0.2586,0.464456354
0.25865,0.462935629
0.2587,0.461379143
0.25875,0.459787848
0.2588,0.458162699
0.25885,0.456504654
0.2589,0.454814672
0.25895,0.453093714
0.259,0.451342737
0.25905,0.408756893
0.2591,0.397337574
0.25915,0.414891502
0.2592,0.42300654
0.25925,0.420363165
0.2593,0.417479291
0.25935,0.571245129
0.2594,0.615356817
0.25945,0.552136866
0.2595,0.526308541
0.25955,0.540403003
0.2596,0.552904008
0.25965,0.553062915
0.2597,0.550875969
0.25975,0.551778383
0.2598,0.553914961
0.25985,0.555275105
0.2599,0.556024615
0.25995,0.556798295
0.26,0.557659791
0.26005,0.558428922
0.2601,0.559056313
0.26015,0.559587987
0.2602,0.560045799
0.26025,0.560419183
0.2603,0.560700109
0.26035,0.560890771
0.2604,0.560994127
0.26045,0.561010257
0.2605,0.560938712
0.26055,0.560779923
0.2606,0.560534681
0.26065,0.560203644
0.2607,0.559787427
0.26075,0.559286761
0.2608,0.558702483
0.26085,0.558035485
0.2609,0.557286709
0.26095,0.556457159
0.261,0.555547901
0.26105,0.554560057
0.2611,0.553494801
0.26115,0.552353357
0.2612,0.551137001
0.26125,0.549847051
0.2613,0.548484871
0.26135,0.547051865
0.2614,0.545549473
0.26145,0.543979172
0.2615,0.542342472
0.26155,0.540640911
0.2616,0.538876053
0.26165,0.53704949
0.2617,0.535162833
0.26175,0.53321771
0.2618,0.53121577
0.26185,0.529158671
0.2619,0.388347997
0.26195,0.349693098
0.262,0.407442277
0.26205,0.432882988
0.2621,0.42281701
0.26215,0.412351076
0.2622,0.411971423
0.26225,0.476524664
0.2623,0.495779618
0.26235,0.471065137
0.2624,0.460992036
0.26245,0.467246704
0.2625,0.473258045
0.26255,0.474308578
0.2626,0.474218124
0.26265,0.475290418
0.2627,0.476891247
0.26275,0.478193073
0.2628,0.479217571
0.26285,0.480217286
0.2629,0.481232104
0.26295,0.482192634
0.263,0.483074722
0.26305,0.483895011
0.2631,0.484663027
0.26315,0.485374871
0.2632,0.486026882
0.26325,0.486619548
0.2633,0.487153885
0.26335,0.487629762
0.2634,0.488046793
0.26345,0.488404955
0.2635,0.488704389
0.26355,0.488945191
0.2636,0.489127445
0.26365,0.48925567
0.2637,0.48929975
0.26375,0.489322142
0.2638,0.489278568
0.26385,0.489167222
0.2639,0.489000397
0.26395,0.48878011
0.264,0.488503297
0.26405,0.488169608
0.2641,0.487780491
0.26415,0.487336762
0.2642,0.486838685
0.26425,0.486286701
0.2643,0.485681471
0.26435,0.485023653
0.2644,0.484313875
0.26445,0.483552792
0.2645,0.482741105
0.26455,0.481879536
0.2646,0.480968828
0.26465,0.480009742
0.2647,0.479003063
0.26475,0.477949594
0.2648,0.476850157
0.26485,0.475705591
0.2649,0.474516751
0.26495,0.473284506
0.265,0.47200974
0.26505,0.470693347
0.2651,0.469336236
0.26515,0.467939322
0.2652,0.466503533
0.26525,0.465029801
0.2653,0.463519069
0.26535,0.461972283
0.2654,0.460390394
0.26545,0.458774357
0.2655,0.457125131
0.26555,0.455443673
0.2656,0.453730945
0.26565,0.451987906
0.2657,0.408883244
0.26575,0.397392623
0.2658,0.415257306
0.26585,0.423417267
0.2659,0.420668278
0.26595,0.417762927
0.266,0.417958486
0.26605,0.573640093
0.2661,0.616932403
0.26615,0.552371871
0.2662,0.526802174
0.26625,0.541481785
0.2663,0.553927305
0.26635,0.553792456
0.2664,0.551517784
0.26645,0.552458891
0.2665,0.554581783
0.26655,0.555873577
0.2666,0.556563064
0.26665,0.557296545
0.2667,0.55811807
0.26675,0.558840477
0.2668,0.559419876
0.26685,0.559905469
0.2669,0.560317836
0.26695,0.560645252
0.267,0.56087998
0.26705,0.561024669
0.2671,0.561082294
0.26715,0.561052839
0.2672,0.560935886
0.26725,0.560731944
0.2673,0.560441848
0.26735,0.560066282
0.2674,0.559605894
0.26745,0.559061453
0.2675,0.55843383
0.26755,0.557723952
0.2676,0.556932791
0.26765,0.556061381
0.2677,0.55511082
0.26775,0.554082257
0.2678,0.552976894
0.26785,0.551795982
0.2679,0.550540819
0.26795,0.549212748
0.268,0.547813155
0.26805,0.546343464
0.2681,0.544805134
0.26815,0.543199661
0.2682,0.541528569
0.26825,0.539793413
0.2683,0.53799577
0.26835,0.536137244
0.2684,0.534219456
0.26845,0.532244044
0.2685,0.530212665
0.26855,0.528126983
0.2686,0.388237528
0.26865,0.349562021
0.2687,0.406564463
0.26875,0.4320618
0.2688,0.422362973
0.26885,0.411924513
0.2689,0.47290121
0.26895,0.494177046
0.269,0.471276893
0.26905,0.461019982
0.2691,0.466667578
0.26915,0.472614896
0.2692,0.47386239
0.26925,0.473853075
0.2693,0.474898859
0.26935,0.476488244
0.2694,0.47781589
0.26945,0.478868601
0.2695,0.479885371
0.26955,0.480914727
0.2696,0.481893024
0.26965,0.482794302
0.2697,0.483633101
0.26975,0.484419187
0.2698,0.48514934
0.26985,0.485819904
0.2699,0.48643114
0.26995,0.48698402
0.27,0.487478463
0.27005,0.487914089
0.2701,0.488290846
0.27015,0.488608856
0.2702,0.488868205
0.27025,0.48906897
0.2703,0.489228984
0.27035,0.489301539
0.2704,0.489320282
0.27045,0.48928658
0.2705,0.489199303
0.27055,0.489053532
0.2706,0.48884963
0.27065,0.48858957
0.2707,0.488273907
0.27075,0.487902634
0.2708,0.487476161
0.27085,0.486995145
0.2709,0.48646017
0.27095,0.485871779
0.271,0.485230568
0.27105,0.484537183
0.2711,0.48379229
0.27115,0.482996575
0.2712,0.482150748
0.27125,0.481255544
0.2713,0.480311721
0.27135,0.479320056
0.2714,0.478281347
0.27145,0.477196409
0.2715,0.476066076
0.27155,0.474891199
0.2716,0.473672641
0.27165,0.472411282
0.2717,0.471108014
0.27175,0.469763739
0.2718,0.468379373
0.27185,0.466955838
0.2719,0.465494066
0.27195,0.463994995
0.272,0.462459571
0.27205,0.460888744
0.2721,0.459283468
0.27215,0.457644699
0.2722,0.455973396
0.27225,0.45427052
0.2723,0.45253703
0.27235,0.408940717
0.2724,0.397373666
0.27245,0.415524689
0.2725,0.423737919
0.27255,0.42089992
0.2726,0.417974234
0.27265,0.41821264
0.2727,0.573925704
0.27275,0.617000921
0.2728,0.552176741
0.27285,0.526868778
0.2729,0.541836446
0.27295,0.554244266
0.273,0.553986615
0.27305,0.551722203
0.2731,0.552739472
0.27315,0.554897485
0.2732,0.556189895
0.27325,0.556889029
0.2733,0.557646697
0.27335,0.558491524
0.2734,0.55923164
0.27345,0.559827965
0.2735,0.56033214
0.27355,0.560763395
0.2736,0.561108928
0.27365,0.561361296
0.2737,0.561523542
0.27375,0.561598576
0.2738,0.561586224
0.27385,0.561486048
0.2739,0.561298594
0.27395,0.561024692
0.274,0.560664998
0.27405,0.560220142
0.2741,0.559690889
0.27415,0.5590781
0.2742,0.55838269
0.27425,0.557605623
0.2743,0.556747926
0.27435,0.555810685
0.2744,0.554795044
0.27445,0.553702199
0.2745,0.552533394
0.27455,0.551289923
0.2746,0.549973124
0.27465,0.548584378
0.2747,0.547125107
0.27475,0.545596768
0.2748,0.544000854
0.27485,0.542338889
0.2749,0.540612426
0.27495,0.538823044
0.275,0.536972345
0.27505,0.535061953
0.2751,0.533093509
0.27515,0.531068668
0.2752,0.528989102
0.27525,0.388300245
0.2753,0.349832779
0.27535,0.407736364
0.2754,0.432991587
0.27545,0.422720835
0.2755,0.412257927
0.27555,0.41195567
0.2756,0.477062547
0.27565,0.496368725
0.2757,0.471312449
0.27575,0.461180818
0.2758,0.467539846
0.27585,0.47356975
0.2759,0.474565738
0.27595,0.474439871
0.276,0.475506042
0.27605,0.477098949
0.2761,0.478382231
0.27615,0.479386827
0.2762,0.480369857
0.27625,0.481368846
0.2763,0.482312513
0.27635,0.483177203
0.2764,0.483980268
0.27645,0.484731185
0.2765,0.485425836
0.27655,0.486060558
0.2766,0.486635923
0.27665,0.487152972
0.2767,0.487611563
0.27675,0.488011316
0.2768,0.488352226
0.27685,0.488634448
0.2769,0.488858086
0.27695,0.489023237
0.277,0.489122478
0.27705,0.489181625
0.2771,0.489171315
0.27715,0.489101097
0.2772,0.48897704
0.27725,0.488797011
0.2773,0.488559439
0.27735,0.488265321
0.2774,0.487915738
0.27745,0.487511043
0.2775,0.487051546
0.27755,0.486537804
0.2776,0.485970449
0.27765,0.485350078
0.2777,0.484677298
0.27775,0.483952759
0.2778,0.483177145
0.27785,0.482351158
0.2779,0.481475523
0.27795,0.480550987
0.278,0.479578322
0.27805,0.478558315
0.2781,0.477491777
0.27815,0.476379534
0.2782,0.475222428
0.27825,0.474021319
0.2783,0.47277708
0.27835,0.471490598
0.2784,0.470162772
0.27845,0.46879451
0.2785,0.467386733
0.27855,0.465940369
0.2786,0.464456354
0.27865,0.462935629
0.2787,0.461379143
0.27875,0.459787848
0.2788,0.458162699
0.27885,0.456504654
0.2789,0.454814672
0.27895,0.453093714
0.279,0.451342737
0.27905,0.408756893
0.2791,0.397337574
0.27915,0.414891502
0.2792,0.42300654
0.27925,0.420363165
0.2793,0.417479291
0.27935,0.571245129
0.2794,0.615356817
0.27945,0.552136866
0.2795,0.526308541
0.27955,0.540403003
0.2796,0.552904008
0.27965,0.553062915
0.2797,0.550875969
0.27975,0.551778383
0.2798,0.553914961
0.27985,0.555275105
0.2799,0.556024615
0.27995,0.556798295
0.28,0.557659791
0.28005,0.558428922
0.2801,0.559056313
0.28015,0.559587987
0.2802,0.560045799
0.28025,0.560419183
0.2803,0.560700109
0.28035,0.560890771
0.2804,0.560994127
0.28045,0.561010257
0.2805,0.560938712
0.28055,0.560779923
0.2806,0.560534681
0.28065,0.560203644
0.2807,0.559787427
0.28075,0.559286761
0.2808,0.558702483
0.28085,0.558035485
0.2809,0.557286709
0.28095,0.556457159
0.281,0.555547901
0.28105,0.554560057
0.2811,0.553494801
0.28115,0.552353357
0.2812,0.551137001
0.28125,0.549847051
0.2813,0.548484871
0.28135,0.547051865
0.2814,0.545549473
0.28145,0.543979172
0.2815,0.542342472
0.28155,0.540640911
0.2816,0.538876053
0.28165,0.53704949
0.2817,0.535162833
0.28175,0.53321771
0.2818,0.53121577
0.28185,0.529158671
0.2819,0.388347997
0.28195,0.349693098
0.282,0.407442277
0.28205,0.432882988
0.2821,0.42281701
0.28215,0.412351076
0.2822,0.411971423
0.28225,0.476524664
0.2823,0.495779618
0.28235,0.471065137
0.2824,0.460992036
0.28245,0.467246704
0.2825,0.473258045
0.28255,0.474308578
0.2826,0.474218124
0.28265,0.475290418
0.2827,0.476891247
0.28275,0.478193073
0.2828,0.479217571
0.28285,0.480217286
0.2829,0.481232104
0.28295,0.482192634
0.283,0.483074722
0.28305,0.483895011
0.2831,0.484663027
0.28315,0.485374871
0.2832,0.486026882
0.28325,0.486619548
0.2833,0.487153885
0.28335,0.487629762
0.2834,0.488046792
0.28345,0.488404954
0.2835,0.488704389
0.28355,0.488945191
0.2836,0.489127445
0.28365,0.48925567
0.2837,0.48929975
0.28375,0.489322142
0.2838,0.489278568
0.28385,0.489167222
0.2839,0.489000397
0.28395,0.48878011
0.284,0.488503297
0.28405,0.488169608
0.2841,0.487780491
0.28415,0.487336762
0.2842,0.486838685
0.28425,0.486286701
0.2843,0.485681471
0.28435,0.485023653
0.2844,0.484313875
0.28445,0.483552792
0.2845,0.482741105
0.28455,0.481879536
0.2846,0.480968828
0.28465,0.480009742
0.2847,0.479003063
0.28475,0.477949594
0.2848,0.476850157
0.28485,0.475705591
0.2849,0.474516751
0.28495,0.473284506
0.285,0.47200974
0.28505,0.470693347
0.2851,0.469336236
0.28515,0.467939322
0.2852,0.466503533
0.28525,0.465029801
0.2853,0.463519069
0.28535,0.461972283
0.2854,0.460390394
0.28545,0.458774357
0.2855,0.457125131
0.28555,0.455443673
0.2856,0.453730945
0.28565,0.451987906
0.2857,0.408883244
0.28575,0.397392623
0.2858,0.415257306
0.28585,0.423417267
0.2859,0.420668278
0.28595,0.417762927
0.286,0.417958486
0.28605,0.573640093
0.2861,0.616932403
0.28615,0.552371871
0.2862,0.526802174
0.28625,0.541481785
0.2863,0.553927305
0.28635,0.553792456
0.2864,0.551517784
0.28645,0.552458891
0.2865,0.554581783
0.28655,0.555873577
0.2866,0.556563064
0.28665,0.557296545
0.2867,0.55811807
0.28675,0.558840477
0.2868,0.559419876
0.28685,0.559905469
0.2869,0.560317836
0.28695,0.560645252
0.287,0.56087998
0.28705,0.561024669
0.2871,0.561082294
0.28715,0.561052839
0.2872,0.560935886
0.28725,0.560731944
0.2873,0.560441848
0.28735,0.560066282
0.2874,0.559605894
0.28745,0.559061453
0.2875,0.55843383
0.28755,0.557723952
0.2876,0.556932791
0.28765,0.556061381
0.2877,0.55511082
0.28775,0.554082257
0.2878,0.552976894
0.28785,0.551795982
0.2879,0.550540819
0.28795,0.549212748
0.288,0.547813155
0.28805,0.546343464
0.2881,0.544805134
0.28815,0.543199661
0.2882,0.541528569
0.28825,0.539793413
0.2883,0.53799577
0.28835,0.536137244
0.2884,0.534219456
0.28845,0.532244044
0.2885,0.530212665
0.28855,0.528126983
0.2886,0.388237528
0.28865,0.349562021
0.2887,0.406564463
0.28875,0.4320618
0.2888,0.422362973
0.28885,0.411924513
0.2889,0.47290121
0.28895,0.494177046
0.289,0.471276893
0.28905,0.461019982
0.2891,0.466667578
0.28915,0.472614896
0.2892,0.47386239
0.28925,0.473853075
0.2893,0.474898859
0.28935,0.476488244
0.2894,0.47781589
0.28945,0.478868601
0.2895,0.479885371
0.28955,0.480914727
0.2896,0.481893024
0.28965,0.482794302
0.2897,0.483633101
0.28975,0.484419187
0.2898,0.48514934
0.28985,0.485819904
0.2899,0.48643114
0.28995,0.48698402
0.29,0.487478463
0.29005,0.487914089
0.2901,0.488290846
0.29015,0.488608856
0.2902,0.488868205
0.29025,0.48906897
0.2903,0.489228984
0.29035,0.489301539
0.2904,0.489320282
0.29045,0.48928658
0.2905,0.489199303
0.29055,0.489053532
0.2906,0.48884963
0.29065,0.48858957
0.2907,0.488273907
0.29075,0.487902634
0.2908,0.487476161
0.29085,0.486995145
0.2909,0.48646017
0.29095,0.485871779
0.291,0.485230568
0.29105,0.484537183
0.2911,0.48379229
0.29115,0.482996575
0.2912,0.482150748
0.29125,0.481255544
0.2913,0.480311721
0.29135,0.479320056
0.2914,0.478281347
0.29145,0.477196409
0.2915,0.476066076
0.29155,0.474891199
0.2916,0.473672641
0.29165,0.472411282
0.2917,0.471108014
0.29175,0.469763739
0.2918,0.468379373
0.29185,0.466955838
0.2919,0.465494066
0.29195,0.463994995
0.292,0.462459571
0.29205,0.460888744
0.2921,0.459283468
0.29215,0.457644699
0.2922,0.455973396
0.29225,0.45427052
0.2923,0.45253703
0.29235,0.408940717
0.2924,0.397373666
0.29245,0.415524689
0.2925,0.423737919
0.29255,0.42089992
0.2926,0.417974234
0.29265,0.41821264
0.2927,0.573925704
0.29275,0.617000921
0.2928,0.552176741
0.29285,0.526868778
0.2929,0.541836446
0.29295,0.554244266
0.293,0.553986615
0.29305,0.551722203
0.2931,0.552739472
0.29315,0.554897485
0.2932,0.556189895
0.29325,0.556889029
0.2933,0.557646697
0.29335,0.558491524
0.2934,0.55923164
0.29345,0.559827965
0.2935,0.56033214
0.29355,0.560763395
0.2936,0.561108928
0.29365,0.561361296
0.2937,0.561523542
0.29375,0.561598576
0.2938,0.561586224
0.29385,0.561486048
0.2939,0.561298594
0.29395,0.561024692
0.294,0.560664998
0.29405,0.560220142
0.2941,0.559690889
0.29415,0.5590781
0.2942,0.55838269
0.29425,0.557605624
0.2943,0.556747926
0.29435,0.555810685
0.2944,0.554795044
0.29445,0.553702199
0.2945,0.552533394
0.29455,0.551289923
0.2946,0.549973124
0.29465,0.548584378
0.2947,0.547125107
0.29475,0.545596768
0.2948,0.544000854
0.29485,0.542338889
0.2949,0.540612426
0.29495,0.538823044
0.295,0.536972345
0.29505,0.535061953
0.2951,0.533093509
0.29515,0.531068668
0.2952,0.528989102
0.29525,0.388300245
0.2953,0.349832779
0.29535,0.407736364
0.2954,0.432991587
0.29545,0.422720835
0.2955,0.412257927
0.29555,0.41195567
0.2956,0.477062547
0.29565,0.496368725
0.2957,0.471312449
0.29575,0.461180818
0.2958,0.467539846
0.29585,0.47356975
0.2959,0.474565738
0.29595,0.474439871
0.296,0.475506042
0.29605,0.477098949
0.2961,0.478382231
0.29615,0.479386827
0.2962,0.480369857
0.29625,0.481368846
0.2963,0.482312513
0.29635,0.483177203
0.2964,0.483980268
0.29645,0.484731185
0.2965,0.485425836
0.29655,0.486060558
0.2966,0.486635923
0.29665,0.487152972
0.2967,0.487611563
0.29675,0.488011316
0.2968,0.488352226
0.29685,0.488634448
0.2969,0.488858086
0.29695,0.489023237
0.297,0.489122478
0.29705,0.489181625
0.2971,0.489171315
0.29715,0.489101097
0.2972,0.48897704
0.29725,0.488797011
0.2973,0.488559439
0.29735,0.488265321
0.2974,0.487915738
0.29745,0.487511043
0.2975,0.487051546
0.29755,0.486537804
0.2976,0.485970449
0.29765,0.485350078
0.2977,0.484677298
0.29775,0.483952759
0.2978,0.483177145
0.29785,0.482351158
0.2979,0.481475523
0.29795,0.480550987
0.298,0.479578322
0.29805,0.478558315
0.2981,0.477491777
0.29815,0.476379534
0.2982,0.475222428
0.29825,0.474021319
0.2983,0.47277708
0.29835,0.471490598
0.2984,0.470162772
0.29845,0.46879451
0.2985,0.467386733
0.29855,0.465940369
0.2986,0.464456354
0.29865,0.462935629
0.2987,0.461379143
0.29875,0.459787848
0.2988,0.458162699
0.29885,0.456504654
0.2989,0.454814672
0.29895,0.453093714
0.299,0.451342737
0.29905,0.408756893
0.2991,0.397337574
0.29915,0.414891502
0.2992,0.42300654
0.29925,0.420363165
0.2993,0.417479291
0.29935,0.571245129
0.2994,0.615356817
0.29945,0.552136866
0.2995,0.526308541
0.29955,0.540403003
0.2996,0.552904008
0.29965,0.553062915
0.2997,0.550875969
0.29975,0.551778383
0.2998,0.553914961
0.29985,0.555275105
0.2999,0.556024615
0.29995,0.556798295
0.3,0.557659791
0.30005,0.558428922
0.3001,0.559056313
0.30015,0.559587987
0.3002,0.560045799
0.30025,0.560419183
0.3003,0.560700109
0.30035,0.560890771
0.3004,0.560994127
0.30045,0.561010257
0.3005,0.560938712
0.30055,0.560779923
0.3006,0.560534681
0.30065,0.560203644
0.3007,0.559787427
0.30075,0.559286761
0.3008,0.558702483
0.30085,0.558035485
0.3009,0.557286709
0.30095,0.556457159
0.301,0.555547901
0.30105,0.554560057
0.3011,0.553494801
0.30115,0.552353357
0.3012,0.551137001
0.30125,0.549847051
0.3013,0.548484871
0.30135,0.547051865
0.3014,0.545549473
0.30145,0.543979172
0.3015,0.542342472
0.30155,0.540640911
0.3016,0.538876053
0.30165,0.53704949
0.3017,0.535162833
0.30175,0.53321771
0.3018,0.53121577
0.30185,0.529158671
0.3019,0.388347997
0.30195,0.349693098
0.302,0.407442277
0.30205,0.432882988
0.3021,0.42281701
0.30215,0.412351076
0.3022,0.411971423
0.30225,0.476524664
0.3023,0.495779618
0.30235,0.471065137
0.3024,0.460992036
0.30245,0.467246704
0.3025,0.473258045
0.30255,0.474308578
0.3026,0.474218124
0.30265,0.475290418
0.3027,0.476891247
0.30275,0.478193073
0.3028,0.479217571
0.30285,0.480217286
0.3029,0.481232104
0.30295,0.482192634
0.303,0.483074722
0.30305,0.483895011
0.3031,0.484663027
0.30315,0.485374871
0.3032,0.486026882
0.30325,0.486619548
0.3033,0.487153885
0.30335,0.487629762
0.3034,0.488046793
0.30345,0.488404955
0.3035,0.488704389
0.30355,0.488945191
0.3036,0.489127445
0.30365,0.48925567
0.3037,0.48929975
0.30375,0.489322142
0.3038,0.489278568
0.30385,0.489167222
0.3039,0.489000397
0.30395,0.48878011
0.304,0.488503297
0.30405,0.488169608
0.3041,0.487780491
0.30415,0.487336762
0.3042,0.486838685
0.30425,0.486286701
0.3043,0.485681471
0.30435,0.485023653
0.3044,0.484313875
0.30445,0.483552792
0.3045,0.482741105
0.30455,0.481879536
0.3046,0.480968828
0.30465,0.480009742
0.3047,0.479003063
0.30475,0.477949594
0.3048,0.476850157
0.30485,0.475705591
0.3049,0.474516751
0.30495,0.473284506
0.305,0.47200974
0.30505,0.470693347
0.3051,0.469336236
0.30515,0.467939322
0.3052,0.466503533
0.30525,0.465029801
0.3053,0.463519069
0.30535,0.461972283
0.3054,0.460390394
0.30545,0.458774357
0.3055,0.457125131
0.30555,0.455443673
0.3056,0.453730945
0.30565,0.451987906
0.3057,0.408883244
0.30575,0.397392623
0.3058,0.415257306
0.30585,0.423417267
0.3059,0.420668278
0.30595,0.417762927
0.306,0.417958486
0.30605,0.573640093
0.3061,0.616932403
0.30615,0.552371871
0.3062,0.526802174
0.30625,0.541481785
0.3063,0.553927305
0.30635,0.553792456
0.3064,0.551517784
0.30645,0.552458891
0.3065,0.554581783
0.30655,0.555873577
0.3066,0.556563064
0.30665,0.557296545
0.3067,0.55811807
0.30675,0.558840477
0.3068,0.559419876
0.30685,0.559905469
0.3069,0.560317836
0.30695,0.560645252
0.307,0.56087998
0.30705,0.561024669
0.3071,0.561082294
0.30715,0.561052839
0.3072,0.560935886
0.30725,0.560731944
0.3073,0.560441848
0.30735,0.560066282
0.3074,0.559605894
0.30745,0.559061453
0.3075,0.55843383
0.30755,0.557723952
0.3076,0.556932791
0.30765,0.556061381
0.3077,0.55511082
0.30775,0.554082257
0.3078,0.552976894
0.30785,0.551795982
0.3079,0.550540819
0.30795,0.549212748
0.308,0.547813155
0.30805,0.546343464
0.3081,0.544805134
0.30815,0.543199661
0.3082,0.541528569
0.30825,0.539793413
0.3083,0.53799577
0.30835,0.536137244
0.3084,0.534219456
0.30845,0.532244044
0.3085,0.530212665
0.30855,0.528126983
0.3086,0.388237528
0.30865,0.349562021
0.3087,0.406564463
0.30875,0.4320618
0.3088,0.422362973
0.30885,0.411924513
0.3089,0.47290121
0.30895,0.494177046
0.309,0.471276893
0.30905,0.461019982
0.3091,0.466667578
0.30915,0.472614896
0.3092,0.47386239
0.30925,0.473853075
0.3093,0.474898859
0.30935,0.476488244
0.3094,0.47781589
0.30945,0.478868601
0.3095,0.479885371
0.30955,0.480914727
0.3096,0.481893024
0.30965,0.482794302
0.3097,0.483633101
0.30975,0.484419187
0.3098,0.48514934
0.30985,0.485819904
0.3099,0.48643114
0.30995,0.48698402
0.31,0.487478463
0.31005,0.487914089
0.3101,0.488290846
0.31015,0.488608856
0.3102,0.488868205
0.31025,0.48906897
0.3103,0.489228984
0.31035,0.489301539
0.3104,0.489320282
0.31045,0.48928658
0.3105,0.489199303
0.31055,0.489053532
0.3106,0.48884963
0.31065,0.48858957
0.3107,0.488273907
0.31075,0.487902634
0.3108,0.487476161
0.31085,0.486995145
0.3109,0.48646017
0.31095,0.485871779
0.311,0.485230568
0.31105,0.484537183
0.3111,0.48379229
0.31115,0.482996575
0.3112,0.482150748
0.31125,0.481255544
0.3113,0.480311721
0.31135,0.479320056
0.3114,0.478281347
0.31145,0.477196409
0.3115,0.476066076
0.31155,0.474891199
0.3116,0.473672641
0.31165,0.472411282
0.3117,0.471108014
0.31175,0.469763739
0.3118,0.468379373
0.31185,0.466955838
0.3119,0.465494066
0.31195,0.463994995
0.312,0.462459571
0.31205,0.460888744
0.3121,0.459283468
0.31215,0.457644699
0.3122,0.455973396
0.31225,0.45427052
0.3123,0.45253703
0.31235,0.408940717
0.3124,0.397373666
0.31245,0.415524689
0.3125,0.423737919
0.31255,0.42089992
0.3126,0.417974234
0.31265,0.41821264
0.3127,0.573925704
0.31275,0.617000921
0.3128,0.552176741
0.31285,0.526868778
0.3129,0.541836446
0.31295,0.554244266
0.313,0.553986615
0.31305,0.551722203
0.3131,0.552739472
0.31315,0.554897485
0.3132,0.556189895
0.31325,0.556889029
0.3133,0.557646697
0.31335,0.558491524
0.3134,0.55923164
0.31345,0.559827965
0.3135,0.56033214
0.31355,0.560763395
0.3136,0.561108928
0.31365,0.561361296
0.3137,0.561523542
0.31375,0.561598576
0.3138,0.561586224
0.31385,0.561486048
0.3139,0.561298594
0.31395,0.561024692
0.314,0.560664998
0.31405,0.560220142
0.3141,0.559690889
0.31415,0.5590781
0.3142,0.55838269
0.31425,0.557605623
0.3143,0.556747926
0.31435,0.555810685
0.3144,0.554795044
0.31445,0.553702199
0.3145,0.552533394
0.31455,0.551289923
0.3146,0.549973124
0.31465,0.548584378
0.3147,0.547125107
0.31475,0.545596768
0.3148,0.544000854
0.31485,0.542338889
0.3149,0.540612426
0.31495,0.538823044
0.315,0.536972345
0.31505,0.535061953
0.3151,0.533093509
0.31515,0.531068668
0.3152,0.528989102
0.31525,0.388300245
0.3153,0.349832779
0.31535,0.407736364
0.3154,0.432991587
0.31545,0.422720835
0.3155,0.412257927
0.31555,0.41195567
0.3156,0.477062547
0.31565,0.496368725
0.3157,0.471312449
0.31575,0.461180818
0.3158,0.467539846
0.31585,0.47356975
0.3159,0.474565738
0.31595,0.474439871
0.316,0.475506042
0.31605,0.477098949
0.3161,0.478382231
0.31615,0.479386827
0.3162,0.480369857
0.31625,0.481368846
0.3163,0.482312513
0.31635,0.483177203
0.3164,0.483980268
0.31645,0.484731185
0.3165,0.485425836
0.31655,0.486060558
0.3166,0.486635923
0.31665,0.487152972
0.3167,0.487611563
0.31675,0.488011316
0.3168,0.488352226
0.31685,0.488634448
0.3169,0.488858086
0.31695,0.489023237
0.317,0.489122478
0.31705,0.489181625
0.3171,0.489171315
0.31715,0.489101097
0.3172,0.48897704
0.31725,0.488797011
0.3173,0.488559439
0.31735,0.488265321
0.3174,0.487915738
0.31745,0.487511043
0.3175,0.487051546
0.31755,0.486537804
0.3176,0.485970449
0.31765,0.485350078
0.3177,0.484677298
0.31775,0.483952759
0.3178,0.483177145
0.31785,0.482351158
0.3179,0.481475523
0.31795,0.480550987
0.318,0.479578322
0.31805,0.478558315
0.3181,0.477491777
0.31815,0.476379534
0.3182,0.475222428
0.31825,0.474021319
0.3183,0.47277708
0.31835,0.471490598
0.3184,0.470162772
0.31845,0.46879451
0.3185,0.467386733
0.31855,0.465940369
0.3186,0.464456354
0.31865,0.462935629
0.3187,0.461379143
0.31875,0.459787848
0.3188,0.458162699
0.31885,0.456504654
0.3189,0.454814672
0.31895,0.453093714
0.319,0.451342737
0.31905,0.408756893
0.3191,0.397337574
0.31915,0.414891502
0.3192,0.42300654
0.31925,0.420363165
0.3193,0.417479291
0.31935,0.571245129
0.3194,0.615356817
0.31945,0.552136866
0.3195,0.526308541
0.31955,0.540403003
0.3196,0.552904008
0.31965,0.553062915
0.3197,0.550875969
0.31975,0.551778383
0.3198,0.553914961
0.31985,0.555275105
0.3199,0.556024615
0.31995,0.556798295
0.32,0.557659791
0.32005,0.558428922
0.3201,0.559056313
0.32015,0.559587987
0.3202,0.560045799
0.32025,0.560419183
0.3203,0.560700109
0.32035,0.560890771
0.3204,0.560994127
0.32045,0.561010257
0.3205,0.560938712
0.32055,0.560779923
0.3206,0.560534681
0.32065,0.560203644
0.3207,0.559787427
0.32075,0.559286761
0.3208,0.558702483
0.32085,0.558035485
0.3209,0.557286709
0.32095,0.556457159
0.321,0.555547901
0.32105,0.554560057
0.3211,0.553494801
0.32115,0.552353357
0.3212,0.551137001
0.32125,0.549847051
0.3213,0.548484871
0.32135,0.547051865
0.3214,0.545549473
0.32145,0.543979172
0.3215,0.542342472
0.32155,0.540640911
0.3216,0.538876053
0.32165,0.53704949
0.3217,0.535162833
0.32175,0.53321771
0.3218,0.53121577
0.32185,0.529158671
0.3219,0.388347997
0.32195,0.349693098
0.322,0.407442277
0.32205,0.432882988
0.3221,0.42281701
0.32215,0.412351076
0.3222,0.411971423
0.32225,0.476524664
0.3223,0.495779618
0.32235,0.471065137
0.3224,0.460992036
0.32245,0.467246704
0.3225,0.473258045
0.32255,0.474308578
0.3226,0.474218124
0.32265,0.475290418
0.3227,0.476891247
0.32275,0.478193073
0.3228,0.479217571
0.32285,0.480217286
0.3229,0.481232104
0.32295,0.482192634
0.323,0.483074722
0.32305,0.483895011
0.3231,0.484663027
0.32315,0.485374871
0.3232,0.486026882
0.32325,0.486619548
0.3233,0.487153885
0.32335,0.487629762
0.3234,0.488046792
0.32345,0.488404954
0.3235,0.488704389
0.32355,0.488945191
0.3236,0.489127445
0.32365,0.48925567
0.3237,0.48929975
0.32375,0.489322142
0.3238,0.489278568
0.32385,0.489167222
0.3239,0.489000397
0.32395,0.48878011
0.324,0.488503297
0.32405,0.488169608
0.3241,0.487780491
0.32415,0.487336762
0.3242,0.486838685
0.32425,0.486286701
0.3243,0.485681471
0.32435,0.485023653
0.3244,0.484313875
0.32445,0.483552792
0.3245,0.482741105
0.32455,0.481879536
0.3246,0.480968828
0.32465,0.480009742
0.3247,0.479003063
0.32475,0.477949594
0.3248,0.476850157
0.32485,0.475705591
0.3249,0.474516751
0.32495,0.473284506
0.325,0.47200974
0.32505,0.470693347
0.3251,0.469336236
0.32515,0.467939322
0.3252,0.466503533
0.32525,0.465029801
0.3253,0.463519069
0.32535,0.461972283
0.3254,0.460390394
0.32545,0.458774357
0.3255,0.457125131
0.32555,0.455443673
0.3256,0.453730945
0.32565,0.451987906
0.3257,0.408883244
0.32575,0.397392623
0.3258,0.415257306
0.32585,0.423417267
0.3259,0.420668278
0.32595,0.417762927
0.326,0.417958486
0.32605,0.573640093
0.3261,0.616932403
0.32615,0.552371871
0.3262,0.526802174
0.32625,0.541481785
0.3263,0.553927305
0.32635,0.553792456
0.3264,0.551517784
0.32645,0.552458891
0.3265,0.554581783
0.32655,0.555873577
0.3266,0.556563064
0.32665,0.557296545
0.3267,0.55811807
0.32675,0.558840477
0.3268,0.559419876
0.32685,0.559905469
0.3269,0.560317836
0.32695,0.560645252
0.327,0.56087998
0.32705,0.561024669
0.3271,0.561082294
0.32715,0.561052839
0.3272,0.560935886
0.32725,0.560731944
0.3273,0.560441848
0.32735,0.560066282
0.3274,0.559605894
0.32745,0.559061453
0.3275,0.55843383
0.32755,0.557723952
0.3276,0.556932791
0.32765,0.556061381
0.3277,0.55511082
0.32775,0.554082257
0.3278,0.552976894
0.32785,0.551795982
0.3279,0.550540819
0.32795,0.549212748
0.328,0.547813155
0.32805,0.546343464
0.3281,0.544805134
0.32815,0.543199661
0.3282,0.541528569
0.32825,0.539793413
0.3283,0.53799577
0.32835,0.536137244
0.3284,0.534219456
0.32845,0.532244044
0.3285,0.530212665
0.32855,0.528126983
0.3286,0.388237528
0.32865,0.349562021
0.3287,0.406564463
0.32875,0.4320618
0.3288,0.422362973
0.32885,0.411924513
0.3289,0.47290121
0.32895,0.494177046
0.329,0.471276893
0.32905,0.461019982
0.3291,0.466667578
0.32915,0.472614896
0.3292,0.47386239
0.32925,0.473853075
0.3293,0.474898859
0.32935,0.476488244
0.3294,0.47781589
0.32945,0.478868601
0.3295,0.479885371
0.32955,0.480914727
0.3296,0.481893024
0.32965,0.482794302
0.3297,0.483633101
0.32975,0.484419187
0.3298,0.48514934
0.32985,0.485819904
0.3299,0.48643114
0.32995,0.48698402
0.33,0.487478463
0.33005,0.487914089
0.3301,0.488290846
0.33015,0.488608856
0.3302,0.488868205
0.33025,0.48906897
0.3303,0.489228984
0.33035,0.489301539
0.3304,0.489320282
0.33045,0.48928658
0.3305,0.489199303
0.33055,0.489053532
0.3306,0.48884963
0.33065,0.48858957
0.3307,0.488273907
0.33075,0.487902634
0.3308,0.487476161
0.33085,0.486995145
0.3309,0.48646017
0.33095,0.485871779
0.331,0.485230568
0.33105,0.484537183
0.3311,0.48379229
0.33115,0.482996575
0.3312,0.482150748
0.33125,0.481255544
0.3313,0.480311721
0.33135,0.479320056
0.3314,0.478281347
0.33145,0.477196409
0.3315,0.476066076
0.33155,0.474891199
0.3316,0.473672641
0.33165,0.472411282
0.3317,0.471108014
0.33175,0.469763739
0.3318,0.468379373
0.33185,0.466955838
0.3319,0.465494066
0.33195,0.463994995
0.332,0.462459571
0.33205,0.460888744
0.3321,0.459283468
0.33215,0.457644699
0.3322,0.455973396
0.33225,0.45427052
0.3323,0.45253703
0.33235,0.408940717
0.3324,0.397373666
0.33245,0.415524689
0.3325,0.423737919
0.33255,0.42089992
0.3326,0.417974234
0.33265,0.41821264
0.3327,0.573925704
0.33275,0.617000921
0.3328,0.552176741
0.33285,0.526868778
0.3329,0.541836446
0.33295,0.554244266
0.333,0.553986615
0.33305,0.551722203
0.3331,0.552739472
0.33315,0.554897485
0.3332,0.556189895
0.33325,0.556889029
0.3333,0.557646697
0.33335,0.558491524
0.3334,0.55923164
0.33345,0.559827965
0.3335,0.56033214
0.33355,0.560763395
0.3336,0.561108928
0.33365,0.561361296
0.3337,0.561523542
0.33375,0.561598576
0.3338,0.561586224
0.33385,0.561486048
0.3339,0.561298594
0.33395,0.561024692
0.334,0.560664998
0.33405,0.560220142
0.3341,0.559690889
0.33415,0.5590781
0.3342,0.55838269
0.33425,0.557605624
0.3343,0.556747926
0.33435,0.555810685
0.3344,0.554795044
0.33445,0.553702199
0.3345,0.552533394
0.33455,0.551289923
0.3346,0.549973124
0.33465,0.548584378
0.3347,0.547125107
0.33475,0.545596768
0.3348,0.544000854
0.33485,0.542338889
0.3349,0.540612426
0.33495,0.538823044
0.335,0.536972345
0.33505,0.535061953
0.3351,0.533093509
0.33515,0.531068668
0.3352,0.528989102
0.33525,0.388300245
0.3353,0.349832779
0.33535,0.407736364
0.3354,0.432991587
0.33545,0.422720835
0.3355,0.412257927
0.33555,0.41195567
0.3356,0.477062547
0.33565,0.496368725
0.3357,0.471312449
0.33575,0.461180818
0.3358,0.467539846
0.33585,0.47356975
0.3359,0.474565738
0.33595,0.474439871
0.336,0.475506042
0.33605,0.477098949
0.3361,0.478382231
0.33615,0.479386827
0.3362,0.480369857
0.33625,0.481368846
0.3363,0.482312513
0.33635,0.483177203
0.3364,0.483980268
0.33645,0.484731185
0.3365,0.485425836
0.33655,0.486060558
0.3366,0.486635923
0.33665,0.487152972
0.3367,0.487611563
0.33675,0.488011316
0.3368,0.488352226
0.33685,0.488634448
0.3369,0.488858086
0.33695,0.489023237
0.337,0.489122478
0.33705,0.489181625
0.3371,0.489171315
0.33715,0.489101097
0.3372,0.48897704
0.33725,0.488797011
0.3373,0.488559439
0.33735,0.488265321
0.3374,0.487915738
0.33745,0.487511043
0.3375,0.487051546
0.33755,0.486537804
0.3376,0.485970449
0.33765,0.485350078
0.3377,0.484677298
0.33775,0.483952759
0.3378,0.483177145
0.33785,0.482351158
0.3379,0.481475523
0.33795,0.480550987
0.338,0.479578322
0.33805,0.478558315
0.3381,0.477491777
0.33815,0.476379534
0.3382,0.475222428
0.33825,0.474021319
0.3383,0.47277708
0.33835,0.471490598
0.3384,0.470162772
0.33845,0.46879451
0.3385,0.467386733
0.33855,0.465940369
0.3386,0.464456354
0.33865,0.462935629
0.3387,0.461379143
0.33875,0.459787848
0.3388,0.458162699
0.33885,0.456504654
0.3389,0.454814672
0.33895,0.453093714
0.339,0.451342737
0.33905,0.408756893
0.3391,0.397337574
0.33915,0.414891502
0.3392,0.42300654
0.33925,0.420363165
0.3393,0.417479291
0.33935,0.571245129
0.3394,0.615356817
0.33945,0.552136866
0.3395,0.526308541
0.33955,0.540403003
0.3396,0.552904008
0.33965,0.553062915
0.3397,0.550875969
0.33975,0.551778383
0.3398,0.553914961
0.33985,0.555275105
0.3399,0.556024615
0.33995,0.556798295
0.34,0.557659791
0.34005,0.558428922
0.3401,0.559056313
0.34015,0.559587987
0.3402,0.560045799
0.34025,0.560419183
0.3403,0.560700109
0.34035,0.560890771
0.3404,0.560994127
0.34045,0.561010257
0.3405,0.560938712
0.34055,0.560779923
0.3406,0.560534681
0.34065,0.560203644
0.3407,0.559787427
0.34075,0.559286761
0.3408,0.558702483
0.34085,0.558035485
0.3409,0.557286709
0.34095,0.556457159
0.341,0.555547901
0.34105,0.554560057
0.3411,0.553494801
0.34115,0.552353357
0.3412,0.551137001
0.34125,0.549847051
0.3413,0.548484871
0.34135,0.547051865
0.3414,0.545549473
0.34145,0.543979172
0.3415,0.542342472
0.34155,0.540640911
0.3416,0.538876053
0.34165,0.53704949
0.3417,0.535162833
0.34175,0.53321771
0.3418,0.53121577
0.34185,0.529158671
0.3419,0.388347997
0.34195,0.349693098
0.342,0.407442277
0.34205,0.432882988
0.3421,0.42281701
0.34215,0.412351076
0.3422,0.411971423
0.34225,0.476524664
0.3423,0.495779618
0.34235,0.471065137
0.3424,0.460992036
0.34245,0.467246704
0.3425,0.473258045
0.34255,0.474308578
0.3426,0.474218124
0.34265,0.475290418
0.3427,0.476891247
0.34275,0.478193073
0.3428,0.479217571
0.34285,0.480217286
0.3429,0.481232104
0.34295,0.482192634
0.343,0.483074722
0.34305,0.483895011
0.3431,0.484663027
0.34315,0.485374871
0.3432,0.486026882
0.34325,0.486619548
0.3433,0.487153885
0.34335,0.487629762
0.3434,0.488046793
0.34345,0.488404955
0.3435,0.488704389
0.34355,0.488945191
0.3436,0.489127445
0.34365,0.48925567
0.3437,0.48929975
0.34375,0.489322142
0.3438,0.489278568
0.34385,0.489167222
0.3439,0.489000397
0.34395,0.48878011
0.344,0.488503297
0.34405,0.488169608
0.3441,0.487780491
0.34415,0.487336762
0.3442,0.486838685
0.34425,0.486286701
0.3443,0.485681471
0.34435,0.485023653
0.3444,0.484313875
0.34445,0.483552792
0.3445,0.482741105
0.34455,0.481879536
0.3446,0.480968828
0.34465,0.480009742
0.3447,0.479003063
0.34475,0.477949594
0.3448,0.476850157
0.34485,0.475705591
0.3449,0.474516751
0.34495,0.473284506
0.345,0.47200974
0.34505,0.470693347
0.3451,0.469336236
0.34515,0.467939322
0.3452,0.466503533
0.34525,0.465029801
0.3453,0.463519069
0.34535,0.461972283
0.3454,0.460390394
0.34545,0.458774357
0.3455,0.457125131
0.34555,0.455443673
0.3456,0.453730945
0.34565,0.451987906
0.3457,0.408883244
0.34575,0.397392623
0.3458,0.415257306
0.34585,0.423417267
0.3459,0.420668278
0.34595,0.417762927
0.346,0.417958486
0.34605,0.573640093
0.3461,0.616932403
0.34615,0.552371871
0.3462,0.526802174
0.34625,0.541481785
0.3463,0.553927305
0.34635,0.553792456
0.3464,0.551517784
0.34645,0.552458891
0.3465,0.554581783
0.34655,0.555873577
0.3466,0.556563064
0.34665,0.557296545
0.3467,0.55811807
0.34675,0.558840477
0.3468,0.559419876
0.34685,0.559905469
0.3469,0.560317836
0.34695,0.560645252
0.347,0.56087998
0.34705,0.561024669
0.3471,0.561082294
0.34715,0.561052839
0.3472,0.560935886
0.34725,0.560731944
0.3473,0.560441848
0.34735,0.560066282
0.3474,0.559605894
0.34745,0.559061453
0.3475,0.55843383
0.34755,0.557723952
0.3476,0.556932791
0.34765,0.556061381
0.3477,0.55511082
0.34775,0.554082257
0.3478,0.552976894
0.34785,0.551795982
0.3479,0.550540819
0.34795,0.549212748
0.348,0.547813155
0.34805,0.546343464
0.3481,0.544805134
0.34815,0.543199661
0.3482,0.541528569
0.34825,0.539793413
0.3483,0.53799577
0.34835,0.536137244
0.3484,0.534219456
0.34845,0.532244044
0.3485,0.530212665
0.34855,0.528126983
0.3486,0.388237528
0.34865,0.349562021
0.3487,0.406564463
0.34875,0.4320618
0.3488,0.422362973
0.34885,0.411924513
0.3489,0.47290121
0.34895,0.494177046
0.349,0.471276893
0.34905,0.461019982
0.3491,0.466667578
0.34915,0.472614896
0.3492,0.47386239
0.34925,0.473853075
0.3493,0.474898859
0.34935,0.476488244
0.3494,0.47781589
0.34945,0.478868601
0.3495,0.479885371
0.34955,0.480914727
0.3496,0.481893024
0.34965,0.482794302
0.3497,0.483633101
0.34975,0.484419187
0.3498,0.48514934
0.34985,0.485819904
0.3499,0.48643114
0.34995,0.48698402
0.35,0.487478463
0.35005,0.487914089
0.3501,0.488290846
0.35015,0.488608856
0.3502,0.488868205
0.35025,0.48906897
0.3503,0.489228984
0.35035,0.489301539
0.3504,0.489320282
0.35045,0.48928658
0.3505,0.489199303
0.35055,0.489053532
0.3506,0.48884963
0.35065,0.48858957
0.3507,0.488273907
0.35075,0.487902634
0.3508,0.487476161
0.35085,0.486995145
0.3509,0.48646017
0.35095,0.485871779
0.351,0.485230568
0.35105,0.484537183
0.3511,0.48379229
0.35115,0.482996575
0.3512,0.482150748
0.35125,0.481255544
0.3513,0.480311721
0.35135,0.479320056
0.3514,0.478281347
0.35145,0.477196409
0.3515,0.476066076
0.35155,0.474891199
0.3516,0.473672641
0.35165,0.472411282
0.3517,0.471108014
0.35175,0.469763739
0.3518,0.468379373
0.35185,0.466955838
0.3519,0.465494066
0.35195,0.463994995
0.352,0.462459571
0.35205,0.460888744
0.3521,0.459283468
0.35215,0.457644699
0.3522,0.455973396
0.35225,0.45427052
0.3523,0.45253703
0.35235,0.408940717
0.3524,0.397373666
0.35245,0.415524689
0.3525,0.423737919
0.35255,0.42089992
0.3526,0.417974234
0.35265,0.41821264
0.3527,0.573925704
0.35275,0.617000921
0.3528,0.552176741
0.35285,0.526868778
0.3529,0.541836446
0.35295,0.554244266
0.353,0.553986615
0.35305,0.551722203
0.3531,0.552739472
0.35315,0.554897485
0.3532,0.556189895
0.35325,0.556889029
0.3533,0.557646697
0.35335,0.558491524
0.3534,0.55923164
0.35345,0.559827965
0.3535,0.56033214
0.35355,0.560763395
0.3536,0.561108928
0.35365,0.561361296
0.3537,0.561523542
0.35375,0.561598576
0.3538,0.561586224
0.35385,0.561486048
0.3539,0.561298594
0.35395,0.561024692
0.354,0.560664998
0.35405,0.560220142
0.3541,0.559690889
0.35415,0.5590781
0.3542,0.55838269
0.35425,0.557605623
0.3543,0.556747926
0.35435,0.555810685
0.3544,0.554795044
0.35445,0.553702199
0.3545,0.552533394
0.35455,0.551289923
0.3546,0.549973124
0.35465,0.548584378
0.3547,0.547125107
0.35475,0.545596768
0.3548,0.544000854
0.35485,0.542338889
0.3549,0.540612426
0.35495,0.538823044
0.355,0.536972345
0.35505,0.535061953
0.3551,0.533093509
0.35515,0.531068668
0.3552,0.528989102
0.35525,0.388300245
0.3553,0.349832779
0.35535,0.407736364
0.3554,0.432991587
0.35545,0.422720835
0.3555,0.412257927
0.35555,0.41195567
0.3556,0.477062547
0.35565,0.496368725
0.3557,0.471312449
0.35575,0.461180818
0.3558,0.467539846
0.35585,0.47356975
0.3559,0.474565738
0.35595,0.474439871
0.356,0.475506042
0.35605,0.477098949
0.3561,0.478382231
0.35615,0.479386827
0.3562,0.480369857
0.35625,0.481368846
0.3563,0.482312513
0.35635,0.483177203
0.3564,0.483980268
0.35645,0.484731185
0.3565,0.485425836
0.35655,0.486060558
0.3566,0.486635923
0.35665,0.487152972
0.3567,0.487611563
0.35675,0.488011316
0.3568,0.488352226
0.35685,0.488634448
0.3569,0.488858086
0.35695,0.489023237
0.357,0.489122478
0.35705,0.489181625
0.3571,0.489171315
0.35715,0.489101097
0.3572,0.48897704
0.35725,0.488797011
0.3573,0.488559439
0.35735,0.488265321
0.3574,0.487915738
0.35745,0.487511043
0.3575,0.487051546
0.35755,0.486537804
0.3576,0.485970449
0.35765,0.485350078
0.3577,0.484677298
0.35775,0.483952759
0.3578,0.483177145
0.35785,0.482351158
0.3579,0.481475523
0.35795,0.480550987
0.358,0.479578322
0.35805,0.478558315
0.3581,0.477491777
0.35815,0.476379534
0.3582,0.475222428
0.35825,0.474021319
0.3583,0.47277708
0.35835,0.471490598
0.3584,0.470162772
0.35845,0.46879451
0.3585,0.467386733
0.35855,0.465940369
0.3586,0.464456354
0.35865,0.462935629
0.3587,0.461379143
0.35875,0.459787848
0.3588,0.458162699
0.35885,0.456504654
0.3589,0.454814672
0.35895,0.453093714
0.359,0.451342737
0.35905,0.408756893
0.3591,0.397337574
0.35915,0.414891502
0.3592,0.42300654
0.35925,0.420363165
0.3593,0.417479291
0.35935,0.571245129
0.3594,0.615356817
0.35945,0.552136866
0.3595,0.526308541
0.35955,0.540403003
0.3596,0.552904008
0.35965,0.553062915
0.3597,0.550875969
0.35975,0.551778383
0.3598,0.553914961
0.35985,0.555275105
0.3599,0.556024615
0.35995,0.556798295
0.36,0.557659791
0.36005,0.558428922
0.3601,0.559056313
0.36015,0.559587987
0.3602,0.560045799
0.36025,0.560419183
0.3603,0.560700109
0.36035,0.560890771
0.3604,0.560994127
0.36045,0.561010257
0.3605,0.560938712
0.36055,0.560779923
0.3606,0.560534681
0.36065,0.560203644
0.3607,0.559787427
0.36075,0.559286761
0.3608,0.558702483
0.36085,0.558035485
0.3609,0.557286709
0.36095,0.556457159
0.361,0.555547901
0.36105,0.554560057
0.3611,0.553494801
0.36115,0.552353357
0.3612,0.551137001
0.36125,0.549847051
0.3613,0.548484871
0.36135,0.547051865
0.3614,0.545549473
0.36145,0.543979172
0.3615,0.542342472
0.36155,0.540640911
0.3616,0.538876053
0.36165,0.53704949
0.3617,0.535162833
0.36175,0.53321771
0.3618,0.53121577
0.36185,0.529158671
0.3619,0.388347997
0.36195,0.349693098
0.362,0.407442277
0.36205,0.432882988
0.3621,0.42281701
0.36215,0.412351076
0.3622,0.411971423
0.36225,0.476524664
0.3623,0.495779618
0.36235,0.471065137
0.3624,0.460992036
0.36245,0.467246704
0.3625,0.473258045
0.36255,0.474308578
0.3626,0.474218124
0.36265,0.475290418
0.3627,0.476891247
0.36275,0.478193073
0.3628,0.479217571
0.36285,0.480217286
0.3629,0.481232104
0.36295,0.482192634
0.363,0.483074722
0.36305,0.483895011
0.3631,0.484663027
0.36315,0.485374871
0.3632,0.486026882
0.36325,0.486619548
0.3633,0.487153885
0.36335,0.487629762
0.3634,0.488046792
0.36345,0.488404954
0.3635,0.488704389
0.36355,0.488945191
0.3636,0.489127445
0.36365,0.48925567
0.3637,0.48929975
0.36375,0.489322142
0.3638,0.489278568
0.36385,0.489167222
0.3639,0.489000397
0.36395,0.48878011
0.364,0.488503297
0.36405,0.488169608
0.3641,0.487780491
0.36415,0.487336762
0.3642,0.486838685
0.36425,0.486286701
0.3643,0.485681471
0.36435,0.485023653
0.3644,0.484313875
0.36445,0.483552792
0.3645,0.482741105
0.36455,0.481879536
0.3646,0.480968828
0.36465,0.480009742
0.3647,0.479003063
0.36475,0.477949594
0.3648,0.476850157
0.36485,0.475705591
0.3649,0.474516751
0.36495,0.473284506
0.365,0.47200974
0.36505,0.470693347
0.3651,0.469336236
0.36515,0.467939322
0.3652,0.466503533
0.36525,0.465029801
0.3653,0.463519069
0.36535,0.461972283
0.3654,0.460390394
0.36545,0.458774357
0.3655,0.457125131
0.36555,0.455443673
0.3656,0.453730945
0.36565,0.451987906
0.3657,0.408883244
0.36575,0.397392623
0.3658,0.415257306
0.36585,0.423417267
0.3659,0.420668278
0.36595,0.417762927
0.366,0.417958486
0.36605,0.573640093
0.3661,0.616932403
0.36615,0.552371871
0.3662,0.526802174
0.36625,0.541481785
0.3663,0.553927305
0.36635,0.553792456
0.3664,0.551517784
0.36645,0.552458891
0.3665,0.554581783
0.36655,0.555873577
0.3666,0.556563064
0.36665,0.557296545
0.3667,0.55811807
0.36675,0.558840477
0.3668,0.559419876
0.36685,0.559905469
0.3669,0.560317836
0.36695,0.560645252
0.367,0.56087998
0.36705,0.561024669
0.3671,0.561082294
0.36715,0.561052839
0.3672,0.560935886
0.36725,0.560731944
0.3673,0.560441848
0.36735,0.560066282
0.3674,0.559605894
0.36745,0.559061453
0.3675,0.55843383
0.36755,0.557723952
0.3676,0.556932791
0.36765,0.556061381
0.3677,0.55511082
0.36775,0.554082257
0.3678,0.552976894
0.36785,0.551795982
0.3679,0.550540819
0.36795,0.549212748
0.368,0.547813155
0.36805,0.546343464
0.3681,0.544805134
0.36815,0.543199661
0.3682,0.541528569
0.36825,0.539793413
0.3683,0.53799577
0.36835,0.536137244
0.3684,0.534219456
0.36845,0.532244044
0.3685,0.530212665
0.36855,0.528126983
0.3686,0.388237528
0.36865,0.349562021
0.3687,0.406564463
0.36875,0.4320618
0.3688,0.422362973
0.36885,0.411924513
0.3689,0.47290121
0.36895,0.494177046
0.369,0.471276893
0.36905,0.461019982
0.3691,0.466667578
0.36915,0.472614896
0.3692,0.47386239
0.36925,0.473853075
0.3693,0.474898859
0.36935,0.476488244
0.3694,0.47781589
0.36945,0.478868601
0.3695,0.479885371
0.36955,0.480914727
0.3696,0.481893024
0.36965,0.482794302
0.3697,0.483633101
0.36975,0.484419187
0.3698,0.48514934
0.36985,0.485819904
0.3699,0.48643114
0.36995,0.48698402
0.37,0.487478463
0.37005,0.487914089
0.3701,0.488290846
0.37015,0.488608856
0.3702,0.488868205
0.37025,0.48906897
0.3703,0.489228984
0.37035,0.489301539
0.3704,0.489320282
0.37045,0.48928658
0.3705,0.489199303
0.37055,0.489053532
0.3706,0.48884963
0.37065,0.48858957
0.3707,0.488273907
0.37075,0.487902634
0.3708,0.487476161
0.37085,0.486995145
0.3709,0.48646017
0.37095,0.485871779
0.371,0.485230568
0.37105,0.484537183
0.3711,0.48379229
0.37115,0.482996575
0.3712,0.482150748
0.37125,0.481255544
0.3713,0.480311721
0.37135,0.479320056
0.3714,0.478281347
0.37145,0.477196409
0.3715,0.476066076
0.37155,0.474891199
0.3716,0.473672641
0.37165,0.472411282
0.3717,0.471108014
0.37175,0.469763739
0.3718,0.468379373
0.37185,0.466955838
0.3719,0.465494066
0.37195,0.463994995
0.372,0.462459571
0.37205,0.460888744
0.3721,0.459283468
0.37215,0.457644699
0.3722,0.455973396
0.37225,0.45427052
0.3723,0.45253703
0.37235,0.408940717
0.3724,0.397373666
0.37245,0.415524689
0.3725,0.423737919
0.37255,0.42089992
0.3726,0.417974234
0.37265,0.41821264
0.3727,0.573925704
0.37275,0.617000921
0.3728,0.552176741
0.37285,0.526868778
0.3729,0.541836446
0.37295,0.554244266
0.373,0.553986615
0.37305,0.551722203
0.3731,0.552739472
0.37315,0.554897485
0.3732,0.556189895
0.37325,0.556889029
0.3733,0.557646697
0.37335,0.558491524
0.3734,0.55923164
0.37345,0.559827965
0.3735,0.56033214
0.37355,0.560763395
0.3736,0.561108928
0.37365,0.561361296
0.3737,0.561523542
0.37375,0.561598576
0.3738,0.561586224
0.37385,0.561486048
0.3739,0.561298594
0.37395,0.561024692
0.374,0.560664998
0.37405,0.560220142
0.3741,0.559690889
0.37415,0.5590781
0.3742,0.55838269
0.37425,0.557605624
0.3743,0.556747926
0.37435,0.555810685
0.3744,0.554795044
0.37445,0.553702199
0.3745,0.552533394
0.37455,0.551289923
0.3746,0.549973124
0.37465,0.548584378
0.3747,0.547125107
0.37475,0.545596768
0.3748,0.544000854
0.37485,0.542338889
0.3749,0.540612426
0.37495,0.538823044
0.375,0.536972345
0.37505,0.535061953
0.3751,0.533093509
0.37515,0.531068668
0.3752,0.528989102
0.37525,0.388300245
0.3753,0.349832779
0.37535,0.407736364
0.3754,0.432991587
0.37545,0.422720835
0.3755,0.412257927
0.37555,0.41195567
0.3756,0.477062547
0.37565,0.496368725
0.3757,0.471312449
0.37575,0.461180818
0.3758,0.467539846
0.37585,0.47356975
0.3759,0.474565738
0.37595,0.474439871
0.376,0.475506042
0.37605,0.477098949
0.3761,0.478382231
0.37615,0.479386827
0.3762,0.480369857
0.37625,0.481368846
0.3763,0.482312513
0.37635,0.483177203
0.3764,0.483980268
0.37645,0.484731185
0.3765,0.485425836
0.37655,0.486060558
0.3766,0.486635923
0.37665,0.487152972
0.3767,0.487611563
0.37675,0.488011316
0.3768,0.488352226
0.37685,0.488634448
0.3769,0.488858086
0.37695,0.489023237
0.377,0.489122478
0.37705,0.489181625
0.3771,0.489171315
0.37715,0.489101097
0.3772,0.48897704
0.37725,0.488797011
0.3773,0.488559439
0.37735,0.488265321
0.3774,0.487915738
0.37745,0.487511043
0.3775,0.487051546
0.37755,0.486537804
0.3776,0.485970449
0.37765,0.485350078
0.3777,0.484677298
0.37775,0.483952759
0.3778,0.483177145
0.37785,0.482351158
0.3779,0.481475523
0.37795,0.480550987
0.378,0.479578322
0.37805,0.478558315
0.3781,0.477491777
0.37815,0.476379534
0.3782,0.475222428
0.37825,0.474021319
0.3783,0.47277708
0.37835,0.471490598
0.3784,0.470162772
0.37845,0.46879451
0.3785,0.467386733
0.37855,0.465940369
0.3786,0.464456354
0.37865,0.462935629
0.3787,0.461379143
0.37875,0.459787848
0.3788,0.458162699
0.37885,0.456504654
0.3789,0.454814672
0.37895,0.453093714
0.379,0.451342737
0.37905,0.408756893
0.3791,0.397337574
0.37915,0.414891502
0.3792,0.42300654
0.37925,0.420363165
0.3793,0.417479291
0.37935,0.571245129
0.3794,0.615356817
0.37945,0.552136866
0.3795,0.526308541
0.37955,0.540403003
0.3796,0.552904008
0.37965,0.553062915
0.3797,0.550875969
0.37975,0.551778383
0.3798,0.553914961
0.37985,0.555275105
0.3799,0.556024615
0.37995,0.556798295
0.38,0.557659791
0.38005,0.558428922
0.3801,0.559056313
0.38015,0.559587987
0.3802,0.560045799
0.38025,0.560419183
0.3803,0.560700109
0.38035,0.560890771
0.3804,0.560994127
0.38045,0.561010257
0.3805,0.560938712
0.38055,0.560779923
0.3806,0.560534681
0.38065,0.560203644
0.3807,0.559787427
0.38075,0.559286761
0.3808,0.558702483
0.38085,0.558035485
0.3809,0.557286709
0.38095,0.556457159
0.381,0.555547901
0.38105,0.554560057
0.3811,0.553494801
0.38115,0.552353357
0.3812,0.551137001
0.38125,0.549847051
0.3813,0.548484871
0.38135,0.547051865
0.3814,0.545549473
0.38145,0.543979172
0.3815,0.542342472
0.38155,0.540640911
0.3816,0.538876053
0.38165,0.53704949
0.3817,0.535162833
0.38175,0.53321771
0.3818,0.53121577
0.38185,0.529158671
0.3819,0.388347997
0.38195,0.349693098
0.382,0.407442277
0.38205,0.432882988
0.3821,0.42281701
0.38215,0.412351076
0.3822,0.411971423
0.38225,0.476524664
0.3823,0.495779618
0.38235,0.471065137
0.3824,0.460992036
0.38245,0.467246704
0.3825,0.473258045
0.38255,0.474308578
0.3826,0.474218124
0.38265,0.475290418
0.3827,0.476891247
0.38275,0.478193073
0.3828,0.479217571
0.38285,0.480217286
0.3829,0.481232104
0.38295,0.482192634
0.383,0.483074722
0.38305,0.483895011
0.3831,0.484663027
0.38315,0.485374871
0.3832,0.486026882
0.38325,0.486619548
0.3833,0.487153885
0.38335,0.487629762
0.3834,0.488046793
0.38345,0.488404955
0.3835,0.488704389
0.38355,0.488945191
0.3836,0.489127445
0.38365,0.48925567
0.3837,0.48929975
0.38375,0.489322142
0.3838,0.489278568
0.38385,0.489167222
0.3839,0.489000397
0.38395,0.48878011
0.384,0.488503297
0.38405,0.488169608
0.3841,0.487780491
0.38415,0.487336762
0.3842,0.486838685
0.38425,0.486286701
0.3843,0.485681471
0.38435,0.485023653
0.3844,0.484313875
0.38445,0.483552792
0.3845,0.482741105
0.38455,0.481879536
0.3846,0.480968828
0.38465,0.480009742
0.3847,0.479003063
0.38475,0.477949594
0.3848,0.476850157
0.38485,0.475705591
0.3849,0.474516751
0.38495,0.473284506
0.385,0.47200974
0.38505,0.470693347
0.3851,0.469336236
0.38515,0.467939322
0.3852,0.466503533
0.38525,0.465029801
0.3853,0.463519069
0.38535,0.461972283
0.3854,0.460390394
0.38545,0.458774357
0.3855,0.457125131
0.38555,0.455443673
0.3856,0.453730945
0.38565,0.451987906
0.3857,0.408883244
0.38575,0.397392623
0.3858,0.415257306
0.38585,0.423417267
0.3859,0.420668278
0.38595,0.417762927
0.386,0.417958486
0.38605,0.573640093
0.3861,0.616932403
0.38615,0.552371871
0.3862,0.526802174
0.38625,0.541481785
0.3863,0.553927305
0.38635,0.553792456
0.3864,0.551517784
0.38645,0.552458891
0.3865,0.554581783
0.38655,0.555873577
0.3866,0.556563064
0.38665,0.557296545
0.3867,0.55811807
0.38675,0.558840477
0.3868,0.559419876
0.38685,0.559905469
0.3869,0.560317836
0.38695,0.560645252
0.387,0.56087998
0.38705,0.561024669
0.3871,0.561082294
0.38715,0.561052839
0.3872,0.560935886
0.38725,0.560731944
0.3873,0.560441848
0.38735,0.560066282
0.3874,0.559605894
0.38745,0.559061453
0.3875,0.55843383
0.38755,0.557723952
0.3876,0.556932791
0.38765,0.556061381
0.3877,0.55511082
0.38775,0.554082257
0.3878,0.552976894
0.38785,0.551795982
0.3879,0.550540819
0.38795,0.549212748
0.388,0.547813155
0.38805,0.546343464
0.3881,0.544805134
0.38815,0.543199661
0.3882,0.541528569
0.38825,0.539793413
0.3883,0.53799577
0.38835,0.536137244
0.3884,0.534219456
0.38845,0.532244044
0.3885,0.530212665
0.38855,0.528126983
0.3886,0.388237528
0.38865,0.349562021
0.3887,0.406564463
0.38875,0.4320618
0.3888,0.422362973
0.38885,0.411924513
0.3889,0.47290121
0.38895,0.494177046
0.389,0.471276893
0.38905,0.461019982
0.3891,0.466667578
0.38915,0.472614896
0.3892,0.47386239
0.38925,0.473853075
0.3893,0.474898859
0.38935,0.476488244
0.3894,0.47781589
0.38945,0.478868601
0.3895,0.479885371
0.38955,0.480914727
0.3896,0.481893024
0.38965,0.482794302
0.3897,0.483633101
0.38975,0.484419187
0.3898,0.48514934
0.38985,0.485819904
0.3899,0.48643114
0.38995,0.48698402
0.39,0.487478463
0.39005,0.487914089
0.3901,0.488290846
0.39015,0.488608856
0.3902,0.488868205
0.39025,0.48906897
0.3903,0.489228984
0.39035,0.489301539
0.3904,0.489320282
0.39045,0.48928658
0.3905,0.489199303
0.39055,0.489053532
0.3906,0.48884963
0.39065,0.48858957
0.3907,0.488273907
0.39075,0.487902634
0.3908,0.487476161
0.39085,0.486995145
0.3909,0.48646017
0.39095,0.485871779
0.391,0.485230568
0.39105,0.484537183
0.3911,0.48379229
0.39115,0.482996575
0.3912,0.482150748
0.39125,0.481255544
0.3913,0.480311721
0.39135,0.479320056
0.3914,0.478281347
0.39145,0.477196409
0.3915,0.476066076
0.39155,0.474891199
0.3916,0.473672641
0.39165,0.472411282
0.3917,0.471108014
0.39175,0.469763739
0.3918,0.468379373
0.39185,0.466955838
0.3919,0.465494066
0.39195,0.463994995
0.392,0.462459571
0.39205,0.460888744
0.3921,0.459283468
0.39215,0.457644699
0.3922,0.455973396
0.39225,0.45427052
0.3923,0.45253703
0.39235,0.408940717
0.3924,0.397373666
0.39245,0.415524689
0.3925,0.423737919
0.39255,0.42089992
0.3926,0.417974234
0.39265,0.41821264
0.3927,0.573925704
0.39275,0.617000921
0.3928,0.552176741
0.39285,0.526868778
0.3929,0.541836446
0.39295,0.554244266
0.393,0.553986615
0.39305,0.551722203
0.3931,0.552739472
0.39315,0.554897485
0.3932,0.556189895
0.39325,0.556889029
0.3933,0.557646697
0.39335,0.558491524
0.3934,0.55923164
0.39345,0.559827965
0.3935,0.56033214
0.39355,0.560763395
0.3936,0.561108928
0.39365,0.561361296
0.3937,0.561523542
0.39375,0.561598576
0.3938,0.561586224
0.39385,0.561486048
0.3939,0.561298594
0.39395,0.561024692
0.394,0.560664998
0.39405,0.560220142
0.3941,0.559690889
0.39415,0.5590781
0.3942,0.55838269
0.39425,0.557605623
0.3943,0.556747926
0.39435,0.555810685
0.3944,0.554795044
0.39445,0.553702199
0.3945,0.552533394
0.39455,0.551289923
0.3946,0.549973124
0.39465,0.548584378
0.3947,0.547125107
0.39475,0.545596768
0.3948,0.544000854
0.39485,0.542338889
0.3949,0.540612426
0.39495,0.538823044
0.395,0.536972345
0.39505,0.535061953
0.3951,0.533093509
0.39515,0.531068668
0.3952,0.528989102
0.39525,0.388300245
0.3953,0.349832779
0.39535,0.407736364
0.3954,0.432991587
0.39545,0.422720835
0.3955,0.412257927
0.39555,0.41195567
0.3956,0.477062547
0.39565,0.496368725
0.3957,0.471312449
0.39575,0.461180818
0.3958,0.467539846
0.39585,0.47356975
0.3959,0.474565738
0.39595,0.474439871
0.396,0.475506042
0.39605,0.477098949
0.3961,0.478382231
0.39615,0.479386827
0.3962,0.480369857
0.39625,0.481368846
0.3963,0.482312513
0.39635,0.483177203
0.3964,0.483980268
0.39645,0.484731185
0.3965,0.485425836
0.39655,0.486060558
0.3966,0.486635923
0.39665,0.487152972
0.3967,0.487611563
0.39675,0.488011316
0.3968,0.488352226
0.39685,0.488634448
0.3969,0.488858086
0.39695,0.489023237
0.397,0.489122478
0.39705,0.489181625
0.3971,0.489171315
0.39715,0.489101097
0.3972,0.48897704
0.39725,0.488797011
0.3973,0.488559439
0.39735,0.488265321
0.3974,0.487915738
0.39745,0.487511043
0.3975,0.487051546
0.39755,0.486537804
0.3976,0.485970449
0.39765,0.485350078
0.3977,0.484677298
0.39775,0.483952759
0.3978,0.483177145
0.39785,0.482351158
0.3979,0.481475523
0.39795,0.480550987
0.398,0.479578322
0.39805,0.478558315
0.3981,0.477491777
0.39815,0.476379534
0.3982,0.475222428
0.39825,0.474021319
0.3983,0.47277708
0.39835,0.471490598
0.3984,0.470162772
0.39845,0.46879451
0.3985,0.467386733
0.39855,0.465940369
0.3986,0.464456354
0.39865,0.462935629
0.3987,0.461379143
0.39875,0.459787848
0.3988,0.458162699
0.39885,0.456504654
0.3989,0.454814672
0.39895,0.453093714
0.399,0.451342737
0.39905,0.408756893
0.3991,0.397337574
0.39915,0.414891502
0.3992,0.42300654
0.39925,0.420363165
0.3993,0.417479291
0.39935,0.571245129
0.3994,0.615356817
0.39945,0.552136866
0.3995,0.526308541
0.39955,0.540403003
0.3996,0.552904008
0.39965,0.553062915
0.3997,0.550875969
0.39975,0.551778383
0.3998,0.553914961
0.39985,0.555275105
0.3999,0.556024615
0.39995,0.556798295
0.4,0.557659791
0.40005,0.558428922
0.4001,0.559056313
0.40015,0.559587987
0.4002,0.560045799
0.40025,0.560419183
0.4003,0.560700109
0.40035,0.560890771
0.4004,0.560994127
0.40045,0.561010257
0.4005,0.560938712
0.40055,0.560779923
0.4006,0.560534681
0.40065,0.560203644
0.4007,0.559787427
0.40075,0.559286761
0.4008,0.558702483
0.40085,0.558035485
0.4009,0.557286709
0.40095,0.556457159
0.401,0.555547901
0.40105,0.554560057
0.4011,0.553494801
0.40115,0.552353357
0.4012,0.551137001
0.40125,0.549847051
0.4013,0.548484871
0.40135,0.547051865
0.4014,0.545549473
0.40145,0.543979172
0.4015,0.542342472
0.40155,0.540640911
0.4016,0.538876053
0.40165,0.53704949
0.4017,0.535162833
0.40175,0.53321771
0.4018,0.53121577
0.40185,0.529158671
0.4019,0.388347997
0.40195,0.349693098
0.402,0.407442277
0.40205,0.432882988
0.4021,0.42281701
0.40215,0.412351076
0.4022,0.411971423
0.40225,0.476524664
0.4023,0.495779618
0.40235,0.471065137
0.4024,0.460992036
0.40245,0.467246704
0.4025,0.473258045
0.40255,0.474308578
0.4026,0.474218124
0.40265,0.475290418
0.4027,0.476891247
0.40275,0.478193073
0.4028,0.479217571
0.40285,0.480217286
0.4029,0.481232104
0.40295,0.482192634
0.403,0.483074722
0.40305,0.483895011
0.4031,0.484663027
0.40315,0.485374871
0.4032,0.486026882
0.40325,0.486619548
0.4033,0.487153885
0.40335,0.487629762
0.4034,0.488046792
0.40345,0.488404954
0.4035,0.488704389
0.40355,0.488945191
0.4036,0.489127445
0.40365,0.48925567
0.4037,0.48929975
0.40375,0.489322142
0.4038,0.489278568
0.40385,0.489167222
0.4039,0.489000397
0.40395,0.48878011
0.404,0.488503297
0.40405,0.488169608
0.4041,0.487780491
0.40415,0.487336762
0.4042,0.486838685
0.40425,0.486286701
0.4043,0.485681471
0.40435,0.485023653
0.4044,0.484313875
0.40445,0.483552792
0.4045,0.482741105
0.40455,0.481879536
0.4046,0.480968828
0.40465,0.480009742
0.4047,0.479003063
0.40475,0.477949594
0.4048,0.476850157
0.40485,0.475705591
0.4049,0.474516751
0.40495,0.473284506
0.405,0.47200974
0.40505,0.470693347
0.4051,0.469336236
0.40515,0.467939322
0.4052,0.466503533
0.40525,0.465029801
0.4053,0.463519069
0.40535,0.461972283
0.4054,0.460390394
0.40545,0.458774357
0.4055,0.457125131
0.40555,0.455443673
0.4056,0.453730945
0.40565,0.451987906
0.4057,0.408883244
0.40575,0.397392623
0.4058,0.415257306
0.40585,0.423417267
0.4059,0.420668278
0.40595,0.417762927
0.406,0.417958486
0.40605,0.573640093
0.4061,0.616932403
0.40615,0.552371871
0.4062,0.526802174
0.40625,0.541481785
0.4063,0.553927305
0.40635,0.553792456
0.4064,0.551517784
0.40645,0.552458891
0.4065,0.554581783
0.40655,0.555873577
0.4066,0.556563064
0.40665,0.557296545
0.4067,0.55811807
0.40675,0.558840477
0.4068,0.559419876
0.40685,0.559905469
0.4069,0.560317836
0.40695,0.560645252
0.407,0.56087998
0.40705,0.561024669
0.4071,0.561082294
0.40715,0.561052839
0.4072,0.560935886
0.40725,0.560731944
0.4073,0.560441848
0.40735,0.560066282
0.4074,0.559605894
0.40745,0.559061453
0.4075,0.55843383
0.40755,0.557723952
0.4076,0.556932791
0.40765,0.556061381
0.4077,0.55511082
0.40775,0.554082257
0.4078,0.552976894
0.40785,0.551795982
0.4079,0.550540819
0.40795,0.549212748
0.408,0.547813155
0.40805,0.546343464
0.4081,0.544805134
0.40815,0.543199661
0.4082,0.541528569
0.40825,0.539793413
0.4083,0.53799577
0.40835,0.536137244
0.4084,0.534219456
0.40845,0.532244044
0.4085,0.530212665
0.40855,0.528126983
0.4086,0.388237528
0.40865,0.349562021
0.4087,0.406564463
0.40875,0.4320618
0.4088,0.422362973
0.40885,0.411924513
0.4089,0.47290121
0.40895,0.494177046
0.409,0.471276893
0.40905,0.461019982
0.4091,0.466667578
0.40915,0.472614896
0.4092,0.47386239
0.40925,0.473853075
0.4093,0.474898859
0.40935,0.476488244
0.4094,0.47781589
0.40945,0.478868601
0.4095,0.479885371
0.40955,0.480914727
0.4096,0.481893024
0.40965,0.482794302
0.4097,0.483633101
0.40975,0.484419187
0.4098,0.48514934
0.40985,0.485819904
0.4099,0.48643114
0.40995,0.48698402
0.41,0.487478463
0.41005,0.487914089
0.4101,0.488290846
0.41015,0.488608856
0.4102,0.488868205
0.41025,0.48906897
0.4103,0.489228984
0.41035,0.489301539
0.4104,0.489320282
0.41045,0.48928658
0.4105,0.489199303
0.41055,0.489053532
0.4106,0.48884963
0.41065,0.48858957
0.4107,0.488273907
0.41075,0.487902634
0.4108,0.487476161
0.41085,0.486995145
0.4109,0.48646017
0.41095,0.485871779
0.411,0.485230568
0.41105,0.484537183
0.4111,0.48379229
0.41115,0.482996575
0.4112,0.482150748
0.41125,0.481255544
0.4113,0.480311721
0.41135,0.479320056
0.4114,0.478281347
0.41145,0.477196409
0.4115,0.476066076
0.41155,0.474891199
0.4116,0.473672641
0.41165,0.472411282
0.4117,0.471108014
0.41175,0.469763739
0.4118,0.468379373
0.41185,0.466955838
0.4119,0.465494066
0.41195,0.463994995
0.412,0.462459571
0.41205,0.460888744
0.4121,0.459283468
0.41215,0.457644699
0.4122,0.455973396
0.41225,0.45427052
0.4123,0.45253703
0.41235,0.408940717
0.4124,0.397373666
0.41245,0.415524689
0.4125,0.423737919
0.41255,0.42089992
0.4126,0.417974234
0.41265,0.41821264
0.4127,0.573925704
0.41275,0.617000921
0.4128,0.552176741
0.41285,0.526868778
0.4129,0.541836446
0.41295,0.554244266
0.413,0.553986615
0.41305,0.551722203
0.4131,0.552739472
0.41315,0.554897485
0.4132,0.556189895
0.41325,0.556889029
0.4133,0.557646697
0.41335,0.558491524
0.4134,0.55923164
0.41345,0.559827965
0.4135,0.56033214
0.41355,0.560763395
0.4136,0.561108928
0.41365,0.561361296
0.4137,0.561523542
0.41375,0.561598576
0.4138,0.561586224
0.41385,0.561486048
0.4139,0.561298594
0.41395,0.561024692
0.414,0.560664998
0.41405,0.560220142
0.4141,0.559690889
0.41415,0.5590781
0.4142,0.55838269
0.41425,0.557605624
0.4143,0.556747926
0.41435,0.555810685
0.4144,0.554795044
0.41445,0.553702199
0.4145,0.552533394
0.41455,0.551289923
0.4146,0.549973124
0.41465,0.548584378
0.4147,0.547125107
0.41475,0.545596768
0.4148,0.544000854
0.41485,0.542338889
0.4149,0.540612426
0.41495,0.538823044
0.415,0.536972345
0.41505,0.535061953
0.4151,0.533093509
0.41515,0.531068668
0.4152,0.528989102
0.41525,0.388300245
0.4153,0.349832779
0.41535,0.407736364
0.4154,0.432991587
0.41545,0.422720835
0.4155,0.412257927
0.41555,0.41195567
0.4156,0.477062547
0.41565,0.496368725
0.4157,0.471312449
0.41575,0.461180818
0.4158,0.467539846
0.41585,0.47356975
0.4159,0.474565738
0.41595,0.474439871
0.416,0.475506042
0.41605,0.477098949
0.4161,0.478382231
0.41615,0.479386827
0.4162,0.480369857
0.41625,0.481368846
0.4163,0.482312513
0.41635,0.483177203
0.4164,0.483980268
0.41645,0.484731185
0.4165,0.485425836
0.41655,0.486060558
0.4166,0.486635923
0.41665,0.487152972
0.4167,0.487611563
0.41675,0.488011316
0.4168,0.488352226
0.41685,0.488634448
0.4169,0.488858086
0.41695,0.489023237
0.417,0.489122478
0.41705,0.489181625
0.4171,0.489171315
0.41715,0.489101097
0.4172,0.48897704
0.41725,0.488797011
0.4173,0.488559439
0.41735,0.488265321
0.4174,0.487915738
0.41745,0.487511043
0.4175,0.487051546
0.41755,0.486537804
0.4176,0.485970449
0.41765,0.485350078
0.4177,0.484677298
0.41775,0.483952759
0.4178,0.483177145
0.41785,0.482351158
0.4179,0.481475523
0.41795,0.480550987
0.418,0.479578322
0.41805,0.478558315
0.4181,0.477491777
0.41815,0.476379534
0.4182,0.475222428
0.41825,0.474021319
0.4183,0.47277708
0.41835,0.471490598
0.4184,0.470162772
0.41845,0.46879451
0.4185,0.467386733
0.41855,0.465940369
0.4186,0.464456354
0.41865,0.462935629
0.4187,0.461379143
0.41875,0.459787848
0.4188,0.458162699
0.41885,0.456504654
0.4189,0.454814672
0.41895,0.453093714
0.419,0.451342737
0.41905,0.408756893
0.4191,0.397337574
0.41915,0.414891502
0.4192,0.42300654
0.41925,0.420363165
0.4193,0.417479291
0.41935,0.571245129
0.4194,0.615356817
0.41945,0.552136866
0.4195,0.526308541
0.41955,0.540403003
0.4196,0.552904008
0.41965,0.553062915
0.4197,0.550875969
0.41975,0.551778383
0.4198,0.553914961
0.41985,0.555275105
0.4199,0.556024615
0.41995,0.556798295
0.42,0.557659791
0.42005,0.558428922
0.4201,0.559056313
0.42015,0.559587987
0.4202,0.560045799
0.42025,0.560419183
0.4203,0.560700109
0.42035,0.560890771
0.4204,0.560994127
0.42045,0.561010257
0.4205,0.560938712
0.42055,0.560779923
0.4206,0.560534681
0.42065,0.560203644
0.4207,0.559787427
0.42075,0.559286761
0.4208,0.558702483
0.42085,0.558035485
0.4209,0.557286709
0.42095,0.556457159
0.421,0.555547901
0.42105,0.554560057
0.4211,0.553494801
0.42115,0.552353357
0.4212,0.551137001
0.42125,0.549847051
0.4213,0.548484871
0.42135,0.547051865
0.4214,0.545549473
0.42145,0.543979172
0.4215,0.542342472
0.42155,0.540640911
0.4216,0.538876053
0.42165,0.53704949
0.4217,0.535162833
0.42175,0.53321771
0.4218,0.53121577
0.42185,0.529158671
0.4219,0.388347997
0.42195,0.349693098
0.422,0.407442277
0.42205,0.432882988
0.4221,0.42281701
0.42215,0.412351076
0.4222,0.411971423
0.42225,0.476524664
0.4223,0.495779618
0.42235,0.471065137
0.4224,0.460992036
0.42245,0.467246704
0.4225,0.473258045
0.42255,0.474308578
0.4226,0.474218124
0.42265,0.475290418
0.4227,0.476891247
0.42275,0.478193073
0.4228,0.479217571
0.42285,0.480217286
0.4229,0.481232104
0.42295,0.482192634
0.423,0.483074722
0.42305,0.483895011
0.4231,0.484663027
0.42315,0.485374871
0.4232,0.486026882
0.42325,0.486619548
0.4233,0.487153885
0.42335,0.487629762
0.4234,0.488046793
0.42345,0.488404955
0.4235,0.488704389
0.42355,0.488945191
0.4236,0.489127445
0.42365,0.48925567
0.4237,0.48929975
0.42375,0.489322142
0.4238,0.489278568
0.42385,0.489167222
0.4239,0.489000397
0.42395,0.48878011
0.424,0.488503297
0.42405,0.488169608
0.4241,0.487780491
0.42415,0.487336762
0.4242,0.486838685
0.42425,0.486286701
0.4243,0.485681471
0.42435,0.485023653
0.4244,0.484313875
0.42445,0.483552792
0.4245,0.482741105
0.42455,0.481879536
0.4246,0.480968828
0.42465,0.480009742
0.4247,0.479003063
0.42475,0.477949594
0.4248,0.476850157
0.42485,0.475705591
0.4249,0.474516751
0.42495,0.473284506
0.425,0.47200974
0.42505,0.470693347
0.4251,0.469336236
0.42515,0.467939322
0.4252,0.466503533
0.42525,0.465029801
0.4253,0.463519069
0.42535,0.461972283
0.4254,0.460390394
0.42545,0.458774357
0.4255,0.457125131
0.42555,0.455443673
0.4256,0.453730945
0.42565,0.451987906
0.4257,0.408883244
0.42575,0.397392623
0.4258,0.415257306
0.42585,0.423417267
0.4259,0.420668278
0.42595,0.417762927
0.426,0.417958486
0.42605,0.573640093
0.4261,0.616932403
0.42615,0.552371871
0.4262,0.526802174
0.42625,0.541481785
0.4263,0.553927305
0.42635,0.553792456
0.4264,0.551517784
0.42645,0.552458891
0.4265,0.554581783
0.42655,0.555873577
0.4266,0.556563064
0.42665,0.557296545
0.4267,0.55811807
0.42675,0.558840477
0.4268,0.559419876
0.42685,0.559905469
0.4269,0.560317836
0.42695,0.560645252
0.427,0.56087998
0.42705,0.561024669
0.4271,0.561082294
0.42715,0.561052839
0.4272,0.560935886
0.42725,0.560731944
0.4273,0.560441848
0.42735,0.560066282
0.4274,0.559605894
0.42745,0.559061453
0.4275,0.55843383
0.42755,0.557723952
0.4276,0.556932791
0.42765,0.556061381
0.4277,0.55511082
0.42775,0.554082257
0.4278,0.552976894
0.42785,0.551795982
0.4279,0.550540819
0.42795,0.549212748
0.428,0.547813155
0.42805,0.546343464
0.4281,0.544805134
0.42815,0.543199661
0.4282,0.541528569
0.42825,0.539793413
0.4283,0.53799577
0.42835,0.536137244
0.4284,0.534219456
0.42845,0.532244044
0.4285,0.530212665
0.42855,0.528126983
0.4286,0.388237528
0.42865,0.349562021
0.4287,0.406564463
0.42875,0.4320618
0.4288,0.422362973
0.42885,0.411924513
0.4289,0.47290121
0.42895,0.494177046
0.429,0.471276893
0.42905,0.461019982
0.4291,0.466667578
0.42915,0.472614896
0.4292,0.47386239
0.42925,0.473853075
0.4293,0.474898859
0.42935,0.476488244
0.4294,0.47781589
0.42945,0.478868601
0.4295,0.479885371
0.42955,0.480914727
0.4296,0.481893024
0.42965,0.482794302
0.4297,0.483633101
0.42975,0.484419187
0.4298,0.48514934
0.42985,0.485819904
0.4299,0.48643114
0.42995,0.48698402
0.43,0.487478463
0.43005,0.487914089
0.4301,0.488290846
0.43015,0.488608856
0.4302,0.488868205
0.43025,0.48906897
0.4303,0.489228984
0.43035,0.489301539
0.4304,0.489320282
0.43045,0.48928658
0.4305,0.489199303
0.43055,0.489053532
0.4306,0.48884963
0.43065,0.48858957
0.4307,0.488273907
0.43075,0.487902634
0.4308,0.487476161
0.43085,0.486995145
0.4309,0.48646017
0.43095,0.485871779
0.431,0.485230568
0.43105,0.484537183
0.4311,0.48379229
0.43115,0.482996575
0.4312,0.482150748
0.43125,0.481255544
0.4313,0.480311721
0.43135,0.479320056
0.4314,0.478281347
0.43145,0.477196409
0.4315,0.476066076
0.43155,0.474891199
0.4316,0.473672641
0.43165,0.472411282
0.4317,0.471108014
0.43175,0.469763739
0.4318,0.468379373
0.43185,0.466955838
0.4319,0.465494066
0.43195,0.463994995
0.432,0.462459571
0.43205,0.460888744
0.4321,0.459283468
0.43215,0.457644699
0.4322,0.455973396
0.43225,0.45427052
0.4323,0.45253703
0.43235,0.408940717
0.4324,0.397373666
0.43245,0.415524689
0.4325,0.423737919
0.43255,0.42089992
0.4326,0.417974234
0.43265,0.41821264
0.4327,0.573925704
0.43275,0.617000921
0.4328,0.552176741
0.43285,0.526868778
0.4329,0.541836446
0.43295,0.554244266
0.433,0.553986615
0.43305,0.551722203
0.4331,0.552739472
0.43315,0.554897485
0.4332,0.556189895
0.43325,0.556889029
0.4333,0.557646697
0.43335,0.558491524
0.4334,0.55923164
0.43345,0.559827965
0.4335,0.56033214
0.43355,0.560763395
0.4336,0.561108928
0.43365,0.561361296
0.4337,0.561523542
0.43375,0.561598576
0.4338,0.561586224
0.43385,0.561486048
0.4339,0.561298594
0.43395,0.561024692
0.434,0.560664998
0.43405,0.560220142
0.4341,0.559690889
0.43415,0.5590781
0.4342,0.55838269
0.43425,0.557605623
0.4343,0.556747926
0.43435,0.555810685
0.4344,0.554795044
0.43445,0.553702199
0.4345,0.552533394
0.43455,0.551289923
0.4346,0.549973124
0.43465,0.548584378
0.4347,0.547125107
0.43475,0.545596768
0.4348,0.544000854
0.43485,0.542338889
0.4349,0.540612426
0.43495,0.538823044
0.435,0.536972345
0.43505,0.535061953
0.4351,0.533093509
0.43515,0.531068668
0.4352,0.528989102
0.43525,0.388300245
0.4353,0.349832779
0.43535,0.407736364
0.4354,0.432991587
0.43545,0.422720835
0.4355,0.412257927
0.43555,0.41195567
0.4356,0.477062547
0.43565,0.496368725
0.4357,0.471312449
0.43575,0.461180818
0.4358,0.467539846
0.43585,0.47356975
0.4359,0.474565738
0.43595,0.474439871
0.436,0.475506042
0.43605,0.477098949
0.4361,0.478382231
0.43615,0.479386827
0.4362,0.480369857
0.43625,0.481368846
0.4363,0.482312513
0.43635,0.483177203
0.4364,0.483980268
0.43645,0.484731185
0.4365,0.485425836
0.43655,0.486060558
0.4366,0.486635923
0.43665,0.487152972
0.4367,0.487611563
0.43675,0.488011316
0.4368,0.488352226
0.43685,0.488634448
0.4369,0.488858086
0.43695,0.489023237
0.437,0.489122478
0.43705,0.489181625
0.4371,0.489171315
0.43715,0.489101097
0.4372,0.48897704
0.43725,0.488797011
0.4373,0.488559439
0.43735,0.488265321
0.4374,0.487915738
0.43745,0.487511043
0.4375,0.487051546
0.43755,0.486537804
0.4376,0.485970449
0.43765,0.485350078
0.4377,0.484677298
0.43775,0.483952759
0.4378,0.483177145
0.43785,0.482351158
0.4379,0.481475523
0.43795,0.480550987
0.438,0.479578322
0.43805,0.478558315
0.4381,0.477491777
0.43815,0.476379534
0.4382,0.475222428
0.43825,0.474021319
0.4383,0.47277708
0.43835,0.471490598
0.4384,0.470162772
0.43845,0.46879451
0.4385,0.467386733
0.43855,0.465940369
0.4386,0.464456354
0.43865,0.462935629
0.4387,0.461379143
0.43875,0.459787848
0.4388,0.458162699
0.43885,0.456504654
0.4389,0.454814672
0.43895,0.453093714
0.439,0.451342737
0.43905,0.408756893
0.4391,0.397337574
0.43915,0.414891502
0.4392,0.42300654
0.43925,0.420363165
0.4393,0.417479291
0.43935,0.571245129
0.4394,0.615356817
0.43945,0.552136866
0.4395,0.526308541
0.43955,0.540403003
0.4396,0.552904008
0.43965,0.553062915
0.4397,0.550875969
0.43975,0.551778383
0.4398,0.553914961
0.43985,0.555275105
0.4399,0.556024615
0.43995,0.556798295
0.44,0.557659791
0.44005,0.558428922
0.4401,0.559056313
0.44015,0.559587987
0.4402,0.560045799
0.44025,0.560419183
0.4403,0.560700109
0.44035,0.560890771
0.4404,0.560994127
0.44045,0.561010257
0.4405,0.560938712
0.44055,0.560779923
0.4406,0.560534681
0.44065,0.560203644
0.4407,0.559787427
0.44075,0.559286761
0.4408,0.558702483
0.44085,0.558035485
0.4409,0.557286709
0.44095,0.556457159
0.441,0.555547901
0.44105,0.554560057
0.4411,0.553494801
0.44115,0.552353357
0.4412,0.551137001
0.44125,0.549847051
0.4413,0.548484871
0.44135,0.547051865
0.4414,0.545549473
0.44145,0.543979172
0.4415,0.542342472
0.44155,0.540640911
0.4416,0.538876053
0.44165,0.53704949
0.4417,0.535162833
0.44175,0.53321771
0.4418,0.53121577
0.44185,0.529158671
0.4419,0.388347997
0.44195,0.349693098
0.442,0.407442277
0.44205,0.432882988
0.4421,0.42281701
0.44215,0.412351076
0.4422,0.411971423
0.44225,0.476524664
0.4423,0.495779618
0.44235,0.471065137
0.4424,0.460992036
0.44245,0.467246704
0.4425,0.473258045
0.44255,0.474308578
0.4426,0.474218124
0.44265,0.475290418
0.4427,0.476891247
0.44275,0.478193073
0.4428,0.479217571
0.44285,0.480217286
0.4429,0.481232104
0.44295,0.482192634
0.443,0.483074722
0.44305,0.483895011
0.4431,0.484663027
0.44315,0.485374871
0.4432,0.486026882
0.44325,0.486619548
0.4433,0.487153885
0.44335,0.487629762
0.4434,0.488046792
0.44345,0.488404954
0.4435,0.488704389
0.44355,0.488945191
0.4436,0.489127445
0.44365,0.48925567
0.4437,0.48929975
0.44375,0.489322142
0.4438,0.489278568
0.44385,0.489167222
0.4439,0.489000397
0.44395,0.48878011
0.444,0.488503297
0.44405,0.488169608
0.4441,0.487780491
0.44415,0.487336762
0.4442,0.486838685
0.44425,0.486286701
0.4443,0.485681471
0.44435,0.485023653
0.4444,0.484313875
0.44445,0.483552792
0.4445,0.482741105
0.44455,0.481879536
0.4446,0.480968828
0.44465,0.480009742
0.4447,0.479003063
0.44475,0.477949594
0.4448,0.476850157
0.44485,0.475705591
0.4449,0.474516751
0.44495,0.473284506
0.445,0.47200974
0.44505,0.470693347
0.4451,0.469336236
0.44515,0.467939322
0.4452,0.466503533
0.44525,0.465029801
0.4453,0.463519069
0.44535,0.461972283
0.4454,0.460390394
0.44545,0.458774357
0.4455,0.457125131
0.44555,0.455443673
0.4456,0.453730945
0.44565,0.451987906
0.4457,0.408883244
0.44575,0.397392623
0.4458,0.415257306
0.44585,0.423417267
0.4459,0.420668278
0.44595,0.417762927
0.446,0.417958486
0.44605,0.573640093
0.4461,0.616932403
0.44615,0.552371871
0.4462,0.526802174
0.44625,0.541481785
0.4463,0.553927305
0.44635,0.553792456
0.4464,0.551517784
0.44645,0.552458891
0.4465,0.554581783
0.44655,0.555873577
0.4466,0.556563064
0.44665,0.557296545
0.4467,0.55811807
0.44675,0.558840477
0.4468,0.559419876
0.44685,0.559905469
0.4469,0.560317836
0.44695,0.560645252
0.447,0.56087998
0.44705,0.561024669
0.4471,0.561082294
0.44715,0.561052839
0.4472,0.560935886
0.44725,0.560731944
0.4473,0.560441848
0.44735,0.560066282
0.4474,0.559605894
0.44745,0.559061453
0.4475,0.55843383
0.44755,0.557723952
0.4476,0.556932791
0.44765,0.556061381
0.4477,0.55511082
0.44775,0.554082257
0.4478,0.552976894
0.44785,0.551795982
0.4479,0.550540819
0.44795,0.549212748
0.448,0.547813155
0.44805,0.546343464
0.4481,0.544805134
0.44815,0.543199661
0.4482,0.541528569
0.44825,0.539793413
0.4483,0.53799577
0.44835,0.536137244
0.4484,0.534219456
0.44845,0.532244044
0.4485,0.530212665
0.44855,0.528126983
0.4486,0.388237528
0.44865,0.349562021
0.4487,0.406564463
0.44875,0.4320618
0.4488,0.422362973
0.44885,0.411924513
0.4489,0.47290121
0.44895,0.494177046
0.449,0.471276893
0.44905,0.461019982
0.4491,0.466667578
0.44915,0.472614896
0.4492,0.47386239
0.44925,0.473853075
0.4493,0.474898859
0.44935,0.476488244
0.4494,0.47781589
0.44945,0.478868601
0.4495,0.479885371
0.44955,0.480914727
0.4496,0.481893024
0.44965,0.482794302
0.4497,0.483633101
0.44975,0.484419187
0.4498,0.48514934
0.44985,0.485819904
0.4499,0.48643114
0.44995,0.48698402
0.45,0.487478463
0.45005,0.487914089
0.4501,0.488290846
0.45015,0.488608856
0.4502,0.488868205
0.45025,0.48906897
0.4503,0.489228984
0.45035,0.489301539
0.4504,0.489320282
0.45045,0.48928658
0.4505,0.489199303
0.45055,0.489053532
0.4506,0.48884963
0.45065,0.48858957
0.4507,0.488273907
0.45075,0.487902634
0.4508,0.487476161
0.45085,0.486995145
0.4509,0.48646017
0.45095,0.485871779
0.451,0.485230568
0.45105,0.484537183
0.4511,0.48379229
0.45115,0.482996575
0.4512,0.482150748
0.45125,0.481255544
0.4513,0.480311721
0.45135,0.479320056
0.4514,0.478281347
0.45145,0.477196409
0.4515,0.476066076
0.45155,0.474891199
0.4516,0.473672641
0.45165,0.472411282
0.4517,0.471108014
0.45175,0.469763739
0.4518,0.468379373
0.45185,0.466955838
0.4519,0.465494066
0.45195,0.463994995
0.452,0.462459571
0.45205,0.460888744
0.4521,0.459283468
0.45215,0.457644699
0.4522,0.455973396
0.45225,0.45427052
0.4523,0.45253703
0.45235,0.408940717
0.4524,0.397373666
0.45245,0.415524689
0.4525,0.423737919
0.45255,0.42089992
0.4526,0.417974234
0.45265,0.41821264
0.4527,0.573925704
0.45275,0.617000921
0.4528,0.552176741
0.45285,0.526868778
0.4529,0.541836446
0.45295,0.554244266
0.453,0.553986615
0.45305,0.551722203
0.4531,0.552739472
0.45315,0.554897485
0.4532,0.556189895
0.45325,0.556889029
0.4533,0.557646697
0.45335,0.558491524
0.4534,0.55923164
0.45345,0.559827965
0.4535,0.56033214
0.45355,0.560763395
0.4536,0.561108928
0.45365,0.561361296
0.4537,0.561523542
0.45375,0.561598576
0.4538,0.561586224
0.45385,0.561486048
0.4539,0.561298594
0.45395,0.561024692
0.454,0.560664998
0.45405,0.560220142
0.4541,0.559690889
0.45415,0.5590781
0.4542,0.55838269
0.45425,0.557605624
0.4543,0.556747926
0.45435,0.555810685
0.4544,0.554795044
0.45445,0.553702199
0.4545,0.552533394
0.45455,0.551289923
0.4546,0.549973124
0.45465,0.548584378
0.4547,0.547125107
0.45475,0.545596768
0.4548,0.544000854
0.45485,0.542338889
0.4549,0.540612426
0.45495,0.538823044
0.455,0.536972345
0.45505,0.535061953
0.4551,0.533093509
0.45515,0.531068668
0.4552,0.528989102
0.45525,0.388300245
0.4553,0.349832779
0.45535,0.407736364
0.4554,0.432991587
0.45545,0.422720835
0.4555,0.412257927
0.45555,0.41195567
0.4556,0.477062547
0.45565,0.496368725
0.4557,0.471312449
0.45575,0.461180818
0.4558,0.467539846
0.45585,0.47356975
0.4559,0.474565738
0.45595,0.474439871
0.456,0.475506042
0.45605,0.477098949
0.4561,0.478382231
0.45615,0.479386827
0.4562,0.480369857
0.45625,0.481368846
0.4563,0.482312513
0.45635,0.483177203
0.4564,0.483980268
0.45645,0.484731185
0.4565,0.485425836
0.45655,0.486060558
0.4566,0.486635923
0.45665,0.487152972
0.4567,0.487611563
0.45675,0.488011316
0.4568,0.488352226
0.45685,0.488634448
0.4569,0.488858086
0.45695,0.489023237
0.457,0.489122478
0.45705,0.489181625
0.4571,0.489171315
0.45715,0.489101097
0.4572,0.48897704
0.45725,0.488797011
0.4573,0.488559439
0.45735,0.488265321
0.4574,0.487915738
0.45745,0.487511043
0.4575,0.487051546
0.45755,0.486537804
0.4576,0.485970449
0.45765,0.485350078
0.4577,0.484677298
0.45775,0.483952759
0.4578,0.483177145
0.45785,0.482351158
0.4579,0.481475523
0.45795,0.480550987
0.458,0.479578322
0.45805,0.478558315
0.4581,0.477491777
0.45815,0.476379534
0.4582,0.475222428
0.45825,0.474021319
0.4583,0.47277708
0.45835,0.471490598
0.4584,0.470162772
0.45845,0.46879451
0.4585,0.467386733
0.45855,0.465940369
0.4586,0.464456354
0.45865,0.462935629
0.4587,0.461379143
0.45875,0.459787848
0.4588,0.458162699
0.45885,0.456504654
0.4589,0.454814672
0.45895,0.453093714
0.459,0.451342737
0.45905,0.408756893
0.4591,0.397337574
0.45915,0.414891502
0.4592,0.42300654
0.45925,0.420363165
0.4593,0.417479291
0.45935,0.571245129
0.4594,0.615356817
0.45945,0.552136866
0.4595,0.526308541
0.45955,0.540403003
0.4596,0.552904008
0.45965,0.553062915
0.4597,0.550875969
0.45975,0.551778383
0.4598,0.553914961
0.45985,0.555275105
0.4599,0.556024615
0.45995,0.556798295
0.46,0.557659791
0.46005,0.558428922
0.4601,0.559056313
0.46015,0.559587987
0.4602,0.560045799
0.46025,0.560419183
0.4603,0.560700109
0.46035,0.560890771
0.4604,0.560994127
0.46045,0.561010257
0.4605,0.560938712
0.46055,0.560779923
0.4606,0.560534681
0.46065,0.560203644
0.4607,0.559787427
0.46075,0.559286761
0.4608,0.558702483
0.46085,0.558035485
0.4609,0.557286709
0.46095,0.556457159
0.461,0.555547901
0.46105,0.554560057
0.4611,0.553494801
0.46115,0.552353357
0.4612,0.551137001
0.46125,0.549847051
0.4613,0.548484871
0.46135,0.547051865
0.4614,0.545549473
0.46145,0.543979172
0.4615,0.542342472
0.46155,0.540640911
0.4616,0.538876053
0.46165,0.53704949
0.4617,0.535162833
0.46175,0.53321771
0.4618,0.53121577
0.46185,0.529158671
0.4619,0.388347997
0.46195,0.349693098
0.462,0.407442277
0.46205,0.432882988
0.4621,0.42281701
0.46215,0.412351076
0.4622,0.411971423
0.46225,0.476524664
0.4623,0.495779618
0.46235,0.471065137
0.4624,0.460992036
0.46245,0.467246704
0.4625,0.473258045
0.46255,0.474308578
0.4626,0.474218124
0.46265,0.475290418
0.4627,0.476891247
0.46275,0.478193073
0.4628,0.479217571
0.46285,0.480217286
0.4629,0.481232104
0.46295,0.482192634
0.463,0.483074722
0.46305,0.483895011
0.4631,0.484663027
0.46315,0.485374871
0.4632,0.486026882
0.46325,0.486619548
0.4633,0.487153885
0.46335,0.487629762
0.4634,0.488046793
0.46345,0.488404955
0.4635,0.488704389
0.46355,0.488945191
0.4636,0.489127445
0.46365,0.48925567
0.4637,0.48929975
0.46375,0.489322142
0.4638,0.489278568
0.46385,0.489167222
0.4639,0.489000397
0.46395,0.48878011
0.464,0.488503297
0.46405,0.488169608
0.4641,0.487780491
0.46415,0.487336762
0.4642,0.486838685
0.46425,0.486286701
0.4643,0.485681471
0.46435,0.485023653
0.4644,0.484313875
0.46445,0.483552792
0.4645,0.482741105
0.46455,0.481879536
0.4646,0.480968828
0.46465,0.480009742
0.4647,0.479003063
0.46475,0.477949594
0.4648,0.476850157
0.46485,0.475705591
0.4649,0.474516751
0.46495,0.473284506
0.465,0.47200974
0.46505,0.470693347
0.4651,0.469336236
0.46515,0.467939322
0.4652,0.466503533
0.46525,0.465029801
0.4653,0.463519069
0.46535,0.461972283
0.4654,0.460390394
0.46545,0.458774357
0.4655,0.457125131
0.46555,0.455443673
0.4656,0.453730945
0.46565,0.451987906
0.4657,0.408883244
0.46575,0.397392623
0.4658,0.415257306
0.46585,0.423417267
0.4659,0.420668278
0.46595,0.417762927
0.466,0.417958486
0.46605,0.573640093
0.4661,0.616932403
0.46615,0.552371871
0.4662,0.526802174
0.46625,0.541481785
0.4663,0.553927305
0.46635,0.553792456
0.4664,0.551517784
0.46645,0.552458891
0.4665,0.554581783
0.46655,0.555873577
0.4666,0.556563064
0.46665,0.557296545
0.4667,0.55811807
0.46675,0.558840477
0.4668,0.559419876
0.46685,0.559905469
0.4669,0.560317836
0.46695,0.560645252
0.467,0.56087998
0.46705,0.561024669
0.4671,0.561082294
0.46715,0.561052839
0.4672,0.560935886
0.46725,0.560731944
0.4673,0.560441848
0.46735,0.560066282
0.4674,0.559605894
0.46745,0.559061453
0.4675,0.55843383
0.46755,0.557723952
0.4676,0.556932791
0.46765,0.556061381
0.4677,0.55511082
0.46775,0.554082257
0.4678,0.552976894
0.46785,0.551795982
0.4679,0.550540819
0.46795,0.549212748
0.468,0.547813155
0.46805,0.546343464
0.4681,0.544805134
0.46815,0.543199661
0.4682,0.541528569
0.46825,0.539793413
0.4683,0.53799577
0.46835,0.536137244
0.4684,0.534219456
0.46845,0.532244044
0.4685,0.530212665
0.46855,0.528126983
0.4686,0.388237528
0.46865,0.349562021
0.4687,0.406564463
0.46875,0.4320618
0.4688,0.422362973
0.46885,0.411924513
0.4689,0.47290121
0.46895,0.494177046
0.469,0.471276893
0.46905,0.461019982
0.4691,0.466667578
0.46915,0.472614896
0.4692,0.47386239
0.46925,0.473853075
0.4693,0.474898859
0.46935,0.476488244
0.4694,0.47781589
0.46945,0.478868601
0.4695,0.479885371
0.46955,0.480914727
0.4696,0.481893024
0.46965,0.482794302
0.4697,0.483633101
0.46975,0.484419187
0.4698,0.48514934
0.46985,0.485819904
0.4699,0.48643114
0.46995,0.48698402
0.47,0.487478463
0.47005,0.487914089
0.4701,0.488290846
0.47015,0.488608856
0.4702,0.488868205
0.47025,0.48906897
0.4703,0.489228984
0.47035,0.489301539
0.4704,0.489320282
0.47045,0.48928658
0.4705,0.489199303
0.47055,0.489053532
0.4706,0.48884963
0.47065,0.48858957
0.4707,0.488273907
0.47075,0.487902634
0.4708,0.487476161
0.47085,0.486995145
0.4709,0.48646017
0.47095,0.485871779
0.471,0.485230568
0.47105,0.484537183
0.4711,0.48379229
0.47115,0.482996575
0.4712,0.482150748
0.47125,0.481255544
0.4713,0.480311721
0.47135,0.479320056
0.4714,0.478281347
0.47145,0.477196409
0.4715,0.476066076
0.47155,0.474891199
0.4716,0.473672641
0.47165,0.472411282
0.4717,0.471108014
0.47175,0.469763739
0.4718,0.468379373
0.47185,0.466955838
0.4719,0.465494066
0.47195,0.463994995
0.472,0.462459571
0.47205,0.460888744
0.4721,0.459283468
0.47215,0.457644699
0.4722,0.455973396
0.47225,0.45427052
0.4723,0.45253703
0.47235,0.408940717
0.4724,0.397373666
0.47245,0.415524689
0.4725,0.423737919
0.47255,0.42089992
0.4726,0.417974234
0.47265,0.41821264
0.4727,0.573925704
0.47275,0.617000921
0.4728,0.552176741
0.47285,0.526868778
0.4729,0.541836446
0.47295,0.554244266
0.473,0.553986615
0.47305,0.551722203
0.4731,0.552739472
0.47315,0.554897485
0.4732,0.556189895
0.47325,0.556889029
0.4733,0.557646697
0.47335,0.558491524
0.4734,0.55923164
0.47345,0.559827965
0.4735,0.56033214
0.47355,0.560763395
0.4736,0.561108928
0.47365,0.561361296
0.4737,0.561523542
0.47375,0.561598576
0.4738,0.561586224
0.47385,0.561486048
0.4739,0.561298594
0.47395,0.561024692
0.474,0.560664998
0.47405,0.560220142
0.4741,0.559690889
0.47415,0.5590781
0.4742,0.55838269
0.47425,0.557605623
0.4743,0.556747926
0.47435,0.555810685
0.4744,0.554795044
0.47445,0.553702199
0.4745,0.552533394
0.47455,0.551289923
0.4746,0.549973124
0.47465,0.548584378
0.4747,0.547125107
0.47475,0.545596768
0.4748,0.544000854
0.47485,0.542338889
0.4749,0.540612426
0.47495,0.538823044
0.475,0.536972345
0.47505,0.535061953
0.4751,0.533093509
0.47515,0.531068668
0.4752,0.528989102
0.47525,0.388300245
0.4753,0.349832779
0.47535,0.407736364
0.4754,0.432991587
0.47545,0.422720835
0.4755,0.412257927
0.47555,0.41195567
0.4756,0.477062547
0.47565,0.496368725
0.4757,0.471312449
0.47575,0.461180818
0.4758,0.467539846
0.47585,0.47356975
0.4759,0.474565738
0.47595,0.474439871
0.476,0.475506042
0.47605,0.477098949
0.4761,0.478382231
0.47615,0.479386827
0.4762,0.480369857
0.47625,0.481368846
0.4763,0.482312513
0.47635,0.483177203
0.4764,0.483980268
0.47645,0.484731185
0.4765,0.485425836
0.47655,0.486060558
0.4766,0.486635923
0.47665,0.487152972
0.4767,0.487611563
0.47675,0.488011316
0.4768,0.488352226
0.47685,0.488634448
0.4769,0.488858086
0.47695,0.489023237
0.477,0.489122478
0.47705,0.489181625
0.4771,0.489171315
0.47715,0.489101097
0.4772,0.48897704
0.47725,0.488797011
0.4773,0.488559439
0.47735,0.488265321
0.4774,0.487915738
0.47745,0.487511043
0.4775,0.487051546
0.47755,0.486537804
0.4776,0.485970449
0.47765,0.485350078
0.4777,0.484677298
0.47775,0.483952759
0.4778,0.483177145
0.47785,0.482351158
0.4779,0.481475523
0.47795,0.480550987
0.478,0.479578322
0.47805,0.478558315
0.4781,0.477491777
0.47815,0.476379534
0.4782,0.475222428
0.47825,0.474021319
0.4783,0.47277708
0.47835,0.471490598
0.4784,0.470162772
0.47845,0.46879451
0.4785,0.467386733
0.47855,0.465940369
0.4786,0.464456354
0.47865,0.462935629
0.4787,0.461379143
0.47875,0.459787848
0.4788,0.458162699
0.47885,0.456504654
0.4789,0.454814672
0.47895,0.453093714
0.479,0.451342737
0.47905,0.408756893
0.4791,0.397337574
0.47915,0.414891502
0.4792,0.42300654
0.47925,0.420363165
0.4793,0.417479291
0.47935,0.571245129
0.4794,0.615356817
0.47945,0.552136866
0.4795,0.526308541
0.47955,0.540403003
0.4796,0.552904008
0.47965,0.553062915
0.4797,0.550875969
0.47975,0.551778383
0.4798,0.553914961
0.47985,0.555275105
0.4799,0.556024615
0.47995,0.556798295
0.48,0.557659791
0.48005,0.558428922
0.4801,0.559056313
0.48015,0.559587987
0.4802,0.560045799
0.48025,0.560419183
0.4803,0.560700109
0.48035,0.560890771
0.4804,0.560994127
0.48045,0.561010257
0.4805,0.560938712
0.48055,0.560779923
0.4806,0.560534681
0.48065,0.560203644
0.4807,0.559787427
0.48075,0.559286761
0.4808,0.558702483
0.48085,0.558035485
0.4809,0.557286709
0.48095,0.556457159
0.481,0.555547901
0.48105,0.554560057
0.4811,0.553494801
0.48115,0.552353357
0.4812,0.551137001
0.48125,0.549847051
0.4813,0.548484871
0.48135,0.547051865
0.4814,0.545549473
0.48145,0.543979172
0.4815,0.542342472
0.48155,0.540640911
0.4816,0.538876053
0.48165,0.53704949
0.4817,0.535162833
0.48175,0.53321771
0.4818,0.53121577
0.48185,0.529158671
0.4819,0.388347997
0.48195,0.349693098
0.482,0.407442277
0.48205,0.432882988
0.4821,0.42281701
0.48215,0.412351076
0.4822,0.411971423
0.48225,0.476524664
0.4823,0.495779618
0.48235,0.471065137
0.4824,0.460992036
0.48245,0.467246704
0.4825,0.473258045
0.48255,0.474308578
0.4826,0.474218124
0.48265,0.475290418
0.4827,0.476891247
0.48275,0.478193073
0.4828,0.479217571
0.48285,0.480217286
0.4829,0.481232104
0.48295,0.482192634
0.483,0.483074722
0.48305,0.483895011
0.4831,0.484663027
0.48315,0.485374871
0.4832,0.486026882
0.48325,0.486619548
0.4833,0.487153885
0.48335,0.487629762
0.4834,0.488046792
0.48345,0.488404954
0.4835,0.488704389
0.48355,0.488945191
0.4836,0.489127445
0.48365,0.48925567
0.4837,0.48929975
0.48375,0.489322142
0.4838,0.489278568
0.48385,0.489167222
0.4839,0.489000397
0.48395,0.48878011
0.484,0.488503297
0.48405,0.488169608
0.4841,0.487780491
0.48415,0.487336762
0.4842,0.486838685
0.48425,0.486286701
0.4843,0.485681471
0.48435,0.485023653
0.4844,0.484313875
0.48445,0.483552792
0.4845,0.482741105
0.48455,0.481879536
0.4846,0.480968828
0.48465,0.480009742
0.4847,0.479003063
0.48475,0.477949594
0.4848,0.476850157
0.48485,0.475705591
0.4849,0.474516751
0.48495,0.473284506
0.485,0.47200974
0.48505,0.470693347
0.4851,0.469336236
0.48515,0.467939322
0.4852,0.466503533
0.48525,0.465029801
0.4853,0.463519069
0.48535,0.461972283
0.4854,0.460390394
0.48545,0.458774357
0.4855,0.457125131
0.48555,0.455443673
0.4856,0.453730945
0.48565,0.451987906
0.4857,0.408883244
0.48575,0.397392623
0.4858,0.415257306
0.48585,0.423417267
0.4859,0.420668278
0.48595,0.417762927
0.486,0.417958486
0.48605,0.573640093
0.4861,0.616932403
0.48615,0.552371871
0.4862,0.526802174
0.48625,0.541481785
0.4863,0.553927305
0.48635,0.553792456
0.4864,0.551517784
0.48645,0.552458891
0.4865,0.554581783
0.48655,0.555873577
0.4866,0.556563064
0.48665,0.557296545
0.4867,0.55811807
0.48675,0.558840477
0.4868,0.559419876
0.48685,0.559905469
0.4869,0.560317836
0.48695,0.560645252
0.487,0.56087998
0.48705,0.561024669
0.4871,0.561082294
0.48715,0.561052839
0.4872,0.560935886
0.48725,0.560731944
0.4873,0.560441848
0.48735,0.560066282
0.4874,0.559605894
0.48745,0.559061453
0.4875,0.55843383
0.48755,0.557723952
0.4876,0.556932791
0.48765,0.556061381
0.4877,0.55511082
0.48775,0.554082257
0.4878,0.552976894
0.48785,0.551795982
0.4879,0.550540819
0.48795,0.549212748
0.488,0.547813155
0.48805,0.546343464
0.4881,0.544805134
0.48815,0.543199661
0.4882,0.541528569
0.48825,0.539793413
0.4883,0.53799577
0.48835,0.536137244
0.4884,0.534219456
0.48845,0.532244044
0.4885,0.530212665
0.48855,0.528126983
0.4886,0.388237528
0.48865,0.349562021
0.4887,0.406564463
0.48875,0.4320618
0.4888,0.422362973
0.48885,0.411924513
0.4889,0.47290121
0.48895,0.494177046
0.489,0.471276893
0.48905,0.461019982
0.4891,0.466667578
0.48915,0.472614896
0.4892,0.47386239
0.48925,0.473853075
0.4893,0.474898859
0.48935,0.476488244
0.4894,0.47781589
0.48945,0.478868601
0.4895,0.479885371
0.48955,0.480914727
0.4896,0.481893024
0.48965,0.482794302
0.4897,0.483633101
0.48975,0.484419187
0.4898,0.48514934
0.48985,0.485819904
0.4899,0.48643114
0.48995,0.48698402
0.49,0.487478463
0.49005,0.487914089
0.4901,0.488290846
0.49015,0.488608856
0.4902,0.488868205
0.49025,0.48906897
0.4903,0.489228984
0.49035,0.489301539
0.4904,0.489320282
0.49045,0.48928658
0.4905,0.489199303
0.49055,0.489053532
0.4906,0.48884963
0.49065,0.48858957
0.4907,0.488273907
0.49075,0.487902634
0.4908,0.487476161
0.49085,0.486995145
0.4909,0.48646017
0.49095,0.485871779
0.491,0.485230568
0.49105,0.484537183
0.4911,0.48379229
0.49115,0.482996575
0.4912,0.482150748
0.49125,0.481255544
0.4913,0.480311721
0.49135,0.479320056
0.4914,0.478281347
0.49145,0.477196409
0.4915,0.476066076
0.49155,0.474891199
0.4916,0.473672641
0.49165,0.472411282
0.4917,0.471108014
0.49175,0.469763739
0.4918,0.468379373
0.49185,0.466955838
0.4919,0.465494066
0.49195,0.463994995
0.492,0.462459571
0.49205,0.460888744
0.4921,0.459283468
0.49215,0.457644699
0.4922,0.455973396
0.49225,0.45427052
0.4923,0.45253703
0.49235,0.408940717
0.4924,0.397373666
0.49245,0.415524689
0.4925,0.423737919
0.49255,0.42089992
0.4926,0.417974234
0.49265,0.41821264
0.4927,0.573925704
0.49275,0.617000921
0.4928,0.552176741
0.49285,0.526868778
0.4929,0.541836446
0.49295,0.554244266
0.493,0.553986615
0.49305,0.551722203
0.4931,0.552739472
0.49315,0.554897485
0.4932,0.556189895
0.49325,0.556889029
0.4933,0.557646697
0.49335,0.558491524
0.4934,0.55923164
0.49345,0.559827965
0.4935,0.56033214
0.49355,0.560763395
0.4936,0.561108928
0.49365,0.561361296
0.4937,0.561523542
0.49375,0.561598576
0.4938,0.561586224
0.49385,0.561486048
0.4939,0.561298594
0.49395,0.561024692
0.494,0.560664998
0.49405,0.560220142
0.4941,0.559690889
0.49415,0.5590781
0.4942,0.55838269
0.49425,0.557605624
0.4943,0.556747926
0.49435,0.555810685
0.4944,0.554795044
0.49445,0.553702199
0.4945,0.552533394
0.49455,0.551289923
0.4946,0.549973124
0.49465,0.548584378
0.4947,0.547125107
0.49475,0.545596768
0.4948,0.544000854
0.49485,0.542338889
0.4949,0.540612426
0.49495,0.538823044
0.495,0.536972345
0.49505,0.535061953
0.4951,0.533093509
0.49515,0.531068668
0.4952,0.528989102
0.49525,0.388300245
0.4953,0.349832779
0.49535,0.407736364
0.4954,0.432991587
0.49545,0.422720835
0.4955,0.412257927
0.49555,0.41195567
0.4956,0.477062547
0.49565,0.496368725
0.4957,0.471312449
0.49575,0.461180818
0.4958,0.467539846
0.49585,0.47356975
0.4959,0.474565738
0.49595,0.474439871
0.496,0.475506042
0.49605,0.477098949
0.4961,0.478382231
0.49615,0.479386827
0.4962,0.480369857
0.49625,0.481368846
0.4963,0.482312513
0.49635,0.483177203
0.4964,0.483980268
0.49645,0.484731185
0.4965,0.485425836
0.49655,0.486060558
0.4966,0.486635923
0.49665,0.487152972
0.4967,0.487611563
0.49675,0.488011316
0.4968,0.488352226
0.49685,0.488634448
0.4969,0.488858086
0.49695,0.489023237
0.497,0.489122478
0.49705,0.489181625
0.4971,0.489171315
0.49715,0.489101097
0.4972,0.48897704
0.49725,0.488797011
0.4973,0.488559439
0.49735,0.488265321
0.4974,0.487915738
0.49745,0.487511043
0.4975,0.487051546
0.49755,0.486537804
0.4976,0.485970449
0.49765,0.485350078
0.4977,0.484677298
0.49775,0.483952759
0.4978,0.483177145
0.49785,0.482351158
0.4979,0.481475523
0.49795,0.480550987
0.498,0.479578322
0.49805,0.478558315
0.4981,0.477491777
0.49815,0.476379534
0.4982,0.475222428
0.49825,0.474021319
0.4983,0.47277708
0.49835,0.471490598
0.4984,0.470162772
0.49845,0.46879451
0.4985,0.467386733
0.49855,0.465940369
0.4986,0.464456354
0.49865,0.462935629
0.4987,0.461379143
0.49875,0.459787848
0.4988,0.458162699
0.49885,0.456504654
0.4989,0.454814672
0.49895,0.453093714
0.499,0.451342737
0.49905,0.408756893
0.4991,0.397337574
0.49915,0.414891502
0.4992,0.42300654
0.49925,0.420363165
0.4993,0.417479291
0.49935,0.571245129
0.4994,0.615356817
0.49945,0.552136866
0.4995,0.526308541
0.49955,0.540403003
0.4996,0.552904008
0.49965,0.553062915
0.4997,0.550875969
0.49975,0.551778383
0.4998,0.553914961
0.49985,0.555275105
0.4999,0.556024615
0.49995,0.556798295
